document_control_number,source_reduction_activity_code,estimated_annual_reduction_code,activity_number
1314213081882,W13,R6,1
1314212738215,W58,R5,1
1316215573700,W39,R6,1
1323222021444,S34,R6,1
1324222409688,S41,R6,1
1317216111411,W13,R6,1
1316215544988,W50,R6,1
1321219614260,S06,R2,1
1314212322224,W13,R6,1
1315214343675,W56,R6,1
1314212390710,W52,R4,1
1318216747333,W49,R1,1
1316215150741,W58,R5,1
1324223050206,S06,R2,1
1322220742819,S11,R3,1
1316215795232,W82,R3,1
1319218116693,W53,R5,1
1315214339208,W13,R6,1
1321220041887,S25,R6,1
1319217694191,W52,R6,1
1316215589538,W19,R5,1
1317215842271,W13,R6,1
1323221955418,S04,R6,1
1324223196546,S25,R6,1
1323221982111,S21,R5,1
1322221311323,S21,R6,1
1319218448759,W39,R6,1
1318217221605,W13,R6,1
1324223092356,S35,R5,1
1319217835418,W39,R5,1
1318216880803,W82,R2,1
1316215234574,W52,R6,1
1318217224625,W58,R2,1
1317216206235,W19,R4,1
1323221943970,S06,R1,1
1314211898693,W13,R3,1
1320219396835,W71,R2,1
1314213149913,W19,R6,1
1317215867882,W42,R4,1
1315214453615,W43,R4,1
1319218140832,W61,R4,1
1317216400337,W15,R6,1
1316215636109,W19,R6,1
1317216138774,W42,R4,1
1320219034307,W19,R6,1
1320219049121,W82,R5,1
1320219241888,W52,R4,1
1321220405068,S24,R6,1
1321220209086,S44,R6,1
1314212689804,W58,R3,1
1323221914157,S42,R5,1
1315213974417,W51,R5,1
1320218950741,W19,R3,1
1320219270749,W58,R6,1
1317216138709,W61,R3,1
1317216604898,W33,R6,1
1319218350559,W58,R6,1
1317216217733,W14,R5,1
1320218888319,W13,R6,1
1318217466820,W39,R6,1
1318217285131,W58,R3,1
1317215946118,W89,R5,1
1314212555926,W15,R6,1
1322220660245,S02,R5,1
1322221346226,S41,R3,1
1315213716071,W52,R3,1
1315214245894,W39,R6,1
1314212881421,W50,R6,1
1315214325159,W21,R3,1
1319218260560,W89,R3,1
1319217630161,W49,R5,1
1319217852348,W19,R5,1
1322221698576,S21,R5,1
1315214357865,W58,R6,1
1321220027270,S21,R6,1
1324222431684,S13,R6,1
1314212703767,W42,R3,1
1315213803517,W39,R6,1
1314212560294,W22,R4,1
1316215044090,W13,R6,1
1317215906948,W14,R6,1
1316215087584,W13,R6,1
1317216592752,W89,R6,1
1318216727723,W58,R1,1
1324222509806,S44,R6,1
1315214215283,W29,R6,1
1320219064348,W89,R1,1
1318217181433,W52,R5,1
1316215087519,W14,R6,1
1315214330538,W32,R6,1
1315214028336,W19,R6,1
1323221978606,S03,R6,1
1318216846105,W21,R6,1
1317216200079,W52,R5,1
1320219090370,W58,R4,1
1315214050155,W13,R4,1
1324222876524,S21,R6,1
1322221260526,S25,R6,1
1315214191900,W21,R6,1
1319218389777,W19,R6,1
1315214240374,W59,R6,1
1316215007295,W58,R6,1
1314213013461,W42,R4,1
1317216614596,W39,R5,1
1318216983433,W52,R6,1
1322221434741,S24,R6,1
1314212637920,W29,R2,1
1317215976768,W58,R3,1
1316215116625,W19,R4,1
1322220875138,S33,R6,1
1324222645691,S05,R2,1
1320220657480,W13,R6,1
1316215374036,W13,R5,1
1314211929827,W19,R6,1
1318216679276,W14,R5,1
1317216052682,W42,R1,1
1315213688157,W14,R4,1
1315213702754,W41,R2,1
1321219997715,S11,R6,1
1320218865867,W19,R6,1
1314212604868,W49,R6,1
1314212748329,W13,R6,1
1324222714457,S04,R4,1
1316215544925,W50,R6,1
1324222893190,S31,R6,1
1315213766405,W32,R4,1
1314212558934,W36,R2,1
1316215592926,W32,R6,1
1315214394494,W74,R5,1
1324222480675,S03,R6,1
1319218027290,W35,R5,1
1315213207487,W41,R6,1
1314213002936,W50,R6,1
1324222559799,S06,R6,1
1324222998460,S44,R6,1
1324222898013,S12,R6,1
1323221875661,S24,R2,1
1321219640000,S02,R6,1
1321219810571,S44,R5,1
1316214985222,W58,R4,1
1322221083696,S21,R6,1
1320218929255,W13,R5,1
1323221660525,S21,R6,1
1324222873782,S04,R5,1
1322221441316,S35,R6,1
1320219357478,W73,R5,1
1315214102360,W13,R5,1
1316215015381,W22,R6,1
1319218411938,W58,R3,1
1319217665862,W61,R5,1
1316215493343,W32,R6,1
1319218273415,W71,R6,1
1315214295115,W39,R6,1
1315214339160,W13,R6,1
1315214361545,W42,R2,1
1315213694045,W52,R5,1
1316215640448,W14,R5,1
1314212626927,W82,R3,1
1323222044012,S35,R6,1
1323221806425,S03,R1,1
1321219596259,S21,R6,1
1316214989826,W19,R5,1
1314211916919,W73,R6,1
1315213655069,W39,R1,1
1320219217484,W52,R3,1
1322221141753,S21,R5,1
1314212659270,W32,R6,1
1320218836183,W36,R5,1
1315213211562,W21,R6,1
1322220732349,S23,R5,1
1320218732408,W19,R6,1
1324223153533,S03,R3,1
1323222379796,S05,R6,1
1315214475764,W58,R1,1
1314213117866,W29,R4,1
1324222438893,S35,R5,1
1317215996149,W52,R5,1
1318216708014,W29,R1,1
1318217672308,W13,R6,1
1320219274901,W13,R6,1
1315214428777,W49,R2,1
1316215027018,W13,R6,1
1316215745670,W13,R6,1
1322221102320,S04,R6,1
1316215394899,W58,R6,1
1324222893024,S31,R6,1
1320219359926,W14,R6,1
1321220097366,S21,R6,1
1320219319769,W58,R5,1
1314212382713,W13,R6,1
1316215127313,W64,R6,1
1324222565259,S34,R6,1
1323222353815,S35,R5,1
1322221199084,S21,R6,1
1315213707514,W58,R5,1
1317216501193,W81,R6,1
1315214436735,W15,R6,1
1316215120357,W13,R6,1
1317216464432,W58,R5,1
1324222691091,S35,R6,1
1324222432813,S21,R4,1
1315213846583,W68,R5,1
1316215168675,W54,R6,1
1321219800772,S25,R6,1
1322220959151,S12,R3,1
1320219287036,W58,R1,1
1314213089954,W13,R6,1
1314212512495,W13,R2,1
1322220635421,S21,R6,1
1317215820642,W15,R6,1
1315216737054,W29,R3,1
1318217659477,W71,R6,1
1316215553316,W53,R1,1
1320218885642,W82,R4,1
1324223184868,S34,R6,1
1315213721665,W50,R6,1
1323221791039,S35,R6,1
1315213727148,W82,R6,1
1320219349103,W52,R6,1
1322221002153,S03,R1,1
1317215977428,W13,R4,1
1316215605712,W13,R6,1
1318217149158,W51,R6,1
1316216252231,W13,R5,1
1316215668056,W13,R6,1
1315213610722,W13,R6,1
1317216284772,W50,R3,1
1321220139568,S23,R5,1
1322221144746,S41,R6,1
1316215798529,W58,R6,1
1315214007231,W13,R5,1
1315213207261,W64,R6,1
1314211909724,W49,R3,1
1316215277474,W13,R6,1
1321220650776,S41,R6,1
1324222712224,S21,R6,1
1321219708183,S01,R5,1
1321219720556,S21,R6,1
1314213022179,W58,R3,1
1315213968112,W19,R6,1
1316215161098,W81,R4,1
1321219944485,S41,R6,1
1314212734747,W52,R3,1
1314212963425,W58,R2,1
1314212804518,W32,R6,1
1324222598157,S41,R6,1
1324222638278,S42,R6,1
1324222448654,S25,R6,1
1316215102498,W14,R6,1
1315213896145,W13,R6,1
1319218496178,W13,R6,1
1315214215232,W29,R6,1
1320219185699,W19,R6,1
1314212350300,W39,R5,1
1321219828466,S02,R4,1
1314212365795,W56,R3,1
1324223063761,S21,R6,1
1315213806007,W89,R6,1
1315214144139,W13,R2,1
1315214157036,W74,R6,1
1315214381384,W32,R6,1
1319218213039,W19,R6,1
1315214295836,W71,R5,1
1317216583613,W58,R2,1
1314212573683,W42,R5,1
1315214157024,W19,R6,1
1316216293682,W14,R4,1
1317216335176,W14,R5,1
1324222800361,S24,R2,1
1322221293487,S25,R4,1
1321219705480,S24,R6,1
1322221036585,S05,R5,1
1316215132198,W58,R6,1
1322221475559,S24,R6,1
1319218515359,W19,R5,1
1323221569458,S11,R6,1
1319217987407,W66,R5,1
1317216255152,W50,R6,1
1321220310977,S04,R2,1
1323222021469,S34,R6,1
1314212388185,W43,R3,1
1322220982173,S33,R5,1
1323221684739,S11,R5,1
1320219118344,W36,R4,1
1319218045387,W50,R6,1
1323221590033,S44,R6,1
1323221774019,S12,R3,1
1323221966930,S41,R3,1
1324223005467,S21,R6,1
1318218613750,W82,R3,1
1321219775968,S44,R6,1
1321221489370,S35,R5,1
1315213975067,W41,R2,1
1318217044799,W14,R6,1
1316215128745,W24,R6,1
1316215573712,W39,R6,1
1318217398458,W52,R5,1
1316215619800,W58,R6,1
1319218156293,W13,R6,1
1323221894443,S21,R5,1
1321219625377,S44,R6,1
1314213077148,W29,R5,1
1318216994398,W49,R2,1
1317216547238,W19,R6,1
1318217057823,W19,R6,1
1314212786343,W52,R4,1
1315213901453,W29,R5,1
1316215238243,W58,R2,1
1315214376105,W14,R5,1
1316215089436,W68,R6,1
1314212501023,W13,R4,1
1314212321804,W13,R6,1
1320218952897,W50,R6,1
1323222379289,S44,R2,1
1323222215737,S04,R2,1
1324222899559,S21,R5,1
1314212772800,W83,R6,1
1324223120674,S21,R6,1
1322221135041,S03,R5,1
1314213103385,W52,R2,1
1314212748267,W13,R6,1
1315214355873,W42,R2,1
1323221621485,S44,R6,1
1321219898374,S23,R6,1
1316215181049,W71,R4,1
1319217965666,W29,R4,1
1321219707003,S05,R5,1
1315213658913,W52,R5,1
1314212852899,W42,R2,1
1315214331415,W13,R6,1
1315214372359,W39,R6,1
1316215728433,W58,R5,1
1323221790886,S25,R6,1
1323222387058,S34,R6,1
1322221194398,S11,R2,1
1319217961604,W58,R2,1
1315213901440,W52,R5,1
1314212876890,W13,R6,1
1316215161744,W89,R6,1
1316215101801,W61,R1,1
1317216376614,W19,R6,1
1315213925910,W19,R6,1
1324223089044,S04,R2,1
1314213056777,W32,R3,1
1324222914867,S05,R2,1
1321219680636,S06,R6,1
1323221611294,S21,R6,1
1315214202398,W56,R4,1
1318217123393,W58,R6,1
1320219428923,W82,R2,1
1321219618865,S42,R6,1
1318216822015,W42,R3,1
1321220319533,S33,R6,1
1314212793602,W36,R5,1
1317216419212,W15,R6,1
1318216854202,W81,R5,1
1314212887210,W14,R4,1
1319217956768,W14,R6,1
1322220763039,S44,R6,1
1320218731608,W58,R6,1
1316215536309,W50,R4,1
1321219969577,S21,R4,1
1320220640039,W58,R6,1
1319217972619,W58,R6,1
1316215763347,W13,R6,1
1314212430464,W19,R2,1
1318217324603,W13,R6,1
1315213666961,W49,R5,1
1314212920829,W35,R5,1
1315213965445,W49,R3,1
1321219698382,S41,R6,1
1314212942799,W82,R1,1
1319217764721,W41,R5,1
1316215216476,W19,R6,1
1315214273512,W36,R6,1
1321219744582,S34,R6,1
1316217858885,W58,R5,1
1314212402248,W52,R6,1
1314212344966,W58,R3,1
1318217150869,W42,R3,1
1322221265782,S23,R5,1
1324222616563,S44,R6,1
1314212841478,W58,R2,1
1321219614296,S06,R2,1
1321219755408,S34,R6,1
1323222090298,S25,R6,1
1314212997009,W14,R3,1
1323221835440,S41,R6,1
1320218768188,W53,R1,1
1322221253420,S44,R3,1
1317216559068,W58,R2,1
1320219256435,W29,R6,1
1319218146330,W49,R2,1
1319218352995,W19,R6,1
1314213031432,W52,R6,1
1314212509739,W42,R6,1
1321220593964,S11,R5,1
1315214409993,W66,R6,1
1315213701079,W58,R6,1
1314212977351,W13,R6,1
1317215816632,W13,R6,1
1320219179544,W19,R4,1
1324223131943,S24,R5,1
1318219424874,W58,R6,1
1323221713439,S44,R5,1
1314212405260,W42,R4,1
1316215477338,W82,R4,1
1319218368393,W13,R6,1
1323221663457,S12,R6,1
1314212777647,W39,R6,1
1320218860789,W42,R5,1
1324222758880,S24,R2,1
1324222918195,S25,R6,1
1314212959961,W14,R6,1
1318217452655,W36,R6,1
1323221870076,S24,R6,1
1324222554507,S06,R5,1
1323221538224,S06,R5,1
1324222776763,S25,R1,1
1315214025470,W39,R6,1
1315214493278,W56,R1,1
1322220980231,S21,R5,1
1320218814010,W13,R6,1
1316215585997,W58,R2,1
1320219054234,W19,R5,1
1314212770681,W13,R2,1
1314212887071,W13,R1,1
1323222063909,S25,R6,1
1316215364668,W50,R6,1
1314213136765,W73,R6,1
1316215023514,W32,R4,1
1317215944149,W58,R6,1
1314213106622,W33,R6,1
1315214456067,W14,R6,1
1317216060590,W74,R5,1
1314212402251,W58,R6,1
1315213573811,W49,R2,1
1316215596711,W13,R6,1
1319218184873,W19,R4,1
1322220736351,S41,R6,1
1320218865778,W19,R6,1
1317216069827,W14,R6,1
1314213144847,W32,R6,1
1315213211612,W42,R5,1
1323222247304,S22,R6,1
1324222944187,S31,R2,1
1320218746384,W71,R5,1
1320218997839,W49,R1,1
1319218044687,W13,R6,1
1322220646588,S21,R6,1
1324222911935,S44,R4,1
1321220140863,S44,R6,1
1314213152717,W13,R6,1
1323221730411,S22,R6,1
1320219297177,W59,R5,1
1321220161501,S06,R3,1
1319217852336,W19,R6,1
1318216949952,W52,R4,1
1317216222188,W41,R5,1
1315214272698,W13,R6,1
1318216911154,W65,R6,1
1318217385018,W71,R5,1
1315214185720,W39,R5,1
1319217684962,W36,R5,1
1324222800474,S02,R2,1
1320218983880,W58,R6,1
1322220823759,S44,R6,1
1322221112321,S06,R2,1
1315214452866,W58,R4,1
1315213624327,W49,R6,1
1317216607578,W13,R6,1
1323221663444,S24,R6,1
1314213044100,W25,R6,1
1316216650820,W72,R5,1
1323221769969,S04,R3,1
1315213694983,W21,R4,1
1324222629394,S22,R3,1
1323221532474,S21,R6,1
1316214936270,W22,R6,1
1318217547393,W49,R6,1
1314212908988,W13,R6,1
1323221539911,S41,R6,1
1318216764720,W36,R6,1
1314212460582,W13,R3,1
1324222602447,S06,R6,1
1321219716356,S35,R6,1
1323221642756,S04,R2,1
1323223208745,S41,R6,1
1323221735107,S24,R6,1
1314212792749,W13,R6,1
1321220222335,S35,R5,1
1324222452409,S21,R6,1
1324222711893,S21,R6,1
1318216859025,W42,R2,1
1319217761396,W13,R6,1
1315213625712,W89,R5,1
1317216234284,W58,R2,1
1319217629637,W29,R1,1
1322221025339,S24,R6,1
1316215205408,W13,R6,1
1322220663850,S25,R5,1
1324222559736,S24,R2,1
1320219075710,W29,R6,1
1315213847876,W58,R6,1
1320219191400,W36,R5,1
1324222848576,S31,R6,1
1316215205497,W13,R6,1
1321220296228,S04,R2,1
1316215004755,W78,R5,1
1319218131581,W19,R5,1
1319218034318,W14,R6,1
1317216368264,W89,R3,1
1315213536218,W68,R6,1
1318216960260,W82,R6,1
1315215788694,W14,R6,1
1318218605564,W58,R2,1
1321219778558,S21,R4,1
1317216051779,W58,R3,1
1314212631143,W19,R6,1
1324222650943,S24,R6,1
1324222665349,S21,R6,1
1314212503231,W32,R4,1
1320218742942,W89,R1,1
1323222404586,S41,R6,1
1322221043452,S21,R4,1
1319218588667,W58,R6,1
1323222275671,S06,R6,1
1316215701297,W32,R6,1
1314212555989,W15,R6,1
1314213065170,W58,R2,1
1315218523532,W15,R6,1
1324222461295,S22,R2,1
1315214223467,W52,R6,1
1322220764827,S44,R6,1
1323222077289,S23,R4,1
1323222309914,S24,R4,1
1316215458314,W58,R1,1
1314212753242,W42,R3,1
1324223159753,S03,R5,1
1314212996262,W19,R6,1
1315213758004,W50,R5,1
1322220667289,S44,R6,1
1315214349173,W15,R6,1
1317216306934,W35,R3,1
1317216243131,W19,R5,1
1314213046028,W58,R6,1
1315213645411,W13,R5,1
1323221572199,S34,R6,1
1314213240524,W19,R3,1
1324222750945,S04,R3,1
1314212442925,W14,R4,1
1314212777736,W58,R3,1
1316215137985,W19,R3,1
1315213753179,W19,R2,1
1316215052794,W65,R6,1
1316215151438,W71,R6,1
1316215791219,W81,R2,1
1316215127453,W19,R6,1
1314212902516,W14,R4,1
1314212841492,W58,R2,1
1318216969244,W19,R4,1
1322221565551,S11,R6,1
1321219689977,S24,R3,1
1317218615146,W42,R3,1
1315214217263,W13,R5,1
1314212996300,W19,R6,1
1314212313934,W13,R6,1
1322221148479,S41,R6,1
1315215310994,W15,R6,1
1319218390654,W89,R5,1
1321219926615,S44,R5,1
1314213061916,W58,R5,1
1322221274261,S24,R6,1
1314212891598,W42,R4,1
1320219337300,W13,R6,1
1319218044675,W13,R6,1
1323221570841,S21,R6,1
1320218748453,W36,R6,1
1315213820424,W49,R3,1
1316215159536,W21,R6,1
1321220123158,S23,R5,1
1321219933379,S41,R6,1
1322220742163,S21,R6,1
1314211948765,W13,R2,1
1322220955292,S35,R6,1
1314211938218,W58,R6,1
1315213894835,W56,R5,1
1315214361899,W42,R2,1
1314212802540,W14,R5,1
1320218748008,W36,R6,1
1318216798013,W82,R3,1
1323221727706,S44,R6,1
1317215820604,W19,R5,1
1321220442281,S05,R2,1
1315214452512,W42,R5,1
1319218162283,W43,R5,1
1321220197216,S23,R5,1
1317216382224,W56,R6,1
1321219677010,S41,R6,1
1324223124088,S21,R6,1
1323221735780,S24,R5,1
1316217664414,W19,R2,1
1315213629405,W58,R3,1
1323222167850,S34,R6,1
1314217031309,W13,R5,1
1315214288716,W19,R6,1
1322220630812,S23,R2,1
1319217770433,W21,R6,1
1323221821414,S21,R6,1
1321219569946,S44,R4,1
1323222284604,S41,R3,1
1322221030529,S44,R6,1
1317216010278,W51,R5,1
1321220163808,S24,R6,1
1321219665421,S04,R1,1
1317216432411,W59,R4,1
1317216015685,W58,R6,1
1315213661034,W13,R3,1
1320219393384,W36,R4,1
1314212322299,W13,R6,1
1317216422939,W49,R5,1
1314213016456,W42,R3,1
1314212416566,W89,R3,1
1315213606421,W58,R3,1
1316215264159,W19,R5,1
1314211915234,W52,R6,1
1315213996667,W81,R3,1
1324222582431,S05,R5,1
1323221967211,S21,R5,1
1314212945493,W59,R6,1
1321219854611,S21,R6,1
1322221498470,S31,R6,1
1324222594804,S03,R2,1
1314213057033,W35,R6,1
1315213731591,W42,R4,1
1318217021435,W14,R5,1
1323222323368,S05,R2,1
1319222394621,W58,R2,1
1320218888333,W13,R6,1
1315214067872,W42,R6,1
1314213010679,W78,R6,1
1317216017145,W19,R3,1
1314212857698,W14,R3,1
1317216100812,W13,R6,1
1315213191861,W13,R3,1
1315214272813,W19,R6,1
1322221218706,S44,R6,1
1320219305152,W21,R5,1
1318216865978,W83,R4,1
1316215579855,W36,R6,1
1317216433755,W51,R6,1
1320218865677,W19,R6,1
1316216627962,W59,R2,1
1323222044152,S35,R6,1
1324222893152,S35,R6,1
1315218552608,W81,R6,1
1320218964548,W42,R6,1
1318217049927,W42,R6,1
1316214959278,W71,R6,1
1316215352891,W52,R6,1
1314211926771,W14,R4,1
1314212874945,W32,R6,1
1314212996286,W19,R6,1
1321220420095,S23,R2,1
1317216126173,W42,R6,1
1316217695143,W52,R6,1
1317216200117,W58,R5,1
1317216068395,W58,R3,1
1321219630403,S25,R5,1
1320221515719,W19,R6,1
1324222542538,S21,R5,1
1319218212569,W19,R6,1
1319217959790,W29,R2,1
1323222068987,S25,R6,1
1315214215345,W50,R6,1
1314212641676,W14,R5,1
1315214084067,W19,R5,1
1323222063911,S25,R6,1
1317216057036,W14,R5,1
1321219611415,S21,R6,1
1315214215358,W50,R6,1
1324223163229,S03,R3,1
1320219089327,W71,R6,1
1315214406365,W39,R5,1
1321219882471,S41,R4,1
1316215435165,W43,R5,1
1315213944770,W13,R6,1
1315214111751,W52,R6,1
1320219220542,W42,R4,1
1315214463061,W42,R6,1
1324222569992,S06,R6,1
1317215804257,W52,R4,1
1317215804826,W42,R5,1
1316215579828,W52,R6,1
1321219994860,S13,R2,1
1316214978672,W74,R6,1
1323221781521,S03,R6,1
1316215635398,W36,R6,1
1314212679385,W35,R6,1
1315213713035,W41,R2,1
1316215054964,W22,R5,1
1320219319771,W58,R3,1
1321220642666,S21,R6,1
1321220142398,S33,R1,1
1316214978660,W74,R6,1
1323221547274,S06,R2,1
1322221697257,S41,R5,1
1315214277055,W71,R5,1
1322221098597,S44,R6,1
1318217254705,W13,R6,1
1314212623615,W42,R4,1
1314212444893,W29,R6,1
1314212789491,W13,R6,1
1319218198772,W35,R5,1
1317216589693,W58,R6,1
1322220694564,S35,R4,1
1316215232277,W19,R6,1
1315213619378,W42,R2,1
1324222878910,S42,R5,1
1321219773886,S21,R6,1
1315214412328,W36,R4,1
1324222684375,S44,R6,1
1324222560094,S06,R6,1
1322221441227,S35,R6,1
1314212469910,W58,R2,1
1314212321590,W42,R6,1
1314212524932,W42,R6,1
1314212585083,W74,R6,1
1316215711627,W19,R6,1
1319218199077,W35,R5,1
1315214032714,W13,R6,1
1314214388821,W21,R6,1
1314213253747,W84,R2,1
1314212861809,W71,R6,1
1324222868186,S21,R6,1
1323221955255,S04,R3,1
1318216694265,W52,R4,1
1322220669131,S44,R5,1
1315213962374,W50,R6,1
1319217666662,W29,R6,1
1323221705748,S25,R2,1
1323221571110,S35,R6,1
1323221535127,S41,R6,1
1324222408674,S25,R5,1
1321220545368,S44,R6,1
1321220553174,S05,R6,1
1315214048225,W32,R5,1
1318217415999,W68,R4,1
1324222861611,S25,R3,1
1320218605780,W82,R4,1
1314212321816,W13,R6,1
1316215132147,W81,R5,1
1316215710815,W68,R6,1
1316215084536,W56,R3,1
1314212575219,W13,R4,1
1316218552572,W52,R5,1
1317216637835,W19,R2,1
1319217795184,W66,R3,1
1315214180376,W51,R6,1
1322221295797,S42,R6,1
1314212453587,W29,R3,1
1314212588812,W52,R5,1
1315213571817,W42,R5,1
1322220955304,S35,R6,1
1315214145435,W36,R3,1
1319218514507,W52,R2,1
1314212342137,W68,R6,1
1319217849987,W58,R4,1
1322220746325,S23,R2,1
1316215764352,W58,R6,1
1318217007386,W58,R3,1
1321220477362,S34,R6,1
1323221988660,S03,R3,1
1321219893563,S21,R6,1
1314212463867,W13,R6,1
1317216057012,W14,R6,1
1320218653640,W78,R6,1
1314212944464,W13,R5,1
1315216627947,W58,R2,1
1323222363071,S11,R6,1
1319217915317,W19,R1,1
1320219303219,W36,R5,1
1322220672493,S21,R5,1
1316215231111,W56,R3,1
1322221626753,S21,R5,1
1316215372121,W58,R3,1
1319218146191,W82,R2,1
1320219028267,W78,R4,1
1314212767949,W82,R6,1
1316215797008,W36,R5,1
1317216564791,W56,R6,1
1323221931672,S35,R4,1
1316215487253,W15,R6,1
1315214319410,W78,R6,1
1317216217707,W14,R5,1
1320218728398,W19,R5,1
1314212426338,W13,R6,1
1316215625880,W42,R2,1
1324222878946,S41,R5,1
1324222899561,S21,R5,1
1323223117108,S24,R4,1
1323222332049,S21,R5,1
1323221594017,S35,R3,1
1314212437798,W39,R6,1
1320218865689,W19,R6,1
1314212345779,W32,R6,1
1323222314801,S24,R4,1
1317215991795,W84,R2,1
1316215167848,W21,R4,1
1323221603804,S11,R2,1
1321219612177,S23,R6,1
1314211948740,W32,R6,1
1322220799908,S03,R3,1
1320218758023,W19,R6,1
1314212647717,W13,R6,1
1322220668545,S44,R6,1
1322220830792,S21,R6,1
1320218638599,W29,R2,1
1319217827930,W65,R6,1
1320219275892,W51,R5,1
1324222560258,S35,R5,1
1315214215598,W19,R6,1
1315213788476,W41,R2,1
1318216823690,W19,R2,1
1320219220276,W58,R6,1
1316215436268,W42,R6,1
1319217698416,W43,R1,1
1314213072655,W49,R3,1
1322221360858,S35,R6,1
1316215039138,W50,R5,1
1324222732339,S41,R6,1
1314212943397,W39,R6,1
1322220846810,S21,R5,1
1314212893705,W58,R2,1
1324223139306,S11,R1,1
1323221649460,S44,R6,1
1316215048430,W58,R2,1
1318217457858,W58,R5,1
1324222733572,S25,R3,1
1314212434714,W19,R6,1
1316214961652,W13,R5,1
1320219177108,W42,R5,1
1321219847934,S05,R6,1
1315213777042,W21,R5,1
1320218723512,W89,R6,1
1322220647907,S03,R2,1
1314212459440,W50,R5,1
1317216306744,W29,R6,1
1317218613711,W89,R6,1
1321219661055,S25,R2,1
1316215370317,W68,R6,1
1315214388910,W21,R6,1
1314212718910,W13,R2,1
1317217732395,W71,R2,1
1324223044633,S25,R3,1
1323221776875,S44,R6,1
1321219709375,S44,R6,1
1322220831616,S23,R3,1
1314212826046,W29,R5,1
1315213828751,W19,R2,1
1317215855521,W49,R6,1
1314212789503,W14,R6,1
1324222579815,S06,R6,1
1314213105101,W54,R5,1
1321219882735,S04,R6,1
1315214206993,W43,R3,1
1314212403315,W39,R5,1
1318217088006,W42,R3,1
1314213022167,W13,R3,1
1318222367880,W52,R5,1
1324222825616,S34,R6,1
1316215558848,W68,R3,1
1320219259215,W13,R6,1
1322221384718,S03,R4,1
1315214299695,W13,R6,1
1315213731437,W50,R6,1
1316215766522,W32,R6,1
1315215827559,W52,R6,1
1315213584675,W36,R5,1
1316215164993,W19,R6,1
1321220399087,S03,R6,1
1315214118933,W13,R6,1
1323222137743,S42,R6,1
1314213237593,W15,R6,1
1319217822143,W50,R2,1
1318217735517,W60,R5,1
1322220910107,S23,R3,1
1323222021457,S35,R6,1
1324222800359,S24,R2,1
1316215045319,W13,R6,1
1318216827459,W52,R4,1
1314212358927,W58,R3,1
1315213798251,W13,R2,1
1323222218289,S21,R5,1
1322220670487,S35,R6,1
1315213714431,W39,R6,1
1319218385019,W50,R5,1
1319218636583,W84,R1,1
1322221426101,S11,R6,1
1321219827730,S21,R6,1
1324222762751,S04,R3,1
1320218717369,W36,R5,1
1321220522852,S34,R2,1
1314212822389,W42,R4,1
1314212992287,W13,R6,1
1324222780429,S33,R6,1
1315213825146,W13,R5,1
1317215820895,W31,R4,1
1322220749497,S21,R4,1
1320219391012,W19,R2,1
1315219461151,W39,R5,1
1315214280772,W43,R2,1
1321219702382,S41,R6,1
1322220766570,S34,R5,1
1316215655186,W19,R2,1
1320219034170,W42,R5,1
1320218774786,W22,R6,1
1324222496301,S04,R3,1
1322220761365,S21,R6,1
1314215201803,W42,R4,1
1317216854048,W52,R5,1
1314212366660,W50,R3,1
1323221915655,S21,R6,1
1321223210131,S41,R6,1
1316215553850,W58,R6,1
1314213099637,W36,R6,1
1315214251946,W42,R1,1
1316215268929,W58,R3,1
1315214365114,W51,R6,1
1316215117211,W21,R4,1
1319217887456,W73,R2,1
1314212900082,W13,R6,1
1314212321855,W13,R6,1
1321219625365,S44,R6,1
1324223159765,S21,R2,1
1319218072674,W19,R5,1
1316215745631,W71,R5,1
1314212396358,W43,R4,1
1316215052770,W65,R6,1
1318216812824,W52,R6,1
1323221648367,S34,R5,1
1322220807337,S05,R1,1
1320220592493,W19,R6,1
1320219337779,W22,R4,1
1324223030925,S21,R5,1
1322220696797,S35,R6,1
1314211934310,W31,R6,1
1324222560233,S35,R5,1
1319218044752,W13,R6,1
1315215311008,W15,R6,1
1322221247745,S06,R5,1
1314212357216,W19,R5,1
1324222579005,S44,R5,1
1315213207501,W31,R6,1
1316215460597,W89,R6,1
1315214371712,W19,R2,1
1314212322325,W13,R6,1
1321220007037,S21,R6,1
1321220188344,S23,R6,1
1320218750141,W81,R6,1
1315213896119,W13,R6,1
1318217218674,W29,R6,1
1314212545432,W22,R6,1
1323221555004,S11,R5,1
1321220587012,S25,R6,1
1320219232535,W33,R6,1
1322221175615,S21,R5,1
1320219278684,W56,R1,1
1324222582443,S05,R5,1
1314212379818,W29,R6,1
1316215596356,W81,R4,1
1323221734953,S44,R6,1
1321219509472,S41,R6,1
1314212909321,W29,R5,1
1314212891143,W39,R6,1
1316215127477,W49,R6,1
1320218999175,W13,R6,1
1316215231147,W52,R3,1
1320218684672,W29,R6,1
1321220522940,S34,R2,1
1324223044227,S21,R3,1
1322221375759,S21,R5,1
1314213104856,W29,R6,1
1316215300916,W42,R2,1
1324222426862,S41,R6,1
1316215731213,W56,R2,1
1320218765903,W19,R6,1
1314213563719,W29,R6,1
1318217305705,W19,R6,1
1319217705045,W19,R6,1
1316215046208,W78,R6,1
1317218160289,W19,R5,1
1319217629652,W29,R1,1
1319217738780,W19,R5,1
1319217710185,W52,R2,1
1314213022193,W58,R3,1
1324222711881,S21,R6,1
1314212312526,W71,R6,1
1314212423937,W50,R4,1
1314215788314,W13,R6,1
1322220641334,S42,R5,1
1320218616009,W29,R3,1
1322220800825,S06,R3,1
1314212313872,W74,R6,1
1314212804645,W13,R5,1
1323221677432,S33,R3,1
1315213940190,W19,R6,1
1319217707571,W29,R3,1
1322220666059,S42,R5,1
1324222413813,S35,R6,1
1322220697318,S05,R6,1
1316215559889,W19,R6,1
1316215713102,W19,R6,1
1317216566455,W50,R5,1
1318216958672,W13,R6,1
1319218238386,W58,R3,1
1314212985992,W58,R5,1
1320219089315,W13,R5,1
1314212980712,W13,R5,1
1321219602594,S44,R6,1
1316218617037,W52,R2,1
1318216708026,W29,R1,1
1314212406250,W35,R2,1
1323221987023,S24,R3,1
1317219298383,W13,R5,1
1321220642209,S44,R6,1
1314212442937,W13,R5,1
1320219275955,W51,R5,1
1322221016191,S21,R6,1
1319218192615,W50,R5,1
1321220153579,S25,R6,1
1321219715707,S34,R5,1
1314212891117,W19,R6,1
1320219199662,W52,R2,1
1314212757278,W32,R6,1
1318217041589,W82,R2,1
1320219209715,W81,R1,1
1319218632230,W68,R2,1
1316215342813,W74,R6,1
1322221032194,S03,R5,1
1317215909553,W24,R6,1
1321220471674,S35,R6,1
1321220499469,S21,R6,1
1322221433105,S24,R5,1
1314212975926,W13,R5,1
1314213084205,W13,R6,1
1314212377624,W13,R6,1
1315215827635,W52,R6,1
1315213926850,W71,R5,1
1320219382936,W64,R6,1
1317217672272,W19,R6,1
1316215584881,W19,R2,1
1322221058478,S35,R4,1
1324222938627,S23,R2,1
1321220593040,S33,R5,1
1318218071278,W49,R2,1
1321220041988,S25,R6,1
1315213701889,W52,R4,1
1319218184000,W43,R4,1
1323222137756,S42,R6,1
1315214399851,W58,R2,1
1316214998142,W49,R4,1
1317215909591,W19,R5,1
1316215711641,W13,R6,1
1318217139385,W42,R6,1
1324222776686,S21,R6,1
1316215573015,W19,R5,1
1314212846493,W13,R4,1
1319217841206,W51,R2,1
1316215370281,W19,R6,1
1314212345348,W14,R4,1
1314212737581,W13,R6,1
1317218588705,W14,R6,1
1323222364693,S03,R1,1
1318217457821,W58,R3,1
1321221498330,S25,R6,1
1315218598908,W74,R6,1
1316215167812,W21,R3,1
1315213684638,W13,R3,1
1321219645518,S25,R2,1
1316215205384,W13,R6,1
1314212390429,W19,R5,1
1319218556761,W29,R5,1
1324222949923,S03,R3,1
1315214331340,W13,R6,1
1315214264362,W58,R2,1
1318221497973,W82,R6,1
1324222893137,S35,R6,1
1318216679264,W89,R5,1
1322220684967,S02,R1,1
1317215947300,W66,R5,1
1315213673054,W13,R5,1
1315214371914,W52,R2,1
1314212545331,W32,R6,1
1319218160339,W19,R5,1
1319218358442,W52,R2,1
1322221369085,S44,R6,1
1324222770859,S04,R2,1
1315214339145,W13,R6,1
1316215006230,W42,R5,1
1314212846772,W52,R6,1
1314212652933,W32,R2,1
1316215770431,W74,R6,1
1315214291611,W13,R6,1
1314211925134,W39,R6,1
1318217108505,W42,R6,1
1321221471927,S32,R6,1
1314212684652,W13,R6,1
1323221530052,S21,R6,1
1322221062868,S21,R5,1
1322220898807,S44,R5,1
1324223018603,S24,R5,1
1322222381713,S21,R5,1
1321220116166,S25,R6,1
1322220636361,S44,R6,1
1323221539986,S35,R6,1
1314212558136,W15,R5,1
1321220277432,S35,R6,1
1322220642060,S21,R6,1
1323221626548,S06,R6,1
1314213627680,W51,R5,1
1317216421457,W13,R6,1
1321220471635,S35,R5,1
1318217316456,W13,R6,1
1317215828106,W72,R6,1
1317215852031,W32,R6,1
1314212310748,W19,R4,1
1316215574359,W19,R1,1
1323222022434,S21,R6,1
1322220648125,S03,R3,1
1324222514580,S14,R6,1
1321219630819,S35,R6,1
1321220303693,S03,R1,1
1318216947945,W29,R4,1
1318217187107,W56,R6,1
1318218367528,W84,R6,1
1320219244682,W51,R3,1
1322220776823,S24,R4,1
1314212782787,W32,R6,1
1315213581337,W33,R6,1
1324222469114,S21,R6,1
1324222681951,S21,R6,1
1323221623705,S11,R5,1
1319218138028,W82,R5,1
1322220898771,S44,R5,1
1322221467994,S11,R2,1
1315213995261,W19,R4,1
1319217984929,W13,R6,1
1324222878934,S41,R5,1
1322221071855,S41,R6,1
1321219860259,S11,R5,1
1322220933079,S04,R5,1
1316215297298,W58,R6,1
1314212841795,W89,R6,1
1319218089151,W61,R6,1
1314212490647,W58,R6,1
1319218115436,W52,R6,1
1316215668094,W13,R6,1
1318217282363,W50,R5,1
1321219613837,S44,R6,1
1322221113160,S21,R6,1
1317215899485,W71,R6,1
1321220660942,S21,R6,1
1316215774884,W14,R6,1
1317216499982,W13,R5,1
1322220824419,S41,R6,1
1315213572100,W19,R6,1
1324222559623,S21,R6,1
1323221560384,S23,R6,1
1317216293872,W22,R4,1
1323222044149,S35,R6,1
1324222940342,S44,R6,1
1324223145513,S23,R2,1
1314212501011,W42,R6,1
1316215754250,W19,R6,1
1319217978079,W56,R2,1
1323221997378,S24,R5,1
1321219890365,S44,R2,1
1321220187367,S42,R5,1
1316218598922,W58,R2,1
1323222228025,S21,R3,1
1322221441254,S35,R6,1
1321219770765,S44,R6,1
1320219055100,W41,R4,1
1323222341556,S11,R6,1
1321219773557,S03,R2,1
1323221580830,S35,R3,1
1315213732252,W13,R5,1
1323221933450,S21,R6,1
1324222679007,S35,R6,1
1323221664612,S21,R6,1
1316215671367,W50,R5,1
1314212727022,W39,R6,1
1315214229193,W82,R5,1
1314213029477,W13,R6,1
1323221724952,S35,R6,1
1314212440073,W71,R5,1
1316215381397,W13,R3,1
1318217336243,W13,R5,1
1314212403303,W39,R5,1
1322221261720,S44,R6,1
1314213125990,W39,R6,1
1318216946703,W58,R6,1
1323221821438,S21,R6,1
1320218682856,W58,R6,1
1315213666175,W13,R6,1
1318217183019,W19,R6,1
1314212372369,W49,R4,1
1324222576579,S21,R6,1
1315214052324,W42,R2,1
1321220140065,S04,R3,1
1314214973428,W13,R6,1
1319218568121,W29,R6,1
1320221489483,W13,R2,1
1320218847477,W58,R5,1
1319218268959,W71,R5,1
1319218276412,W32,R6,1
1315213860380,W49,R5,1
1319218447201,W19,R5,1
1322221384581,S03,R4,1
1319218326623,W58,R6,1
1324223206184,S21,R3,1
1314212953881,W13,R6,1
1315213716095,W52,R3,1
1323222329082,S21,R6,1
1323222136828,S44,R6,1
1318216727711,W89,R2,1
1320218940587,W78,R4,1
1320219359181,W13,R6,1
1319218378533,W19,R6,1
1318217041045,W81,R2,1
1322221468236,S06,R6,1
1318217383355,W19,R6,1
1317216114809,W14,R5,1
1314212703716,W89,R6,1
1314212324370,W21,R5,1
1315213950177,W19,R6,1
1316215544949,W50,R5,1
1315214339158,W13,R6,1
1324222759084,S34,R6,1
1324223123769,S21,R6,1
1316215117906,W58,R4,1
1321219601008,S35,R4,1
1316215129913,W21,R6,1
1315214423319,W58,R5,1
1322220787396,S35,R3,1
1315213641816,W53,R2,1
1317215948593,W42,R3,1
1320219395997,W52,R2,1
1321219680624,S06,R6,1
1315214416036,W58,R3,1
1315213984141,W51,R3,1
1320219171461,W58,R3,1
1321219697923,S21,R6,1
1315214104996,W19,R6,1
1324222650741,S24,R6,1
1322221507445,S11,R6,1
1321220116521,S21,R6,1
1324222800649,S35,R5,1
1319217968801,W19,R6,1
1317215997875,W19,R6,1
1319218082790,W64,R5,1
1316215390547,W58,R6,1
1321219644679,S25,R2,1
1316215023488,W32,R4,1
1320220217929,W39,R6,1
1323221628542,S21,R2,1
1315213819889,W89,R4,1
1314212321273,W52,R4,1
1318220606988,W21,R6,1
1316215670643,W13,R6,1
1324222553125,S04,R6,1
1324222851622,S06,R1,1
1324222424347,S14,R6,1
1323221844816,S24,R5,1
1317216234714,W19,R6,1
1319218069502,W19,R5,1
1320218958066,W19,R3,1
1322220838155,S23,R6,1
1315213696646,W42,R6,1
1314212637526,W31,R6,1
1319217760584,W36,R6,1
1321220167769,S24,R6,1
1314212504486,W13,R6,1
1318217819438,W58,R6,1
1317216180822,W42,R6,1
1314212943409,W39,R6,1
1314212997579,W13,R5,1
1324222899522,S24,R4,1
1314212993808,W19,R1,1
1315213701675,W42,R1,1
1315214067314,W58,R6,1
1322221467350,S11,R2,1
1317222367892,W13,R5,1
1314212434702,W19,R6,1
1314213022142,W13,R3,1
1322220634909,S44,R6,1
1315213554874,W56,R1,1
1318217221252,W52,R3,1
1323221558529,S24,R6,1
1314212551511,W36,R6,1
1314212423281,W19,R2,1
1318217419617,W58,R6,1
1318216958405,W19,R5,1
1315214496578,W50,R6,1
1315213984293,W36,R6,1
1320218720466,W13,R5,1
1316215553811,W58,R6,1
1315213200316,W51,R6,1
1314212684676,W13,R6,1
1314212543829,W52,R4,1
1321219529120,S23,R6,1
1321219720428,S31,R6,1
1316215036082,W71,R2,1
1314212823304,W13,R6,1
1314212543856,W52,R4,1
1324222932612,S25,R6,1
1324222813495,S41,R6,1
1318216884496,W84,R2,1
1320219037874,W13,R6,1
1321219816182,S25,R1,1
1317220637300,W22,R5,1
1324222720765,S41,R6,1
1319217942147,W43,R2,1
1315214198564,W13,R6,1
1314212881914,W13,R6,1
1318217073877,W68,R6,1
1322221325881,S03,R1,1
1316215582483,W19,R2,1
1321220378083,S34,R6,1
1315213774680,W52,R5,1
1323222219115,S42,R5,1
1321220442267,S05,R2,1
1323221663596,S21,R4,1
1321219681160,S04,R3,1
1319218431892,W13,R6,1
1319218383901,W52,R5,1
1322220650550,S44,R5,1
1323221708682,S23,R5,1
1319218447199,W19,R3,1
1315213668268,W49,R5,1
1319218623837,W39,R2,1
1319217975895,W84,R6,1
1317215912027,W58,R5,1
1322220779401,S21,R6,1
1322220803151,S41,R6,1
1323222022269,S21,R6,1
1315213819865,W89,R3,1
1315214278549,W42,R5,1
1315214288730,W19,R6,1
1316215342181,W58,R2,1
1317215820200,W52,R5,1
1314212942270,W50,R6,1
1314212892107,W32,R6,1
1324222743128,S03,R5,1
1319218525246,W19,R6,1
1319218333944,W21,R6,1
1314212469478,W52,R6,1
1322220992869,S25,R2,1
1319218193290,W32,R6,1
1320219247057,W58,R4,1
1321220412783,S24,R6,1
1314212690337,W19,R2,1
1322221144254,S21,R5,1
1322220732352,S23,R5,1
1322221058656,S44,R6,1
1323221628908,S21,R1,1
1314211918685,W42,R5,1
1314212501062,W51,R3,1
1324222709115,S41,R6,1
1314213122411,W19,R6,1
1323221714797,S23,R2,1
1319218029914,W82,R2,1
1317215988573,W29,R3,1
1318216694479,W75,R6,1
1321219448394,S25,R6,1
1316214961613,W13,R6,1
1322220828673,S33,R6,1
1317216089983,W58,R1,1
1321219898398,S23,R6,1
1319218523468,W13,R5,1
1315213686936,W39,R5,1
1314213076882,W13,R6,1
1314212845566,W14,R6,1
1316215538986,W49,R6,1
1322220814786,S04,R2,1
1323222163723,S21,R2,1
1314212748331,W81,R2,1
1316215163421,W56,R4,1
1314212444145,W42,R4,1
1314213174218,W58,R3,1
1321219676172,S04,R5,1
1321219744568,S34,R6,1
1316214979371,W58,R2,1
1316214986008,W49,R6,1
1323221898327,S23,R6,1
1321220355263,S35,R2,1
1322221300167,S22,R6,1
1320219126950,W42,R1,1
1315214308734,W13,R5,1
1316215545563,W58,R2,1
1322221220484,S22,R3,1
1317216196004,W61,R5,1
1324223047349,S11,R6,1
1321219785173,S41,R6,1
1321219676741,S42,R6,1
1322220783563,S22,R3,1
1318217035536,W35,R2,1
1321220152250,S25,R6,1
1321220165260,S42,R6,1
1322220732960,S11,R5,1
1321220518068,S01,R2,1
1318217217405,W50,R6,1
1318217282336,W50,R5,1
1324222971929,S24,R6,1
1315214331439,W13,R6,1
1314212936773,W51,R6,1
1315213202474,W42,R4,1
1315213658925,W39,R5,1
1315214325526,W58,R4,1
1316215033945,W13,R3,1
1323221648645,S42,R6,1
1315213929134,W32,R6,1
1319218503492,W89,R4,1
1320219372404,W71,R6,1
1320219320874,W58,R3,1
1316219408287,W13,R6,1
1315213832672,W13,R5,1
1314212953917,W13,R6,1
1319218491052,W61,R4,1
1323221636828,S22,R6,1
1315217687831,W49,R6,1
1321219811229,S14,R6,1
1322220673483,S44,R5,1
1323222224281,S03,R3,1
1315214097887,W56,R1,1
1315213592583,W52,R3,1
1320219292315,W52,R2,1
1317216482087,W51,R6,1
1321219615768,S06,R5,1
1315214357232,W52,R5,1
1315214117905,W14,R6,1
1314212823645,W72,R3,1
1314212632083,W58,R3,1
1321219790692,S25,R5,1
1314212503268,W36,R5,1
1315214236857,W35,R5,1
1320219275841,W31,R6,1
1322220763344,S41,R6,1
1319218044725,W13,R6,1
1320222385650,W52,R4,1
1321219926072,S41,R6,1
1319218456325,W71,R6,1
1323221539404,S22,R3,1
1319218325241,W13,R2,1
1321220071284,S03,R6,1
1324223229497,S12,R6,1
1323222176479,S25,R5,1
1318216983472,W50,R6,1
1317215940572,W33,R6,1
1315213951369,W82,R5,1
1317216462352,W13,R6,1
1316214956409,W41,R6,1
1323222155347,S02,R2,1
1323221543200,S03,R1,1
1319218088363,W13,R6,1
1316216491959,W19,R6,1
1318218606123,W42,R4,1
1320219184948,W54,R6,1
1321219456086,S41,R6,1
1316215516473,W52,R6,1
1320219202684,W58,R6,1
1321220274296,S34,R6,1
1314212526848,W50,R2,1
1315214128605,W58,R2,1
1314212792612,W15,R4,1
1314213090549,W42,R5,1
1324222987012,S35,R6,1
1316215576719,W13,R6,1
1324223007360,S23,R5,1
1323221571603,S44,R6,1
1315213992504,W42,R1,1
1316215305160,W42,R6,1
1315214229472,W19,R6,1
1314212960037,W19,R6,1
1315214272825,W52,R6,1
1317216135576,W19,R6,1
1315213557667,W39,R6,1
1315214343651,W56,R6,1
1320219112289,W13,R5,1
1316215055892,W14,R5,1
1320218718157,W58,R6,1
1315213554886,W56,R1,1
1315214232744,W50,R4,1
1315214237099,W35,R5,1
1316215770417,W74,R6,1
1315214024150,W56,R2,1
1317216458479,W14,R4,1
1322221350907,S41,R5,1
1323222031433,S02,R6,1
1323221977655,S34,R6,1
1314212966307,W31,R6,1
1319218061810,W22,R6,1
1319218429569,W52,R1,1
1315213891827,W52,R5,1
1319218514014,W13,R6,1
1314212605909,W14,R6,1
1314213032319,W42,R1,1
1317216345710,W52,R5,1
1323221819194,S34,R4,1
1323221612361,S22,R4,1
1322220904433,S03,R3,1
1321219968839,S21,R6,1
1316215701246,W29,R5,1
1315213591528,W13,R6,1
1319218199065,W35,R5,1
1323222384721,S23,R4,1
1314212380265,W41,R6,1
1315214097913,W42,R2,1
1314212873311,W13,R6,1
1316215298908,W39,R6,1
1316215516725,W42,R6,1
1323221534555,S21,R4,1
1323221649496,S44,R6,1
1314212533261,W13,R6,1
1315214005922,W58,R2,1
1319218486734,W81,R6,1
1321220452421,S33,R5,1
1322220670158,S14,R5,1
1316215475017,W89,R6,1
1321220477386,S21,R6,1
1317216090249,W49,R3,1
1323221994751,S44,R4,1
1324222438386,S05,R2,1
1323221690074,S11,R6,1
1324222434920,S25,R1,1
1321220646160,S24,R6,1
1321219677337,S21,R5,1
1314212944425,W13,R5,1
1322221229356,S05,R6,1
1315214425896,W14,R3,1
1318216767564,W50,R3,1
1318217423742,W13,R3,1
1317216424958,W74,R6,1
1314212844714,W19,R4,1
1323221674397,S04,R2,1
1319218524039,W39,R4,1
1322221395445,S21,R6,1
1319218496673,W61,R6,1
1322220650562,S44,R5,1
1315214048439,W58,R6,1
1314212980229,W32,R5,1
1317215908637,W49,R6,1
1323222149116,S03,R1,1
1315213574116,W52,R5,1
1314212684649,W13,R6,1
1322220962450,S24,R5,1
1324223230931,S41,R3,1
1320219290398,W58,R1,1
1318217642735,W81,R4,1
1314211915261,W13,R6,1
1316215771421,W21,R4,1
1314212776722,W13,R6,1
1315213629429,W58,R3,1
1321219984325,S03,R6,1
1321220091399,S01,R2,1
1316215464355,W13,R6,1
1319217671674,W13,R6,1
1322221044365,S44,R6,1
1323222139305,S24,R6,1
1315213614112,W53,R5,1
1316215765862,W89,R5,1
1315214038438,W13,R2,1
1323221846734,S21,R5,1
1315214427092,W39,R6,1
1324222514111,S11,R2,1
1314212682850,W19,R5,1
1314212338444,W42,R6,1
1322220777231,S03,R2,1
1322220816437,S44,R4,1
1318216983484,W50,R6,1
1315214155576,W19,R5,1
1323221848144,S24,R5,1
1324222466536,S24,R1,1
1316215750175,W19,R5,1
1314212350817,W42,R2,1
1320219123825,W36,R2,1
1320218930194,W58,R2,1
1316215536830,W24,R4,1
1321219921879,S41,R6,1
1324222559787,S21,R6,1
1316215019199,W13,R6,1
1317216015646,W82,R4,1
1315214279388,W58,R6,1
1314212843369,W14,R6,1
1324223117185,S13,R6,1
1316215187840,W50,R6,1
1320219126125,W84,R5,1
1321219640543,S24,R6,1
1317216501167,W81,R6,1
1317216129357,W13,R5,1
1323221641071,S44,R6,1
1316215531017,W52,R2,1
1319217968078,W58,R5,1
1314214247292,W39,R6,1
1314212895421,W58,R2,1
1323221615798,S24,R5,1
1314212902555,W19,R2,1
1315213630318,W74,R5,1
1315214335022,W21,R6,1
1315214160929,W32,R6,1
1316215283286,W19,R4,1
1315214027435,W52,R6,1
1323222301525,S06,R6,1
1318216771838,W21,R6,1
1324222535270,S23,R5,1
1321220512836,S44,R6,1
1314213003662,W55,R6,1
1315213200328,W19,R6,1
1315213203514,W21,R5,1
1322220969000,S42,R6,1
1322221445327,S04,R4,1
1315214162226,W58,R5,1
1317216256519,W19,R5,1
1315214276875,W39,R6,1
1319219430915,W19,R3,1
1322220961041,S21,R6,1
1318217268681,W19,R2,1
1315218634463,W29,R5,1
1314212556753,W25,R1,1
1315214215319,W29,R6,1
1316215694062,W13,R6,1
1323222157327,S24,R6,1
1320219403476,W50,R6,1
1317216315111,W52,R6,1
1322221427065,S34,R6,1
1320218656167,W32,R6,1
1324223001900,S14,R3,1
1318216946715,W82,R6,1
1321219810064,S35,R6,1
1323221628326,S21,R5,1
1317216217719,W14,R5,1
1317216304384,W36,R6,1
1314214466726,W39,R1,1
1323222059786,S24,R5,1
1319218342525,W39,R5,1
1314212818025,W49,R5,1
1323221829690,S35,R6,1
1320219181068,W82,R6,1
1322220799997,S21,R5,1
1322220636637,S25,R4,1
1314212545204,W51,R2,1
1314213125988,W36,R6,1
1316215580109,W52,R6,1
1315213735640,W52,R5,1
1324222681316,S44,R6,1
1317217693516,W29,R3,1
1324222587851,S25,R5,1
1321219744570,S34,R6,1
1318217126681,W89,R1,1
1324222475295,S06,R2,1
1322220668053,S21,R5,1
1320219266424,W36,R4,1
1322220767166,S44,R6,1
1320219275930,W51,R5,1
1321219923683,S44,R6,1
1322221307352,S24,R6,1
1321219925029,S25,R5,1
1315213231463,W39,R6,1
1316215154877,W50,R4,1
1315213624315,W49,R6,1
1315213686924,W39,R2,1
1316215211614,W13,R6,1
1314212986424,W49,R3,1
1317215884533,W13,R5,1
1316215481452,W19,R6,1
1314212992919,W21,R2,1
1315213666163,W13,R6,1
1314213104805,W52,R6,1
1316215040712,W74,R6,1
1324222615953,S25,R1,1
1324222731147,S41,R6,1
1324223196078,S25,R5,1
1324222512954,S44,R6,1
1315214440962,W50,R4,1
1314212779096,W78,R6,1
1314213083064,W52,R1,1
1314212545329,W13,R5,1
1314212368979,W52,R2,1
1321219933292,S41,R6,1
1319218003578,W14,R5,1
1322220938601,S21,R6,1
1323221787132,S21,R5,1
1318217178286,W39,R6,1
1315214068328,W14,R5,1
1318217301670,W13,R6,1
1317216649032,W42,R5,1
1323221676947,S23,R6,1
1315214046017,W58,R6,1
1322221401476,S23,R2,1
1315214466777,W13,R4,1
1316215428638,W53,R3,1
1318217307394,W14,R6,1
1317216138634,W67,R6,1
1315214445809,W58,R2,1
1324223159245,S44,R6,1
1322221380114,S25,R5,1
1323223228545,S03,R5,1
1324222899573,S21,R5,1
1314212889380,W13,R2,1
1322221369097,S44,R6,1
1320219135807,W84,R4,1
1318219408275,W31,R6,1
1320218732143,W82,R6,1
1316215381385,W82,R2,1
1315213681998,W58,R6,1
1315214052704,W58,R2,1
1323221994522,S13,R1,1
1320219216468,W39,R4,1
1319218186029,W14,R6,1
1318216867388,W15,R6,1
1314212461533,W52,R6,1
1316215559319,W13,R6,1
1323221755390,S42,R5,1
1315213959582,W15,R2,1
1315214144014,W58,R2,1
1323221910767,S21,R6,1
1321220522825,S34,R2,1
1321219759192,S21,R5,1
1321219870348,S41,R6,1
1318216827093,W19,R6,1
1314212974024,W13,R6,1
1319218178756,W56,R4,1
1324223196066,S06,R6,1
1320219141722,W58,R1,1
1315214432142,W13,R6,1
1315214341101,W52,R5,1
1320219089341,W19,R5,1
1320218811180,W51,R2,1
1319218341891,W19,R6,1
1319217685369,W33,R5,1
1323221879164,S06,R6,1
1319217949611,W71,R5,1
1324222844437,S03,R6,1
1315213541939,W39,R4,1
1317216181747,W36,R6,1
1314212892158,W50,R6,1
1320219356425,W81,R2,1
1316219407095,W13,R6,1
1319218298711,W13,R5,1
1321219759988,S06,R6,1
1316215529468,W13,R6,1
1315213894936,W58,R4,1
1316215236175,W64,R5,1
1314211948068,W58,R5,1
1315213205964,W71,R5,1
1319218465540,W71,R1,1
1316215552744,W49,R6,1
1319218071456,W19,R6,1
1314212685263,W89,R3,1
1324222498824,S33,R2,1
1322221401779,S24,R2,1
1315214344006,W19,R1,1
1314212737670,W52,R6,1
1322220719342,S41,R2,1
1318218588717,W14,R6,1
1316215068519,W19,R6,1
1314213138860,W13,R6,1
1317215921127,W53,R6,1
1316215785332,W19,R2,1
1320218661573,W19,R6,1
1322220746921,S44,R6,1
1322220685679,S03,R6,1
1321220162616,S06,R5,1
1324222678031,S24,R6,1
1320218728804,W19,R6,1
1320218835080,W21,R6,1
1321220520074,S13,R5,1
1314212723326,W32,R6,1
1321220142374,S34,R6,1
1314212410195,W14,R5,1
1322220849792,S44,R6,1
1317215830340,W19,R6,1
1317216182889,W64,R6,1
1314212322275,W13,R6,1
1317216122642,W36,R6,1
1316214983239,W74,R6,1
1315214429247,W13,R5,1
1318216890741,W64,R4,1
1314212748281,W71,R5,1
1314212584736,W73,R2,1
1317216433767,W51,R6,1
1319218212571,W19,R6,1
1316214978633,W74,R6,1
1316215571845,W14,R4,1
1324222910996,S21,R5,1
1324223057237,S21,R6,1
1315214363638,W55,R5,1
1323221786712,S06,R6,1
1323223208620,S41,R6,1
1320219256524,W13,R5,1
1315214399798,W58,R2,1
1318217251925,W84,R4,1
1316215381183,W19,R6,1
1315214500922,W14,R6,1
1321220489785,S44,R6,1
1314212553301,W58,R1,1
1314212569127,W52,R3,1
1321220317883,S35,R4,1
1323221650500,S21,R6,1
1316215335757,W58,R3,1
1315213896107,W13,R6,1
1316215168939,W58,R1,1
1322220740120,S24,R3,1
1317216250225,W13,R6,1
1316214988343,W19,R5,1
1315215816442,W13,R6,1
1315214341125,W23,R4,1
1323221770934,S35,R6,1
1316215656430,W71,R6,1
1318217626112,W82,R3,1
1322221565765,S11,R6,1
1314212321602,W13,R6,1
1314212728695,W19,R5,1
1321220412769,S22,R6,1
1314212638009,W49,R2,1
1318216705552,W14,R5,1
1319218524003,W39,R3,1
1324222907608,S05,R2,1
1324222584563,S23,R5,1
1317216458202,W82,R6,1
1323221745363,S23,R6,1
1322220765010,S41,R6,1
1324222715183,S24,R2,1
1316215023538,W32,R4,1
1314212748228,W13,R6,1
1314212584460,W14,R6,1
1314212550471,W39,R3,1
1320219175357,W78,R6,1
1315213733165,W42,R2,1
1323221878491,S44,R2,1
1314215816430,W51,R5,1
1317216293860,W22,R4,1
1316215553797,W58,R6,1
1318216974915,W84,R3,1
1317216494803,W43,R1,1
1321220392777,S44,R6,1
1324222799165,S35,R6,1
1318217512072,W58,R2,1
1319218209068,W13,R6,1
1314212305003,W13,R3,1
1322220740106,S24,R3,1
1323221670387,S06,R6,1
1323221816061,S35,R1,1
1321220513079,S35,R5,1
1316215172370,W39,R6,1
1323221715257,S04,R2,1
1321219897283,S44,R6,1
1321220650081,S44,R6,1
1314212408456,W39,R5,1
1315214277016,W71,R5,1
1321219738883,S25,R5,1
1320219318918,W29,R2,1
1323222076248,S21,R5,1
1322221339815,S33,R5,1
1315214134292,W19,R6,1
1320218728350,W19,R5,1
1324222832610,S21,R6,1
1323221570005,S02,R6,1
1314212741300,W42,R3,1
1324222435822,S13,R5,1
1322220780961,S23,R6,1
1323222111460,S25,R2,1
1321220522914,S34,R2,1
1323221645082,S06,R5,1
1319218352211,W36,R6,1
1320218672374,W13,R5,1
1317218613673,W89,R6,1
1324222530913,S21,R2,1
1314212748230,W71,R5,1
1321220331779,S44,R6,1
1324222918207,S21,R6,1
1316215770393,W74,R6,1
1321219853049,S25,R4,1
1320219013428,W58,R3,1
1314212918991,W13,R6,1
1318216859052,W42,R2,1
1318216991772,W53,R5,1
1318217301617,W13,R6,1
1316215167798,W21,R5,1
1315213776192,W13,R5,1
1315213798275,W13,R2,1
1318217262361,W13,R6,1
1323221690441,S21,R6,1
1321220038549,S21,R6,1
1322220898783,S44,R5,1
1324222553885,S24,R6,1
1321219800784,S25,R6,1
1315214025936,W13,R6,1
1323222309926,S24,R4,1
1324222504159,S04,R5,1
1316215542604,W13,R6,1
1320218748325,W58,R6,1
1320221547906,W82,R6,1
1321220084279,S23,R2,1
1321220606899,S03,R6,1
1321219753910,S24,R5,1
1323222176455,S44,R5,1
1316215489244,W56,R4,1
1315214065827,W32,R6,1
1324222980702,S04,R3,1
1316215367881,W52,R6,1
1318216876072,W58,R2,1
1321219956529,S04,R1,1
1320219275904,W81,R5,1
1315213987757,W14,R5,1
1319217671179,W58,R2,1
1315214277042,W13,R6,1
1314212447472,W19,R1,1
1314212472474,W14,R6,1
1316215801212,W58,R6,1
1321220383792,S14,R5,1
1319218198707,W66,R5,1
1317215941954,W15,R6,1
1314212556043,W15,R6,1
1314212433940,W65,R6,1
1315213969076,W19,R6,1
1317216057087,W21,R6,1
1322221232616,S41,R6,1
1320218996573,W58,R5,1
1324222855710,S44,R6,1
1321219676487,S14,R6,1
1321219904568,S41,R5,1
1314212509400,W19,R2,1
1317216005874,W59,R3,1
1321219767807,S21,R6,1
1321220544795,S21,R2,1
1318219273923,W52,R5,1
1322221025618,S25,R6,1
1323221690062,S11,R6,1
1315213604491,W13,R6,1
1320218929267,W13,R4,1
1315213997568,W54,R2,1
1322221401185,S05,R6,1
1315219435221,W19,R5,1
1324222574105,S43,R3,1
1318217055399,W19,R5,1
1317216021283,W42,R4,1
1321220127613,S32,R6,1
1319217666611,W29,R6,1
1319218377644,W19,R5,1
1321219755055,S33,R4,1
1315213557287,W42,R4,1
1314212378398,W24,R3,1
1316215504984,W14,R4,1
1318217139373,W54,R6,1
1321220153047,S23,R6,1
1315213778083,W82,R1,1
1315214216362,W89,R5,1
1316215588601,W56,R6,1
1315213890080,W58,R2,1
1318216818310,W52,R3,1
1318217316443,W13,R6,1
1319217818071,W19,R2,1
1315214279390,W74,R5,1
1319218466706,W32,R6,1
1321220477374,S34,R6,1
1317216623658,W82,R6,1
1317219408388,W13,R6,1
1322221278031,S14,R6,1
1316215167863,W21,R3,1
1314212610859,W42,R4,1
1322220779262,S24,R6,1
1316215026814,W29,R2,1
1323221823659,S41,R6,1
1323221982097,S21,R5,1
1315213753229,W58,R2,1
1317215842067,W58,R6,1
1321219695929,S21,R4,1
1321219702420,S43,R6,1
1315214406377,W39,R5,1
1315213923939,W14,R6,1
1314212655411,W50,R6,1
1316215450089,W52,R6,1
1315213959467,W52,R6,1
1315213752912,W13,R6,1
1317216234548,W13,R3,1
1315213984180,W52,R2,1
1319218252070,W82,R4,1
1319218265510,W58,R4,1
1320219302256,W36,R6,1
1320218768226,W14,R6,1
1315213624277,W71,R6,1
1317215915543,W19,R2,1
1314212626915,W82,R3,1
1321219647171,S06,R1,1
1314212412415,W74,R6,1
1318217245164,W58,R3,1
1319218057711,W81,R5,1
1316215066616,W89,R5,1
1321219738869,S25,R3,1
1316215232707,W58,R5,1
1319217801113,W82,R2,1
1324222422634,S42,R4,1
1323222008841,S21,R6,1
1324223071224,S21,R6,1
1317216583144,W14,R5,1
1316215756370,W13,R6,1
1317215816671,W13,R6,1
1316215588892,W58,R6,1
1319218090936,W89,R6,1
1322221150093,S04,R2,1
1315213899709,W42,R2,1
1314212654178,W13,R2,1
1318217166495,W22,R6,1
1314212536282,W13,R2,1
1319218516882,W52,R6,1
1314212807440,W41,R1,1
1319217894714,W58,R1,1
1322221163660,S42,R2,1
1324223044088,S14,R6,1
1319217649019,W13,R5,1
1318216902128,W64,R6,1
1319217984917,W13,R6,1
1320218648057,W89,R1,1
1318216893368,W52,R5,1
1317216227684,W54,R2,1
1322221361468,S25,R3,1
1314212385278,W39,R5,1
1314213027980,W29,R6,1
1318217335280,W58,R5,1
1323222341531,S11,R6,1
1314212448637,W19,R6,1
1324222592634,S03,R4,1
1324222620270,S21,R6,1
1323221950266,S12,R5,1
1323221565183,S25,R6,1
1319218352983,W19,R6,1
1314213104692,W52,R2,1
1314211934967,W14,R5,1
1320218967824,W39,R3,1
1314212509374,W19,R2,1
1320218626760,W29,R5,1
1322220668065,S21,R5,1
1318217450244,W19,R6,1
1318217672296,W19,R6,1
1315213574926,W14,R6,1
1315213197015,W32,R6,1
1318218342513,W13,R5,1
1319218067650,W19,R5,1
1318216709269,W31,R4,1
1314212655120,W81,R6,1
1314211883463,W24,R6,1
1314212574913,W39,R6,1
1315214043477,W13,R2,1
1319217801101,W82,R2,1
1321220645941,S24,R6,1
1315213851898,W51,R5,1
1316215232265,W32,R6,1
1315213587797,W42,R4,1
1316215286042,W58,R4,1
1316215305158,W42,R5,1
1319218212532,W13,R6,1
1316215477581,W58,R2,1
1315214102372,W13,R6,1
1314212942837,W49,R1,1
1324222515710,S34,R6,1
1324222890788,S04,R1,1
1319217946969,W42,R3,1
1315213785239,W84,R2,1
1314212375531,W58,R1,1
1323221563719,S44,R6,1
1320219079819,W52,R6,1
1315214230753,W42,R1,1
1315214390938,W81,R1,1
1319218447415,W19,R5,1
1321220370617,S23,R5,1
1316215390535,W58,R6,1
1317216279404,W13,R4,1
1322221403328,S21,R6,1
1317216245249,W32,R5,1
1318216958696,W58,R6,1
1323221704265,S31,R5,1
1323221699907,S21,R6,1
1322220959175,S44,R2,1
1320219028990,W50,R6,1
1319218213852,W82,R2,1
1324222501278,S04,R3,1
1323222354437,S34,R6,1
1323221825692,S41,R5,1
1318217440775,W52,R6,1
1314212792903,W50,R6,1
1319218199038,W35,R5,1
1315213670906,W21,R5,1
1314212412441,W74,R6,1
1322221487489,S44,R6,1
1315213795432,W42,R2,1
1314212321842,W13,R6,1
1318216726998,W89,R4,1
1317215900150,W14,R5,1
1321219669710,S24,R2,1
1317216373959,W14,R6,1
1315214184830,W42,R6,1
1315213538527,W19,R4,1
1314212946127,W36,R5,1
1322220753937,S04,R2,1
1319218160810,W19,R6,1
1321220591022,S22,R5,1
1321219987524,S21,R3,1
1321221489394,S23,R4,1
1315213925884,W58,R6,1
1319217799865,W82,R2,1
1324222588600,S25,R4,1
1315214011823,W41,R2,1
1323222013738,S34,R5,1
1324222981033,S25,R6,1
1314212309544,W58,R5,1
1316215436344,W39,R6,1
1317215830225,W56,R5,1
1323222070955,S03,R5,1
1323222059329,S21,R6,1
1319218325254,W13,R2,1
1317216380182,W14,R6,1
1322221249511,S44,R2,1
1317216592422,W52,R6,1
1317215857816,W42,R6,1
1319218273492,W50,R6,1
1319218273555,W50,R6,1
1321219680131,S43,R5,1
1314212551004,W56,R2,1
1324222760478,S35,R1,1
1314212983439,W13,R6,1
1316215731163,W25,R2,1
1318216878773,W74,R6,1
1321220069381,S33,R6,1
1314212475925,W13,R6,1
1322220780757,S03,R2,1
1324222449922,S42,R6,1
1316215588613,W56,R6,1
1314212734750,W52,R3,1
1316215558293,W29,R5,1
1316215442548,W13,R6,1
1315213965041,W49,R3,1
1315213968175,W13,R6,1
1322220836783,S23,R2,1
1314212579510,W58,R5,1
1315213874605,W32,R5,1
1323221536269,S05,R6,1
1315213690478,W50,R5,1
1316215689771,W58,R4,1
1314211914472,W42,R5,1
1323221675541,S14,R2,1
1321219680117,S04,R2,1
1324223215714,S21,R6,1
1316215036258,W42,R3,1
1314212971232,W31,R6,1
1315213702499,W58,R4,1
1322220776835,S44,R6,1
1323221550231,S06,R6,1
1320218748022,W36,R6,1
1315213721018,W13,R5,1
1316215673068,W19,R6,1
1314212916326,W15,R6,1
1317216637823,W19,R2,1
1319218395958,W13,R5,1
1315214146021,W19,R5,1
1315214161628,W52,R3,1
1316215159296,W21,R6,1
1316215558180,W39,R5,1
1319218071316,W81,R1,1
1317216591279,W19,R5,1
1323221774045,S35,R2,1
1320218865828,W19,R6,1
1320219275928,W82,R5,1
1324222857789,S21,R6,1
1320218865766,W19,R6,1
1323221991680,S44,R2,1
1316215382211,W71,R5,1
1317216245199,W32,R5,1
1314213043983,W25,R6,1
1316215035609,W68,R6,1
1316215131929,W29,R6,1
1317216895502,W52,R4,1
1315213696661,W42,R6,1
1317216013932,W42,R6,1
1314217790803,W52,R6,1
1316215352459,W74,R2,1
1319217998879,W68,R6,1
1321220586806,S25,R6,1
1324222735944,S24,R6,1
1321220513081,S35,R6,1
1324223163193,S03,R3,1
1323221630686,S23,R6,1
1324222992176,S24,R6,1
1316214948984,W58,R2,1
1316215530991,W52,R2,1
1318216771865,W21,R6,1
1315214429262,W13,R5,1
1314213018892,W29,R6,1
1314213715523,W50,R6,1
1317216346991,W58,R2,1
1314213116167,W42,R3,1
1314211888882,W13,R6,1
1314211948310,W13,R4,1
1324222712539,S21,R6,1
1315213624341,W71,R6,1
1320218885008,W42,R5,1
1315214159838,W13,R4,1
1321221498660,S25,R6,1
1322221275365,S02,R3,1
1319217839923,W29,R5,1
1323221566348,S44,R6,1
1314211928078,W39,R5,1
1315213238064,W41,R5,1
1323221982123,S21,R5,1
1318217683426,W58,R5,1
1323221732478,S25,R1,1
1321219934775,S35,R6,1
1315214124176,W49,R6,1
1322221268081,S14,R6,1
1316215573054,W39,R6,1
1322221236021,S05,R6,1
1318217033099,W58,R2,1
1322220769463,S44,R6,1
1315213238278,W50,R3,1
1320218870626,W58,R3,1
1321219944598,S21,R6,1
1314212647729,W13,R6,1
1324223120662,S21,R6,1
1318216983496,W19,R6,1
1316215711615,W19,R6,1
1321219646837,S21,R6,1
1324222463729,S35,R6,1
1317216281410,W51,R4,1
1315214187128,W58,R5,1
1316214915314,W89,R2,1
1322221450632,S04,R3,1
1321219910965,S03,R4,1
1320218865727,W19,R6,1
1320219328907,W13,R6,1
1323222241008,S03,R5,1
1324222910731,S11,R5,1
1316214978645,W74,R6,1
1314212404230,W49,R3,1
1317216425583,W19,R4,1
1320218747994,W36,R6,1
1316215765379,W39,R5,1
1315214272736,W19,R6,1
1317216126312,W39,R6,1
1315214040608,W39,R6,1
1314212736843,W13,R6,1
1319218193326,W32,R6,1
1320219015070,W52,R4,1
1315214073847,W42,R5,1
1315214217275,W19,R5,1
1318216834414,W14,R5,1
1322221292776,S21,R5,1
1316215761343,W42,R3,1
1318217399601,W51,R3,1
1322220915627,S21,R5,1
1320219210224,W58,R4,1
1317216335190,W13,R5,1
1321219995584,S35,R6,1
1314214388807,W21,R6,1
1321219595648,S44,R6,1
1314212449122,W82,R5,1
1314212900094,W13,R6,1
1315213221233,W15,R5,1
1322220866863,S03,R3,1
1314212795900,W51,R5,1
1314212804520,W32,R6,1
1318216958658,W15,R5,1
1316215662836,W89,R6,1
1317215971336,W13,R6,1
1322221430313,S24,R6,1
1321220184016,S23,R2,1
1314213026723,W21,R6,1
1317216592410,W52,R6,1
1315214089435,W13,R6,1
1315214015000,W52,R5,1
1318216790600,W29,R6,1
1323221755402,S21,R6,1
1320221547894,W82,R6,1
1320219259203,W13,R6,1
1324222505380,S21,R5,1
1315213679564,W52,R6,1
1317216234361,W58,R2,1
1316215497482,W68,R5,1
1318218611440,W61,R3,1
1323221988621,S03,R3,1
1321220420069,S23,R2,1
1315214384733,W50,R6,1
1319217794938,W52,R3,1
1320219089339,W71,R6,1
1316215364593,W50,R6,1
1314212613640,W67,R5,1
1321219950007,S04,R4,1
1320219007921,W19,R3,1
1314212454957,W71,R2,1
1320218575987,W29,R6,1
1319218198808,W35,R5,1
1322221339928,S12,R6,1
1324222825046,S44,R6,1
1319217753363,W49,R6,1
1321220454716,S21,R6,1
1317216607364,W31,R6,1
1318217298518,W84,R1,1
1321220145419,S11,R4,1
1317216433730,W51,R6,1
1322221048073,S44,R6,1
1320221484292,W29,R1,1
1314212828242,W19,R6,1
1317216329538,W19,R2,1
1321221498355,S25,R6,1
1324222436267,S23,R6,1
1314212872725,W13,R6,1
1315213624265,W71,R6,1
1315214214544,W52,R6,1
1316215394901,W29,R6,1
1317216582282,W19,R2,1
1321220443218,S24,R6,1
1314212407643,W19,R2,1
1317216438919,W67,R6,1
1316215120344,W13,R6,1
1317215977556,W68,R4,1
1323221649510,S44,R6,1
1323221654407,S35,R5,1
1316215161732,W29,R6,1
1324222410490,S21,R6,1
1322220830234,S21,R2,1
1323222182610,S03,R1,1
1318216923058,W50,R6,1
1324223038757,S21,R5,1
1321219452962,S32,R6,1
1321219900317,S03,R6,1
1314212811350,W50,R2,1
1316215397047,W19,R3,1
1317216227987,W13,R6,1
1320218632560,W49,R3,1
1315213564471,W39,R5,1
1322220680033,S06,R3,1
1318217469509,W29,R3,1
1324222750236,S23,R6,1
1317216482075,W51,R6,1
1324222535229,S21,R6,1
1316215497468,W13,R6,1
1320219145291,W50,R5,1
1323221769971,S04,R3,1
1321220274120,S35,R6,1
1316215579867,W52,R6,1
1317215867894,W58,R2,1
1314212482513,W13,R3,1
1317216290369,W19,R2,1
1315214240398,W52,R6,1
1323221648633,S42,R6,1
1323221758853,S24,R2,1
1315214117867,W13,R6,1
1315214154320,W58,R6,1
1321219456112,S03,R3,1
1321220041964,S25,R6,1
1316215175718,W50,R6,1
1315214331338,W13,R6,1
1315214264335,W58,R3,1
1323221899281,S24,R5,1
1315213885371,W29,R2,1
1318217181460,W52,R5,1
1316215205461,W13,R6,1
1318218456135,W50,R3,1
1324222987051,S35,R6,1
1323222112447,S44,R5,1
1321220279968,S05,R5,1
1320219029004,W13,R6,1
1321219758202,S21,R6,1
1314214004780,W13,R6,1
1320219275854,W32,R6,1
1323221772635,S04,R5,1
1319217718550,W42,R6,1
1315213716032,W52,R3,1
1315214032334,W31,R6,1
1321219479211,S44,R6,1
1323221758042,S34,R6,1
1322220831655,S11,R5,1
1316215006533,W42,R5,1
1320218704296,W13,R3,1
1319218261927,W42,R2,1
1319218456212,W50,R3,1
1319218496750,W82,R4,1
1323222349502,S35,R1,1
1323222376156,S23,R1,1
1315214422610,W13,R5,1
1314212472486,W14,R6,1
1315213685732,W58,R6,1
1317216402584,W13,R6,1
1315214180604,W52,R2,1
1315214339210,W13,R6,1
1320218973283,W19,R4,1
1319218532265,W13,R5,1
1323221682483,S06,R5,1
1320219362047,W13,R5,1
1314212469656,W13,R5,1
1324222848549,S31,R6,1
1316215523251,W29,R6,1
1315214464529,W42,R2,1
1314212450795,W32,R6,1
1320219171485,W83,R6,1
1317216307708,W56,R5,1
1314212797967,W71,R3,1
1314212489064,W51,R2,1
1323221628035,S21,R5,1
1316215060260,W81,R6,1
1315213984255,W36,R6,1
1321220087934,S33,R6,1
1315214245971,W19,R6,1
1322220711978,S04,R3,1
1314212703728,W89,R6,1
1322221210800,S25,R5,1
1316214941609,W15,R4,1
1314213039581,W49,R5,1
1319218069413,W19,R5,1
1315214161604,W52,R3,1
1316215155755,W82,R4,1
1322220683078,S03,R5,1
1323221664016,S06,R4,1
1321219967270,S24,R5,1
1323221803164,S44,R6,1
1314212374817,W58,R5,1
1323221565334,S42,R6,1
1322220718910,S11,R1,1
1315214247254,W49,R3,1
1314212846430,W58,R6,1
1317218606857,W13,R6,1
1316214964708,W13,R6,1
1319217841408,W19,R2,1
1320219112327,W19,R5,1
1315214161770,W58,R2,1
1319218258299,W49,R4,1
1314212390468,W19,R5,1
1320219126099,W84,R5,1
1323221806449,S03,R1,1
1318217400934,W58,R2,1
1314212383323,W43,R1,1
1315213570676,W13,R3,1
1315214136208,W36,R6,1
1320218726230,W19,R6,1
1315218160327,W58,R6,1
1323221947981,S11,R5,1
1324222585770,S34,R6,1
1319218082764,W19,R5,1
1315213975802,W52,R5,1
1317215909577,W24,R5,1
1314212368548,W58,R1,1
1316215066022,W36,R5,1
1314212439323,W13,R6,1
1318216770281,W68,R6,1
1322220660118,S21,R5,1
1316215701261,W21,R6,1
1314212428041,W13,R6,1
1314212478186,W42,R6,1
1322220648683,S02,R5,1
1318216911558,W19,R6,1
1316215115801,W52,R2,1
1320218833731,W36,R5,1
1315213197041,W19,R5,1
1320218906358,W58,R5,1
1316215216716,W68,R5,1
1321220142160,S34,R6,1
1320219374802,W13,R6,1
1320221547870,W82,R6,1
1320219132762,W50,R5,1
1322221222704,S24,R6,1
1315214387122,W19,R6,1
1322221340680,S25,R6,1
1324223229459,S12,R6,1
1314212688218,W49,R5,1
1315214390650,W21,R5,1
1317216295105,W29,R2,1
1314212620429,W55,R5,1
1316215253360,W42,R6,1
1314212516696,W19,R6,1
1315213682242,W13,R5,1
1316215523491,W22,R6,1
1322221275264,S25,R4,1
1315213588270,W67,R5,1
1315214218796,W15,R2,1
1316215044138,W13,R6,1
1319217709601,W89,R6,1
1318217547431,W49,R6,1
1315214331377,W13,R6,1
1319218238335,W58,R6,1
1319218574263,W50,R6,1
1322220999609,S24,R5,1
1321219601782,S04,R6,1
1322221261718,S44,R6,1
1318217079538,W42,R2,1
1321220153795,S25,R6,1
1319219028279,W78,R4,1
1320219033495,W52,R3,1
1321220143919,S03,R6,1
1322221207071,S01,R2,1
1320219504925,W78,R1,1
1322221073733,S42,R5,1
1315214250312,W58,R5,1
1316215505049,W13,R4,1
1315213690466,W50,R5,1
1320218684633,W58,R5,1
1315213701612,W58,R5,1
1315213629619,W51,R4,1
1315214343295,W52,R6,1
1318217541770,W13,R6,1
1316215505064,W14,R5,1
1321220164394,S24,R4,1
1323221606609,S44,R6,1
1319218215756,W59,R5,1
1315213731401,W50,R6,1
1314212803605,W53,R3,1
1316215044076,W13,R6,1
1320218747929,W36,R6,1
1322220712273,S25,R6,1
1318216782019,W58,R4,1
1321219699321,S21,R4,1
1314213045469,W50,R3,1
1320219129549,W19,R3,1
1323222284705,S13,R6,1
1320219336094,W82,R2,1
1314214247278,W39,R6,1
1314214069837,W58,R6,1
1316215626716,W49,R3,1
1316215044239,W13,R6,1
1320218599013,W72,R5,1
1322220875595,S21,R6,1
1322220925693,S21,R6,1
1323221769995,S04,R3,1
1314212362115,W58,R6,1
1323221625546,S25,R6,1
1322221284197,S41,R6,1
1316216622415,W36,R5,1
1323222386765,S34,R6,1
1319218071280,W81,R2,1
1319218464903,W21,R5,1
1315213906985,W42,R2,1
1316215023502,W32,R4,1
1314212500399,W29,R6,1
1316215328687,W13,R6,1
1316215615345,W89,R6,1
1316215197056,W58,R5,1
1315213792690,W65,R6,1
1315213805993,W89,R6,1
1316215136146,W13,R6,1
1317216209635,W13,R6,1
1318216958684,W58,R6,1
1315214264309,W58,R4,1
1314213000502,W71,R5,1
1317216458897,W59,R6,1
1324223047364,S11,R6,1
1315214308494,W13,R5,1
1316215445735,W13,R6,1
1318217000102,W13,R5,1
1317216583171,W50,R5,1
1319218036097,W52,R2,1
1319217942301,W36,R6,1
1322220991665,S44,R2,1
1321220442230,S04,R2,1
1314212590020,W50,R6,1
1321219742780,S21,R6,1
1321219621950,S44,R6,1
1318216849051,W58,R4,1
1317216309233,W29,R6,1
1320218702645,W58,R6,1
1321220464109,S41,R6,1
1321219923695,S25,R5,1
1323221641905,S41,R2,1
1322221400765,S23,R6,1
1323221695909,S03,R2,1
1315213945619,W21,R6,1
1317216335152,W14,R5,1
1318217022615,W29,R5,1
1314212826022,W19,R3,1
1314212714479,W13,R6,1
1314212522609,W19,R5,1
1318216923401,W36,R5,1
1318217018961,W49,R5,1
1314212450579,W50,R4,1
1315215441256,W41,R2,1
1314212991350,W21,R4,1
1315213926847,W71,R5,1
1316214897365,W13,R6,1
1323222386221,S41,R6,1
1322220645269,S03,R1,1
1316215629801,W49,R2,1
1316215139635,W14,R6,1
1317219407020,W13,R6,1
1315213857396,W39,R6,1
1324222774592,S12,R6,1
1315213581578,W50,R6,1
1317219407057,W29,R5,1
1316215198399,W14,R6,1
1314212516708,W13,R6,1
1316214979635,W52,R5,1
1314211902162,W75,R1,1
1314213221411,W43,R4,1
1316215253257,W89,R6,1
1314212584748,W73,R2,1
1320218668111,W14,R5,1
1315213895586,W19,R3,1
1318217026335,W49,R6,1
1319217786906,W64,R6,1
1315214046169,W52,R6,1
1322221025998,S41,R2,1
1315214113476,W68,R5,1
1323221624505,S04,R3,1
1316216622391,W32,R5,1
1315213776990,W13,R6,1
1314213002138,W31,R5,1
1314212407617,W19,R2,1
1320218672970,W39,R5,1
1320218964575,W39,R6,1
1317218150694,W19,R6,1
1314212428229,W49,R6,1
1319218032567,W58,R6,1
1324222612158,S12,R2,1
1324222615597,S04,R2,1
1315214277156,W81,R2,1
1322220870479,S23,R2,1
1316215179223,W84,R5,1
1319217607062,W13,R2,1
1319217908553,W52,R5,1
1319218399640,W19,R6,1
1324222426557,S41,R6,1
1314213018928,W82,R6,1
1319217726710,W74,R6,1
1322220865303,S35,R6,1
1321220420071,S23,R2,1
1322220991677,S44,R2,1
1315213564533,W42,R3,1
1323221948540,S21,R6,1
1321220142931,S33,R1,1
1322220636258,S11,R2,1
1320218820189,W42,R2,1
1322220904902,S21,R6,1
1323221558885,S03,R3,1
1324222829400,S11,R5,1
1319218617621,W19,R6,1
1320219261310,W13,R6,1
1320218879373,W52,R5,1
1323222301653,S06,R6,1
1315214036903,W58,R1,1
1320219209766,W50,R3,1
1315213593890,W58,R6,1
1314212555914,W15,R6,1
1316215150727,W71,R2,1
1316215786120,W19,R3,1
1314212962979,W19,R4,1
1316215353792,W51,R2,1
1319218377430,W14,R6,1
1319218005940,W50,R6,1
1320218962328,W61,R4,1
1314211917618,W51,R4,1
1323222297463,S25,R1,1
1319218067647,W29,R5,1
1315213661022,W52,R5,1
1317215971387,W13,R5,1
1317216616464,W13,R6,1
1314213149014,W13,R6,1
1320219410115,W82,R5,1
1322221000666,S35,R6,1
1320218888295,W58,R6,1
1322220722870,S34,R6,1
1321219811231,S14,R6,1
1317216129371,W13,R5,1
1317216135638,W50,R6,1
1322221210875,S35,R6,1
1314212841771,W58,R6,1
1322220663898,S44,R6,1
1324222893149,S35,R6,1
1321219666599,S41,R6,1
1324222712895,S01,R6,1
1315213804949,W51,R6,1
1316218623268,W52,R5,1
1316215566605,W19,R6,1
1320218897700,W59,R5,1
1319218418972,W58,R3,1
1321219776566,S21,R5,1
1317216129597,W13,R6,1
1314212682355,W51,R3,1
1315214381663,W58,R2,1
1315213198171,W13,R5,1
1315214162303,W19,R6,1
1323221675349,S25,R3,1
1319218154730,W74,R6,1
1314212714620,W42,R1,1
1321220371987,S24,R6,1
1316214979357,W58,R2,1
1324222551172,S35,R3,1
1322220662985,S41,R6,1
1314212654560,W13,R5,1
1316215446232,W13,R5,1
1324223114202,S03,R1,1
1319218499224,W32,R6,1
1316215538911,W49,R6,1
1317216424921,W74,R6,1
1321220161499,S25,R5,1
1315214276887,W39,R6,1
1316215384595,W15,R6,1
1316215193842,W15,R6,1
1322220945986,S44,R6,1
1315214104984,W19,R6,1
1323222194084,S35,R2,1
1314212782825,W50,R6,1
1323222275834,S21,R4,1
1322221062704,S44,R2,1
1323222164182,S21,R6,1
1322220679928,S44,R3,1
1320218889828,W42,R2,1
1320219050960,W52,R6,1
1324222987048,S35,R6,1
1324222418523,S25,R6,1
1324222419374,S21,R6,1
1315214178687,W42,R5,1
1316215527666,W81,R5,1
1314212652958,W82,R4,1
1320218723740,W42,R2,1
1324222845758,S21,R6,1
1321219729629,S35,R5,1
1314212478465,W13,R6,1
1318217333398,W42,R2,1
1324222598043,S21,R6,1
1320219234515,W58,R2,1
1315213950001,W13,R6,1
1321220001059,S14,R6,1
1321220034072,S42,R6,1
1319218335279,W58,R6,1
1322221114580,S44,R2,1
1315214277093,W71,R5,1
1314212937953,W21,R6,1
1317216438869,W13,R5,1
1314212321792,W13,R6,1
1321220001097,S44,R3,1
1321219738503,S25,R5,1
1314212624997,W58,R2,1
1315213672215,W13,R6,1
1322221144823,S34,R5,1
1322220639482,S11,R5,1
1315214325045,W14,R6,1
1321219954411,S44,R6,1
1318217021474,W14,R5,1
1317216267942,W32,R6,1
1317215900325,W19,R6,1
1321220720561,S11,R3,1
1316215167394,W13,R3,1
1319217965932,W14,R5,1
1315213207499,W41,R6,1
1322221279110,S21,R4,1
1315214396184,W15,R5,1
1319218529360,W50,R2,1
1322221059924,S25,R6,1
1318217000001,W13,R5,1
1320219027644,W58,R2,1
1315219431160,W58,R3,1
1324222724256,S24,R6,1
1316215532476,W82,R6,1
1317215831975,W58,R6,1
1321220291177,S03,R4,1
1321219632407,S32,R2,1
1320219051000,W58,R6,1
1314212543868,W52,R4,1
1324223229473,S21,R6,1
1318216829806,W49,R3,1
1318216873253,W15,R6,1
1318216798165,W58,R6,1
1314212469617,W19,R3,1
1314212881445,W50,R6,1
1314213012139,W42,R3,1
1314213174396,W58,R6,1
1320218835092,W36,R5,1
1315213926811,W78,R6,1
1319217927413,W42,R6,1
1324223047061,S21,R5,1
1319218071431,W19,R6,1
1315214320335,W59,R2,1
1315214438261,W52,R5,1
1314212390761,W42,R5,1
1317215838792,W64,R5,1
1316215051451,W14,R5,1
1319217851904,W13,R6,1
1322220629051,S21,R6,1
1315213962436,W50,R6,1
1321220422909,S33,R6,1
1320219216342,W68,R5,1
1323221533805,S11,R5,1
1314213115532,W59,R6,1
1314213126764,W58,R2,1
1315213731387,W50,R4,1
1318217206806,W58,R3,1
1316215784380,W36,R6,1
1316215136437,W81,R2,1
1315214236818,W35,R5,1
1315214107866,W42,R4,1
1319218313486,W58,R1,1
1319218524015,W39,R2,1
1317216216820,W19,R5,1
1323222104390,S25,R5,1
1321219905041,S35,R6,1
1320218595066,W58,R4,1
1322221181946,S25,R2,1
1320219313881,W58,R4,1
1317216235097,W13,R6,1
1323222132882,S14,R2,1
1322220671515,S23,R1,1
1316215495449,W19,R2,1
1322222404624,S03,R1,1
1323221837596,S43,R6,1
1314212550418,W19,R6,1
1314212904965,W19,R5,1
1323221844830,S35,R4,1
1317216558496,W56,R2,1
1316215116676,W19,R4,1
1317215876069,W58,R2,1
1315214275859,W51,R2,1
1321219775133,S44,R6,1
1323222075828,S01,R1,1
1315214132932,W29,R5,1
1315214048237,W74,R5,1
1315214039859,W39,R2,1
1315214309371,W15,R5,1
1323222077226,S23,R5,1
1320218575429,W42,R2,1
1316215747371,W19,R6,1
1324222862714,S44,R6,1
1323221837228,S35,R3,1
1319218024267,W81,R2,1
1321220170462,S05,R2,1
1324223112448,S03,R1,1
1315213948274,W71,R2,1
1316215044114,W13,R6,1
1320221472259,W29,R6,1
1314212549188,W81,R5,1
1318216862312,W68,R5,1
1317216293884,W19,R1,1
1317216335149,W14,R5,1
1317216260048,W49,R6,1
1321220362127,S06,R3,1
1322220978884,S24,R6,1
1322220795114,S24,R6,1
1314212721308,W89,R2,1
1318217398510,W29,R6,1
1323221665185,S04,R4,1
1314213128768,W53,R6,1
1321219742778,S06,R2,1
1320219404098,W19,R3,1
1323222086403,S33,R4,1
1321219529132,S23,R6,1
1324223091834,S33,R6,1
1322221463490,S35,R6,1
1315213846569,W68,R4,1
1314212649610,W81,R6,1
1324222825059,S25,R6,1
1324223018223,S24,R2,1
1322220852471,S21,R6,1
1316215203353,W14,R5,1
1321220047221,S03,R6,1
1324222416873,S21,R5,1
1324222851444,S21,R6,1
1321219648348,S11,R5,1
1322221441330,S35,R6,1
1320218957025,W19,R5,1
1323221663560,S12,R6,1
1314212890875,W13,R5,1
1320218660696,W58,R4,1
1322220904977,S21,R6,1
1322221106750,S24,R6,1
1319217928201,W58,R6,1
1320218684660,W14,R6,1
1322220830222,S21,R2,1
1314212324230,W13,R6,1
1314212412478,W13,R6,1
1314212345161,W42,R3,1
1314213008283,W54,R2,1
1321219905092,S21,R6,1
1320218696995,W54,R4,1
1322220930768,S13,R3,1
1315213968264,W14,R5,1
1315214006431,W52,R5,1
1314212368536,W58,R1,1
1316215115837,W32,R5,1
1314212541116,W58,R5,1
1316215253218,W19,R6,1
1323221675554,S23,R3,1
1314212321741,W13,R6,1
1323221855873,S21,R6,1
1315213604402,W14,R6,1
1318217301643,W13,R6,1
1314212409205,W13,R6,1
1318216862336,W68,R5,1
1318217669872,W35,R6,1
1314212647743,W14,R6,1
1323221753890,S35,R6,1
1322220722868,S24,R5,1
1319218456085,W58,R5,1
1321220583025,S21,R6,1
1317216260137,W49,R6,1
1321219722776,S21,R6,1
1317215949266,W13,R5,1
1315217687829,W49,R6,1
1320218639250,W19,R6,1
1319218494591,W19,R5,1
1319218059703,W36,R5,1
1316214928160,W13,R6,1
1319218044737,W13,R6,1
1314212392536,W84,R2,1
1323221889355,S24,R5,1
1314212428623,W14,R6,1
1324222726628,S41,R6,1
1320218605968,W52,R6,1
1318217073636,W19,R5,1
1315213238482,W43,R3,1
1315213701877,W52,R4,1
1321219919014,S41,R6,1
1320219055819,W41,R3,1
1318217033238,W19,R6,1
1316215171000,W82,R6,1
1315213971601,W13,R6,1
1314214481436,W56,R1,1
1322220887576,S44,R6,1
1315213880166,W22,R2,1
1316215236466,W39,R5,1
1321219666841,S03,R5,1
1316215648458,W42,R6,1
1317216382147,W56,R6,1
1319218154692,W74,R6,1
1314213105923,W19,R6,1
1323221591047,S23,R5,1
1318217131604,W13,R6,1
1318217305731,W58,R6,1
1321219914696,S35,R2,1
1314212497402,W14,R2,1
1322221237631,S24,R3,1
1322221001326,S22,R2,1
1315213937687,W19,R6,1
1314211912530,W31,R2,1
1314214193587,W13,R6,1
1319217865880,W58,R6,1
1314212490650,W58,R6,1
1316214977744,W73,R5,1
1319218495291,W81,R6,1
1321220484012,S05,R1,1
1320218642484,W89,R6,1
1318218732004,W36,R6,1
1322220849778,S21,R6,1
1318216835999,W65,R6,1
1315219435233,W19,R5,1
1320218774774,W22,R6,1
1320219003237,W19,R4,1
1319218335812,W73,R3,1
1322221145562,S41,R4,1
1324222601484,S24,R6,1
1324222560132,S23,R5,1
1323221939717,S11,R3,1
1323221563618,S23,R5,1
1320218644856,W36,R6,1
1314212825893,W13,R6,1
1320218858936,W21,R5,1
1315214105001,W19,R6,1
1323222154801,S03,R4,1
1314212615569,W13,R6,1
1324222586644,S44,R6,1
1314212682862,W15,R6,1
1314212539946,W21,R4,1
1314211914270,W49,R5,1
1317216057075,W21,R6,1
1314212613653,W67,R5,1
1318217450194,W52,R2,1
1320219146014,W14,R6,1
1314211933813,W15,R5,1
1320218973232,W19,R4,1
1316215303900,W58,R3,1
1320218863189,W58,R6,1
1314212814230,W39,R6,1
1324222981223,S35,R6,1
1315213693183,W13,R4,1
1322221497492,S25,R2,1
1323222044051,S31,R6,1
1323221527777,S24,R6,1
1315213216916,W42,R6,1
1314212943563,W39,R6,1
1324223118047,S14,R5,1
1323221552540,S03,R2,1
1318217143078,W84,R4,1
1320219301328,W82,R5,1
1319218342552,W13,R5,1
1324222483885,S44,R6,1
1320218842526,W13,R6,1
1321220140875,S44,R6,1
1319218193276,W32,R6,1
1320218873293,W13,R6,1
1318216696575,W53,R3,1
1315214351975,W68,R6,1
1314212793335,W81,R6,1
1315213755515,W14,R5,1
1324222601205,S03,R6,1
1318217074071,W49,R3,1
1321219822715,S03,R2,1
1323223208760,S41,R6,1
1314212748343,W13,R6,1
1314212519490,W50,R6,1
1318216748475,W51,R2,1
1321220381230,S35,R6,1
1315219435245,W13,R5,1
1322221158595,S25,R5,1
1317216385676,W89,R6,1
1321219822537,S41,R6,1
1322220861114,S21,R6,1
1314211919814,W42,R2,1
1320219243969,W84,R1,1
1314212996298,W19,R6,1
1318217021462,W14,R5,1
1314212509499,W78,R6,1
1324222637530,S03,R6,1
1319218403929,W19,R4,1
1319217761358,W82,R5,1
1314212462028,W19,R6,1
1314212872535,W13,R3,1
1318216752889,W81,R4,1
1315213798263,W13,R2,1
1317215816606,W13,R6,1
1314212462016,W13,R2,1
1317216217214,W19,R5,1
1316215772930,W61,R5,1
1320218839470,W82,R2,1
1320219342882,W19,R6,1
1314212615025,W19,R2,1
1314212914485,W58,R4,1
1317216198820,W19,R2,1
1316215352915,W52,R6,1
1316215295926,W19,R6,1
1322220877450,S35,R2,1
1314212679359,W13,R6,1
1319218669063,W14,R5,1
1323221837610,S11,R5,1
1321220238036,S24,R2,1
1314213010263,W39,R3,1
1321220412922,S22,R6,1
1323221559964,S03,R2,1
1320219347198,W32,R6,1
1322221436886,S35,R6,1
1324222462475,S03,R1,1
1319218576849,W81,R5,1
1314213130913,W31,R6,1
1323222301640,S25,R5,1
1316215442575,W74,R6,1
1320218831271,W84,R2,1
1324223165034,S05,R2,1
1315213207513,W41,R6,1
1320218591182,W21,R6,1
1321220357343,S25,R5,1
1318219429937,W64,R3,1
1324222457905,S24,R6,1
1320219342680,W19,R6,1
1321219829266,S23,R1,1
1315214406340,W39,R5,1
1318217021423,W14,R5,1
1320218890022,W42,R2,1
1315213735638,W58,R5,1
1315213616927,W36,R6,1
1316215305172,W42,R5,1
1317216614572,W39,R5,1
1317215808849,W19,R4,1
1324222682890,S03,R1,1
1322221456864,S21,R6,1
1318217695384,W52,R6,1
1319218395059,W81,R2,1
1319218120234,W19,R6,1
1318217038583,W15,R6,1
1315214203515,W52,R6,1
1323221659523,S21,R6,1
1324222517854,S11,R1,1
1319217950260,W13,R6,1
1321220333619,S31,R6,1
1314212459150,W49,R4,1
1322220861254,S11,R5,1
1316215365925,W13,R6,1
1321221534567,S11,R6,1
1322220810877,S35,R5,1
1320218952404,W19,R6,1
1316215344490,W13,R6,1
1319218447252,W19,R3,1
1321220303679,S03,R1,1
1318217463342,W19,R3,1
1315214236820,W58,R5,1
1318217074083,W49,R3,1
1318217124282,W52,R6,1
1317216138659,W52,R5,1
1320218756753,W13,R6,1
1319217981291,W52,R2,1
1322221058427,S11,R2,1
1321219807486,S35,R5,1
1318217301896,W58,R4,1
1321220313858,S11,R5,1
1319218399626,W19,R6,1
1314212943346,W39,R6,1
1322220670451,S21,R4,1
1316215019187,W13,R6,1
1317216308902,W24,R5,1
1321219935842,S14,R5,1
1321220659458,S24,R5,1
1323222255693,S21,R6,1
1314212321881,W13,R6,1
1324222798961,S04,R2,1
1314211909712,W49,R5,1
1315214231591,W68,R3,1
1318217426283,W52,R6,1
1321219676552,S35,R6,1
1316215573078,W13,R3,1
1318217480755,W25,R5,1
1323221563620,S23,R5,1
1324223228444,S23,R2,1
1321219762958,S12,R4,1
1322220697371,S21,R6,1
1323222335061,S41,R4,1
1318216890893,W43,R6,1
1314213189069,W29,R5,1
1314213233822,W58,R6,1
1314212901045,W13,R5,1
1315213752672,W52,R4,1
1315214191850,W21,R6,1
1319218139309,W13,R6,1
1320219047255,W41,R4,1
1314212748216,W13,R6,1
1314212443194,W58,R5,1
1324222585768,S35,R6,1
1324222409272,S01,R1,1
1315214458919,W13,R5,1
1315214007318,W52,R5,1
1315214197699,W13,R6,1
1316215026826,W29,R2,1
1321220135180,S21,R6,1
1315213929110,W19,R6,1
1317216100026,W15,R6,1
1314212491423,W19,R5,1
1316215084664,W42,R4,1
1322221110000,S31,R6,1
1314212931721,W33,R5,1
1318217142140,W81,R1,1
1321220412896,S22,R6,1
1315213919121,W15,R5,1
1317215997863,W19,R6,1
1316215162633,W50,R6,1
1316214944567,W13,R6,1
1318217139803,W49,R3,1
1316215683451,W51,R3,1
1321219921867,S41,R6,1
1316215288667,W19,R5,1
1323221954694,S23,R5,1
1322221008194,S13,R1,1
1318217152469,W51,R3,1
1314212805129,W42,R5,1
1314213581073,W14,R2,1
1319218073827,W39,R6,1
1320219359066,W19,R2,1
1320219009065,W58,R2,1
1320218595078,W58,R4,1
1321219914660,S21,R5,1
1324222661365,S21,R6,1
1323222048441,S25,R5,1
1323221644875,S42,R6,1
1316215357625,W64,R6,1
1316215137492,W58,R2,1
1322220969277,S21,R6,1
1315213894595,W51,R3,1
1321219738907,S25,R3,1
1315214191658,W58,R3,1
1320218595179,W73,R6,1
1315213738913,W41,R2,1
1314212433357,W19,R6,1
1315213624366,W71,R6,1
1324222587836,S32,R6,1
1323221770009,S04,R3,1
1322221020872,S21,R6,1
1319217987991,W71,R2,1
1317216034785,W89,R3,1
1319217799218,W71,R5,1
1319217791274,W52,R6,1
1319218468458,W15,R6,1
1314213531472,W58,R5,1
1316215012384,W52,R6,1
1322220994469,S22,R1,1
1319218113708,W58,R4,1
1323221768841,S25,R6,1
1320219374410,W71,R4,1
1314212882981,W13,R3,1
1324223041548,S25,R2,1
1314213111976,W32,R6,1
1323221594029,S35,R3,1
1321219630821,S42,R3,1
1320218865816,W19,R6,1
1320218869220,W13,R6,1
1314212917660,W89,R5,1
1314212699096,W19,R5,1
1315214213631,W49,R3,1
1317219425244,W19,R6,1
1318217152457,W51,R3,1
1317216309803,W36,R5,1
1314212900132,W50,R5,1
1324222639181,S11,R5,1
1321220443547,S25,R3,1
1319218470122,W58,R1,1
1314211909662,W13,R6,1
1319218247169,W29,R6,1
1315213606940,W43,R4,1
1316214986527,W13,R6,1
1318216743310,W41,R2,1
1324223205016,S35,R6,1
1315217720364,W22,R4,1
1319218300770,W56,R1,1
1314211886977,W58,R6,1
1321220452318,S21,R6,1
1323222086415,S33,R5,1
1316215435316,W19,R4,1
1321220142309,S34,R6,1
1317216402659,W13,R6,1
1323221659600,S44,R6,1
1324222620522,S44,R6,1
1324222645703,S05,R2,1
1321220253292,S23,R3,1
1320218962227,W13,R6,1
1314212948133,W19,R6,1
1322221059951,S25,R5,1
1323221944299,S21,R5,1
1317215977543,W68,R4,1
1314211913948,W19,R5,1
1314212690390,W58,R3,1
1324223043454,S41,R6,1
1320219191386,W36,R5,1
1319218504379,W13,R3,1
1318217137532,W13,R6,1
1314212378436,W24,R3,1
1321219616505,S06,R5,1
1322220668279,S06,R2,1
1322221025620,S25,R6,1
1320219337692,W52,R4,1
1322221534011,S11,R6,1
1316214947867,W31,R4,1
1314212634341,W42,R2,1
1318217302177,W19,R6,1
1321219731054,S44,R2,1
1316215127275,W42,R6,1
1319218350650,W56,R5,1
1317216216008,W29,R6,1
1324222925378,S42,R6,1
1321220518070,S01,R2,1
1322220985459,S03,R1,1
1316215535168,W52,R6,1
1315218476594,W32,R6,1
1323221998952,S23,R5,1
1324222912774,S22,R2,1
1321220542930,S21,R6,1
1318217079627,W56,R6,1
1318216704371,W29,R6,1
1314213002140,W31,R5,1
1316215466311,W81,R2,1
1321219751664,S25,R2,1
1323221704289,S41,R6,1
1323221548009,S04,R1,1
1323222042881,S21,R5,1
1318217336229,W13,R5,1
1314212779767,W13,R6,1
1317216027577,W19,R6,1
1318217592346,W41,R2,1
1317216075349,W19,R6,1
1322221320789,S11,R1,1
1317215809397,W19,R6,1
1315214215550,W19,R6,1
1323221810637,S23,R5,1
1322220858385,S12,R5,1
1319218032391,W19,R6,1
1322221218783,S24,R3,1
1314212962967,W13,R5,1
1321219633690,S21,R6,1
1321219921246,S35,R6,1
1319218252930,W58,R6,1
1321220568416,S25,R1,1
1314212313959,W24,R6,1
1315213945532,W25,R6,1
1314212737631,W52,R6,1
1320220710711,W19,R6,1
1317216614584,W52,R5,1
1318217037910,W52,R5,1
1322221452699,S24,R6,1
1314213144823,W13,R6,1
1324223055928,S35,R6,1
1324222545206,S01,R2,1
1321219725951,S03,R2,1
1318217411180,W58,R1,1
1319218032631,W66,R6,1
1314212825095,W19,R6,1
1316215159322,W21,R6,1
1315214229496,W19,R6,1
1314212737682,W42,R4,1
1323221531801,S23,R6,1
1324222461865,S25,R1,1
1324222980310,S25,R6,1
1316215167824,W21,R4,1
1321220153769,S25,R6,1
1315213983378,W42,R5,1
1316215468570,W82,R4,1
1319218034306,W14,R6,1
1317216246254,W13,R6,1
1315213722313,W58,R6,1
1314212568063,W13,R5,1
1321219901168,S03,R5,1
1322220765554,S41,R6,1
1322221320575,S06,R4,1
1314212943411,W39,R6,1
1316215003854,W52,R6,1
1315213735626,W58,R6,1
1315214220941,W13,R6,1
1315213836238,W42,R6,1
1324222989345,S25,R5,1
1320218825368,W58,R6,1
1321219740608,S44,R2,1
1323221628011,S21,R4,1
1315218634487,W19,R5,1
1323221539012,S21,R6,1
1315214272724,W19,R6,1
1323221565979,S06,R6,1
1315214259158,W29,R4,1
1316215327851,W81,R5,1
1318218637698,W14,R6,1
1323222286130,S13,R3,1
1314212588230,W19,R3,1
1320218761183,W52,R5,1
1321219450917,S05,R2,1
1323222286027,S42,R4,1
1317216076998,W81,R6,1
1319217909441,W19,R2,1
1317216309563,W52,R2,1
1324222474633,S21,R6,1
1316215162379,W13,R6,1
1314214944819,W52,R6,1
1318216727836,W42,R2,1
1315213755275,W19,R5,1
1320218868053,W81,R6,1
1321219659998,S44,R6,1
1315213766355,W32,R4,1
1315214340162,W53,R3,1
1324222914412,S42,R6,1
1322220917874,S06,R2,1
1324223165046,S03,R2,1
1321220157539,S44,R6,1
1317216428375,W13,R5,1
1317215942323,W71,R6,1
1320218814022,W13,R6,1
1319217852399,W13,R6,1
1314212663658,W51,R6,1
1323222210724,S41,R6,1
1318217419415,W52,R4,1
1322220756860,S06,R1,1
1316215604822,W19,R6,1
1316217695218,W52,R6,1
1316215256835,W14,R5,1
1319218025548,W50,R4,1
1319218481202,W58,R4,1
1321219443850,S24,R6,1
1317216194821,W81,R3,1
1323223215789,S25,R6,1
1315214396196,W15,R5,1
1323222275808,S25,R4,1
1319218165239,W42,R2,1
1315213973629,W74,R6,1
1322220670335,S41,R6,1
1318217423843,W59,R5,1
1315213726110,W29,R5,1
1322221357003,S41,R2,1
1315214176149,W14,R4,1
1317215932942,W19,R1,1
1322220879415,S44,R5,1
1316215007372,W51,R2,1
1319217705019,W19,R6,1
1314212852937,W29,R2,1
1317216213468,W15,R3,1
1315214457780,W56,R5,1
1320219381682,W52,R6,1
1320218865715,W19,R6,1
1319218044701,W13,R6,1
1317216217760,W14,R5,1
1316215390067,W19,R3,1
1322221401146,S05,R6,1
1314212423875,W15,R6,1
1317216604850,W71,R4,1
1319218273353,W19,R6,1
1317216041285,W52,R5,1
1319217801137,W89,R2,1
1316215587116,W58,R6,1
1322220719241,S24,R2,1
1322221248356,S14,R6,1
1317216100798,W13,R6,1
1321219965819,S21,R5,1
1322220880619,S14,R1,1
1315213937636,W19,R5,1
1317215940747,W15,R4,1
1315213817467,W14,R4,1
1316215115825,W32,R5,1
1317216432260,W13,R6,1
1314211941467,W13,R3,1
1314212630622,W50,R5,1
1323221963301,S44,R6,1
1316215170046,W59,R2,1
1317216234296,W36,R2,1
1318216913158,W72,R6,1
1315213833989,W49,R3,1
1319217963053,W19,R6,1
1324222438905,S35,R5,1
1314212695023,W19,R5,1
1322222395333,S04,R5,1
1317216141743,W82,R6,1
1319218039360,W58,R3,1
1324222904435,S25,R1,1
1318217538343,W19,R5,1
1320218732422,W19,R6,1
1319218193314,W32,R6,1
1321220434361,S05,R6,1
1316215057845,W19,R3,1
1316218378521,W19,R6,1
1324222895714,S24,R2,1
1314212655409,W50,R6,1
1318216934036,W71,R6,1
1323222354425,S44,R6,1
1324222559801,S21,R6,1
1314212315865,W19,R5,1
1314212536561,W19,R6,1
1317216147809,W21,R5,1
1322220919219,S14,R2,1
1315214215333,W29,R6,1
1322221298829,S31,R6,1
1322221188511,S44,R6,1
1315213874581,W32,R5,1
1315214308431,W31,R6,1
1316215802909,W52,R6,1
1317216488395,W82,R6,1
1317216059790,W19,R6,1
1315215127390,W52,R5,1
1316215366194,W54,R6,1
1315214256101,W32,R5,1
1316215208909,W13,R6,1
1315214162238,W29,R6,1
1315213857384,W52,R6,1
1324223035306,S21,R6,1
1316215544990,W50,R6,1
1320219123748,W36,R2,1
1324222500706,S44,R6,1
1320220599892,W36,R1,1
1323221676582,S25,R6,1
1320219219906,W19,R6,1
1324222784252,S03,R6,1
1320218818312,W82,R2,1
1322221071828,S42,R6,1
1321219785247,S25,R5,1
1314213103462,W41,R2,1
1319218089148,W59,R6,1
1318216858757,W58,R6,1
1314213012115,W13,R6,1
1320218818223,W14,R6,1
1316215160021,W42,R5,1
1314211923216,W13,R5,1
1316215606967,W58,R2,1
1317216420303,W19,R4,1
1316215373984,W13,R5,1
1316215766647,W13,R6,1
1321219639263,S24,R6,1
1322220626891,S24,R6,1
1315214441875,W32,R1,1
1315214019630,W32,R5,1
1315214356091,W31,R6,1
1318217740721,W21,R6,1
1323221596669,S01,R1,1
1315213541840,W32,R2,1
1315213696697,W42,R6,1
1319218199014,W35,R5,1
1315214118844,W81,R5,1
1324222676470,S02,R4,1
1324222807657,S23,R6,1
1324222602637,S21,R6,1
1317216499970,W13,R5,1
1314212554416,W89,R6,1
1323222323545,S06,R5,1
1317215828296,W51,R5,1
1322220688648,S02,R6,1
1319217909670,W82,R6,1
1317215951587,W82,R5,1
1320219409428,W13,R3,1
1314212900171,W50,R5,1
1319218495289,W81,R6,1
1322220787687,S22,R6,1
1316215217201,W56,R1,1
1321220029565,S21,R3,1
1322220852469,S24,R6,1
1324223202375,S24,R5,1
1315214276812,W58,R2,1
1314212412427,W74,R6,1
1315214425908,W14,R3,1
1317215816657,W13,R6,1
1316215089499,W68,R6,1
1323221710128,S33,R5,1
1323222137729,S22,R2,1
1322220898112,S04,R3,1
1319217812989,W58,R5,1
1317216135665,W50,R6,1
1323222217515,S34,R6,1
1314212840084,W42,R6,1
1317216245225,W32,R5,1
1322220791279,S34,R6,1
1324222576567,S21,R6,1
1323221921517,S42,R6,1
1322220955520,S13,R6,1
1319217816444,W14,R6,1
1315214291989,W58,R6,1
1320219246865,W42,R5,1
1316215655200,W36,R6,1
1319218031843,W58,R5,1
1319217827928,W64,R6,1
1316215684743,W32,R6,1
1318216843565,W22,R6,1
1320219275827,W19,R6,1
1317216473912,W58,R6,1
1315214500934,W14,R6,1
1315214201497,W89,R6,1
1314212500627,W58,R2,1
1315213218062,W13,R2,1
1314212450783,W32,R6,1
1315214203770,W13,R6,1
1316215037122,W50,R6,1
1324223050547,S44,R5,1
1316215765381,W39,R6,1
1321220420158,S23,R2,1
1315214124137,W53,R1,1
1315213733443,W71,R3,1
1314212516684,W19,R6,1
1319217978081,W56,R3,1
1318216970400,W19,R6,1
1315213663786,W51,R3,1
1320219024270,W73,R5,1
1324222417774,S21,R6,1
1317216057051,W21,R6,1
1316214979369,W58,R2,1
1324222588016,S25,R2,1
1314212943904,W58,R1,1
1318217282351,W50,R5,1
1324222634747,S21,R6,1
1317216015697,W58,R6,1
1323221624226,S44,R6,1
1322220998696,S03,R3,1
1320218739771,W56,R6,1
1322220647010,S11,R1,1
1319217705033,W19,R6,1
1314212520403,W13,R6,1
1316215744374,W13,R6,1
1323222218897,S06,R1,1
1317216138661,W52,R6,1
1316215534660,W39,R5,1
1321220462790,S04,R6,1
1322220826162,S44,R6,1
1315213719406,W32,R5,1
1323221940392,S06,R4,1
1316215457932,W29,R6,1
1316215406505,W19,R2,1
1316215187307,W19,R5,1
1316215072733,W52,R6,1
1320218657361,W52,R4,1
1317216057024,W21,R6,1
1316215205434,W13,R6,1
1317219408349,W13,R6,1
1319217806595,W51,R2,1
1316215023870,W50,R5,1
1322220733063,S41,R2,1
1322220772127,S44,R6,1
1320218689750,W58,R1,1
1320218756993,W36,R4,1
1321219829518,S24,R1,1
1323222327658,S21,R6,1
1324222452880,S21,R6,1
1324222803696,S24,R2,1
1323221930910,S03,R1,1
1314212536559,W42,R3,1
1323221950520,S21,R5,1
1318216914919,W49,R6,1
1319218369787,W58,R6,1
1314213836240,W42,R6,1
1314212481663,W52,R2,1
1318217123417,W58,R6,1
1318217398419,W52,R5,1
1317216126185,W13,R6,1
1324222530887,S11,R2,1
1314212782369,W68,R3,1
1315213938261,W50,R6,1
1323221684386,S04,R1,1
1316215704014,W54,R6,1
1317216506752,W19,R4,1
1324223206196,S21,R3,1
1317215995782,W19,R6,1
1314212505135,W53,R2,1
1323221611318,S21,R6,1
1321219752161,S44,R6,1
1314211922669,W21,R5,1
1320218764138,W19,R6,1
1315213546169,W49,R5,1
1315213681986,W13,R6,1
1316215686763,W82,R3,1
1315213659461,W31,R6,1
1316215503083,W29,R2,1
1324222608604,S21,R3,1
1322221441379,S35,R6,1
1316215015379,W58,R6,1
1322221205851,S04,R1,1
1314212552665,W13,R6,1
1319218208686,W59,R6,1
1315213876941,W19,R6,1
1314212337226,W58,R5,1
1314212556031,W15,R6,1
1314212808570,W58,R5,1
1315214212476,W19,R4,1
1319217980034,W58,R5,1
1317216208304,W58,R1,1
1318217021447,W14,R5,1
1323221614338,S05,R2,1
1317216013336,W84,R2,1
1319218046845,W41,R5,1
1319218440004,W58,R4,1
1319218075644,W19,R5,1
1319218003539,W29,R5,1
1315213920491,W52,R2,1
1314212878615,W39,R6,1
1315213658521,W43,R5,1
1315213243417,W19,R5,1
1315214062578,W19,R6,1
1320218796819,W52,R6,1
1316214961118,W14,R6,1
1322221415716,S05,R2,1
1315214080158,W19,R4,1
1324222616575,S44,R6,1
1322220650523,S44,R5,1
1321220324040,S03,R5,1
1322220892665,S24,R6,1
1315218696843,W41,R2,1
1321219666587,S33,R6,1
1321220087997,S21,R6,1
1323222322378,S06,R5,1
1322220904965,S21,R6,1
1320219273606,W49,R6,1
1314213548922,W41,R6,1
1322220877498,S35,R2,1
1318216874901,W19,R3,1
1320218648083,W58,R1,1
1324223039809,S14,R6,1
1324223121183,S21,R6,1
1319218364747,W49,R6,1
1319217824541,W41,R3,1
1321220517460,S35,R5,1
1317216097194,W52,R4,1
1315214410007,W55,R6,1
1321220164406,S24,R4,1
1314212400396,W19,R5,1
1324223083573,S44,R6,1
1320218625630,W31,R6,1
1323222028742,S03,R4,1
1314212932798,W19,R3,1
1315214313975,W15,R6,1
1320218728006,W42,R6,1
1319218383899,W29,R6,1
1323221549645,S41,R6,1
1324223208240,S22,R1,1
1318217434570,W33,R6,1
1324223071301,S44,R2,1
1319218067635,W19,R5,1
1317215940584,W50,R6,1
1321220403240,S25,R6,1
1323221811490,S06,R1,1
1321219679204,S25,R6,1
1322221349347,S25,R3,1
1316215689769,W58,R4,1
1322220797789,S22,R6,1
1323221914690,S24,R6,1
1314212555674,W31,R6,1
1318217385020,W71,R5,1
1314212549176,W81,R6,1
1319218262677,W42,R3,1
1314211941923,W13,R6,1
1322221094814,S05,R2,1
1316215394812,W13,R6,1
1324222527119,S44,R6,1
1315214131789,W42,R1,1
1322220997151,S43,R6,1
1319217978004,W84,R6,1
1321219507365,S25,R6,1
1322221043779,S21,R3,1
1322221065687,S04,R3,1
1321219739149,S44,R2,1
1320219259227,W29,R5,1
1319217757576,W29,R6,1
1316215047958,W68,R3,1
1321219725482,S22,R6,1
1318217377985,W29,R6,1
1314213051636,W58,R6,1
1315214038756,W29,R2,1
1315214438398,W58,R6,1
1314213174434,W58,R4,1
1322220993861,S21,R6,1
1315214053062,W36,R2,1
1320219175332,W78,R6,1
1321220041863,S25,R6,1
1321220159267,S24,R5,1
1316215045550,W71,R6,1
1320219197124,W89,R1,1
1318216798102,W13,R6,1
1319217843426,W14,R4,1
1316215010758,W51,R5,1
1314212779781,W13,R6,1
1317215914704,W52,R2,1
1315213703174,W52,R3,1
1320219357338,W19,R3,1
1323221836531,S06,R6,1
1324222418586,S41,R6,1
1316214948972,W58,R2,1
1317216289506,W42,R6,1
1316215162835,W19,R6,1
1319218556912,W64,R6,1
1317216390587,W50,R6,1
1316215477605,W58,R2,1
1323222124024,S44,R5,1
1318217149210,W51,R6,1
1314212618793,W19,R6,1
1322221174307,S25,R6,1
1317216435014,W13,R6,1
1322221415250,S44,R6,1
1320218737272,W13,R5,1
1318219433101,W29,R6,1
1314212514044,W50,R6,1
1315213635511,W21,R5,1
1317215816683,W13,R6,1
1317216479651,W19,R6,1
1322220757328,S41,R6,1
1319218532188,W50,R3,1
1314211886953,W58,R6,1
1314212342950,W82,R6,1
1320218684658,W19,R6,1
1315213605948,W13,R6,1
1315213736844,W58,R5,1
1320218806406,W78,R6,1
1317216583070,W36,R5,1
1315215788338,W19,R6,1
1314211904735,W78,R5,1
1314212315319,W74,R6,1
1316215469762,W13,R5,1
1317216260113,W52,R6,1
1315213844210,W19,R4,1
1314213098458,W24,R6,1
1319217915331,W19,R1,1
1323221824612,S41,R6,1
1315214240323,W13,R5,1
1316215554306,W58,R6,1
1321219663061,S03,R6,1
1314212558581,W19,R6,1
1314212619264,W50,R6,1
1315214345480,W52,R5,1
1323222258497,S24,R6,1
1314212660765,W55,R4,1
1314212451292,W13,R6,1
1322220899393,S44,R6,1
1315213969064,W13,R6,1
1318217197728,W89,R5,1
1315214203489,W49,R6,1
1314212465621,W52,R4,1
1316215530371,W13,R4,1
1319218183933,W42,R3,1
1323221603032,S21,R6,1
1321219943925,S43,R3,1
1324222914982,S24,R6,1
1324223038769,S21,R6,1
1323222255857,S33,R4,1
1317216593804,W13,R6,1
1324222969901,S21,R6,1
1316214982720,W42,R3,1
1320218979134,W82,R6,1
1323221897743,S02,R5,1
1316218588693,W14,R6,1
1317216432435,W60,R3,1
1323221966765,S24,R5,1
1320218596791,W58,R1,1
1317216553471,W41,R2,1
1319218165254,W49,R3,1
1322220788943,S24,R3,1
1322221450051,S44,R6,1
1320219029016,W13,R6,1
1320219216951,W42,R2,1
1323222239218,S35,R6,1
1316217604901,W43,R3,1
1314212630281,W21,R6,1
1315214331326,W13,R6,1
1316215559853,W19,R2,1
1314212882955,W14,R3,1
1317216166191,W61,R1,1
1314213104831,W29,R6,1
1317216422891,W52,R3,1
1323222165108,S13,R6,1
1315214189843,W15,R6,1
1316214922128,W50,R5,1
1319218268961,W71,R5,1
1315213959796,W82,R6,1
1321220682304,S03,R2,1
1314212441341,W74,R6,1
1320218993107,W52,R6,1
1319218399665,W19,R6,1
1317215841596,W61,R4,1
1316215767664,W58,R2,1
1316215655224,W36,R6,1
1321220376115,S24,R6,1
1317218600827,W19,R6,1
1323221696091,S21,R6,1
1323222137921,S22,R2,1
1322220936963,S02,R5,1
1323221844828,S24,R5,1
1319217960525,W19,R6,1
1319217819147,W33,R5,1
1316215076593,W19,R4,1
1322220641854,S21,R6,1
1324222794935,S02,R5,1
1316215164981,W19,R6,1
1323222162923,S21,R2,1
1315213703515,W52,R6,1
1317215910023,W19,R5,1
1322220849994,S11,R4,1
1317216212910,W19,R5,1
1316214986945,W52,R6,1
1317216093789,W55,R5,1
1316215012877,W84,R6,1
1318217507728,W32,R6,1
1323223239930,S04,R5,1
1323221768649,S03,R6,1
1316215359858,W58,R5,1
1324222614012,S03,R3,1
1324222517789,S06,R6,1
1321219882659,S24,R1,1
1322220969430,S11,R6,1
1324222467716,S25,R5,1
1321220442634,S04,R2,1
1324223039393,S21,R6,1
1316215594247,W68,R3,1
1318217027717,W39,R4,1
1320218756637,W53,R2,1
1322221360845,S14,R6,1
1314212774463,W42,R4,1
1316215232911,W52,R6,1
1316215513565,W52,R6,1
1314212500742,W42,R6,1
1321221534581,S11,R6,1
1320219214133,W19,R6,1
1314212799365,W58,R2,1
1316215107792,W19,R5,1
1319218075669,W19,R5,1
1319218082814,W19,R5,1
1324222590390,S21,R6,1
1314211953411,W89,R1,1
1322221070093,S12,R2,1
1322220752265,S23,R2,1
1317216014858,W13,R6,1
1322220795088,S24,R6,1
1314213016443,W74,R5,1
1319218365512,W19,R3,1
1318217044787,W14,R6,1
1315214288728,W19,R6,1
1314212543831,W52,R4,1
1316215271077,W13,R6,1
1314212960571,W13,R6,1
1315216649323,W52,R6,1
1315214102220,W71,R3,1
1315214299707,W13,R6,1
1316215218153,W33,R2,1
1324222665770,S03,R3,1
1323222387894,S34,R4,1
1321219670914,S41,R6,1
1317215833373,W14,R6,1
1316214933475,W19,R6,1
1321219664822,S21,R6,1
1323222326112,S25,R4,1
1321220274284,S41,R6,1
1318217027729,W39,R4,1
1317215931914,W19,R5,1
1322221194400,S11,R2,1
1319217782008,W58,R3,1
1319218047886,W56,R3,1
1321219853052,S25,R4,1
1323221679727,S44,R6,1
1314212833798,W73,R3,1
1317216408423,W19,R3,1
1315213896160,W13,R6,1
1321220027003,S34,R6,1
1322221428826,S03,R6,1
1315213745197,W13,R6,1
1321219851401,S25,R6,1
1314212442964,W14,R6,1
1315213854666,W52,R6,1
1314213178116,W29,R2,1
1324222690327,S44,R6,1
1316214985246,W58,R4,1
1322221031329,S41,R6,1
1324222684336,S03,R2,1
1316215101561,W42,R2,1
1316215499524,W13,R6,1
1317215894306,W42,R3,1
1324222901771,S21,R6,1
1315213593433,W58,R5,1
1324222449201,S06,R1,1
1314212804660,W13,R6,1
1320218649984,W52,R4,1
1318216954420,W13,R6,1
1323222157404,S33,R6,1
1320218669051,W58,R6,1
1315214105013,W19,R6,1
1318217365889,W56,R2,1
1319218431916,W13,R6,1
1323221976626,S44,R2,1
1319217825215,W65,R6,1
1322220966408,S31,R5,1
1314212611394,W32,R5,1
1320219126947,W58,R6,1
1322221112333,S21,R5,1
1323222239206,S21,R6,1
1320218804173,W19,R2,1
1324223118631,S25,R6,1
1316215694807,W19,R6,1
1320219099239,W19,R6,1
1317216135564,W52,R6,1
1323222135170,S21,R6,1
1316215045396,W89,R2,1
1315214343980,W81,R5,1
1322220693295,S06,R3,1
1318216834705,W64,R2,1
1322220988048,S25,R1,1
1319218289332,W61,R3,1
1323222343372,S23,R6,1
1318217164209,W58,R6,1
1321219867013,S03,R6,1
1314213126067,W13,R6,1
1322220776595,S44,R6,1
1323222271886,S21,R6,1
1323222084915,S03,R6,1
1322221228632,S03,R2,1
1315214181671,W42,R3,1
1319218480717,W81,R6,1
1315213223439,W13,R6,1
1324222527208,S25,R5,1
1315214191405,W49,R5,1
1316214986768,W52,R2,1
1320219026438,W13,R6,1
1316214979332,W58,R2,1
1314211936125,W73,R6,1
1318217195534,W56,R3,1
1314212390470,W19,R5,1
1315214324713,W56,R3,1
1322220700379,S42,R2,1
1323221913852,S25,R5,1
1316215666049,W14,R6,1
1314212792752,W19,R6,1
1320218616276,W29,R3,1
1320218684645,W19,R6,1
1315213968795,W13,R5,1
1314212389706,W58,R3,1
1320218819631,W43,R2,1
1314212665436,W58,R4,1
1314212872737,W13,R6,1
1321219468889,S21,R5,1
1316215057973,W14,R2,1
1316215697828,W13,R6,1
1314212937940,W21,R5,1
1318217087004,W72,R3,1
1318216788606,W19,R5,1
1323221611344,S21,R6,1
1315218623256,W15,R5,1
1323221548504,S03,R6,1
1323222395396,S02,R5,1
1315213984267,W36,R6,1
1317216097788,W50,R6,1
1319218494577,W15,R4,1
1321219776123,S23,R3,1
1321219468636,S21,R5,1
1319218334009,W58,R6,1
1324223229485,S21,R6,1
1315214339222,W13,R6,1
1321220142196,S34,R6,1
1314212887083,W13,R4,1
1314212566463,W19,R6,1
1314212893010,W25,R5,1
1320218857377,W13,R5,1
1321220303705,S03,R1,1
1315214240400,W52,R6,1
1320218922538,W19,R6,1
1324223196231,S33,R5,1
1322220955518,S13,R6,1
1317216045625,W14,R5,1
1315213794783,W42,R2,1
1323222149092,S03,R2,1
1324222553240,S03,R6,1
1323221616093,S21,R5,1
1324223181482,S11,R6,1
1316215080894,W19,R4,1
1319218069488,W19,R5,1
1317216538153,W42,R6,1
1314212713061,W15,R6,1
1320219054362,W49,R6,1
1314216076190,W13,R5,1
1314212500401,W19,R4,1
1322220885115,S21,R2,1
1323221611357,S21,R5,1
1314212908952,W64,R6,1
1314212501163,W59,R4,1
1315213550318,W42,R2,1
1320219404086,W19,R3,1
1315214198576,W53,R3,1
1320219031186,W58,R2,1
1317215816707,W13,R6,1
1317215880612,W50,R6,1
1321220188054,S23,R6,1
1324222550360,S42,R6,1
1321219631645,S24,R6,1
1322221249117,S06,R6,1
1314212925224,W68,R6,1
1322221065675,S21,R6,1
1314212959821,W19,R5,1
1319218556619,W14,R6,1
1316215087913,W19,R6,1
1317217774823,W58,R5,1
1322222299772,S24,R6,1
1321220222347,S35,R5,1
1317216245201,W32,R5,1
1316215676115,W71,R6,1
1322220927368,S41,R6,1
1315214460368,W58,R6,1
1324222407064,S35,R5,1
1314212653063,W14,R6,1
1315214125650,W13,R6,1
1320219274899,W42,R6,1
1314211917570,W41,R3,1
1314213076654,W50,R6,1
1324222407102,S06,R4,1
1315213926823,W78,R6,1
1315213738800,W81,R6,1
1314212461521,W19,R1,1
1316215184060,W52,R2,1
1320219026440,W13,R6,1
1316215364629,W19,R6,1
1317216484129,W13,R6,1
1315213935277,W29,R6,1
1321219704552,S06,R6,1
1324222468605,S21,R6,1
1321219758315,S21,R6,1
1315213896121,W13,R6,1
1320218865739,W19,R6,1
1321220323986,S02,R4,1
1316215039280,W19,R6,1
1315213890270,W14,R6,1
1317216464394,W19,R5,1
1321219892039,S22,R6,1
1318217457845,W13,R5,1
1315214121699,W42,R5,1
1314212953968,W39,R6,1
1318217053937,W56,R5,1
1322221375761,S32,R6,1
1320220606851,W13,R6,1
1320218962696,W56,R2,1
1322221465697,S31,R2,1
1321221489382,S34,R5,1
1321221320827,S33,R3,1
1320218873305,W13,R6,1
1316215180757,W39,R6,1
1323221573734,S06,R2,1
1323222012852,S14,R2,1
1323222343360,S23,R6,1
1315214193082,W58,R6,1
1315213645260,W13,R6,1
1314213237617,W13,R6,1
1322220782775,S06,R4,1
1320219342870,W19,R6,1
1318216834717,W64,R2,1
1317216563914,W13,R6,1
1318217323171,W53,R2,1
1314213027535,W32,R2,1
1323221663572,S12,R6,1
1317216057632,W13,R6,1
1323221674409,S04,R1,1
1316215052806,W65,R6,1
1315213977972,W19,R6,1
1317216391060,W89,R3,1
1316215342801,W74,R6,1
1314212594877,W42,R5,1
1316215052782,W65,R6,1
1314212460808,W52,R5,1
1314211941479,W13,R3,1
1317216592434,W52,R6,1
1315214464810,W21,R6,1
1316214897011,W53,R6,1
1321220308946,S24,R6,1
1323221815970,S11,R2,1
1321220371999,S24,R6,1
1320219395480,W41,R4,1
1316215673132,W19,R6,1
1321219729910,S35,R6,1
1316215390244,W14,R5,1
1322220836466,S44,R6,1
1323221835681,S11,R1,1
1317216433781,W51,R6,1
1319218252839,W66,R3,1
1324222583256,S21,R6,1
1320219185701,W19,R6,1
1317216015798,W42,R2,1
1324222607121,S25,R6,1
1321220001123,S44,R3,1
1315213770148,W42,R2,1
1321220313845,S11,R6,1
1322221059963,S25,R5,1
1323221648090,S03,R1,1
1323221660018,S03,R6,1
1317216589782,W42,R5,1
1315214386866,W14,R4,1
1321219622103,S05,R2,1
1317215844438,W19,R4,1
1320218605588,W21,R6,1
1320221534427,W56,R6,1
1316215205459,W13,R6,1
1316215384583,W15,R6,1
1315213922014,W58,R5,1
1318217217417,W50,R6,1
1317215814272,W89,R6,1
1316215162850,W19,R6,1
1317216604975,W58,R6,1
1317215895259,W42,R6,1
1322220726184,S42,R3,1
1314212478200,W42,R6,1
1323221648456,S03,R2,1
1318217335088,W42,R2,1
1321219961822,S24,R5,1
1319217963065,W19,R6,1
1316215640653,W14,R6,1
1316215289683,W13,R5,1
1318217149196,W51,R6,1
1315214344234,W19,R2,1
1314212690453,W42,R5,1
1321219821004,S44,R6,1
1321220238048,S41,R6,1
1315213611369,W36,R6,1
1319218145175,W36,R5,1
1320218777656,W74,R5,1
1316215690189,W14,R5,1
1315213231160,W42,R6,1
1314212992592,W19,R2,1
1319218560009,W51,R2,1
1314212419372,W57,R3,1
1323221755236,S14,R5,1
1315213959442,W32,R4,1
1323221532500,S14,R5,1
1323221700127,S21,R5,1
1324222519377,S06,R6,1
1318217403486,W19,R2,1
1319217961390,W50,R5,1
1317216100800,W13,R6,1
1314214503118,W19,R5,1
1315214311209,W42,R6,1
1317216432462,W67,R3,1
1314212927420,W52,R5,1
1314212956674,W19,R5,1
1322220756872,S06,R1,1
1315213751720,W49,R6,1
1323221637782,S21,R6,1
1320218944256,W42,R4,1
1320218775258,W19,R4,1
1315214356661,W51,R2,1
1315214185492,W13,R6,1
1317218606945,W13,R6,1
1319217821368,W67,R6,1
1315214191898,W21,R6,1
1320219174733,W71,R4,1
1315213966169,W84,R4,1
1316215298112,W89,R6,1
1314212684664,W13,R6,1
1315213213958,W71,R5,1
1315213729926,W67,R4,1
1321219697796,S21,R6,1
1321220146221,S35,R6,1
1324222759096,S21,R6,1
1321219890377,S06,R5,1
1316215306919,W19,R3,1
1323221549470,S21,R4,1
1323222047944,S21,R6,1
1323221706373,S25,R2,1
1324222735072,S41,R6,1
1324222539013,S44,R6,1
1321220007203,S35,R6,1
1320219305277,W58,R2,1
1315213690480,W50,R5,1
1315213737947,W49,R5,1
1318216912648,W58,R2,1
1314212556005,W15,R6,1
1315214196204,W13,R6,1
1318217541782,W13,R6,1
1317216114797,W14,R5,1
1315214390902,W51,R3,1
1322220974149,S06,R3,1
1317218637650,W68,R6,1
1316215644333,W19,R6,1
1320218814008,W13,R6,1
1317215908928,W58,R2,1
1315214245906,W39,R6,1
1314212393058,W42,R1,1
1321219693379,S11,R4,1
1320218977080,W89,R1,1
1324222774655,S24,R6,1
1322222388946,S25,R2,1
1321219933280,S41,R6,1
1315214087660,W42,R6,1
1321219792811,S25,R2,1
1317216603050,W21,R5,1
1315214163192,W82,R5,1
1322221298831,S44,R6,1
1314212385189,W42,R4,1
1324222762700,S21,R6,1
1314212989634,W52,R3,1
1320219034345,W19,R6,1
1315213637667,W13,R5,1
1316217492988,W58,R5,1
1317216508554,W61,R5,1
1322221205800,S04,R1,1
1314212404343,W13,R4,1
1321219667464,S41,R6,1
1314212401537,W81,R2,1
1320219434141,W19,R6,1
1314212926998,W50,R2,1
1320219239023,W42,R1,1
1316215519113,W52,R3,1
1314212704858,W82,R5,1
1322221007610,S21,R4,1
1315214024162,W61,R2,1
1314212551143,W51,R5,1
1319217615362,W84,R5,1
1316215365863,W13,R6,1
1315214412443,W49,R2,1
1323222067656,S04,R1,1
1319218465856,W50,R2,1
1317216135590,W50,R6,1
1314212302917,W74,R6,1
1317216402610,W13,R6,1
1320218585418,W32,R2,1
1319218352223,W41,R4,1
1322220921706,S01,R4,1
1316215132135,W19,R5,1
1316215136223,W13,R6,1
1318216757056,W58,R5,1
1319218147561,W50,R6,1
1319219434242,W58,R2,1
1315213576186,W82,R6,1
1324222987669,S24,R6,1
1323221784111,S24,R5,1
1316215437132,W84,R2,1
1318217338072,W52,R5,1
1317215959331,W58,R5,1
1320218973257,W19,R5,1
1319217799194,W21,R5,1
1320218766222,W58,R6,1
1323221646399,S14,R5,1
1320219172436,W13,R5,1
1322220744662,S35,R5,1
1314212855807,W29,R6,1
1322221563024,S06,R2,1
1316215439365,W13,R5,1
1323222157442,S24,R6,1
1322221135445,S42,R2,1
1315214127161,W82,R4,1
1324222660514,S11,R1,1
1314212823506,W13,R2,1
1321220342517,S42,R6,1
1322221016189,S21,R6,1
1322220697991,S21,R6,1
1315214013652,W42,R2,1
1321220172098,S21,R6,1
1316215101864,W71,R4,1
1323221626676,S06,R6,1
1317216619421,W42,R6,1
1317216547240,W19,R6,1
1318216952705,W42,R5,1
1316215136247,W13,R6,1
1314211904697,W14,R5,1
1322220851707,S24,R6,1
1315214346619,W58,R2,1
1316215451915,W19,R6,1
1314212482970,W19,R5,1
1314212829232,W52,R1,1
1324222853576,S41,R6,1
1317215868086,W42,R4,1
1315213766379,W32,R4,1
1314212659748,W52,R5,1
1316215377538,W42,R2,1
1314212480230,W13,R6,1
1316215074257,W52,R6,1
1317216619445,W78,R5,1
1319218030738,W19,R5,1
1320219261144,W59,R3,1
1322221572959,S21,R2,1
1317215835909,W13,R6,1
1317215874165,W56,R1,1
1318216985770,W52,R6,1
1324222866978,S44,R5,1
1314211914320,W15,R4,1
1320218806596,W49,R6,1
1322221427077,S34,R6,1
1323221585526,S41,R6,1
1317216245148,W13,R6,1
1319218240291,W15,R5,1
1324222583243,S21,R6,1
1321220483147,S35,R6,1
1318217413145,W14,R5,1
1316215101876,W71,R5,1
1322220628693,S06,R2,1
1319218518583,W35,R5,1
1316215742812,W13,R5,1
1314212345351,W14,R5,1
1322221155183,S34,R6,1
1318217152444,W51,R3,1
1318216746521,W51,R3,1
1322220715736,S11,R3,1
1315214191912,W21,R6,1
1322220865291,S06,R2,1
1323221538743,S06,R6,1
1314212333557,W56,R5,1
1317215971351,W71,R6,1
1315213706005,W52,R6,1
1324222911051,S23,R6,1
1318216834628,W19,R5,1
1319217799826,W58,R3,1
1321219828579,S43,R6,1
1318218528230,W19,R6,1
1315218606921,W13,R6,1
1314212404242,W13,R4,1
1315214154332,W58,R6,1
1321219972460,S41,R6,1
1317219425206,W58,R6,1
1317216527477,W50,R6,1
1316215349806,W19,R1,1
1322221008889,S44,R6,1
1319217980743,W52,R5,1
1318217683414,W58,R5,1
1316215694833,W19,R6,1
1321219670229,S25,R1,1
1314212507115,W50,R5,1
1320219291907,W39,R5,1
1320219622053,W42,R2,1
1315215278730,W13,R6,1
1319217836321,W13,R6,1
1315213675109,W19,R2,1
1316215460650,W42,R6,1
1319218340495,W15,R4,1
1319217992130,W81,R2,1
1320218676601,W21,R6,1
1320218942631,W58,R2,1
1319218484032,W84,R4,1
1317215963962,W19,R4,1
1314216041552,W32,R6,1
1323221882006,S06,R3,1
1314212772863,W41,R4,1
1314212848941,W13,R2,1
1314212789150,W43,R2,1
1316215365558,W58,R4,1
1322221371394,S02,R6,1
1322220745145,S24,R5,1
1315213766381,W32,R4,1
1322220749485,S21,R4,1
1322220983908,S44,R2,1
1318217260088,W52,R6,1
1323222361242,S06,R2,1
1315214122436,W13,R4,1
1319218193288,W32,R6,1
1315214341149,W56,R4,1
1320218800201,W52,R5,1
1320219347566,W19,R6,1
1315213702739,W13,R6,1
1314212428003,W13,R6,1
1314212887057,W52,R6,1
1314212808784,W52,R5,1
1314212673836,W15,R2,1
1315214104972,W19,R6,1
1320219026794,W33,R6,1
1317216074120,W19,R6,1
1317216510774,W35,R5,1
1315214116600,W15,R4,1
1318217260494,W14,R5,1
1321220172086,S04,R6,1
1315213984166,W58,R6,1
1317216597866,W52,R4,1
1316215682030,W25,R6,1
1322220679310,S21,R6,1
1314212730422,W13,R6,1
1323221601863,S21,R6,1
1314212959884,W21,R2,1
1317215830365,W13,R6,1
1321219625187,S44,R6,1
1318217142138,W58,R5,1
1322220942977,S35,R6,1
1323221846746,S35,R5,1
1319218447225,W19,R4,1
1321220041952,S25,R6,1
1317215947856,W13,R5,1
1316215015367,W19,R2,1
1323221545066,S22,R5,1
1318216910428,W19,R6,1
1323221639622,S41,R6,1
1314213167962,W36,R5,1
1315214313619,W36,R6,1
1321220661577,S05,R6,1
1323221721487,S35,R5,1
1320218642712,W49,R6,1
1323222044036,S34,R6,1
1324222703542,S21,R6,1
1323221875483,S34,R2,1
1319218494692,W82,R5,1
1319217756612,W42,R4,1
1315213937675,W19,R6,1
1315214385433,W14,R5,1
1314212687457,W42,R6,1
1314212466217,W50,R4,1
1314212646653,W84,R2,1
1322221446406,S42,R6,1
1319218024255,W63,R5,1
1322221340779,S25,R6,1
1319217858075,W29,R3,1
1314212750160,W52,R2,1
1314213002114,W31,R6,1
1316215289339,W58,R6,1
1314211915210,W52,R6,1
1314212792636,W13,R5,1
1316215115852,W32,R5,1
1316215327329,W52,R6,1
1318217137470,W58,R5,1
1318217221617,W19,R6,1
1316215365901,W13,R6,1
1322221151424,S21,R5,1
1316215586532,W36,R6,1
1315213851886,W50,R6,1
1319218285435,W13,R5,1
1317216335164,W14,R5,1
1319217778024,W42,R4,1
1323221753270,S02,R1,1
1322220763332,S42,R6,1
1316215769694,W42,R6,1
1320218700262,W19,R5,1
1316215710029,W52,R6,1
1318217383328,W19,R6,1
1316215092089,W42,R2,1
1314212443206,W58,R5,1
1317216614622,W52,R5,1
1315213664461,W42,R3,1
1316215761305,W13,R5,1
1315214137869,W19,R5,1
1314212383994,W58,R5,1
1320219035793,W42,R6,1
1317216369037,W82,R6,1
1319217961592,W58,R2,1
1324222684348,S03,R2,1
1315213666124,W13,R6,1
1319217791298,W52,R6,1
1315213700750,W82,R6,1
1322221155120,S34,R6,1
1316215091048,W49,R5,1
1316215744398,W13,R6,1
1324222917130,S23,R5,1
1319217660669,W31,R4,1
1322220830780,S21,R4,1
1323221983190,S44,R5,1
1317215988054,W13,R6,1
1318216903676,W14,R5,1
1315213721273,W13,R6,1
1318217425887,W58,R4,1
1319218388231,W81,R6,1
1322220793804,S02,R6,1
1314212516734,W58,R2,1
1315214006429,W52,R5,1
1314212353573,W52,R5,1
1316215176379,W83,R5,1
1316215357753,W19,R4,1
1317216293858,W22,R4,1
1319218269761,W58,R2,1
1315214272748,W19,R6,1
1314211923519,W81,R3,1
1314212778880,W42,R2,1
1314212695338,W14,R5,1
1315214051575,W58,R6,1
1315214404509,W24,R5,1
1314212587505,W52,R6,1
1319218075721,W19,R5,1
1321220078214,S35,R3,1
1322220843155,S41,R6,1
1315213781661,W58,R5,1
1324222530901,S21,R2,1
1322221504677,S21,R5,1
1323222174981,S44,R6,1
1315218623320,W13,R5,1
1318216750859,W19,R4,1
1323221817911,S11,R1,1
1314212384491,W14,R6,1
1316217712518,W32,R6,1
1314217595899,W35,R5,1
1320218954840,W14,R4,1
1314212878894,W13,R6,1
1322221461433,S41,R6,1
1322220763320,S42,R6,1
1314212319990,W74,R6,1
1322221144203,S44,R2,1
1324222474001,S23,R3,1
1322220961080,S21,R6,1
1314212849273,W42,R4,1
1319217827498,W65,R6,1
1315213919893,W15,R6,1
1321219644251,S11,R5,1
1323222255578,S03,R4,1
1314213100668,W53,R4,1
1323222166959,S21,R6,1
1323222387514,S43,R6,1
1314212655462,W50,R6,1
1316215519671,W42,R2,1
1314212975890,W74,R6,1
1320219212634,W42,R3,1
1324223191851,S24,R6,1
1322220712184,S34,R6,1
1314212489049,W36,R6,1
1314212400218,W52,R6,1
1317216010304,W51,R5,1
1320219050933,W52,R5,1
1319218032629,W49,R6,1
1320218845802,W42,R5,1
1323221784186,S23,R3,1
1317216342117,W14,R6,1
1316215711300,W13,R6,1
1318219407018,W13,R6,1
1314212632119,W36,R4,1
1319218416170,W39,R6,1
1316214979205,W39,R6,1
1322221243734,S06,R5,1
1322221008877,S44,R6,1
1319218020663,W82,R3,1
1320219461908,W29,R3,1
1316215788656,W68,R6,1
1316215342799,W74,R6,1
1318217276738,W42,R2,1
1314212540684,W33,R6,1
1314212385052,W42,R5,1
1322221308380,S44,R6,1
1323221937636,S41,R6,1
1322220780290,S35,R4,1
1320218595003,W14,R6,1
1319218133609,W58,R5,1
1317216053847,W19,R4,1
1316215040534,W49,R6,1
1316215193564,W52,R5,1
1320219349091,W52,R6,1
1315213679576,W58,R6,1
1314212743619,W52,R5,1
1322220876092,S44,R6,1
1319217997410,W82,R6,1
1322220733529,S14,R6,1
1320218879361,W52,R6,1
1320219333768,W42,R6,1
1316217672310,W19,R6,1
1318216798025,W82,R3,1
1321219754254,S03,R1,1
1317215971375,W13,R6,1
1316215133810,W29,R6,1
1316215128733,W24,R6,1
1316215697879,W13,R6,1
1315213722554,W14,R6,1
1315214264830,W14,R4,1
1320218684696,W14,R6,1
1322221223136,S44,R6,1
1314212478212,W42,R6,1
1316215446182,W13,R6,1
1315214387464,W42,R1,1
1317216081051,W42,R1,1
1318216942716,W19,R6,1
1318217381173,W56,R2,1
1323221886411,S35,R5,1
1324222565309,S23,R4,1
1314213072857,W42,R3,1
1319218526224,W78,R5,1
1319217838162,W82,R5,1
1321222393047,S21,R6,1
1314212774487,W42,R4,1
1322220751883,S05,R5,1
1317217644715,W78,R2,1
1322221467513,S42,R5,1
1323222309332,S24,R6,1
1316215364581,W19,R6,1
1316215656758,W74,R6,1
1317216321657,W13,R6,1
1322220937534,S41,R5,1
1321219616493,S06,R5,1
1318221471939,W39,R6,1
1321219785161,S41,R6,1
1319218071292,W81,R2,1
1315214231805,W13,R4,1
1317216306656,W19,R4,1
1324222439630,S35,R6,1
1322220951279,S06,R3,1
1321220489809,S05,R6,1
1320218684684,W14,R6,1
1319217803182,W39,R2,1
1317216289532,W42,R5,1
1315216643294,W35,R6,1
1322220741906,S21,R6,1
1314211953474,W58,R6,1
1315213944782,W13,R6,1
1315213585387,W52,R5,1
1316215181013,W71,R4,1
1322220785467,S11,R6,1
1324222765442,S21,R6,1
1320219278126,W14,R6,1
1320218604751,W41,R1,1
1321220089763,S24,R6,1
1320218576825,W58,R6,1
1316215364605,W50,R6,1
1317216563751,W19,R5,1
1321220401929,S03,R5,1
1315214356697,W51,R2,1
1316215538962,W58,R6,1
1322220786368,S41,R6,1
1319217870056,W58,R1,1
1323223236858,S21,R5,1
1315214245870,W39,R6,1
1315214272751,W19,R5,1
1322221078215,S11,R2,1
1318217448745,W58,R5,1
1315213984127,W42,R6,1
1323221978911,S06,R6,1
1323222023982,S41,R6,1
1320218661130,W42,R6,1
1318217012689,W52,R5,1
1314213237605,W13,R6,1
1322221016114,S21,R5,1
1316215059231,W19,R6,1
1322221445758,S35,R6,1
1318216894980,W58,R5,1
1321219757806,S21,R6,1
1320218595054,W58,R6,1
1323221539962,S41,R6,1
1315213945658,W25,R6,1
1315213980651,W50,R5,1
1314212782849,W50,R6,1
1315214189856,W68,R5,1
1323221625369,S21,R5,1
1321220163632,S03,R3,1
1322220824914,S34,R1,1
1319217721214,W58,R3,1
1322221465685,S23,R2,1
1324222521977,S31,R5,1
1323221638289,S21,R4,1
1318217260482,W24,R5,1
1318216863199,W42,R2,1
1317216315061,W52,R2,1
1318216983522,W19,R6,1
1321220376154,S44,R6,1
1321220391546,S21,R6,1
1322220832303,S41,R6,1
1322221311311,S21,R6,1
1322220693269,S06,R4,1
1320218733069,W55,R6,1
1320218717407,W51,R6,1
1320219337312,W13,R6,1
1322221498431,S31,R6,1
1314213125964,W39,R6,1
1321219602099,S24,R6,1
1317216406975,W52,R5,1
1322220817124,S22,R5,1
1324223007372,S23,R5,1
1315213962400,W50,R6,1
1319218273454,W52,R6,1
1316215411190,W72,R4,1
1314212557565,W50,R2,1
1323221585716,S21,R6,1
1321219676499,S14,R6,1
1316215076302,W14,R5,1
1320218747044,W49,R3,1
1322220969416,S24,R6,1
1324223208202,S25,R2,1
1322220660106,S23,R5,1
1324222533919,S44,R2,1
1323222258865,S34,R6,1
1314212322402,W13,R6,1
1316215067909,W89,R6,1
1321219447048,S21,R2,1
1322220835870,S21,R6,1
1320219383142,W68,R2,1
1314212950265,W49,R6,1
1319217928187,W58,R6,1
1318216726923,W52,R2,1
1320218950739,W19,R3,1
1321219774445,S06,R1,1
1324222737544,S21,R5,1
1321219871213,S21,R6,1
1322221380393,S21,R6,1
1315213588306,W50,R4,1
1321219677046,S43,R4,1
1324222418218,S35,R5,1
1320218700274,W54,R4,1
1324222868109,S44,R5,1
1322220915072,S44,R4,1
1315213937840,W13,R5,1
1316215075856,W42,R6,1
1315213968353,W82,R2,1
1314212343471,W29,R5,1
1314212345324,W14,R5,1
1316215058280,W84,R3,1
1317216009199,W49,R6,1
1314213189311,W89,R5,1
1322221316654,S35,R6,1
1324222590388,S21,R6,1
1314212878906,W13,R6,1
1317215884560,W82,R6,1
1319217938947,W19,R3,1
1314212402263,W58,R6,1
1315213235536,W50,R2,1
1316215059229,W19,R5,1
1316215619178,W32,R6,1
1314213001860,W36,R2,1
1315213715624,W68,R6,1
1320219197340,W50,R6,1
1319219407069,W29,R5,1
1320218885539,W89,R3,1
1316215192725,W14,R5,1
1319217666635,W29,R6,1
1319218508517,W68,R4,1
1318216766360,W29,R5,1
1317215913498,W19,R3,1
1314212748279,W71,R5,1
1317216569311,W19,R4,1
1315214331276,W13,R6,1
1322220764512,S03,R2,1
1323221765377,S35,R5,1
1323221769983,S04,R3,1
1316215674882,W39,R6,1
1321220353496,S21,R6,1
1321220443220,S24,R6,1
1320219380565,W89,R6,1
1315218633889,W42,R2,1
1315214412292,W36,R3,1
1314212985182,W58,R5,1
1321219721558,S02,R3,1
1321219845979,S23,R6,1
1319217978016,W84,R6,1
1320219256512,W19,R6,1
1322221534290,S11,R6,1
1320218966568,W82,R2,1
1318217228156,W58,R2,1
1317216385435,W19,R6,1
1317216222226,W41,R5,1
1318217299419,W19,R6,1
1315213965852,W21,R3,1
1321220147110,S03,R5,1
1315213669512,W19,R5,1
1315213791231,W49,R5,1
1321220027268,S21,R6,1
1322220732465,S21,R6,1
1322220762823,S04,R6,1
1317216044709,W13,R3,1
1320218934798,W89,R5,1
1319217778341,W58,R4,1
1322220700126,S03,R6,1
1323221672025,S24,R5,1
1316215682434,W13,R5,1
1314211886991,W61,R6,1
1316214969495,W68,R6,1
1321219743554,S35,R5,1
1324222406567,S06,R2,1
1319221498241,W71,R1,1
1317216138685,W52,R6,1
1317216332902,W13,R5,1
1319218198137,W19,R6,1
1316215271166,W13,R6,1
1315213578216,W82,R6,1
1321219851247,S33,R6,1
1321220472361,S21,R6,1
1320219368281,W42,R6,1
1315214424968,W42,R2,1
1315213219571,W21,R6,1
1317218574251,W50,R6,1
1319218322699,W43,R1,1
1324223006091,S24,R5,1
1315213697511,W14,R5,1
1318217149172,W51,R6,1
1314212428433,W29,R6,1
1323222012864,S14,R2,1
1321219702370,S41,R6,1
1314212495980,W42,R3,1
1314212682569,W52,R6,1
1315214215257,W50,R5,1
1318217058674,W56,R6,1
1320218576585,W82,R5,1
1316215673144,W84,R5,1
1314213199110,W22,R5,1
1322221209695,S05,R5,1
1317216437350,W52,R6,1
1314212985663,W42,R6,1
1315213804750,W13,R5,1
1323222139949,S21,R6,1
1322221212905,S06,R6,1
1320219325103,W13,R5,1
1324222883757,S23,R2,1
1317216330860,W58,R6,1
1321220122168,S06,R6,1
1318216762447,W50,R3,1
1321220420107,S23,R2,1
1314212588572,W56,R5,1
1314213104829,W29,R6,1
1315213984204,W58,R6,1
1323222174322,S44,R6,1
1321220175677,S11,R3,1
1323221606763,S03,R2,1
1319218157396,W50,R6,1
1318217135678,W58,R6,1
1316218617025,W52,R2,1
1322220997148,S41,R6,1
1314212881686,W39,R6,1
1324222585440,S22,R3,1
1324222676468,S06,R6,1
1316215217100,W52,R4,1
1315213681962,W13,R6,1
1314213104387,W71,R3,1
1317215803863,W82,R1,1
1317216622860,W13,R2,1
1319217610361,W39,R4,1
1322221433257,S44,R5,1
1323221950936,S12,R5,1
1316215438514,W39,R6,1
1314214496566,W51,R3,1
1316215773995,W13,R6,1
1316215606664,W52,R5,1
1317216010948,W13,R5,1
1324223180718,S14,R6,1
1319218193656,W59,R6,1
1315213572074,W33,R5,1
1321220659510,S24,R5,1
1319217680065,W75,R6,1
1319217801620,W49,R2,1
1322220768523,S11,R6,1
1315214043515,W52,R5,1
1315213685720,W58,R6,1
1324222554747,S06,R6,1
1321220586604,S42,R6,1
1314212378386,W24,R3,1
1322221169663,S44,R6,1
1323222188637,S24,R3,1
1315213992237,W52,R5,1
1321219916614,S11,R6,1
1314212377636,W13,R6,1
1318217419290,W61,R5,1
1314211917719,W31,R4,1
1324222592836,S21,R6,1
1323221648126,S35,R6,1
1315214155588,W13,R6,1
1320218758872,W58,R5,1
1318217455272,W19,R6,1
1314212816678,W53,R2,1
1320219157397,W42,R2,1
1316214986010,W13,R6,1
1314213004118,W19,R6,1
1319218397848,W19,R2,1
1322220783955,S04,R2,1
1314212428015,W13,R6,1
1316215093194,W68,R2,1
1316215682055,W21,R6,1
1315214235412,W58,R5,1
1317215885880,W49,R5,1
1319218504215,W13,R5,1
1320219201757,W42,R2,1
1318216981757,W89,R2,1
1317216437451,W50,R6,1
1323222015873,S25,R6,1
1322221498468,S31,R6,1
1316215029291,W15,R5,1
1316215300512,W19,R6,1
1318217042579,W13,R5,1
1315214215600,W19,R6,1
1317216592788,W19,R6,1
1321219828480,S13,R6,1
1315213572922,W31,R4,1
1315214451700,W58,R6,1
1321219624071,S11,R6,1
1314212944211,W53,R6,1
1315213829409,W89,R3,1
1322221294085,S21,R5,1
1316215365913,W13,R6,1
1316215469952,W42,R3,1
1324222911036,S23,R6,1
1314212692584,W50,R2,1
1324222737189,S04,R3,1
1322221371141,S02,R6,1
1317216283061,W32,R5,1
1323222257560,S21,R6,1
1324222482681,S44,R6,1
1322220938575,S03,R6,1
1317216571873,W83,R5,1
1324222542161,S21,R5,1
1314212522270,W89,R6,1
1322220640940,S03,R5,1
1323221706385,S25,R2,1
1322221267964,S35,R6,1
1317216280406,W82,R5,1
1319218495315,W81,R6,1
1321219931591,S41,R6,1
1316215072721,W52,R6,1
1315214393326,W51,R5,1
1324222667065,S21,R6,1
1315214039354,W13,R5,1
1320218979716,W13,R5,1
1315213704063,W42,R3,1
1322221300445,S25,R3,1
1321219595410,S44,R6,1
1320219400417,W52,R6,1
1321220657050,S35,R3,1
1320218713461,W19,R6,1
1315213971498,W29,R5,1
1314212335929,W58,R5,1
1316215493178,W29,R6,1
1316215357361,W64,R6,1
1324223153596,S11,R6,1
1317216057048,W21,R6,1
1314212394454,W36,R2,1
1319218496180,W13,R6,1
1315213761911,W42,R4,1
1315213910514,W13,R6,1
1317216377388,W56,R1,1
1319218394272,W42,R2,1
1324222989333,S25,R5,1
1318217345723,W29,R6,1
1318217217393,W50,R6,1
1319217742117,W15,R2,1
1322220981346,S21,R3,1
1323222175364,S33,R6,1
1314212414799,W52,R5,1
1316215710017,W52,R6,1
1322221114059,S24,R5,1
1322221221043,S44,R3,1
1315214006456,W52,R5,1
1322220732337,S23,R5,1
1318216769366,W13,R6,1
1314212322313,W13,R6,1
1315213792827,W42,R4,1
1315214011278,W84,R2,1
1319218069452,W19,R5,1
1319218265395,W15,R5,1
1316215662812,W89,R5,1
1320218687352,W19,R1,1
1322221502281,S44,R1,1
1317216234322,W58,R2,1
1319218340065,W81,R2,1
1316215329095,W78,R4,1
1320219333919,W39,R1,1
1315213673609,W21,R3,1
1316215104769,W42,R2,1
1319218636191,W58,R5,1
1323222249930,S25,R5,1
1324222444996,S06,R1,1
1319217809678,W50,R5,1
1318217174465,W53,R1,1
1317215905504,W89,R6,1
1316215352939,W52,R6,1
1323222043123,S06,R6,1
1317216200105,W19,R5,1
1315213978024,W19,R5,1
1317216296970,W52,R3,1
1318217071834,W43,R6,1
1322221060623,S21,R6,1
1316215364579,W19,R6,1
1316215640640,W13,R6,1
1318217283593,W58,R6,1
1320218879385,W52,R6,1
1321220275212,S34,R6,1
1323222019489,S05,R5,1
1315214344691,W19,R5,1
1324223202449,S21,R5,1
1324223165150,S04,R2,1
1319218515474,W50,R2,1
1323221542994,S21,R6,1
1321220142208,S34,R6,1
1321219702368,S41,R6,1
1318217262017,W19,R5,1
1316214992632,W19,R6,1
1314212647566,W42,R5,1
1315213581580,W42,R6,1
1318217021450,W14,R5,1
1323221713353,S35,R2,1
1314212779793,W13,R6,1
1318217447008,W82,R2,1
1315214218808,W68,R3,1
1324222530899,S21,R2,1
1323221724925,S14,R6,1
1324222596037,S44,R6,1
1318217534282,W84,R2,1
1319218098869,W58,R3,1
1322221388972,S42,R6,1
1319218335166,W13,R6,1
1324223058797,S24,R2,1
1324222898001,S12,R6,1
1316215295914,W19,R1,1
1315213217161,W15,R4,1
1314212976563,W39,R5,1
1315214235400,W13,R6,1
1318217501358,W52,R2,1
1315214160917,W19,R6,1
1323221828383,S22,R1,1
1314212303705,W58,R5,1
1314212345476,W15,R2,1
1314212517510,W13,R5,1
1315218623306,W15,R5,1
1315213663709,W49,R2,1
1314212919005,W13,R6,1
1323221534528,S11,R4,1
1314212347708,W19,R6,1
1317216318776,W58,R6,1
1321220042941,S03,R6,1
1317215973951,W42,R2,1
1314212941381,W84,R6,1
1321219990773,S04,R3,1
1324223041284,S21,R4,1
1320218717357,W36,R5,1
1324223091721,S35,R2,1
1317216320667,W56,R6,1
1314212723338,W42,R5,1
1315213223454,W13,R6,1
1315214385282,W29,R6,1
1319218134601,W71,R5,1
1322220734038,S41,R6,1
1316215232291,W32,R6,1
1322220635433,S21,R6,1
1322221218720,S21,R6,1
1317216229195,W81,R5,1
1314212759690,W43,R2,1
1320218833337,W39,R6,1
1314212655447,W52,R6,1
1315214170502,W29,R6,1
1317216424972,W74,R6,1
1323221788247,S21,R6,1
1314212718922,W13,R2,1
1324222550218,S04,R3,1
1315214381307,W13,R6,1
1317215892249,W42,R4,1
1314212786899,W13,R6,1
1318217511447,W19,R3,1
1317216315059,W53,R1,1
1318216879193,W49,R2,1
1319217746116,W61,R3,1
1324223240603,S24,R4,1
1317216421521,W39,R5,1
1321219974565,S21,R6,1
1316215105204,W42,R2,1
1316215741378,W60,R6,1
1321220163784,S24,R6,1
1322221218670,S44,R6,1
1323222340743,S06,R1,1
1324222971917,S24,R6,1
1323221635891,S24,R6,1
1315214329536,W21,R5,1
1322221021835,S04,R6,1
1322220716447,S21,R6,1
1323222349728,S35,R2,1
1318217057835,W81,R5,1
1316215117173,W19,R6,1
1324222838334,S03,R3,1
1322220958425,S25,R4,1
1321222524213,S44,R5,1
1322220682645,S03,R5,1
1316215448844,W13,R6,1
1318217113760,W19,R6,1
1322220746919,S44,R6,1
1316215666583,W81,R6,1
1321219910181,S11,R6,1
1318217280585,W36,R6,1
1322221522840,S41,R6,1
1323222053872,S24,R5,1
1323222067668,S04,R1,1
1323221544430,S24,R2,1
1319218215806,W13,R6,1
1316215750151,W19,R5,1
1317216306769,W39,R6,1
1322220660486,S03,R5,1
1314212543817,W19,R2,1
1317216352308,W52,R6,1
1320218765939,W19,R6,1
1316215559307,W29,R6,1
1320218950754,W19,R3,1
1322221592708,S25,R1,1
1319218198859,W35,R5,1
1316215290723,W42,R6,1
1314212349904,W31,R6,1
1319218454181,W31,R6,1
1314212465328,W13,R6,1
1315214088623,W42,R5,1
1316215291648,W19,R5,1
1323221758980,S44,R5,1
1316215197207,W73,R4,1
1317216548420,W58,R2,1
1314212631131,W19,R6,1
1315213984242,W36,R6,1
1314212310585,W13,R6,1
1317216057099,W21,R6,1
1316215120080,W42,R6,1
1323222393237,S41,R5,1
1319217959838,W58,R6,1
1323221803428,S05,R3,1
1324222449910,S42,R6,1
1323222333662,S21,R5,1
1322220848675,S41,R6,1
1322220705685,S25,R6,1
1322221155195,S34,R6,1
1316215431204,W50,R6,1
1319217709613,W89,R6,1
1323221532486,S21,R6,1
1320218933695,W13,R6,1
1322221299391,S24,R6,1
1320219343365,W59,R6,1
1315213804735,W13,R6,1
1323221649421,S44,R6,1
1315213569724,W19,R3,1
1314212388678,W14,R6,1
1322220887739,S06,R6,1
1316215349477,W52,R6,1
1320218905952,W42,R1,1
1317216234260,W58,R2,1
1318217463367,W19,R3,1
1315213717440,W52,R5,1
1324222897997,S12,R6,1
1321220482412,S21,R5,1
1319217799257,W21,R5,1
1316215605938,W19,R2,1
1315214381422,W50,R6,1
1314212876712,W36,R6,1
1315214043491,W14,R6,1
1319218130134,W39,R6,1
1314212551384,W29,R6,1
1318217411127,W51,R2,1
1317215818547,W19,R6,1
1314212321626,W13,R6,1
1319217978030,W19,R6,1
1317216600825,W51,R4,1
1319217698861,W55,R2,1
1322220770731,S33,R5,1
1314211926389,W58,R6,1
1320219033507,W52,R3,1
1314212574469,W19,R6,1
1315214457778,W56,R5,1
1319218365599,W49,R6,1
1321219715745,S04,R6,1
1323222275846,S21,R4,1
1321219461744,S22,R6,1
1318217181472,W52,R5,1
1321219989009,S21,R5,1
1316215471727,W50,R6,1
1318217455260,W19,R6,1
1321219553690,S44,R6,1
1323221818901,S41,R6,1
1323221608324,S21,R6,1
1324222878959,S41,R5,1
1324222770392,S25,R1,1
1322221266075,S41,R4,1
1321220352037,S05,R2,1
1318217186889,W50,R6,1
1321219790096,S35,R6,1
1323221636513,S22,R6,1
1314212605897,W19,R6,1
1319218189393,W42,R6,1
1314212322287,W13,R6,1
1316214948960,W58,R2,1
1320218740936,W52,R1,1
1315213720651,W42,R4,1
1316215342825,W74,R6,1
1320219414974,W32,R6,1
1314213000565,W15,R6,1
1323221713819,S41,R6,1
1316215241833,W84,R5,1
1323221818242,S41,R6,1
1321219783394,S04,R5,1
1320218653653,W29,R5,1
1314212302160,W58,R5,1
1321219881214,S04,R2,1
1322220662720,S21,R6,1
1314212759664,W43,R2,1
1323222387060,S34,R6,1
1319218322244,W15,R6,1
1322220717274,S35,R5,1
1314212818037,W19,R5,1
1315213894773,W19,R6,1
1314212639482,W52,R6,1
1322221106659,S41,R5,1
1318217282591,W51,R3,1
1315214076539,W42,R2,1
1320218701249,W19,R6,1
1322220997163,S43,R6,1
1320218897662,W32,R5,1
1324223047440,S11,R5,1
1315214128670,W57,R6,1
1314212953893,W13,R6,1
1318216874608,W50,R6,1
1323222124012,S44,R5,1
1314211916352,W78,R5,1
1323222137299,S44,R6,1
1315213585363,W52,R5,1
1318217126782,W21,R5,1
1319218050553,W78,R3,1
1316214986349,W75,R6,1
1314213079155,W22,R5,1
1316215756382,W13,R6,1
1315213541826,W13,R6,1
1323221741313,S24,R6,1
1319218415267,W36,R2,1
1315214335818,W52,R5,1
1318217416635,W14,R6,1
1315214215511,W58,R2,1
1321220412934,S22,R6,1
1324222423473,S03,R5,1
1324222961930,S21,R6,1
1318217055413,W19,R5,1
1314212394288,W19,R5,1
1324222848537,S31,R6,1
1322220807958,S22,R2,1
1314212390708,W52,R4,1
1322220880595,S14,R1,1
1323222041978,S35,R6,1
1314212960025,W19,R5,1
1318216952679,W52,R2,1
1315213716234,W52,R3,1
1318216694467,W82,R1,1
1318217040082,W14,R6,1
1323222307439,S33,R6,1
1321219792557,S11,R3,1
1319218532164,W50,R5,1
1319218503718,W58,R5,1
1318217440787,W52,R2,1
1316215374289,W25,R4,1
1317215813472,W49,R2,1
1314212863296,W42,R2,1
1317216113757,W13,R5,1
1320219221621,W52,R1,1
1319217665811,W74,R6,1
1321219829823,S01,R6,1
1320219414719,W58,R5,1
1323222314799,S24,R4,1
1320218811343,W19,R3,1
1324223191762,S44,R6,1
1322221503889,S06,R2,1
1322221021823,S04,R6,1
1323221878489,S44,R2,1
1319219302876,W59,R5,1
1321220076929,S21,R5,1
1314212423343,W42,R6,1
1317215909615,W54,R6,1
1323221775909,S06,R5,1
1317216053672,W58,R2,1
1322220796775,S06,R6,1
1314212607713,W21,R6,1
1320218801379,W82,R2,1
1314212556765,W25,R1,1
1320218747917,W36,R6,1
1321219719491,S44,R6,1
1317216376665,W14,R6,1
1315214109415,W19,R5,1
1315214111736,W42,R1,1
1314212845857,W58,R2,1
1319218486759,W81,R6,1
1319221472006,W19,R6,1
1319218515524,W58,R2,1
1321219785755,S11,R6,1
1324223082165,S44,R5,1
1315213891260,W58,R2,1
1315214170591,W13,R6,1
1323222044137,S35,R6,1
1323221556044,S21,R2,1
1322221283157,S25,R6,1
1319218412993,W19,R6,1
1323221636552,S41,R6,1
1323221684398,S24,R5,1
1317215830389,W19,R6,1
1317216513186,W32,R6,1
1324222862450,S44,R6,1
1314213044074,W25,R6,1
1319217869926,W19,R6,1
1317216317851,W58,R6,1
1320218674986,W13,R5,1
1317215919123,W89,R5,1
1314212501377,W15,R5,1
1318216818219,W82,R6,1
1322221472347,S11,R6,1
1319218263616,W13,R6,1
1316216972113,W52,R1,1
1318217301605,W13,R6,1
1316214979318,W58,R2,1
1316215455597,W42,R5,1
1318217159502,W52,R2,1
1314213011859,W50,R4,1
1322220766137,S21,R6,1
1314212509018,W58,R3,1
1324222772319,S12,R6,1
1320218908073,W74,R6,1
1319217836093,W13,R6,1
1320218825457,W49,R4,1
1316215067632,W52,R5,1
1322220911491,S21,R2,1
1317216255125,W56,R2,1
1321219828744,S21,R5,1
1317216373605,W63,R6,1
1316215446220,W13,R5,1
1317217545971,W58,R5,1
1316215033857,W29,R5,1
1316215769062,W56,R4,1
1314212918953,W13,R1,1
1314212737884,W29,R6,1
1314213031863,W72,R6,1
1315213909308,W42,R5,1
1324223159803,S21,R5,1
1324222681607,S41,R6,1
1318216984791,W19,R3,1
1317215995275,W82,R6,1
1315214193070,W52,R6,1
1315213760515,W19,R3,1
1319218289306,W61,R3,1
1320219279193,W50,R6,1
1324222813483,S41,R6,1
1320219224906,W19,R6,1
1315213929108,W19,R6,1
1314213104375,W71,R3,1
1322221016177,S21,R6,1
1315214227629,W42,R2,1
1320218962710,W56,R2,1
1324222555688,S06,R4,1
1321220082376,S42,R6,1
1324222800346,S24,R2,1
1316216627974,W59,R2,1
1317216117061,W14,R6,1
1321220348205,S02,R1,1
1314212514754,W19,R3,1
1319220607081,W13,R6,1
1314212322414,W13,R6,1
1324222410502,S21,R6,1
1319217757525,W31,R6,1
1318216911533,W19,R6,1
1322221071842,S42,R6,1
1320218674202,W13,R6,1
1316215381195,W19,R6,1
1316214998383,W81,R2,1
1321220164382,S03,R3,1
1321219668656,S24,R5,1
1322221469707,S21,R2,1
1315213930656,W43,R4,1
1324223023108,S02,R5,1
1322221328038,S05,R2,1
1322221434754,S24,R6,1
1316215771181,W15,R5,1
1318217158930,W13,R4,1
1321220015364,S44,R6,1
1318218642763,W19,R5,1
1322220729887,S42,R6,1
1324222559825,S06,R6,1
1319217933112,W66,R5,1
1323222116131,S03,R2,1
1323222149104,S03,R1,1
1319217848555,W14,R5,1
1320220589713,W22,R5,1
1323221560319,S43,R6,1
1314212451761,W52,R4,1
1319218307039,W52,R3,1
1314211924117,W19,R6,1
1322221504830,S25,R2,1
1323222338663,S24,R3,1
1316215298910,W39,R6,1
1314212555938,W15,R6,1
1314213079130,W31,R4,1
1315214203477,W49,R6,1
1316215040546,W19,R6,1
1315213839121,W32,R6,1
1318217493206,W81,R3,1
1315213983380,W58,R4,1
1314212652693,W52,R6,1
1323221625371,S33,R6,1
1317216138356,W59,R6,1
1314212347785,W14,R5,1
1314212610885,W42,R2,1
1315213685629,W19,R6,1
1316215176342,W52,R4,1
1318218071266,W49,R2,1
1323222574333,S43,R5,1
1323221823949,S41,R6,1
1318217420342,W71,R3,1
1323222062299,S34,R6,1
1321220284246,S44,R6,1
1319217837400,W14,R3,1
1321220109058,S21,R6,1
1321222367789,S21,R5,1
1321220516088,S21,R2,1
1323221895168,S23,R1,1
1320218840116,W42,R2,1
1318217331038,W50,R6,1
1323221642109,S24,R3,1
1315214230765,W15,R6,1
1319217978055,W14,R6,1
1324222987099,S35,R6,1
1324223120039,S21,R6,1
1322221322542,S44,R3,1
1322220765616,S41,R6,1
1323221649472,S44,R6,1
1316214965004,W14,R5,1
1319217950144,W15,R5,1
1321220552816,S03,R6,1
1314212927216,W13,R5,1
1323221768904,S03,R3,1
1315214449819,W52,R6,1
1321219880073,S23,R6,1
1317216149435,W19,R6,1
1316215390220,W14,R5,1
1315214161111,W51,R2,1
1317216433742,W51,R6,1
1321219839824,S11,R2,1
1324222981882,S24,R3,1
1314212465140,W42,R4,1
1316215662824,W89,R5,1
1315213940253,W43,R1,1
1315213984139,W42,R6,1
1324222496489,S41,R2,1
1321220123133,S21,R5,1
1323222137768,S42,R6,1
1318217547381,W49,R6,1
1320218747956,W36,R6,1
1320218887002,W58,R5,1
1319218263628,W19,R5,1
1323222323558,S35,R6,1
1315214442535,W42,R6,1
1319218206670,W58,R2,1
1323221916950,S06,R5,1
1317216318764,W58,R6,1
1316215384569,W15,R6,1
1317216385690,W72,R6,1
1315213592569,W52,R2,1
1318216910430,W58,R5,1
1314213027461,W32,R6,1
1316214963579,W52,R5,1
1314212551093,W58,R5,1
1316215394851,W13,R6,1
1317216254704,W19,R3,1
1324222711234,S41,R6,1
1322221355872,S23,R1,1
1321220463121,S24,R5,1
1315213230927,W13,R6,1
1324222856647,S23,R6,1
1322220697369,S24,R6,1
1320218609574,W58,R2,1
1319218467583,W13,R6,1
1323221560218,S21,R6,1
1316215717442,W51,R3,1
1315214249916,W13,R6,1
1314212536294,W13,R5,1
1314212491322,W42,R5,1
1316215005366,W33,R6,1
1317216129585,W13,R6,1
1316215539406,W66,R4,1
1322220898795,S44,R5,1
1318217305681,W19,R6,1
1321219750167,S24,R6,1
1315214308482,W13,R5,1
1317216601221,W19,R5,1
1315214215182,W29,R6,1
1319217772348,W19,R6,1
1319218464725,W58,R2,1
1314213006493,W32,R6,1
1315214377867,W50,R6,1
1314212324469,W31,R6,1
1314212848939,W13,R6,1
1317215934124,W42,R3,1
1324222473528,S44,R6,1
1320218964056,W58,R6,1
1314212471395,W13,R6,1
1319217705514,W42,R5,1
1317216009163,W49,R6,1
1316215295142,W71,R6,1
1315213753193,W58,R2,1
1314212786091,W42,R1,1
1324222923029,S41,R3,1
1314212535266,W13,R6,1
1321221489204,S44,R5,1
1317215881739,W52,R6,1
1317216637811,W19,R2,1
1314212610935,W23,R5,1
1317216435800,W36,R6,1
1317216279442,W13,R2,1
1318217449014,W52,R3,1
1314212636676,W42,R3,1
1314212437279,W74,R5,1
1314212797296,W72,R5,1
1318217760610,W74,R6,1
1319218059350,W13,R5,1
1319217760572,W72,R5,1
1316215753334,W41,R6,1
1319217825227,W64,R6,1
1323222104402,S25,R5,1
1315213895600,W84,R2,1
1321220387967,S11,R5,1
1322221342037,S41,R5,1
1324222585453,S06,R5,1
1323222016089,S44,R4,1
1316215325630,W50,R6,1
1323221681760,S21,R5,1
1320219123787,W36,R2,1
1324222667053,S21,R6,1
1318216771410,W29,R6,1
1318217041793,W82,R5,1
1318219408352,W13,R6,1
1314212871747,W58,R6,1
1318217227038,W22,R2,1
1314212521963,W21,R5,1
1314212900157,W52,R2,1
1316215600368,W42,R5,1
1318216952681,W52,R2,1
1322221515467,S35,R5,1
1319218119473,W13,R1,1
1314212543781,W52,R4,1
1322221367129,S05,R5,1
1315214148506,W19,R4,1
1316215727280,W13,R6,1
1314212846442,W49,R6,1
1317216435798,W32,R6,1
1316215251481,W19,R6,1
1317216448795,W54,R6,1
1314211894718,W52,R6,1
1322220650535,S44,R5,1
1316215167875,W58,R6,1
1315213743711,W19,R5,1
1316215004742,W78,R3,1
1322220905552,S35,R6,1
1318217034115,W42,R1,1
1320219160052,W39,R2,1
1317216592737,W19,R6,1
1314212399479,W42,R3,1
1319217862426,W42,R2,1
1317215943248,W64,R6,1
1320218765915,W19,R6,1
1321219629413,S21,R6,1
1322221406364,S21,R2,1
1322221058643,S44,R6,1
1322221072135,S23,R2,1
1319218032403,W58,R6,1
1316215217302,W52,R2,1
1320218956732,W58,R6,1
1320219216316,W14,R5,1
1319217905342,W19,R5,1
1316215408182,W42,R6,1
1319217768365,W19,R6,1
1324222736353,S41,R6,1
1323221932787,S35,R4,1
1319217849025,W19,R6,1
1319217864091,W42,R2,1
1321219767795,S24,R6,1
1316215362118,W19,R6,1
1323222031205,S24,R5,1
1316215410996,W71,R6,1
1314213029580,W13,R6,1
1324222651743,S21,R6,1
1315214286130,W42,R2,1
1317216589818,W42,R5,1
1315214365126,W58,R4,1
1316215202767,W49,R1,1
1316215751405,W13,R6,1
1318218447427,W19,R5,1
1319218154704,W74,R6,1
1315216736963,W53,R2,1
1316215191331,W42,R3,1
1323222068963,S25,R6,1
1324222944985,S11,R5,1
1317216260087,W19,R6,1
1320219432200,W89,R3,1
1316214954810,W29,R5,1
1316215018159,W64,R2,1
1323222145942,S12,R2,1
1324222762748,S04,R3,1
1322221113982,S24,R5,1
1314212584181,W15,R6,1
1322221236007,S04,R6,1
1316215199441,W42,R1,1
1323222030862,S41,R5,1
1323222031080,S06,R6,1
1320219274875,W64,R6,1
1319218276424,W39,R6,1
1320218993006,W58,R6,1
1321220063681,S41,R6,1
1324222762799,S04,R3,1
1320219070543,W81,R5,1
1315214440935,W52,R5,1
1322220839447,S24,R6,1
1319217981303,W52,R2,1
1318217170339,W56,R2,1
1315214141576,W21,R3,1
1322221698564,S31,R5,1
1314213053945,W42,R6,1
1317216116335,W58,R5,1
1315214068316,W55,R3,1
1317215943200,W78,R6,1
1314212941571,W81,R6,1
1316215523731,W50,R5,1
1320218718144,W53,R6,1
1319218556924,W82,R5,1
1316215497470,W25,R5,1
1318218539068,W74,R5,1
1315213576162,W82,R6,1
1315216737080,W53,R2,1
1315214371825,W42,R5,1
1321220069025,S34,R6,1
1316215471032,W58,R3,1
1317215973936,W82,R4,1
1314212322388,W13,R6,1
1318218117834,W19,R3,1
1323221550243,S03,R5,1
1324223181900,S25,R6,1
1314211932013,W49,R5,1
1324222522942,S44,R2,1
1314218588731,W52,R6,1
1324222793907,S35,R2,1
1323221966777,S24,R5,1
1317216571861,W42,R2,1
1321220034084,S42,R6,1
1322221468224,S06,R6,1
1315213969052,W19,R6,1
1317216041424,W29,R2,1
1322221497353,S31,R6,1
1316215310754,W53,R6,1
1324222878922,S06,R4,1
1315214107260,W13,R5,1
1320219230796,W39,R4,1
1323222157467,S33,R6,1
1314212683876,W19,R6,1
1324222987024,S35,R6,1
1316215477213,W63,R6,1
1317215880459,W50,R3,1
1318217184264,W51,R2,1
1319218244705,W13,R5,1
1315213593167,W13,R6,1
1314212407605,W19,R2,1
1317216199570,W19,R5,1
1321220353472,S23,R5,1
1318217132947,W13,R6,1
1323222049470,S23,R6,1
1314214937575,W36,R3,1
1314212996730,W58,R1,1
1315214331353,W13,R6,1
1321219767771,S24,R6,1
1317216114254,W42,R3,1
1314212875607,W58,R6,1
1315214060814,W68,R5,1
1316215538950,W49,R6,1
1317216424945,W74,R6,1
1314212322376,W13,R6,1
1314212881510,W50,R6,1
1317216256533,W19,R5,1
1323221806704,S04,R6,1
1314212569091,W13,R5,1
1319218183960,W41,R4,1
1317215882174,W13,R6,1
1322221048085,S44,R6,1
1321219624552,S06,R2,1
1319217705021,W19,R6,1
1321220086526,S21,R2,1
1324223057249,S21,R6,1
1324222496174,S24,R6,1
1323222346102,S21,R6,1
1314212753863,W13,R6,1
1315213706029,W39,R6,1
1316215288679,W19,R6,1
1324222561983,S35,R6,1
1315213993088,W14,R6,1
1320219236647,W52,R5,1
1315213962362,W50,R6,1
1318216697209,W74,R3,1
1323221735816,S44,R6,1
1323222250324,S33,R1,1
1324222578371,S41,R5,1
1316215010897,W56,R1,1
1320219003896,W52,R6,1
1324222448680,S25,R3,1
1319218289318,W67,R3,1
1323222076883,S11,R6,1
1324222857397,S02,R5,1
1314213026952,W13,R6,1
1314212569115,W52,R3,1
1314212551360,W29,R6,1
1316219407071,W29,R5,1
1319218154680,W74,R6,1
1324222712376,S21,R5,1
1322220670463,S25,R5,1
1314212409371,W52,R2,1
1320218625426,W58,R4,1
1319218411686,W53,R3,1
1321220199917,S24,R6,1
1317216563852,W29,R6,1
1323222166807,S25,R4,1
1315214388959,W21,R6,1
1316215587179,W58,R4,1
1316215770429,W74,R6,1
1316215187194,W58,R1,1
1317215842283,W13,R6,1
1321220124895,S22,R6,1
1322221311968,S11,R1,1
1314212709481,W29,R6,1
1315215788643,W68,R6,1
1322221055914,S44,R6,1
1324222579118,S25,R5,1
1318217538368,W19,R5,1
1315214459024,W52,R3,1
1316215111675,W13,R5,1
1321221498342,S25,R6,1
1317216342749,W61,R6,1
1314213125976,W39,R6,1
1315214237479,W19,R4,1
1319218406647,W58,R1,1
1324222732568,S41,R6,1
1321220142362,S34,R6,1
1314213126915,W52,R5,1
1322221339551,S25,R6,1
1316215554369,W58,R6,1
1315214228658,W19,R5,1
1318217301656,W13,R6,1
1321219918392,S24,R3,1
1324223124090,S21,R6,1
1324223183563,S02,R3,1
1324223121195,S21,R5,1
1319218565149,W13,R5,1
1314212400980,W13,R6,1
1317216432486,W60,R3,1
1315213225319,W84,R4,1
1316215689757,W58,R4,1
1318218571533,W21,R5,1
1317216422915,W14,R6,1
1314212539314,W49,R2,1
1319217802343,W50,R6,1
1319218326611,W49,R5,1
1315213669664,W49,R5,1
1318218552469,W71,R6,1
1314212351276,W58,R2,1
1316215538885,W49,R6,1
1315213959063,W19,R4,1
1324222527133,S21,R6,1
1320220599880,W33,R1,1
1322220769448,S21,R6,1
1315213764614,W13,R6,1
1322220680348,S42,R3,1
1317216135234,W58,R6,1
1322221116371,S06,R3,1
1317216284505,W33,R6,1
1314212427987,W13,R6,1
1321220120885,S25,R6,1
1314213044290,W58,R6,1
1315214331480,W13,R6,1
1319218377632,W19,R6,1
1318216935116,W29,R6,1
1314212792764,W19,R6,1
1323222093395,S44,R5,1
1317216110054,W52,R6,1
1316215740390,W13,R6,1
1316215361496,W19,R6,1
1317216618835,W42,R6,1
1314212369868,W13,R6,1
1315214161630,W52,R3,1
1319217885452,W41,R6,1
1317216260101,W49,R6,1
1316215503893,W19,R5,1
1321219700857,S21,R6,1
1314212574317,W51,R5,1
1314212747392,W56,R6,1
1315214394482,W74,R5,1
1314213015290,W58,R5,1
1321220659522,S24,R5,1
1317216217721,W14,R5,1
1317215816669,W13,R6,1
1317215830377,W19,R6,1
1320219337742,W52,R5,1
1315213804444,W49,R6,1
1324223044090,S23,R3,1
1320218650202,W39,R5,1
1321220243176,S06,R2,1
1316215715069,W42,R6,1
1321220001111,S44,R3,1
1321219516554,S25,R4,1
1322220685756,S14,R5,1
1323221628516,S21,R5,1
1316215166683,W32,R6,1
1321220187898,S22,R6,1
1323221749031,S04,R5,1
1324222859252,S03,R1,1
1323222201600,S03,R6,1
1324222408458,S21,R5,1
1315213672924,W29,R3,1
1321220014284,S42,R6,1
1319217865120,W29,R6,1
1322220647578,S25,R4,1
1322220685782,S14,R5,1
1317216117073,W14,R6,1
1322221025657,S21,R6,1
1320218724209,W89,R4,1
1321219788015,S04,R2,1
1314212468654,W58,R3,1
1314212578660,W19,R6,1
1324222774580,S14,R6,1
1314212400206,W13,R6,1
1324223184843,S34,R6,1
1319217663412,W19,R6,1
1319217757588,W29,R6,1
1322220969493,S03,R6,1
1315213926862,W78,R6,1
1317215941788,W15,R6,1
1320218692871,W56,R4,1
1321219735913,S25,R3,1
1318217403498,W52,R2,1
1319217803143,W13,R6,1
1322221251008,S41,R5,1
1315213857877,W13,R5,1
1324223030800,S06,R1,1
1314212460594,W13,R3,1
1318217335607,W82,R6,1
1315214424931,W42,R2,1
1317216065007,W81,R5,1
1314213041787,W15,R4,1
1314212543146,W42,R2,1
1321219774623,S14,R4,1
1322221057161,S06,R1,1
1314211912478,W23,R6,1
1320218964068,W58,R5,1
1319217865106,W29,R6,1
1323222157226,S06,R5,1
1318217141997,W58,R1,1
1315214427270,W84,R5,1
1318216806012,W58,R6,1
1315214073809,W13,R2,1
1324222987036,S35,R6,1
1316215188943,W13,R6,1
1320218806420,W78,R6,1
1324222800373,S24,R2,1
1319217991482,W13,R4,1
1319218071429,W19,R6,1
1320220589725,W22,R5,1
1322221223858,S14,R2,1
1323221965876,S04,R1,1
1314212914701,W13,R3,1
1317216548519,W58,R2,1
1316215116474,W51,R6,1
1316215656733,W13,R6,1
1320218886909,W52,R6,1
1323221720218,S31,R6,1
1315214384531,W51,R4,1
1315213727934,W14,R5,1
1324222905150,S42,R6,1
1317216072912,W61,R5,1
1315213646502,W58,R3,1
1314212797284,W72,R5,1
1314212673711,W25,R5,1
1324222762775,S04,R3,1
1324222822835,S03,R6,1
1314212975914,W19,R3,1
1315214157012,W13,R6,1
1317216009187,W49,R6,1
1318216842031,W81,R3,1
1314213018942,W19,R6,1
1316214949190,W19,R6,1
1315213615368,W13,R6,1
1317216039774,W21,R6,1
1314212675060,W61,R2,1
1314212309785,W13,R6,1
1314212588533,W21,R5,1
1320219219831,W19,R6,1
1314212637058,W42,R5,1
1316215040522,W52,R6,1
1316215471006,W58,R3,1
1322220906111,S31,R6,1
1323221950506,S12,R5,1
1320218865754,W19,R6,1
1321219921259,S35,R6,1
1316215117918,W58,R6,1
1322221218769,S44,R6,1
1318217819503,W13,R5,1
1317215988686,W58,R2,1
1323221653583,S42,R6,1
1320219252335,W82,R5,1
1316215394875,W29,R6,1
1319218465490,W71,R1,1
1324222434817,S02,R2,1
1317215943628,W39,R3,1
1323222387045,S34,R6,1
1322220662252,S33,R4,1
1323221540053,S44,R6,1
1322220874857,S21,R6,1
1319218044749,W13,R6,1
1322221436898,S35,R6,1
1322220730687,S21,R6,1
1324222934731,S03,R2,1
1315213612118,W58,R5,1
1322220945846,S21,R6,1
1323221896931,S06,R1,1
1322221085881,S35,R5,1
1321219603659,S44,R6,1
1324222453425,S44,R6,1
1319217827500,W68,R6,1
1323222333650,S24,R6,1
1323221705751,S25,R2,1
1314212709404,W58,R5,1
1315214120723,W19,R6,1
1315213194982,W42,R2,1
1319218273466,W19,R6,1
1321219942707,S21,R6,1
1323221745375,S23,R5,1
1323221720004,S31,R5,1
1315214191494,W66,R3,1
1321220586705,S21,R6,1
1314212528121,W13,R6,1
1324222924413,S03,R6,1
1323221551536,S42,R6,1
1321221299504,S21,R3,1
1315214423271,W14,R4,1
1317216080820,W19,R4,1
1322220781850,S22,R3,1
1318219434255,W58,R3,1
1316215444148,W13,R6,1
1322221340781,S25,R6,1
1321219923707,S03,R5,1
1324222925618,S25,R2,1
1314212688574,W49,R2,1
1320219401472,W50,R2,1
1323221681657,S21,R6,1
1319217699089,W19,R6,1
1322220702753,S21,R6,1
1316215432788,W19,R6,1
1317216122628,W36,R6,1
1319217934280,W19,R6,1
1315214215574,W19,R6,1
1316215283336,W19,R4,1
1315214054203,W13,R6,1
1314213071208,W50,R6,1
1323221926660,S44,R1,1
1323222228114,S21,R6,1
1314212671046,W42,R5,1
1324223089095,S35,R6,1
1315214188979,W13,R6,1
1320218796795,W52,R6,1
1314212775631,W78,R6,1
1316215319702,W49,R5,1
1316215203391,W58,R6,1
1315213884529,W15,R5,1
1322220997187,S41,R6,1
1318217413754,W14,R6,1
1314212955571,W42,R2,1
1322220997201,S41,R6,1
1322220670475,S42,R3,1
1321220310991,S21,R6,1
1319218166371,W13,R4,1
1315214279402,W58,R6,1
1324223008184,S23,R4,1
1324222432825,S21,R4,1
1314212683458,W41,R6,1
1322221044213,S21,R4,1
1324223212616,S03,R6,1
1320218750180,W81,R6,1
1320218733943,W58,R4,1
1315213594462,W13,R5,1
1318218533077,W64,R3,1
1324222500694,S44,R6,1
1316215298896,W19,R5,1
1323221567035,S44,R1,1
1323222176442,S44,R5,1
1314213108400,W58,R2,1
1317220639215,W51,R2,1
1316214963175,W78,R6,1
1314213081894,W13,R6,1
1315213945633,W21,R6,1
1315213946179,W13,R6,1
1315214420782,W50,R6,1
1320218806432,W78,R6,1
1323221836392,S21,R6,1
1321219639503,S42,R6,1
1318217447857,W19,R2,1
1320218831651,W31,R6,1
1319218175798,W89,R6,1
1318217150857,W42,R2,1
1315213923889,W14,R6,1
1323221538515,S41,R6,1
1319218082802,W19,R5,1
1324223031853,S21,R6,1
1319218273530,W19,R6,1
1318217417094,W15,R5,1
1321219770753,S21,R5,1
1324222736732,S41,R6,1
1316215288655,W19,R5,1
1314212379174,W42,R6,1
1317216637847,W19,R2,1
1318217666167,W82,R6,1
1314211959453,W13,R6,1
1314212496778,W32,R6,1
1315214264222,W58,R4,1
1320219333770,W42,R5,1
1321220370629,S23,R5,1
1317217672322,W19,R6,1
1315214331403,W13,R6,1
1321219802269,S35,R2,1
1323222288021,S44,R6,1
1320219232511,W33,R6,1
1316215772171,W21,R2,1
1317215844604,W73,R3,1
1315214264285,W58,R4,1
1314212797955,W58,R4,1
1316215138126,W42,R4,1
1323221559646,S23,R5,1
1321220140216,S06,R6,1
1318216829960,W74,R6,1
1323222338004,S21,R6,1
1314212352468,W71,R1,1
1319219416967,W58,R5,1
1323221611369,S25,R2,1
1324223108768,S03,R1,1
1322221320587,S05,R1,1
1321220370631,S41,R6,1
1318217345735,W29,R5,1
1314212779591,W71,R6,1
1314212436087,W82,R3,1
1319218067445,W24,R5,1
1316215522350,W13,R6,1
1315214293146,W42,R6,1
1316215692789,W68,R6,1
1321219713120,S44,R6,1
1321220023598,S03,R6,1
1316215127325,W42,R5,1
1322221461369,S25,R1,1
1323222345884,S22,R6,1
1321220468666,S05,R4,1
1315213901477,W52,R5,1
1323221528096,S21,R6,1
1319218495303,W81,R6,1
1324222993964,S21,R6,1
1316214912925,W13,R5,1
1321220163796,S24,R6,1
1314212321640,W13,R6,1
1317216190052,W19,R5,1
1315213783828,W32,R6,1
1316215319132,W13,R6,1
1321219680129,S24,R5,1
1319218524027,W39,R6,1
1319217675711,W53,R5,1
1315214331389,W13,R6,1
1321220041899,S25,R6,1
1317217179098,W51,R4,1
1314212404255,W13,R4,1
1317216146201,W13,R5,1
1317216563902,W29,R6,1
1314212802247,W58,R2,1
1315214041093,W42,R1,1
1314212321778,W13,R6,1
1317216018097,W68,R6,1
1314212465583,W50,R5,1
1314212709416,W29,R6,1
1323221638568,S44,R6,1
1324222439477,S14,R1,1
1314212572097,W52,R3,1
1317216592396,W52,R6,1
1320218695359,W19,R6,1
1314212856847,W13,R6,1
1314212501074,W52,R2,1
1324222974228,S22,R5,1
1315214272662,W19,R6,1
1316215639206,W58,R2,1
1315213581313,W33,R6,1
1315214187787,W32,R6,1
1314213128022,W89,R5,1
1320219363936,W41,R4,1
1322221466535,S31,R6,1
1314212959973,W14,R6,1
1324222784480,S03,R6,1
1314212503270,W36,R5,1
1317216435786,W32,R6,1
1319217960552,W19,R6,1
1318217324591,W19,R6,1
1321220619682,S21,R5,1
1320218814046,W13,R6,1
1322220836480,S44,R6,1
1316215162809,W19,R6,1
1314212431074,W13,R6,1
1322220997199,S41,R6,1
1318217061542,W19,R4,1
1315214276317,W19,R3,1
1319217841701,W22,R6,1
1315214006367,W52,R5,1
1314212809560,W19,R5,1
1316215156629,W19,R1,1
1323221770011,S04,R3,1
1318218522858,W64,R6,1
1321219652854,S35,R6,1
1320219324872,W13,R6,1
1315213716044,W50,R4,1
1316214952792,W42,R5,1
1323222323836,S24,R3,1
1316215077292,W81,R5,1
1316215195696,W73,R1,1
1323221653571,S42,R6,1
1323222249942,S25,R5,1
1316215112412,W29,R1,1
1324223123771,S21,R6,1
1322221254194,S44,R1,1
1323221689856,S11,R6,1
1316217785296,W59,R2,1
1314212695682,W32,R6,1
1314212387955,W50,R3,1
1324222681684,S41,R6,1
1316215366927,W13,R6,1
1315214120988,W13,R6,1
1314213011861,W74,R5,1
1319218209637,W82,R6,1
1320219278874,W19,R5,1
1319218265407,W15,R5,1
1319217963077,W19,R6,1
1314212496350,W13,R6,1
1318216837462,W42,R5,1
1316215397035,W50,R6,1
1319218430609,W61,R6,1
1314212659751,W52,R6,1
1316215460573,W89,R6,1
1316215545536,W58,R3,1
1318217026347,W49,R6,1
1322220978302,S03,R1,1
1321220007191,S14,R6,1
1314212684690,W13,R6,1
1314212735106,W52,R6,1
1314212489761,W71,R3,1
1314212558124,W52,R3,1
1324222637340,S04,R6,1
1322221163052,S42,R2,1
1314212585626,W42,R3,1
1324222981134,S14,R2,1
1316215303862,W58,R4,1
1320219332943,W19,R5,1
1316215765696,W15,R6,1
1317215989359,W55,R6,1
1317216259580,W58,R4,1
1318216983460,W50,R6,1
1314211932025,W42,R5,1
1314212552715,W13,R5,1
1315213587328,W13,R6,1
1315213625421,W22,R6,1
1316215215056,W29,R3,1
1324223117856,S24,R2,1
1314212543894,W52,R4,1
1322220763369,S42,R6,1
1315213832569,W52,R6,1
1314212665778,W19,R3,1
1322221401159,S05,R6,1
1315214191862,W14,R6,1
1323221623097,S44,R3,1
1319217758667,W29,R6,1
1314212625038,W58,R3,1
1320218976088,W42,R3,1
1320219328895,W29,R6,1
1316215269527,W58,R6,1
1316215117716,W58,R2,1
1324223230943,S41,R3,1
1317220639090,W58,R2,1
1316215113059,W42,R4,1
1318217463355,W19,R2,1
1315215290180,W19,R6,1
1314212774400,W39,R5,1
1315213979329,W14,R4,1
1314212417618,W42,R3,1
1323221678889,S25,R6,1
1320218888321,W13,R6,1
1318217294343,W19,R5,1
1317215981806,W82,R2,1
1316215366170,W13,R6,1
1323222068951,S25,R6,1
1323222282701,S01,R6,1
1316215167887,W58,R5,1
1314212417796,W13,R6,1
1319218069449,W19,R5,1
1320218870640,W58,R3,1
1316215328764,W13,R6,1
1316215072758,W52,R6,1
1317216600849,W13,R5,1
1318216934048,W71,R6,1
1319217726862,W42,R3,1
1321219975125,S41,R5,1
1319217790625,W42,R2,1
1319217724234,W13,R6,1
1323221716196,S06,R2,1
1324222833459,S11,R5,1
1316215362359,W71,R6,1
1315214078065,W19,R2,1
1321219919471,S21,R3,1
1324222453045,S42,R6,1
1322221154103,S25,R2,1
1317216433728,W51,R6,1
1318216953594,W89,R1,1
1318217389737,W14,R6,1
1318216711287,W53,R6,1
1314212545444,W51,R6,1
1319217820760,W63,R3,1
1315214386967,W31,R6,1
1318217301631,W13,R6,1
1317216563888,W58,R6,1
1317216082382,W52,R2,1
1321220420119,S23,R2,1
1314212809545,W19,R5,1
1315213707526,W52,R6,1
1314212900183,W52,R2,1
1315214235069,W19,R6,1
1321219851399,S21,R6,1
1320219278076,W14,R6,1
1320218732410,W19,R6,1
1315213774553,W32,R6,1
1322221362369,S35,R6,1
1318216911166,W65,R6,1
1318216828905,W67,R6,1
1316215359934,W19,R5,1
1322221472816,S21,R6,1
1319217757537,W31,R6,1
1321219794411,S31,R6,1
1315213846571,W68,R5,1
1320218864914,W66,R6,1
1314212881433,W50,R6,1
1318217320720,W13,R6,1
1315214126916,W42,R2,1
1314212918965,W13,R6,1
1322221226196,S25,R2,1
1321220116089,S21,R6,1
1321220188825,S41,R6,1
1315213965902,W84,R4,1
1324222460305,S06,R6,1
1323222289858,S44,R6,1
1316215025495,W13,R5,1
1319217831357,W43,R1,1
1316215033958,W13,R3,1
1316215115357,W13,R5,1
1319218274367,W14,R6,1
1322220770616,S35,R5,1
1319218108330,W43,R2,1
1321219689989,S24,R3,1
1314212481055,W19,R4,1
1321220009221,S44,R6,1
1321220020465,S35,R4,1
1320218773772,W74,R5,1
1316215662848,W42,R4,1
1317215996137,W13,R6,1
1317216245151,W13,R5,1
1314212636726,W42,R4,1
1314212567554,W19,R5,1
1315214038426,W13,R4,1
1323221701600,S21,R6,1
1321219604814,S44,R5,1
1321219509460,S41,R6,1
1321220659546,S24,R5,1
1319217968155,W68,R6,1
1318217056845,W42,R6,1
1322221288754,S41,R6,1
1322221056029,S21,R6,1
1316215219318,W51,R6,1
1320218886974,W58,R5,1
1318217187095,W56,R6,1
1314212921340,W82,R4,1
1315213720244,W41,R5,1
1316215247711,W19,R1,1
1316215278755,W14,R5,1
1315214046005,W49,R3,1
1315213850959,W50,R6,1
1319218289282,W61,R3,1
1316215390523,W58,R6,1
1321219848658,S25,R5,1
1322221367877,S04,R6,1
1322220680351,S42,R4,1
1320218888358,W13,R6,1
1316215131602,W19,R2,1
1314214451647,W42,R1,1
1322220648758,S11,R2,1
1323221963364,S06,R2,1
1323223228558,S03,R5,1
1324222502181,S21,R6,1
1315213978695,W78,R6,1
1316215533807,W14,R5,1
1321219623067,S04,R5,1
1322221268093,S14,R6,1
1315213929159,W19,R6,1
1321220100960,S21,R6,1
1323221549189,S43,R6,1
1320219279231,W29,R5,1
1317216580492,W89,R3,1
1319217852387,W14,R6,1
1315213563760,W42,R3,1
1315214422242,W50,R6,1
1315214363994,W58,R6,1
1321219917337,S14,R2,1
1316215361357,W58,R6,1
1321220314227,S33,R4,1
1316215607615,W25,R6,1
1315217687843,W49,R6,1
1314212516254,W14,R3,1
1316215673094,W19,R5,1
1324222463566,S35,R5,1
1316215670656,W15,R6,1
1314212872473,W58,R5,1
1315214272674,W33,R6,1
1317216402673,W13,R6,1
1318216823258,W72,R6,1
1321219879703,S24,R6,1
1316215115849,W36,R5,1
1316215470168,W52,R4,1
1315213207463,W13,R6,1
1314212758130,W36,R6,1
1315214288007,W21,R5,1
1319217662168,W74,R6,1
1321219725761,S04,R3,1
1321220357317,S25,R5,1
1316218574200,W50,R6,1
1315213243672,W81,R6,1
1314212505174,W89,R6,1
1323222175349,S35,R6,1
1323221978618,S03,R6,1
1319217825330,W64,R6,1
1319218069425,W19,R5,1
1316214907519,W49,R5,1
1323222388605,S24,R2,1
1315213813520,W49,R4,1
1324222426013,S24,R5,1
1323221749334,S41,R5,1
1323221611306,S21,R6,1
1324222424107,S41,R6,1
1314212584270,W51,R5,1
1314212378412,W24,R3,1
1317216589907,W35,R3,1
1314212964252,W14,R6,1
1322220961078,S21,R5,1
1318216846586,W63,R2,1
1321220007811,S35,R6,1
1318216858744,W21,R6,1
1315213624354,W71,R6,1
1317216233369,W13,R6,1
1316214941611,W15,R5,1
1324222893000,S34,R6,1
1314212943498,W19,R6,1
1315214244992,W36,R6,1
1319218036111,W89,R6,1
1315214441851,W21,R5,1
1315214137109,W50,R6,1
1317215838816,W13,R5,1
1321219702406,S41,R6,1
1323221606597,S44,R6,1
1318216783237,W19,R6,1
1322220748014,S14,R3,1
1315213896158,W13,R6,1
1324222507889,S21,R2,1
1315215788391,W13,R6,1
1322220796902,S35,R5,1
1318216854570,W71,R6,1
1316215454568,W58,R6,1
1316215309612,W58,R1,1
1316215328612,W71,R5,1
1316215553847,W58,R6,1
1324222966741,S22,R6,1
1315214308746,W13,R4,1
1324222972352,S03,R1,1
1320219232509,W33,R6,1
1316215040559,W19,R6,1
1316215579893,W52,R6,1
1314212792889,W36,R6,1
1315213230941,W13,R6,1
1317216448504,W19,R3,1
1320218705491,W82,R6,1
1315214240362,W39,R6,1
1322221001302,S06,R4,1
1320218646762,W13,R6,1
1314212598167,W58,R5,1
1320218604662,W13,R5,1
1324222473504,S44,R6,1
1314212647705,W13,R6,1
1322221135054,S03,R5,1
1323221978909,S12,R6,1
1323221668938,S35,R4,1
1323221560028,S02,R6,1
1318216816013,W84,R1,1
1317216047187,W42,R2,1
1323222307124,S35,R6,1
1317216276131,W58,R2,1
1315213650827,W15,R6,1
1324222722617,S02,R1,1
1322220838573,S05,R4,1
1316215539368,W22,R4,1
1322221441342,S35,R6,1
1315215388733,W51,R5,1
1315213205014,W42,R6,1
1316215701172,W19,R5,1
1324222427054,S33,R6,1
1322220952244,S25,R5,1
1315214025126,W39,R6,1
1322221364072,S06,R5,1
1317215915885,W13,R5,1
1315214412417,W42,R5,1
1324222832420,S31,R6,1
1318216913160,W65,R6,1
1316215432725,W13,R6,1
1318217301682,W13,R6,1
1322220636664,S41,R6,1
1316215167851,W21,R3,1
1324222458996,S23,R3,1
1320218981266,W19,R6,1
1314212404002,W13,R5,1
1314212619718,W43,R4,1
1324223089121,S44,R6,1
1315213965888,W58,R6,1
1315213710243,W51,R2,1
1318217592613,W82,R2,1
1320218733778,W58,R3,1
1322220937953,S25,R6,1
1322220790974,S25,R4,1
1323221749498,S21,R6,1
1322220833192,S11,R5,1
1315213221928,W13,R5,1
1320218857668,W19,R6,1
1314212942888,W84,R1,1
1314212476129,W58,R4,1
1316215575491,W72,R5,1
1316215373972,W13,R5,1
1322220888186,S44,R6,1
1316215103425,W61,R5,1
1317216402697,W13,R6,1
1315214272650,W33,R6,1
1323221678891,S25,R2,1
1323221707704,S03,R4,1
1316214963112,W71,R6,1
1318217155656,W68,R5,1
1323221737442,S25,R1,1
1314211923228,W13,R6,1
1314212715383,W82,R6,1
1314216627897,W58,R5,1
1314212646703,W51,R1,1
1318216761813,W13,R6,1
1314212753875,W13,R6,1
1324222660540,S44,R6,1
1315214080172,W42,R6,1
1319218154742,W74,R6,1
1317216039747,W19,R6,1
1316215572951,W13,R3,1
1316215205446,W13,R6,1
1321220588115,S21,R6,1
1323221844855,S24,R5,1
1322220864829,S21,R2,1
1320219241890,W82,R4,1
1323221694882,S12,R6,1
1314212960569,W13,R6,1
1315214105847,W13,R6,1
1318217428186,W13,R6,1
1316215643469,W42,R1,1
1320218841233,W42,R4,1
1316215036245,W15,R6,1
1318216828917,W67,R6,1
1314213031356,W42,R3,1
1314213044047,W21,R6,1
1318218071254,W42,R2,1
1314212390583,W52,R4,1
1323221650411,S06,R1,1
1314212403998,W73,R5,1
1319218479069,W35,R6,1
1316219407006,W13,R6,1
1314212679409,W50,R6,1
1321219580469,S03,R5,1
1324223152683,S21,R5,1
1321220162628,S06,R5,1
1316215575200,W14,R6,1
1319218048888,W84,R2,1
1323221726033,S03,R6,1
1323222343523,S12,R6,1
1324223042019,S21,R5,1
1317215857828,W42,R6,1
1315213791965,W19,R6,1
1318217465564,W42,R2,1
1320218609586,W89,R2,1
1316215150246,W82,R5,1
1314212823405,W42,R5,1
1318217294331,W19,R5,1
1315214393391,W51,R5,1
1315215778820,W50,R5,1
1318217463379,W19,R3,1
1319218518912,W39,R3,1
1320219291933,W36,R3,1
1321219844584,S44,R3,1
1324222854972,S21,R5,1
1321220147831,S24,R6,1
1320218596803,W89,R1,1
1324222501266,S14,R1,1
1318217109089,W81,R6,1
1319217878661,W42,R6,1
1324222789493,S03,R1,1
1315214385268,W29,R6,1
1323222053860,S06,R5,1
1317216539116,W29,R6,1
1322221273725,S11,R6,1
1323222022257,S21,R6,1
1324222846596,S14,R5,1
1321220140432,S21,R6,1
1316214963567,W14,R5,1
1322220969428,S21,R6,1
1317216382135,W56,R6,1
1314213002684,W50,R3,1
1324222671125,S31,R6,1
1320218990962,W58,R3,1
1315213956461,W52,R6,1
1317216566481,W50,R5,1
1319218157360,W50,R6,1
1318217041324,W81,R2,1
1324222725689,S03,R2,1
1316215318801,W84,R2,1
1314212863144,W58,R6,1
1316215442789,W58,R1,1
1316214960890,W19,R6,1
1316215549407,W13,R5,1
1314212518551,W56,R3,1
1314212969315,W13,R4,1
1315218634475,W19,R5,1
1321219464551,S21,R4,1
1320219176740,W21,R6,1
1321219579481,S03,R5,1
1314212690301,W19,R3,1
1317217721063,W71,R1,1
1321220420121,S23,R2,1
1315213950165,W19,R6,1
1320218806394,W78,R6,1
1314212501098,W13,R3,1
1324223047489,S11,R6,1
1320219131277,W39,R6,1
1320219186208,W14,R6,1
1321220454742,S21,R6,1
1317216402572,W13,R6,1
1323221758055,S44,R6,1
1314212803629,W53,R3,1
1317216018109,W29,R5,1
1316215044153,W13,R6,1
1314212328506,W71,R2,1
1317215902420,W21,R4,1
1315214425910,W14,R4,1
1321219988995,S41,R5,1
1322221445366,S24,R4,1
1319218383949,W50,R6,1
1317216527453,W50,R6,1
1314215790751,W13,R5,1
1323222130813,S42,R6,1
1324223151059,S21,R6,1
1314213134113,W49,R4,1
1324222585630,S21,R3,1
1324222517334,S06,R6,1
1315214006393,W52,R5,1
1316215070095,W58,R2,1
1314213111293,W13,R6,1
1316215027020,W13,R6,1
1319217603517,W59,R6,1
1319218011880,W56,R4,1
1314212321828,W13,R6,1
1314212981207,W42,R4,1
1317216250237,W39,R6,1
1316215701222,W21,R6,1
1322221223148,S31,R4,1
1314212893034,W25,R5,1
1319217731482,W56,R1,1
1322220674954,S21,R5,1
1316215144116,W19,R6,1
1317216068217,W58,R6,1
1324222731073,S41,R6,1
1317216203000,W66,R5,1
1320219141734,W89,R6,1
1314212515074,W42,R6,1
1314212396360,W42,R4,1
1316215719030,W29,R6,1
1321219744760,S05,R6,1
1314212500728,W42,R1,1
1324222892301,S21,R6,1
1319218154755,W74,R6,1
1322220946002,S44,R6,1
1320219072651,W89,R6,1
1321219905054,S24,R5,1
1321219695943,S06,R4,1
1316215481223,W13,R5,1
1319218514519,W19,R2,1
1316215531005,W52,R2,1
1319217917323,W42,R2,1
1322221041496,S35,R6,1
1321219491216,S44,R6,1
1316215328737,W13,R6,1
1316214959189,W13,R3,1
1324222670679,S25,R6,1
1324222679021,S33,R6,1
1322220825943,S41,R6,1
1320218885010,W41,R5,1
1323221880952,S44,R4,1
1314212974063,W55,R5,1
1315214258814,W13,R6,1
1314212529580,W32,R6,1
1316214937928,W31,R6,1
1316215118023,W58,R1,1
1321219638715,S41,R5,1
1319218265371,W15,R5,1
1321220319521,S33,R6,1
1314213056474,W58,R5,1
1314212496792,W32,R6,1
1315214023133,W13,R6,1
1322221274273,S24,R6,1
1323221663990,S21,R4,1
1315214272775,W33,R6,1
1324222681708,S41,R6,1
1314212758561,W13,R5,1
1322221325931,S21,R4,1
1315214335907,W13,R5,1
1324222474571,S21,R6,1
1322221205848,S04,R1,1
1319218154728,W74,R6,1
1322221072008,S06,R2,1
1314212794554,W13,R6,1
1324222924223,S24,R6,1
1319217947961,W42,R2,1
1316215321593,W13,R6,1
1314212536611,W31,R2,1
1314212900258,W52,R2,1
1320218727042,W21,R6,1
1319217928249,W58,R2,1
1322220636690,S23,R5,1
1315213959430,W14,R5,1
1323222249575,S25,R5,1
1323222285963,S03,R2,1
1322221299377,S33,R6,1
1324222981045,S25,R6,1
1315213769639,W52,R6,1
1314213145269,W36,R6,1
1315213978707,W58,R6,1
1316215465129,W52,R2,1
1323221785951,S35,R6,1
1315213983327,W13,R6,1
1318216753208,W14,R4,1
1314211935832,W52,R5,1
1314212773586,W58,R6,1
1322220920351,S24,R1,1
1316215159260,W49,R6,1
1320219183290,W89,R6,1
1324223208632,S14,R5,1
1316215364643,W52,R6,1
1316214922116,W50,R5,1
1317216670962,W52,R4,1
1322221462219,S42,R5,1
1322221291457,S41,R6,1
1314212948362,W13,R6,1
1322221338205,S21,R6,1
1324222606903,S06,R4,1
1324223034632,S21,R5,1
1322221115191,S25,R4,1
1324222482895,S25,R2,1
1319217773744,W14,R5,1
1322221090347,S04,R1,1
1317216234765,W19,R5,1
1324222892770,S35,R6,1
1322221269234,S06,R6,1
1319218454179,W19,R6,1
1317216405151,W14,R3,1
1319218289268,W60,R3,1
1319218247207,W22,R6,1
1324222783526,S34,R6,1
1314212649711,W15,R6,1
1314212321780,W13,R6,1
1314212902934,W13,R5,1
1316215289315,W58,R6,1
1314212442949,W13,R4,1
1316215573698,W39,R6,1
1316215023490,W32,R4,1
1315213922065,W52,R5,1
1316215352129,W82,R6,1
1323221550369,S06,R1,1
1314213152566,W58,R3,1
1323221897717,S03,R6,1
1318217127339,W42,R4,1
1315214136210,W13,R6,1
1316215765355,W39,R5,1
1314212552653,W19,R6,1
1320219003910,W54,R6,1
1322220813240,S21,R2,1
1323221642174,S24,R3,1
1316215002205,W81,R5,1
1317216479648,W13,R6,1
1321219792696,S33,R2,1
1320218974451,W58,R4,1
1323222277408,S21,R6,1
1316215315425,W84,R2,1
1320219360474,W56,R6,1
1324222443879,S06,R6,1
1318216750152,W19,R5,1
1319217671662,W50,R5,1
1317216368718,W13,R6,1
1317215809385,W19,R6,1
1315214349223,W13,R6,1
1320218819542,W41,R6,1
1316215460609,W89,R6,1
1323221860796,S35,R6,1
1324222920845,S21,R6,1
1315213805981,W89,R6,1
1314212778928,W42,R2,1
1315214277081,W13,R6,1
1318217581661,W13,R5,1
1322221260449,S44,R6,1
1318217096039,W19,R5,1
1323221625395,S25,R5,1
1321219716887,S05,R6,1
1320218723880,W52,R5,1
1321220023648,S03,R6,1
1316215771510,W58,R6,1
1319217880689,W13,R5,1
1314213039466,W89,R2,1
1314212664080,W19,R6,1
1317215945813,W58,R1,1
1321220153581,S25,R6,1
1319217987460,W50,R6,1
1322220898769,S44,R5,1
1315213701067,W42,R5,1
1320219115641,W82,R2,1
1323222042158,S32,R2,1
1322221253444,S44,R6,1
1316215141565,W52,R5,1
1316215362171,W19,R6,1
1324222747432,S42,R6,1
1324222824753,S21,R6,1
1314212351264,W42,R2,1
1320218748010,W36,R6,1
1321220660928,S21,R6,1
1318217512553,W52,R5,1
1324222823609,S35,R6,1
1316215489939,W58,R5,1
1318217223736,W42,R2,1
1319218495327,W81,R6,1
1322221498429,S31,R6,1
1314212454918,W49,R4,1
1316215450560,W21,R5,1
1316214937916,W39,R6,1
1316217672260,W13,R6,1
1315214028348,W13,R6,1
1317216260099,W49,R6,1
1319217695372,W52,R6,1
1321220210342,S03,R5,1
1319217959648,W49,R6,1
1316215273487,W13,R3,1
1323221879253,S44,R4,1
1324222424119,S21,R6,1
1321219814528,S44,R3,1
1322220670145,S06,R5,1
1318216910442,W74,R6,1
1318216864037,W52,R3,1
1314212325157,W32,R6,1
1316215615129,W82,R5,1
1322221429196,S21,R6,1
1323222124479,S21,R5,1
1321219811217,S14,R6,1
1322221043742,S44,R6,1
1319217994906,W67,R6,1
1321220587683,S44,R2,1
1324222678056,S23,R5,1
1322220654444,S23,R6,1
1322220830044,S35,R6,1
1318216944429,W13,R5,1
1318217345711,W58,R5,1
1322220869566,S21,R6,1
1320218835825,W33,R5,1
1323222144471,S35,R4,1
1323222265454,S34,R6,1
1322220876332,S21,R5,1
1320218605982,W52,R6,1
1318217944988,W52,R5,1
1319217841699,W22,R6,1
1314212881484,W50,R6,1
1319218507008,W52,R6,1
1321219469487,S24,R6,1
1315214215170,W29,R6,1
1315214128148,W42,R3,1
1315213819877,W89,R3,1
1323222387033,S34,R6,1
1315214102550,W19,R6,1
1316215539457,W66,R4,1
1316215765367,W39,R6,1
1323221681505,S04,R3,1
1315214399925,W58,R2,1
1316214954428,W52,R6,1
1316215538974,W49,R6,1
1316215740010,W58,R1,1
1317216016891,W19,R4,1
1315213795127,W41,R2,1
1315214412266,W42,R6,1
1315214440024,W58,R6,1
1314211942507,W58,R6,1
1324222446775,S42,R6,1
1318217087156,W13,R4,1
1315213894785,W13,R6,1
1322220697989,S21,R6,1
1322221307806,S33,R5,1
1316214954442,W52,R6,1
1315213734813,W74,R5,1
1322220812349,S02,R5,1
1315213839145,W32,R6,1
1322221401211,S05,R6,1
1324222980854,S25,R6,1
1319218069464,W19,R5,1
1322220997112,S42,R6,1
1324223073370,S11,R1,1
1315213632781,W13,R6,1
1314212681833,W58,R2,1
1314212916858,W58,R2,1
1316215362409,W58,R5,1
1318219469513,W58,R6,1
1317216010292,W51,R5,1
1320219374790,W13,R6,1
1314212589713,W13,R5,1
1314212954046,W13,R6,1
1320219149729,W13,R6,1
1319218477228,W43,R2,1
1321219631443,S35,R5,1
1322221309901,S03,R6,1
1318216771408,W29,R6,1
1318217549361,W81,R3,1
1320219052014,W81,R2,1
1319219434230,W58,R3,1
1321220162996,S05,R5,1
1321220511277,S03,R2,1
1316215655236,W64,R5,1
1323223208772,S41,R6,1
1320219050996,W78,R6,1
1321220642197,S21,R6,1
1315215771128,W58,R2,1
1314213071172,W50,R6,1
1316215708114,W42,R3,1
1316215136159,W19,R6,1
1321220442293,S04,R2,1
1316215545056,W50,R6,1
1322220805485,S35,R6,1
1316215060955,W68,R6,1
1314212503243,W13,R5,1
1317215905492,W29,R6,1
1315213591757,W19,R3,1
1315214292284,W32,R3,1
1314214295139,W39,R6,1
1323221624745,S24,R6,1
1324222635777,S21,R6,1
1319218193338,W32,R6,1
1318217079704,W84,R4,1
1322221055751,S44,R6,1
1315214327049,W52,R4,1
1315214385256,W32,R6,1
1319217710173,W52,R2,1
1314212475483,W49,R5,1
1316215513363,W52,R6,1
1322220838015,S44,R6,1
1317216402596,W13,R6,1
1323221937648,S41,R6,1
1318216983458,W19,R6,1
1315214045991,W58,R6,1
1316215037868,W82,R6,1
1318216834097,W19,R5,1
1316215063138,W49,R6,1
1315213937283,W52,R5,1
1323221872955,S35,R5,1
1314212840920,W50,R3,1
1324222718013,S21,R6,1
1324222507079,S21,R6,1
1323221549482,S14,R5,1
1317216051375,W64,R2,1
1314212942852,W82,R1,1
1324222463743,S44,R6,1
1314212824039,W19,R6,1
1320218623700,W58,R6,1
1318217537048,W19,R3,1
1321219954423,S44,R6,1
1315214365708,W89,R2,1
1323221829702,S03,R6,1
1317216042604,W72,R6,1
1314212916225,W82,R6,1
1315213988710,W58,R2,1
1317219408313,W13,R6,1
1315214451801,W58,R6,1
1314212715510,W51,R5,1
1318216798114,W29,R6,1
1314212953879,W13,R6,1
1324222681621,S41,R6,1
1319218047583,W89,R1,1
1324223165123,S06,R2,1
1321220253280,S23,R2,1
1324222776888,S24,R5,1
1323221761810,S44,R6,1
1322221025632,S25,R6,1
1322221388426,S21,R6,1
1319218427894,W64,R5,1
1320218856767,W13,R6,1
1321220383665,S41,R6,1
1318217463633,W74,R3,1
1320219254695,W13,R2,1
1321220274157,S44,R6,1
1322220775201,S21,R5,1
1314212765515,W21,R5,1
1320218720074,W52,R5,1
1318217558749,W41,R6,1
1323221643923,S41,R5,1
1323222520405,S44,R5,1
1323221755388,S02,R5,1
1322221155171,S34,R6,1
1318217130982,W58,R4,1
1324222469102,S43,R6,1
1316215088295,W13,R1,1
1321219690005,S24,R3,1
1321220165005,S03,R2,1
1319217717329,W19,R6,1
1317219442833,W14,R4,1
1320219224209,W19,R6,1
1319218365498,W19,R3,1
1319217959853,W13,R6,1
1317215816695,W13,R6,1
1321220001008,S44,R3,1
1314212318950,W52,R5,1
1317215971286,W13,R5,1
1318216972063,W39,R4,1
1322221235981,S05,R6,1
1318217240276,W13,R6,1
1320219034333,W19,R6,1
1319218289320,W66,R3,1
1315213747215,W74,R2,1
1322220679981,S44,R5,1
1316215367893,W15,R6,1
1314212675033,W39,R5,1
1323221740044,S24,R6,1
1324222627756,S35,R6,1
1315213550977,W14,R6,1
1314212322263,W13,R6,1
1314212809558,W19,R5,1
1314212779108,W78,R6,1
1317216604342,W13,R5,1
1315213753167,W41,R2,1
1318217169756,W19,R5,1
1316215426091,W58,R3,1
1316215158751,W19,R5,1
1320219232485,W13,R6,1
1314212637971,W49,R2,1
1314212977817,W89,R2,1
1314212442952,W13,R5,1
1322220697344,S21,R6,1
1321220009423,S35,R4,1
1318217323207,W50,R3,1
1324222687966,S24,R5,1
1318217630817,W67,R6,1
1315214332847,W29,R5,1
1321221431570,S21,R6,1
1317216482099,W51,R6,1
1315214468466,W51,R4,1
1322220780744,S03,R2,1
1314212802223,W58,R2,1
1314212804633,W13,R5,1
1316215676964,W13,R6,1
1321220594028,S11,R5,1
1317216117085,W14,R6,1
1317216498509,W58,R3,1
1320219347592,W52,R6,1
1315214272585,W52,R3,1
1321219970567,S41,R6,1
1320218999187,W13,R6,1
1316215683448,W51,R3,1
1315214205686,W42,R1,1
1315214357624,W52,R6,1
1316215047592,W58,R6,1
1316218623231,W71,R5,1
1316215334691,W19,R6,1
1321220522837,S34,R2,1
1322221002140,S06,R3,1
1322221031394,S21,R6,1
1324223123821,S21,R3,1
1323222323533,S06,R5,1
1323222392363,S41,R5,1
1324222813014,S41,R6,1
1322220715635,S35,R3,1
1316215471905,W42,R2,1
1320218747943,W36,R6,1
1316215645831,W58,R5,1
1320219391024,W52,R2,1
1322221155094,S34,R6,1
1314212753154,W49,R3,1
1323222107587,S21,R6,1
1316215588563,W52,R5,1
1318217348592,W19,R6,1
1324222987075,S35,R6,1
1322221205786,S41,R5,1
1315214160804,W13,R6,1
1316215075161,W19,R6,1
1321219704549,S02,R5,1
1317216552428,W52,R2,1
1317215947298,W13,R6,1
1315214453211,W89,R5,1
1314212390482,W19,R5,1
1324223116462,S24,R6,1
1315214090110,W42,R6,1
1315214331391,W13,R6,1
1315213711260,W58,R6,1
1316215604745,W58,R6,1
1319218273579,W19,R6,1
1316215466727,W74,R6,1
1315214295178,W39,R6,1
1323221844842,S21,R5,1
1318217135666,W58,R6,1
1318217156342,W58,R6,1
1324222588220,S44,R5,1
1315213984178,W51,R3,1
1322221346455,S33,R6,1
1324223093636,S35,R1,1
1316215081112,W49,R6,1
1316215673106,W41,R6,1
1316215465699,W19,R5,1
1322220854525,S22,R4,1
1314212942282,W50,R6,1
1314212644328,W71,R5,1
1316215193917,W82,R4,1
1320218913996,W19,R6,1
1317216368934,W41,R6,1
1322223214901,S44,R2,1
1317216091443,W19,R6,1
1323221549734,S25,R6,1
1321219935754,S44,R6,1
1321219708233,S44,R6,1
1316215623962,W41,R6,1
1318217055387,W19,R6,1
1322221426404,S34,R6,1
1321220299465,S21,R6,1
1319217994918,W67,R6,1
1317216515445,W13,R6,1
1315214309662,W31,R3,1
1314212646828,W41,R6,1
1316215095985,W13,R5,1
1318217542846,W71,R4,1
1314212503256,W36,R5,1
1316215198375,W52,R5,1
1314212936153,W13,R6,1
1322221390115,S35,R5,1
1314212918977,W13,R6,1
1319217925078,W58,R2,1
1321220303667,S03,R1,1
1321219702394,S41,R6,1
1318217156785,W82,R5,1
1322220749473,S21,R4,1
1323222063923,S25,R6,1
1321220188320,S23,R6,1
1316215295155,W19,R6,1
1314212572046,W19,R5,1
1315214031332,W13,R4,1
1314212783904,W39,R6,1
1316215232315,W32,R6,1
1314212311118,W52,R1,1
1316214966463,W58,R6,1
1317216089413,W19,R5,1
1321220343711,S41,R6,1
1315214225462,W83,R5,1
1318217430685,W52,R6,1
1315214295851,W14,R5,1
1318217113063,W52,R5,1
1318216995757,W52,R3,1
1319218454041,W19,R3,1
1320218841423,W42,R1,1
1324222561995,S44,R6,1
1319218532277,W13,R5,1
1315214353967,W49,R5,1
1319217859180,W64,R6,1
1322220764524,S03,R2,1
1315214060838,W71,R5,1
1323222338624,S11,R6,1
1314212954275,W13,R6,1
1319218206682,W58,R2,1
1314212421251,W29,R3,1
1314213105036,W54,R2,1
1314212419408,W89,R6,1
1318217337106,W50,R5,1
1317215817026,W13,R6,1
1317216341848,W19,R6,1
1314212749600,W32,R3,1
1316215166721,W13,R6,1
1320218759328,W52,R2,1
1316215466689,W64,R4,1
1314212564987,W42,R5,1
1319217915255,W19,R3,1
1319217959497,W89,R6,1
1319217959636,W29,R6,1
1314212402275,W58,R6,1
1317215870787,W51,R4,1
1316215135029,W65,R6,1
1321220419194,S21,R6,1
1321220559241,S34,R6,1
1323221706397,S25,R2,1
1323221533108,S41,R5,1
1316215541552,W13,R5,1
1316215673056,W50,R6,1
1319218195497,W14,R6,1
1323221642162,S24,R2,1
1324222916684,S03,R6,1
1321219687086,S21,R6,1
1315214371585,W14,R3,1
1316215081340,W49,R6,1
1314212321893,W13,R6,1
1316214982617,W19,R6,1
1316215003702,W13,R6,1
1315214458869,W58,R5,1
1317216065680,W52,R6,1
1319217629649,W29,R1,1
1320218733020,W15,R5,1
1320218575431,W42,R2,1
1316215139054,W84,R6,1
1321220027282,S21,R6,1
1322220744825,S35,R6,1
1323221580842,S44,R6,1
1318217208242,W52,R6,1
1319218406650,W58,R1,1
1322221113172,S21,R5,1
1321219973500,S13,R5,1
1319217978028,W14,R6,1
1318216920862,W52,R6,1
1319218108165,W82,R5,1
1322221212475,S25,R6,1
1322220825956,S31,R6,1
1315213947310,W82,R4,1
1317216335125,W14,R5,1
1321219660798,S21,R6,1
1316215747128,W58,R5,1
1314212322352,W13,R6,1
1319218183958,W42,R2,1
1316215028679,W74,R6,1
1321220438511,S44,R6,1
1315214363929,W29,R5,1
1321220143150,S21,R5,1
1322220861241,S11,R5,1
1322222372928,S41,R6,1
1322221098003,S06,R6,1
1323221838384,S44,R6,1
1315214046702,W42,R2,1
1316215381171,W13,R6,1
1318217531627,W58,R2,1
1314212317768,W13,R6,1
1314212401879,W42,R2,1
1324222604934,S03,R6,1
1316214950127,W84,R6,1
1315214452714,W13,R6,1
1314212489052,W14,R6,1
1319217855978,W83,R3,1
1321219796099,S35,R6,1
1320219304197,W58,R6,1
1318216842474,W43,R6,1
1315214308468,W21,R5,1
1324222733558,S41,R4,1
1315214235374,W42,R6,1
1316215180074,W32,R6,1
1316215692726,W89,R2,1
1315218456236,W50,R3,1
1320218624070,W33,R5,1
1323222387072,S34,R6,1
1315214110722,W13,R6,1
1322220718389,S41,R3,1
1314212419600,W14,R5,1
1316215364567,W52,R6,1
1317216028391,W52,R5,1
1316214937664,W58,R3,1
1316215116652,W19,R4,1
1318217401393,W64,R6,1
1318217402573,W52,R5,1
1314212389682,W58,R3,1
1315213607043,W58,R6,1
1315214116434,W58,R6,1
1315213211915,W82,R2,1
1316215670631,W15,R6,1
1319218273391,W71,R6,1
1323222044063,S33,R6,1
1314212806261,W43,R6,1
1324222583484,S12,R6,1
1322221155132,S34,R6,1
1323221905704,S42,R5,1
1324222602043,S25,R3,1
1324222985261,S34,R6,1
1318217218650,W31,R6,1
1321220143960,S03,R6,1
1324222813507,S41,R6,1
1321219700539,S03,R4,1
1314212893679,W52,R5,1
1320219392432,W89,R2,1
1322220938587,S03,R6,1
1320218756955,W21,R6,1
1317216126197,W71,R6,1
1317216129609,W13,R6,1
1323222140269,S21,R4,1
1314213083355,W50,R4,1
1314212475077,W52,R4,1
1315213585971,W82,R6,1
1321219863750,S21,R3,1
1324222822759,S41,R6,1
1322220936975,S03,R3,1
1316216597284,W49,R1,1
1314211959438,W13,R6,1
1315214189654,W13,R5,1
1316215328749,W13,R6,1
1319218244566,W13,R5,1
1319218388421,W49,R5,1
1314212944452,W39,R6,1
1318217320631,W13,R6,1
1319218141289,W52,R6,1
1321220495840,S23,R6,1
1315213206156,W49,R2,1
1321220164368,S21,R4,1
1316215164892,W13,R6,1
1318217142090,W58,R5,1
1314212853004,W19,R6,1
1317215941358,W74,R6,1
1324222519100,S06,R4,1
1320218769646,W56,R5,1
1321219633702,S21,R6,1
1318216707481,W56,R3,1
1315213739016,W13,R6,1
1318216951943,W19,R2,1
1314212322236,W13,R6,1
1316215162645,W52,R6,1
1314212442976,W13,R5,1
1322220660258,S06,R6,1
1316215413283,W58,R3,1
1314212460834,W52,R5,1
1316214913461,W84,R1,1
1314213168925,W52,R6,1
1316215579842,W52,R6,1
1321220071652,S03,R5,1
1315214073328,W14,R6,1
1320218639161,W75,R6,1
1314213010489,W51,R5,1
1322220685224,S35,R5,1
1323221862422,S21,R6,1
1316215651821,W42,R1,1
1315213684564,W58,R6,1
1323221626803,S42,R6,1
1321219906981,S41,R6,1
1316215554320,W58,R6,1
1320218703623,W52,R3,1
1316215731136,W50,R5,1
1316215531043,W52,R2,1
1315213926835,W71,R5,1
1316215563634,W14,R6,1
1315214191874,W21,R6,1
1321220412670,S22,R6,1
1322220852432,S43,R6,1
1320219232523,W33,R6,1
1324223202298,S21,R4,1
1321219645520,S25,R2,1
1322220726780,S21,R6,1
1316215472655,W43,R2,1
1323222350492,S35,R6,1
1315214050130,W13,R4,1
1315214073797,W13,R6,1
1324222432837,S21,R4,1
1321219631633,S35,R6,1
1315214277168,W13,R6,1
1322221253673,S44,R3,1
1318216957910,W67,R2,1
1316215031509,W81,R6,1
1316215505013,W14,R4,1
1322221147010,S33,R1,1
1315214295848,W14,R5,1
1319217671167,W58,R2,1
1318217062811,W52,R2,1
1319217874015,W13,R5,1
1315213693815,W29,R6,1
1316215156668,W19,R1,1
1314212501035,W51,R3,1
1323222019503,S25,R6,1
1315214083685,W13,R3,1
1316215435355,W19,R4,1
1321219457862,S13,R2,1
1316215519467,W13,R6,1
1316215686724,W82,R6,1
1315213705876,W42,R2,1
1321219696061,S21,R5,1
1316215110863,W52,R3,1
1319217761408,W13,R6,1
1323221933462,S21,R6,1
1315214162265,W19,R5,1
1317216583169,W43,R6,1
1322221436900,S35,R6,1
1317216229183,W49,R5,1
1322220697357,S06,R6,1
1322220768826,S21,R6,1
1319218514990,W42,R5,1
1316215788629,W14,R6,1
1315214296244,W36,R6,1
1315214025482,W39,R6,1
1316215091721,W42,R5,1
1321220516316,S25,R6,1
1320218858951,W29,R5,1
1314212530772,W42,R2,1
1315213690225,W13,R6,1
1315214331252,W13,R6,1
1324222495739,S35,R6,1
1315213999271,W32,R6,1
1317215900352,W56,R1,1
1317216335137,W14,R5,1
1321221565260,S11,R6,1
1318216828893,W67,R6,1
1316215328636,W71,R5,1
1314212899049,W13,R5,1
1322221025442,S44,R6,1
1315213956954,W13,R5,1
1316215276472,W33,R2,1
1314212748305,W13,R6,1
1324222731806,S21,R6,1
1317216217758,W14,R5,1
1315214412316,W36,R3,1
1321220450908,S11,R6,1
1318217419771,W15,R6,1
1316217802382,W52,R6,1
1324222892996,S35,R6,1
1322220706941,S41,R5,1
1319217745823,W58,R2,1
1322221025669,S25,R6,1
1317216057164,W64,R5,1
1321219634033,S25,R6,1
1316215682117,W71,R6,1
1316214984662,W51,R4,1
1323222043111,S21,R6,1
1314213042979,W58,R3,1
1316215325616,W50,R6,1
1314212636587,W33,R6,1
1319218454130,W81,R6,1
1322220654824,S03,R6,1
1320219054246,W19,R5,1
1314212873323,W13,R6,1
1323222153470,S44,R4,1
1321220042927,S25,R6,1
1314212426086,W13,R6,1
1316215640451,W14,R5,1
1321219659986,S44,R6,1
1323221651680,S44,R2,1
1321220420133,S23,R2,1
1314212823684,W21,R5,1
1322221328077,S04,R2,1
1319217978042,W14,R6,1
1321220153783,S25,R6,1
1320219343338,W49,R6,1
1316215119443,W13,R5,1
1318216764744,W41,R6,1
1316214948996,W58,R2,1
1316215492467,W13,R2,1
1318218523583,W13,R6,1
1322220740118,S24,R3,1
1322220965786,S25,R1,1
1320219275967,W81,R5,1
1320219415003,W13,R5,1
1315213903800,W19,R3,1
1319218270066,W53,R6,1
1314212971307,W13,R6,1
1322220635027,S44,R6,1
1318217425899,W58,R4,1
1316215295938,W19,R1,1
1322220662098,S23,R6,1
1324222682888,S03,R1,1
1324222938387,S11,R2,1
1316215445610,W19,R6,1
1324223184856,S34,R6,1
1314213213580,W42,R3,1
1314213102748,W14,R3,1
1315213670781,W13,R3,1
1315213736756,W49,R6,1
1315213755503,W14,R5,1
1314212313415,W42,R1,1
1322220852420,S43,R6,1
1315214452070,W50,R6,1
1319218073524,W24,R3,1
1315213813025,W13,R6,1
1324222410514,S21,R6,1
1321219447657,S42,R6,1
1320218942973,W52,R4,1
1314214917369,W51,R2,1
1323222180554,S02,R5,1
1324222588612,S21,R4,1
1320219349139,W52,R6,1
1315213970991,W53,R2,1
1317216491528,W58,R6,1
1317216667410,W19,R2,1
1324223230867,S41,R3,1
1323221594272,S25,R1,1
1316215704329,W56,R6,1
1314212867725,W13,R6,1
1323222180414,S03,R1,1
1324223160641,S21,R6,1
1314213072630,W29,R4,1
1315214343663,W56,R6,1
1322221417494,S44,R6,1
1324222851394,S21,R4,1
1314212378448,W24,R3,1
1320218576813,W58,R6,1
1321219600715,S14,R6,1
1321219601489,S21,R5,1
1317216437374,W52,R6,1
1318217447869,W19,R2,1
1320218874737,W56,R5,1
1315213722337,W55,R6,1
1320218727055,W21,R6,1
1315216768554,W81,R1,1
1321220264345,S25,R3,1
1324222868123,S21,R6,1
1314212973200,W36,R6,1
1322220930832,S02,R2,1
1315214456269,W19,R6,1
1318217186865,W50,R6,1
1324222967693,S24,R5,1
1317216418475,W13,R5,1
1323222403305,S21,R5,1
1322220969366,S11,R6,1
1315216650945,W51,R5,1
1321219912817,S42,R4,1
1316215114758,W29,R1,1
1317218604496,W82,R2,1
1320220592479,W19,R6,1
1316215609975,W19,R3,1
1317215960345,W42,R1,1
1323221966740,S24,R5,1
1316215362346,W71,R6,1
1319218244667,W13,R5,1
1315213700723,W14,R6,1
1315214937676,W14,R3,1
1321219702192,S41,R6,1
1321220169914,S35,R6,1
1321219933367,S41,R6,1
1320218733970,W82,R4,1
1319218091332,W49,R6,1
1314212635989,W13,R6,1
1315213865037,W13,R6,1
1314213019526,W13,R6,1
1318217060223,W58,R6,1
1314212785493,W78,R5,1
1319217757564,W31,R6,1
1318216755215,W13,R5,1
1316215004159,W50,R4,1
1321220299604,S14,R1,1
1314212878553,W19,R6,1
1317216382174,W56,R6,1
1317216354454,W19,R5,1
1317215965106,W68,R3,1
1323221670817,S42,R6,1
1321219756400,S12,R4,1
1315214006405,W52,R5,1
1321219792672,S33,R2,1
1318217301629,W13,R6,1
1315213841784,W13,R5,1
1324222530774,S21,R2,1
1316215010493,W49,R6,1
1318217255177,W82,R5,1
1324223023110,S04,R5,1
1322220969517,S23,R5,1
1315214365090,W52,R6,1
1322221530924,S21,R6,1
1320218906333,W58,R6,1
1314212318529,W74,R5,1
1324222714875,S24,R6,1
1323221559659,S03,R4,1
1315214246516,W55,R2,1
1322220679056,S04,R1,1
1320219054259,W19,R5,1
1320218642775,W19,R6,1
1319218273403,W49,R6,1
1320219224211,W13,R6,1
1316215519618,W52,R2,1
1323222284693,S13,R6,1
1314212942890,W84,R1,1
1324222923878,S31,R6,1
1315214465369,W50,R4,1
1324222533907,S44,R2,1
1314212931315,W42,R6,1
1317216402634,W13,R6,1
1316215477593,W58,R1,1
1316215587027,W58,R5,1
1314213035138,W58,R5,1
1315214331427,W13,R6,1
1323222068975,S21,R6,1
1324222639650,S42,R5,1
1321219623218,S21,R5,1
1322220826402,S35,R6,1
1319217761410,W13,R6,1
1323222137919,S22,R2,1
1314211943980,W13,R6,1
1315214339261,W14,R6,1
1323222326403,S21,R4,1
1319217771450,W68,R5,1
1320218687186,W39,R2,1
1319218353011,W19,R6,1
1320219246877,W42,R5,1
1314213032713,W13,R2,1
1320219263035,W29,R2,1
1314212687723,W39,R6,1
1320219346018,W19,R2,1
1314212778841,W42,R2,1
1315214097937,W58,R3,1
1316215545462,W58,R2,1
1320218727814,W81,R6,1
1315214341099,W52,R6,1
1319217980770,W51,R4,1
1314213114224,W32,R5,1
1317216605497,W31,R6,1
1317216435812,W36,R6,1
1315213760883,W42,R3,1
1317216403802,W19,R3,1
1315214331365,W13,R6,1
1316215109822,W89,R5,1
1315214264259,W58,R5,1
1322220969529,S03,R6,1
1314213116864,W55,R5,1
1316215249069,W13,R3,1
1319218517744,W53,R6,1
1315214331314,W13,R6,1
1315214356545,W52,R5,1
1314213040951,W82,R6,1
1315213619315,W51,R6,1
1315214429223,W13,R6,1
1322220796155,S44,R6,1
1322221468919,S35,R6,1
1324222446953,S35,R6,1
1323221748116,S31,R6,1
1318216983534,W50,R6,1
1314212643389,W58,R5,1
1315214943969,W52,R6,1
1315215827611,W52,R6,1
1324223016926,S25,R5,1
1321220302665,S24,R3,1
1314212576488,W36,R2,1
1314212889214,W42,R4,1
1315213999232,W32,R6,1
1320218775284,W19,R5,1
1324222802845,S21,R6,1
1318216995795,W64,R3,1
1319218437287,W82,R6,1
1319217777667,W21,R6,1
1323221530722,S11,R2,1
1322220977490,S23,R5,1
1320220592481,W19,R6,1
1322220677254,S41,R5,1
1316215530318,W51,R2,1
1314211905563,W42,R2,1
1315213903646,W52,R5,1
1318216850622,W19,R4,1
1315213610710,W13,R6,1
1321219730862,S21,R6,1
1323222228759,S21,R5,1
1322220636688,S41,R6,1
1321219918404,S25,R4,1
1316215096571,W19,R5,1
1316215317355,W52,R6,1
1324222477655,S44,R6,1
1315214252342,W24,R6,1
1314212690325,W13,R5,1
1315214159612,W50,R6,1
1318217035524,W35,R2,1
1320221498126,W82,R4,1
1316215167836,W21,R4,1
1318217301668,W13,R6,1
1315214135333,W52,R6,1
1324222502371,S44,R6,1
1316215473873,W19,R5,1
1323221734647,S23,R6,1
1318216857894,W50,R6,1
1319217740570,W49,R6,1
1314211915222,W52,R6,1
1320218770170,W52,R5,1
1316215688209,W49,R5,1
1317216135653,W19,R6,1
1323221732264,S13,R3,1
1318216703088,W52,R5,1
1324223121043,S21,R6,1
1315213947385,W13,R5,1
1321220368803,S44,R4,1
1322220810889,S35,R5,1
1315214191847,W21,R6,1
1321219603848,S35,R6,1
1319217661065,W58,R3,1
1322220740169,S21,R5,1
1318217238043,W52,R2,1
1317215907332,W15,R6,1
1316215218064,W41,R5,1
1316215471210,W82,R5,1
1314212453967,W42,R2,1
1314212464933,W89,R5,1
1315213684588,W53,R2,1
1315213207525,W41,R6,1
1314212688206,W13,R2,1
1317215943212,W64,R6,1
1316215201815,W13,R6,1
1319218277085,W52,R5,1
1318217378963,W82,R5,1
1320220657504,W13,R6,1
1321219666272,S05,R5,1
1317216311441,W29,R6,1
1320218693378,W42,R2,1
1320219395567,W82,R6,1
1315213758016,W50,R5,1
1314212522421,W84,R1,1
1315213896501,W81,R2,1
1318216961983,W39,R6,1
1316215084500,W50,R2,1
1315213888910,W21,R1,1
1316215056336,W58,R4,1
1314213171515,W81,R5,1
1314212878704,W52,R2,1
1315214124657,W58,R3,1
1320218978334,W58,R3,1
1321219603762,S21,R4,1
1315214118919,W52,R2,1
1316215536347,W50,R4,1
1315214036319,W52,R6,1
1318217144815,W13,R3,1
1315213841923,W58,R3,1
1316214954416,W52,R6,1
1323223208758,S41,R6,1
1324222645715,S06,R2,1
1321220452445,S42,R5,1
1320218694178,W29,R6,1
1314212507103,W50,R5,1
1316215016039,W49,R3,1
1319218456580,W84,R1,1
1322221497340,S31,R6,1
1316215454152,W36,R6,1
1315214256430,W39,R6,1
1315214345744,W81,R1,1
1315217543863,W13,R6,1
1314212500730,W52,R6,1
1320219172400,W13,R5,1
1324222705434,S41,R4,1
1321220512406,S35,R5,1
1320218749632,W39,R6,1
1319218437034,W71,R6,1
1317216633065,W42,R6,1
1317216075388,W19,R6,1
1321220028462,S11,R6,1
1321219801228,S21,R6,1
1322221253432,S44,R4,1
1322220660462,S11,R3,1
1323221700370,S14,R4,1
1315213670920,W84,R5,1
1315213788983,W19,R2,1
1322221106634,S03,R4,1
1322220948691,S42,R5,1
1324222432801,S06,R4,1
1318217480767,W25,R5,1
1315213825375,W15,R6,1
1316215205170,W36,R6,1
1319218258287,W49,R4,1
1316215588575,W51,R5,1
1320218659314,W71,R2,1
1315213702741,W13,R6,1
1324223139686,S25,R2,1
1322220720522,S23,R5,1
1323221967932,S24,R5,1
1324222876233,S12,R6,1
1321219683822,S41,R6,1
1322220907000,S06,R2,1
1316218606895,W13,R6,1
1315213752660,W52,R3,1
1323221541333,S41,R6,1
1323222160259,S21,R6,1
1314213092099,W42,R1,1
1314212793588,W36,R5,1
1322220870873,S23,R6,1
1320219275866,W52,R6,1
1319218561280,W19,R2,1
1319218289344,W71,R3,1
1324222476083,S14,R2,1
1324222521623,S05,R5,1
1315213924020,W14,R6,1
1315213698931,W42,R2,1
1318217531603,W13,R3,1
1318216837587,W65,R6,1
1314212775643,W50,R6,1
1317215838804,W13,R6,1
1320219266398,W36,R4,1
1314212581197,W29,R5,1
1321219725494,S21,R6,1
1317215915556,W71,R1,1
1316217720388,W29,R6,1
1316215208861,W58,R3,1
1324222891816,S44,R2,1
1323221742644,S41,R6,1
1324222784264,S03,R6,1
1320218845776,W81,R6,1
1321220152247,S21,R6,1
1315214042475,W58,R6,1
1323222068948,S25,R6,1
1314211910411,W64,R5,1
1315213718861,W13,R6,1
1322220645725,S42,R6,1
1322220694475,S21,R6,1
1322220749978,S25,R1,1
1320219443266,W84,R5,1
1324222517613,S25,R3,1
1317216133734,W82,R5,1
1318217469307,W72,R4,1
1318217590847,W58,R6,1
1315214441661,W84,R1,1
1321220357812,S33,R6,1
1324223007004,S35,R6,1
1316215054281,W13,R6,1
1321219972662,S44,R2,1
1318217760634,W74,R5,1
1324223120650,S05,R6,1
1320219307764,W82,R6,1
1323221958236,S21,R2,1
1317216457996,W13,R6,1
1322220830778,S21,R4,1
1318217240783,W13,R6,1
1324223063734,S21,R6,1
1315213844222,W19,R4,1
1316215018957,W51,R3,1
1314212748293,W13,R6,1
1323222499713,S44,R6,1
1318216910303,W81,R6,1
1316216622389,W14,R5,1
1316214928018,W21,R6,1
1314212800066,W52,R3,1
1318217218662,W32,R6,1
1315214363943,W13,R6,1
1318216995225,W42,R2,1
1318216762435,W82,R2,1
1315214451698,W13,R6,1
1316215562315,W14,R6,1
1316215381789,W31,R6,1
1323221584360,S21,R6,1
1315213962350,W19,R6,1
1322221431303,S44,R5,1
1321220915490,S35,R6,1
1320218713067,W19,R6,1
1319218480883,W50,R5,1
1317216607388,W19,R6,1
1317216611487,W42,R3,1
1314212579433,W42,R3,1
1315213615343,W13,R5,1
1324222900488,S33,R6,1
1323222034530,S25,R5,1
1324222483719,S44,R3,1
1314213048770,W74,R5,1
1321219751676,S25,R2,1
1320218845636,W49,R1,1
1321220058869,S24,R6,1
1321220682292,S03,R2,1
1316215158763,W19,R5,1
1320218806774,W52,R6,1
1316214995704,W19,R6,1
1314214366130,W19,R4,1
1317216427904,W52,R6,1
1319217874003,W13,R5,1
1319218488942,W52,R5,1
1322220697320,S06,R6,1
1316215530977,W52,R2,1
1314212695264,W14,R6,1
1319217718903,W19,R1,1
1315213797273,W13,R6,1
1314212449680,W29,R1,1
1324222852978,S03,R3,1
1320219001219,W58,R6,1
1315213228416,W14,R6,1
1324222712212,S44,R6,1
1316215646605,W36,R6,1
1323222338016,S21,R5,1
1322221338799,S12,R6,1
1316215455585,W19,R6,1
1316214954012,W82,R5,1
1319218454054,W19,R3,1
1318218523595,W15,R6,1
1319218342537,W13,R5,1
1320219362175,W29,R2,1
1317216597878,W61,R2,1
1321220432708,S02,R3,1
1314212861660,W36,R5,1
1315213637871,W19,R6,1
1316215092065,W71,R3,1
1324223096520,S12,R5,1
1317216611982,W56,R1,1
1324222467351,S25,R6,1
1319217658816,W58,R6,1
1314213000577,W15,R6,1
1318217430673,W52,R6,1
1319218044699,W13,R6,1
1319219407032,W13,R6,1
1315213778374,W29,R2,1
1322220656538,S44,R2,1
1315213921719,W13,R3,1
1321220314215,S03,R3,1
1319218504381,W13,R3,1
1324222965699,S21,R6,1
1323222175325,S44,R6,1
1324222671137,S31,R6,1
1322221286267,S21,R6,1
1316215390257,W14,R5,1
1317219424948,W58,R6,1
1323221752470,S06,R1,1
1320218819112,W19,R5,1
1319217724210,W13,R6,1
1323221586896,S24,R1,1
1318217396643,W58,R4,1
1320218673440,W58,R1,1
1314212775629,W41,R6,1
1320218814034,W13,R6,1
1321220392765,S44,R6,1
1317216283059,W36,R4,1
1317216549206,W52,R5,1
1322220757316,S02,R6,1
1315213913369,W32,R6,1
1323222202133,S21,R5,1
1314212572123,W13,R5,1
1314212786356,W71,R4,1
1315214296117,W25,R3,1
1320218835270,W58,R6,1
1319218260596,W58,R3,1
1318217398395,W29,R3,1
1317216266977,W19,R6,1
1314212797272,W72,R5,1
1314212986069,W82,R2,1
1315213726348,W31,R6,1
1314212674891,W19,R2,1
1324223010606,S22,R2,1
1322221025556,S25,R5,1
1323221726476,S03,R5,1
1322220645547,S21,R6,1
1320219394261,W13,R6,1
1315213703008,W19,R5,1
1322220795506,S23,R5,1
1323221870064,S24,R6,1
1315214218810,W22,R2,1
1316215232240,W32,R6,1
1316214961272,W89,R4,1
1319219408299,W31,R6,1
1324222540193,S24,R6,1
1324222987000,S35,R6,1
1315216631352,W15,R3,1
1317215852409,W58,R4,1
1317216902736,W82,R2,1
1316215682446,W13,R5,1
1314212516746,W58,R2,1
1314212666200,W58,R6,1
1323222141917,S14,R6,1
1323221950330,S05,R2,1
1319218435992,W89,R3,1
1320219060199,W52,R6,1
1316222367841,W52,R6,1
1314212943423,W39,R6,1
1315213532563,W32,R6,1
1319218465526,W71,R1,1
1316215128113,W52,R6,1
1315213901465,W13,R5,1
1315214240386,W52,R6,1
1320219375995,W13,R6,1
1318216828881,W67,R6,1
1315214288742,W19,R6,1
1316214998092,W13,R6,1
1321219778444,S06,R6,1
1315214063430,W42,R1,1
1322221205798,S31,R3,1
1322221399759,S44,R6,1
1323222277396,S21,R6,1
1315214314332,W13,R6,1
1317216138608,W52,R5,1
1321220512824,S25,R5,1
1315214279933,W42,R3,1
1314212412821,W55,R6,1
1316215116524,W74,R6,1
1316215466715,W64,R5,1
1314212545356,W32,R6,1
1319218069476,W19,R5,1
1319218079287,W13,R6,1
1323222336822,S21,R5,1
1314213099625,W50,R6,1
1315214377792,W51,R2,1
1314212451660,W49,R6,1
1319217961768,W23,R6,1
1324223239880,S04,R5,1
1322221360833,S14,R6,1
1317215948302,W59,R2,1
1317216139131,W39,R6,1
1315214331504,W13,R6,1
1323221543198,S03,R2,1
1318216958393,W29,R6,1
1314212404228,W13,R4,1
1324222666238,S04,R2,1
1323221657315,S41,R5,1
1324222548834,S21,R6,1
1320218971289,W49,R3,1
1316215753827,W19,R2,1
1323222010252,S06,R6,1
1319218122861,W19,R2,1
1320218926347,W89,R1,1
1323222277042,S25,R5,1
1321220147856,S21,R6,1
1314212510628,W74,R6,1
1324222925366,S42,R6,1
1323221590488,S04,R2,1
1323221527664,S12,R6,1
1314212939363,W19,R6,1
1316215068204,W29,R5,1
1314213092188,W42,R1,1
1319218468104,W13,R5,1
1315213561210,W19,R4,1
1319218456313,W56,R6,1
1322220997136,S41,R6,1
1324222637631,S06,R6,1
1319218113140,W13,R6,1
1321219668264,S25,R6,1
1314212573695,W58,R4,1
1315214426823,W81,R2,1
1321219939547,S44,R5,1
1321220205064,S33,R6,1
1318217238031,W52,R2,1
1323221790898,S25,R6,1
1324222893188,S33,R6,1
1316215187042,W52,R2,1
1315214009894,W24,R6,1
1316215110608,W81,R3,1
1323222277384,S21,R5,1
1320219196615,W42,R2,1
1319218000824,W82,R4,1
1314212440857,W22,R6,1
1324222862498,S25,R6,1
1322221154913,S24,R5,1
1316215390333,W19,R6,1
1323221804762,S44,R6,1
1321219601655,S14,R4,1
1315214006328,W52,R5,1
1322220776583,S44,R6,1
1314212718908,W13,R2,1
1316215156670,W19,R1,1
1314212980700,W13,R5,1
1321220041913,S25,R6,1
1321219981014,S04,R2,1
1321220056182,S21,R2,1
1317216402608,W13,R6,1
1315214432371,W42,R1,1
1317216446512,W82,R6,1
1318218520171,W19,R6,1
1321220257099,S03,R4,1
1316215734245,W19,R6,1
1321220274308,S34,R6,1
1314213126004,W39,R6,1
1324222819753,S41,R6,1
1318217061530,W19,R4,1
1317216013692,W58,R1,1
1315218588768,W14,R6,1
1324222405348,S06,R6,1
1323221752266,S41,R6,1
1322220780415,S24,R6,1
1317216130765,W64,R6,1
1321220562488,S21,R6,1
1319217694215,W52,R6,1
1319217682119,W58,R4,1
1317215931890,W19,R5,1
1317216609646,W82,R6,1
1318217382415,W59,R5,1
1320218964031,W58,R5,1
1318216745911,W43,R4,1
1319218160796,W51,R6,1
1314212647693,W13,R6,1
1321220274144,S44,R6,1
1321219893916,S11,R5,1
1314212381141,W58,R5,1
1314213174345,W58,R3,1
1324222560118,S05,R6,1
1316215306236,W58,R3,1
1324222999587,S04,R3,1
1321219702204,S41,R6,1
1321220164483,S23,R6,1
1315215790775,W13,R6,1
1321220065748,S41,R6,1
1318217165048,W50,R2,1
1321221565258,S11,R6,1
1317216329565,W19,R2,1
1319218154716,W74,R6,1
1318217547429,W49,R6,1
1319218273605,W19,R6,1
1315214339246,W13,R6,1
1316215144736,W51,R6,1
1314212695047,W19,R5,1
1321219970175,S44,R2,1
1322221093216,S31,R6,1
1315214292043,W13,R5,1
1324222732570,S41,R6,1
1314212333544,W56,R5,1
1315214208959,W42,R2,1
1315214474660,W19,R4,1
1315213910096,W19,R3,1
1314218619346,W19,R5,1
1323221674359,S01,R1,1
1320218641595,W84,R1,1
1322221214695,S44,R6,1
1323221537285,S21,R2,1
1316215294099,W82,R6,1
1323221592468,S06,R4,1
1324222762763,S04,R3,1
1316215149055,W81,R6,1
1323222008839,S21,R6,1
1319218492243,W36,R3,1
1324222614683,S44,R6,1
1322220892677,S24,R6,1
1316215797818,W52,R6,1
1314212346973,W13,R4,1
1314212904926,W19,R5,1
1318217093691,W13,R6,1
1318217123607,W84,R6,1
1318217307216,W49,R4,1
1316215433929,W13,R6,1
1322220749055,S21,R5,1
1317216097461,W58,R5,1
1316215731086,W50,R5,1
1314213002102,W31,R5,1
1320219145796,W84,R2,1
1324223125713,S21,R6,1
1320218811370,W56,R2,1
1315214028639,W51,R4,1
1320218787644,W56,R2,1
1316215782083,W58,R6,1
1323222217491,S34,R6,1
1315213872791,W89,R6,1
1321219499288,S44,R2,1
1320218696211,W49,R6,1
1323222346114,S21,R6,1
1324222494647,S03,R5,1
1316215168206,W13,R6,1
1315214299428,W64,R6,1
1321220072033,S22,R3,1
1314212634556,W13,R2,1
1319218217370,W36,R4,1
1316214941344,W71,R6,1
1314214127209,W50,R6,1
1318217073954,W58,R6,1
1315214144026,W58,R2,1
1317216433805,W51,R6,1
1324222642985,S21,R6,1
1317216138735,W52,R6,1
1320219034295,W52,R6,1
1316215088574,W21,R5,1
1316215529847,W13,R6,1
1320218888600,W13,R6,1
1320218688733,W52,R1,1
1315214038731,W29,R5,1
1318216776450,W13,R3,1
1316215579881,W52,R6,1
1317216592446,W52,R6,1
1317216402545,W13,R6,1
1319217859824,W15,R6,1
1314212802250,W58,R2,1
1314212824054,W13,R6,1
1318216945307,W49,R4,1
1314212899064,W42,R6,1
1318217268414,W13,R4,1
1314212557526,W19,R1,1
1315213230939,W13,R6,1
1319217917261,W49,R1,1
1318216837880,W52,R3,1
1315213867017,W19,R2,1
1324223030622,S41,R6,1
1323222182608,S03,R1,1
1321219715392,S23,R6,1
1323221562376,S44,R6,1
1321220430817,S43,R6,1
1317216618088,W13,R6,1
1321220277418,S35,R6,1
1322221581198,S21,R5,1
1321219910179,S21,R6,1
1317216531830,W71,R3,1
1319218345609,W82,R6,1
1322221136601,S34,R6,1
1322221467968,S11,R2,1
1323222137717,S22,R2,1
1317216315503,W82,R6,1
1320218702621,W58,R6,1
1315214388872,W21,R6,1
1315213752153,W13,R6,1
1317216402418,W56,R3,1
1314212396713,W52,R6,1
1321220543829,S24,R3,1
1315213893922,W41,R1,1
1314212881700,W39,R6,1
1321219606819,S44,R6,1
1316215106764,W43,R5,1
1323221773637,S06,R6,1
1322221058516,S35,R6,1
1316215298617,W13,R6,1
1321220471647,S35,R6,1
1316215591520,W19,R6,1
1314211898085,W13,R5,1
1316215446206,W13,R5,1
1324222981084,S25,R6,1
1321220613552,S24,R2,1
1323221649433,S44,R6,1
1324222498750,S32,R2,1
1321219755725,S35,R3,1
1320218645493,W82,R4,1
1320219165141,W52,R1,1
1316216548533,W19,R5,1
1321219468624,S21,R5,1
1316215057858,W71,R1,1
1317216646568,W13,R6,1
1319218075671,W19,R5,1
1322220892691,S24,R6,1
1318217353566,W52,R5,1
1323221645094,S03,R5,1
1322221021811,S04,R6,1
1321221029489,S24,R1,1
1324222967642,S02,R5,1
1322220698005,S21,R6,1
1317216279416,W13,R4,1
1316216229157,W42,R6,1
1315213812062,W52,R5,1
1320218674683,W52,R3,1
1314211912365,W42,R1,1
1324222981058,S25,R6,1
1319218377315,W84,R6,1
1322220731525,S44,R5,1
1323222359731,S21,R6,1
1324222685354,S44,R5,1
1315214202665,W19,R6,1
1315213999283,W32,R6,1
1315214007229,W39,R5,1
1314212956686,W19,R5,1
1319217966276,W19,R6,1
1315218598934,W82,R5,1
1324222691089,S35,R6,1
1320219126923,W58,R6,1
1315213603261,W49,R5,1
1321220468110,S03,R3,1
1316215166758,W13,R6,1
1324222634420,S41,R6,1
1322220633907,S44,R6,1
1317215824956,W84,R2,1
1323221550229,S02,R5,1
1322220731121,S21,R5,1
1315214309724,W58,R5,1
1321219903578,S14,R6,1
1316215668981,W21,R5,1
1317215944416,W13,R2,1
1315213947373,W13,R5,1
1314212320877,W81,R4,1
1315214396487,W13,R6,1
1315213701143,W56,R4,1
1322221465949,S21,R5,1
1324223137353,S44,R3,1
1319217887177,W13,R6,1
1323221747696,S31,R6,1
1318217455258,W19,R6,1
1320219029749,W29,R5,1
1316216902686,W82,R2,1
1323222331391,S21,R1,1
1315214335539,W13,R5,1
1315214339259,W13,R6,1
1319217831460,W42,R2,1
1322220746337,S44,R6,1
1317216552582,W21,R5,1
1320218598997,W84,R5,1
1322220749509,S06,R4,1
1321219919026,S41,R6,1
1318217129093,W13,R6,1
1320218747968,W36,R6,1
1320219216379,W22,R5,1
1322221350150,S25,R5,1
1320218645238,W29,R6,1
1314212321638,W13,R6,1
1317215813460,W49,R5,1
1322220679993,S05,R6,1
1324222967630,S02,R5,1
1315214339297,W14,R6,1
1316215286966,W68,R6,1
1314212804088,W89,R3,1
1314212321879,W13,R6,1
1314212835476,W19,R6,1
1317215959368,W14,R5,1
1314212478453,W52,R6,1
1314212521064,W31,R5,1
1314213195567,W14,R6,1
1316217643372,W13,R6,1
1319218078309,W56,R6,1
1317216067189,W15,R5,1
1317216295030,W42,R1,1
1317216135640,W52,R6,1
1324222442042,S35,R6,1
1314212400978,W13,R6,1
1319217861222,W58,R6,1
1314212390456,W19,R5,1
1318217240744,W29,R2,1
1319217937616,W42,R2,1
1316215156617,W19,R1,1
1324222736340,S41,R6,1
1318217231505,W14,R6,1
1321220362952,S04,R3,1
1322220794580,S03,R6,1
1319217791286,W19,R4,1
1324222943363,S44,R6,1
1324222813026,S35,R6,1
1323223208618,S41,R6,1
1316215055916,W14,R5,1
1317216566467,W50,R5,1
1321219797762,S12,R6,1
1324222903926,S21,R6,1
1321220357418,S31,R5,1
1319217928199,W58,R6,1
1317216495578,W13,R6,1
1323221805714,S05,R5,1
1314212859019,W49,R6,1
1315214308470,W32,R5,1
1320219409416,W58,R5,1
1319217808233,W71,R6,1
1315213753205,W58,R2,1
1315214410033,W63,R6,1
1317215925660,W58,R2,1
1316215432701,W32,R6,1
1323222063719,S01,R2,1
1322220783575,S22,R3,1
1315213716184,W52,R2,1
1322220831174,S21,R6,1
1320219230772,W32,R6,1
1318217201312,W58,R1,1
1315213686672,W58,R4,1
1315214236919,W35,R5,1
1315213972146,W13,R6,1
1315214410021,W66,R6,1
1315214067326,W29,R6,1
1316215128760,W24,R6,1
1322220698361,S14,R4,1
1322220812337,S24,R6,1
1324222411997,S24,R5,1
1318217011915,W39,R6,1
1323221653595,S41,R6,1
1321219645088,S35,R6,1
1316215133024,W81,R2,1
1314212422341,W13,R6,1
1323222219798,S03,R1,1
1321220551408,S25,R6,1
1318216752838,W19,R5,1
1319218000065,W52,R5,1
1324222783514,S34,R6,1
1321219967268,S24,R5,1
1317215805868,W59,R2,1
1321220319519,S33,R6,1
1324222851329,S21,R6,1
1314212500995,W13,R5,1
1315214067884,W51,R6,1
1319217605979,W89,R1,1
1315213197027,W19,R5,1
1314212491233,W52,R6,1
1323222361255,S44,R2,1
1320218835128,W52,R3,1
1321219898386,S23,R6,1
1323221898164,S04,R5,1
1316215384850,W13,R6,1
1315213681974,W13,R6,1
1314212940478,W50,R5,1
1315215406947,W13,R6,1
1319217714411,W71,R6,1
1317215876766,W53,R5,1
1318217169515,W13,R6,1
1314212426581,W71,R5,1
1314213126927,W52,R5,1
1324223091909,S21,R6,1
1317216230603,W13,R4,1
1324222507915,S21,R2,1
1319218645075,W19,R6,1
1315214215271,W29,R6,1
1321220544415,S25,R6,1
1314212525707,W52,R6,1
1314212586604,W19,R3,1
1321219790108,S35,R6,1
1322221069875,S44,R6,1
1323221565361,S42,R6,1
1317216517730,W15,R5,1
1314212478198,W29,R6,1
1316215015417,W58,R6,1
1320218717371,W36,R5,1
1315213694995,W14,R4,1
1315214203503,W49,R6,1
1322221276177,S44,R4,1
1317215810336,W56,R1,1
1321219805393,S21,R5,1
1317216003929,W50,R6,1
1317216309777,W36,R4,1
1318217432119,W19,R6,1
1314213002126,W31,R5,1
1314212393680,W81,R6,1
1316215663016,W52,R3,1
1317215905252,W19,R5,1
1324222868085,S44,R5,1
1319217666647,W29,R6,1
1323221601875,S21,R6,1
1318216753982,W71,R5,1
1315213696685,W42,R6,1
1315213903709,W89,R1,1
1318217511031,W58,R1,1
1321220076931,S21,R5,1
1319217963848,W89,R2,1
1315214098206,W19,R4,1
1316215102512,W13,R6,1
1323222258889,S34,R6,1
1315213558238,W32,R6,1
1320219245091,W42,R3,1
1322221467347,S11,R2,1
1321220162630,S06,R5,1
1321220173862,S25,R6,1
1317216007740,W65,R5,1
1315213559432,W19,R6,1
1315213883871,W39,R3,1
1316215233420,W56,R1,1
1323221982109,S21,R5,1
1317216369494,W41,R5,1
1317216029621,W42,R4,1
1321220154645,S41,R6,1
1314216437943,W13,R6,1
1316214983595,W21,R2,1
1324222442459,S06,R2,1
1314212405512,W36,R6,1
1321219469499,S24,R6,1
1321220009219,S44,R6,1
1315213721691,W50,R6,1
1318216925711,W36,R5,1
1319217781994,W25,R6,1
1321220357329,S25,R5,1
1315214255604,W58,R6,1
1314212461988,W13,R4,1
1318217047721,W14,R2,1
1323221549759,S35,R6,1
1315214502421,W13,R5,1
1316215116450,W51,R6,1
1318217240769,W58,R6,1
1315213227325,W13,R6,1
1316215166745,W19,R6,1
1322220778803,S25,R5,1
1314212339004,W60,R2,1
1315214305486,W13,R5,1
1322221223718,S21,R6,1
1316214961688,W13,R5,1
1321219711417,S44,R6,1
1322220755146,S25,R1,1
1318216893370,W52,R5,1
1317215852587,W81,R2,1
1314212459438,W42,R3,1
1321219630744,S14,R5,1
1318217483736,W32,R6,1
1319217828134,W65,R6,1
1321219972914,S44,R2,1
1324222585756,S34,R6,1
1321219630771,S06,R6,1
1317218630402,W52,R2,1
1314212481915,W31,R3,1
1317216369518,W13,R5,1
1317216566479,W50,R5,1
1323221976766,S21,R5,1
1322220948436,S44,R2,1
1322221110859,S41,R5,1
1315213857865,W21,R5,1
1316215434061,W39,R6,1
1316215522347,W72,R5,1
1324223084702,S35,R5,1
1322220955280,S35,R6,1
1323221728532,S25,R6,1
1319221498165,W42,R6,1
1324222690810,S14,R6,1
1314212779577,W54,R6,1
1315214146553,W58,R2,1
1316215317342,W52,R6,1
1316215364631,W50,R6,1
1314212303198,W32,R3,1
1317216468658,W19,R3,1
1320219231343,W19,R1,1
1314212687444,W19,R6,1
1322220813923,S03,R3,1
1324222494712,S44,R2,1
1324222569663,S03,R4,1
1320218800009,W19,R6,1
1324222813002,S41,R6,1
1315214288704,W19,R6,1
1315214911669,W43,R4,1
1315213704366,W32,R6,1
1319217694203,W52,R6,1
1324223208366,S24,R6,1
1314211935263,W13,R5,1
1315213610367,W89,R4,1
1322220687863,S23,R2,1
1318218634032,W58,R2,1
1316215063532,W19,R6,1
1315214264273,W58,R4,1
1315213240930,W54,R6,1
1316215015355,W22,R6,1
1315215766650,W58,R6,1
1320219213333,W42,R4,1
1314212464592,W49,R5,1
1321220412795,S22,R6,1
1316215190873,W43,R1,1
1316215569500,W19,R3,1
1320218845788,W49,R6,1
1321220042915,S25,R6,1
1319217824477,W71,R2,1
1315214169613,W89,R5,1
1315214184778,W52,R1,1
1315213841265,W49,R6,1
1316215711274,W58,R6,1
1318217093689,W13,R5,1
1321219627748,S42,R5,1
1315213891272,W50,R2,1
1319217928175,W84,R5,1
1314213044124,W25,R6,1
1314212703704,W89,R6,1
1316214935734,W21,R6,1
1314212359780,W32,R6,1
1321220076210,S05,R5,1
1318217457833,W19,R6,1
1322220797310,S42,R6,1
1319217820758,W63,R3,1
1319217963851,W89,R3,1
1316215045345,W51,R6,1
1318216947933,W29,R4,1
1316215497494,W68,R5,1
1316215067618,W52,R5,1
1322221385418,S34,R6,1
1316215197157,W61,R5,1
1319218233839,W19,R6,1
1322221422076,S21,R2,1
1320218623712,W19,R6,1
1323221558897,S03,R5,1
1315213243660,W81,R6,1
1315213706031,W39,R6,1
1314212554606,W58,R3,1
1316215616261,W61,R1,1
1318217101575,W58,R6,1
1322221112396,S21,R6,1
1314212404026,W42,R3,1
1319217666623,W29,R6,1
1322220921100,S12,R6,1
1317215900806,W19,R1,1
1321219944586,S44,R6,1
1321219949233,S25,R6,1
1314212392839,W42,R3,1
1315214277129,W13,R6,1
1319217761752,W66,R2,1
1323222259398,S06,R6,1
1319218032454,W58,R5,1
1316215598816,W14,R5,1
1320218825356,W64,R6,1
1322221312566,S04,R3,1
1315214343410,W13,R2,1
1315214006342,W52,R5,1
1316215464761,W49,R4,1
1323222343358,S23,R5,1
1314212324192,W81,R6,1
1315214381446,W81,R2,1
1314212555965,W15,R6,1
1318217157015,W36,R6,1
1316215010467,W49,R6,1
1321219529169,S23,R6,1
1318216914832,W19,R6,1
1314212843421,W29,R6,1
1323221614528,S03,R2,1
1323221849235,S04,R5,1
1320219174760,W19,R6,1
1315213743836,W41,R2,1
1315213583925,W39,R6,1
1319218527517,W74,R3,1
1323221681529,S04,R5,1
1324223062629,S21,R6,1
1315219435219,W19,R5,1
1316215136235,W13,R6,1
1314212308961,W58,R4,1
1318217083649,W42,R2,1
1323221527878,S03,R5,1
1321219800063,S21,R4,1
1314212378374,W24,R3,1
1320219281716,W19,R4,1
1317215845773,W42,R1,1
1322221205836,S04,R2,1
1321219694092,S03,R6,1
1324222492466,S41,R6,1
1316215364656,W19,R6,1
1320218765927,W19,R6,1
1322221025644,S25,R6,1
1321222393050,S21,R6,1
1320219247451,W36,R2,1
1314214973479,W13,R6,1
1318216698821,W52,R6,1
1317216168512,W32,R6,1
1321219447036,S44,R2,1
1321219721444,S25,R6,1
1314213065269,W52,R2,1
1314212801106,W50,R3,1
1315213968249,W13,R5,1
1314212900195,W50,R5,1
1315213975156,W13,R2,1
1315213850670,W14,R5,1
1319217883053,W82,R5,1
1322220981132,S41,R6,1
1324222721223,S21,R5,1
1324222727392,S12,R6,1
1322221500465,S42,R5,1
1319217919772,W42,R3,1
1319218198947,W35,R5,1
1315214412342,W36,R4,1
1320219316484,W52,R6,1
1320219386315,W36,R2,1
1320218733119,W55,R6,1
1314212728505,W52,R6,1
1314212777801,W58,R2,1
1318216855926,W13,R6,1
1318217160353,W13,R2,1
1317215909526,W49,R5,1
1316215461676,W49,R3,1
1314212390443,W19,R5,1
1316215590074,W42,R6,1
1315213826819,W13,R6,1
1316214972337,W52,R6,1
1314212553503,W19,R6,1
1320219210236,W58,R3,1
1314212428573,W13,R6,1
1314213044062,W21,R6,1
1321220471662,S35,R6,1
1314213076870,W13,R6,1
1314213133515,W81,R6,1
1314212389720,W58,R3,1
1323221765581,S25,R4,1
1316215168927,W58,R1,1
1322221587367,S21,R6,1
1320219176753,W58,R6,1
1315213805979,W89,R6,1
1314213174562,W58,R3,1
1323222333647,S24,R6,1
1321220568404,S41,R6,1
1315213779135,W19,R2,1
1317216256521,W19,R5,1
1314212774412,W32,R5,1
1314212764690,W36,R5,1
1315213791167,W13,R6,1
1314212402642,W81,R5,1
1315214025456,W29,R6,1
1319218464891,W19,R4,1
1320221547882,W82,R6,1
1315214073532,W58,R2,1
1323221629494,S21,R6,1
1314212626954,W21,R5,1
1320218944243,W61,R4,1
1314213070966,W13,R6,1
1321220205025,S44,R6,1
1315214305601,W13,R6,1
1316215146883,W29,R5,1
1323221613122,S44,R6,1
1323222314813,S24,R4,1
1320219268341,W89,R3,1
1316215065982,W29,R6,1
1316215131614,W52,R5,1
1316215451699,W52,R6,1
1316215462134,W36,R5,1
1318217152420,W51,R3,1
1322220722755,S44,R6,1
1316215065513,W29,R6,1
1322221164371,S42,R6,1
1314215788403,W13,R6,1
1314212962207,W58,R5,1
1321219776592,S04,R4,1
1324222712438,S21,R4,1
1319218273516,W50,R6,1
1317216340822,W19,R5,1
1324222538821,S41,R2,1
1320218909582,W19,R5,1
1319218307510,W14,R6,1
1317215914235,W42,R3,1
1314212770251,W25,R6,1
1315214288692,W19,R6,1
1324222950141,S03,R6,1
1320218700250,W58,R4,1
1316218615185,W42,R3,1
1324222539239,S04,R3,1
1322221300179,S23,R2,1
1315213874567,W14,R5,1
1316216652382,W13,R6,1
1314211886522,W13,R6,1
1321219863267,S35,R6,1
1319218210185,W66,R5,1
1314212321830,W13,R6,1
1315213921164,W43,R1,1
1316215162862,W19,R6,1
1323221967223,S23,R5,1
1319218238374,W58,R3,1
1320219370970,W42,R6,1
1316215049471,W84,R2,1
1324222545194,S01,R2,1
1324222577114,S25,R6,1
1324222925190,S24,R6,1
1323221590906,S21,R6,1
1323221664701,S25,R1,1
1323221736313,S23,R3,1
1324222601510,S24,R6,1
1315214032740,W32,R5,1
1314212536775,W19,R4,1
1315213578661,W29,R3,1
1323221539582,S06,R3,1
1315213629633,W50,R5,1
1316215470992,W58,R3,1
1320218855029,W19,R2,1
1314212648683,W82,R2,1
1315213716208,W52,R3,1
1322221035405,S23,R5,1
1318216912283,W42,R2,1
1320218845838,W81,R6,1
1323221649419,S44,R6,1
1321219857632,S21,R6,1
1316215541715,W29,R5,1
1317216146100,W66,R6,1
1321220238024,S22,R2,1
1315214189072,W42,R3,1
1321220313365,S21,R6,1
1319218225720,W58,R3,1
1322223217136,S21,R3,1
1317216165353,W31,R6,1
1322220839361,S06,R6,1
1320218645517,W74,R3,1
1315214201838,W58,R5,1
1315214073520,W58,R2,1
1318216834679,W64,R3,1
1322220969303,S03,R3,1
1324222673865,S03,R5,1
1314213036534,W13,R6,1
1317216322281,W81,R6,1
1324222598169,S21,R5,1
1320219000371,W14,R6,1
1316215150261,W13,R6,1
1315214250122,W13,R5,1
1314212353003,W14,R6,1
1315213831961,W89,R6,1
1316215342837,W74,R6,1
1316215039912,W33,R6,1
1318217447871,W19,R2,1
1315214346393,W58,R2,1
1323221681467,S04,R6,1
1317215835695,W50,R2,1
1321219678442,S43,R6,1
1322220969467,S03,R6,1
1323221734650,S23,R6,1
1322220978163,S21,R6,1
1316215284985,W58,R6,1
1324222823597,S35,R6,1
1322220726778,S21,R6,1
1322220722490,S23,R6,1
1323221741325,S42,R6,1
1317216464406,W19,R5,1
1319218326635,W58,R5,1
1324222835187,S25,R5,1
1320219349127,W52,R6,1
1319218291969,W58,R6,1
1322220900474,S04,R4,1
1322220761656,S44,R4,1
1323222023994,S41,R6,1
1319218198986,W35,R5,1
1320219383231,W14,R6,1
1322221561374,S42,R5,1
1319218263604,W19,R5,1
1322220969455,S21,R6,1
1314212614414,W42,R2,1
1314212410308,W19,R6,1
1316215290178,W19,R6,1
1324222967655,S02,R5,1
1317215987948,W42,R3,1
1322220768030,S35,R3,1
1321220454730,S21,R6,1
1316215655212,W36,R6,1
1322220763371,S43,R4,1
1321219630795,S41,R6,1
1320218760078,W89,R3,1
1322221016203,S21,R6,1
1315214381295,W13,R6,1
1316215197219,W73,R4,1
1323221607183,S23,R6,1
1315213717426,W50,R6,1
1314212985168,W58,R6,1
1315213223441,W13,R6,1
1314211914318,W41,R3,1
1315213700747,W82,R6,1
1320219343769,W19,R6,1
1323222387084,S34,R6,1
1323221564735,S25,R4,1
1322220853826,S44,R6,1
1314212959136,W13,R6,1
1315213848260,W14,R5,1
1319217978067,W14,R6,1
1320218575443,W59,R6,1
1316215216021,W50,R5,1
1314212781177,W21,R6,1
1314212862496,W71,R6,1
1321219695956,S21,R4,1
1316214985259,W58,R4,1
1320219305760,W58,R1,1
1314212403543,W58,R3,1
1316215624154,W14,R6,1
1323221637059,S44,R6,1
1319217997321,W49,R3,1
1322220642211,S25,R2,1
1322221415045,S22,R2,1
1323221532878,S25,R2,1
1314213115328,W58,R3,1
1316215328725,W71,R6,1
1317215906936,W68,R6,1
1318216905087,W74,R6,1
1319217740962,W19,R6,1
1323222141929,S44,R6,1
1316215697653,W42,R3,1
1323221642743,S23,R1,1
1314212472498,W13,R6,1
1322220922571,S25,R4,1
1314212345336,W58,R5,1
1322220984367,S31,R6,1
1314212759841,W58,R5,1
1320218844672,W50,R2,1
1320218705717,W29,R3,1
1324223089119,S44,R6,1
1315214277143,W13,R6,1
1318217432994,W58,R6,1
1323221638277,S21,R5,1
1322221235993,S05,R6,1
1323222077137,S35,R2,1
1321220313833,S11,R5,1
1322220984785,S44,R6,1
1316215455609,W58,R4,1
1322220680045,S06,R2,1
1321220337861,S44,R6,1
1314212689261,W13,R5,1
1322221043755,S44,R6,1
1319218454167,W29,R6,1
1323221753938,S04,R6,1
1323221536701,S21,R6,1
1322221212463,S25,R6,1
1321219616935,S03,R4,1
1315214243002,W19,R6,1
1317216438921,W84,R4,1
1314212545406,W42,R6,1
1314212560320,W22,R4,1
1319217766397,W19,R6,1
1317215842295,W13,R6,1
1321220412757,S21,R6,1
1314212624973,W89,R2,1
1314212665145,W15,R4,1
1315214107361,W82,R5,1
1316215554407,W58,R6,1
1315213999244,W32,R6,1
1318217661317,W13,R6,1
1319218298418,W83,R6,1
1319218346500,W14,R6,1
1320218607087,W58,R6,1
1318216718837,W71,R5,1
1318217167345,W56,R6,1
1323222346138,S21,R6,1
1319218271827,W13,R6,1
1324222736338,S41,R6,1
1322221467537,S41,R6,1
1321220562730,S42,R6,1
1317215867856,W43,R4,1
1316215413232,W19,R5,1
1320221534454,W56,R6,1
1321220188027,S04,R6,1
1324223002837,S33,R5,1
1319218090254,W19,R5,1
1321220473110,S44,R5,1
1316215162847,W78,R2,1
1321220163000,S05,R5,1
1323222163697,S21,R2,1
1316215258486,W19,R4,1
1314212573226,W42,R5,1
1323221596543,S01,R1,1
1321220007189,S14,R6,1
1320219123751,W36,R2,1
1321219852377,S22,R5,1
1324223141969,S21,R6,1
1318216905846,W41,R1,1
1324222561678,S32,R4,1
1320219381656,W52,R5,1
1318216680114,W19,R6,1
1322221016165,S05,R5,1
1323221749738,S24,R5,1
1319218488500,W68,R6,1
1316215150133,W67,R6,1
1318216924542,W65,R6,1
1316215325604,W50,R6,1
1317216539142,W19,R5,1
1323221586908,S24,R1,1
1324222848552,S31,R6,1
1323221603057,S35,R6,1
1321219910116,S03,R6,1
1316215760188,W82,R6,1
1322220747760,S21,R6,1
1314212543882,W52,R4,1
1316215055904,W14,R5,1
1314212584217,W15,R6,1
1315214156832,W13,R6,1
1323222022271,S21,R6,1
1322221337304,S23,R2,1
1316215127337,W42,R5,1
1321220277457,S35,R6,1
1315214329548,W21,R4,1
1319217915293,W19,R2,1
1314211928320,W81,R1,1
1321220026999,S34,R6,1
1324222481537,S23,R4,1
1319217817790,W19,R6,1
1315213225295,W13,R5,1
1316215580162,W58,R6,1
1317216249209,W42,R2,1
1319218342564,W42,R5,1
1315214457766,W56,R5,1
1316215044126,W13,R6,1
1315214065803,W52,R5,1
1318217271701,W19,R2,1
1314211928332,W82,R1,1
1316215023464,W32,R3,1
1320219192921,W82,R5,1
1320219358658,W82,R3,1
1319218365207,W71,R6,1
1314212876344,W13,R4,1
1323222093383,S44,R5,1
1324223181494,S33,R6,1
1324222594842,S03,R5,1
1322220951180,S21,R6,1
1316215016611,W43,R4,1
1323221950948,S12,R5,1
1320219252374,W82,R5,1
1319218481327,W50,R3,1
1321220153771,S25,R6,1
1322221484898,S23,R4,1
1324222570297,S41,R5,1
1314213128010,W13,R4,1
1317216496529,W19,R4,1
1319220592909,W22,R5,1
1316215033681,W19,R3,1
1319217825847,W81,R5,1
1321219900988,S41,R6,1
1319222367839,W52,R3,1
1315214030936,W52,R6,1
1323222166795,S25,R4,1
1318217423680,W51,R2,1
1315213745146,W13,R6,1
1315213766102,W13,R5,1
1314212716219,W21,R4,1
1324222558013,S03,R2,1
1315213866940,W36,R6,1
1321220195768,S06,R1,1
1315213857408,W58,R6,1
1323221743750,S04,R2,1
1321220544098,S03,R4,1
1324222434538,S21,R6,1
1315213200330,W51,R6,1
1315213940493,W29,R4,1
1321219692908,S23,R6,1
1324222405779,S25,R2,1
1315214295141,W39,R6,1
1315217687817,W49,R6,1
1318217280573,W36,R6,1
1316215168408,W52,R2,1
1316215717253,W42,R3,1
1315213753320,W35,R2,1
1322220823241,S02,R4,1
1317216010280,W51,R5,1
1320219234539,W58,R2,1
1324223030913,S21,R6,1
1315213603525,W42,R2,1
1324222892768,S35,R6,1
1320218705705,W29,R3,1
1317216591558,W19,R1,1
1315213711664,W81,R6,1
1319217883584,W65,R4,1
1318217248107,W21,R6,1
1323221674486,S44,R6,1
1315214355404,W42,R5,1
1315213775998,W81,R5,1
1315214030924,W52,R5,1
1316215724117,W78,R6,1
1320219359395,W56,R4,1
1314212333506,W13,R3,1
1317216201640,W42,R5,1
1315214416315,W52,R3,1
1314212884112,W51,R6,1
1316215616487,W72,R6,1
1319217615020,W19,R4,1
1320219232497,W33,R6,1
1320219414707,W58,R5,1
1315213703388,W84,R6,1
1322221444894,S03,R2,1
1314212321196,W58,R6,1
1321220000994,S44,R3,1
1322220660144,S21,R5,1
1314212333304,W14,R5,1
1314212352470,W71,R1,1
1319217827563,W42,R2,1
1323222227593,S14,R6,1
1316215298124,W82,R6,1
1317217566215,W36,R4,1
1316215760190,W82,R6,1
1314212471433,W36,R6,1
1314212943676,W13,R5,1
1322221159092,S25,R2,1
1316215086214,W14,R3,1
1320219156003,W50,R2,1
1317216376626,W19,R3,1
1321220327668,S25,R6,1
1315214052122,W42,R6,1
1318217149208,W51,R6,1
1323221607878,S35,R6,1
1319217813690,W42,R3,1
1316215329588,W14,R6,1
1317216222202,W41,R5,1
1323221543046,S21,R6,1
1324222676456,S03,R5,1
1324222520227,S41,R5,1
1321219625163,S06,R2,1
1320218653564,W19,R5,1
1318216989715,W36,R6,1
1323221775505,S21,R4,1
1324222682472,S33,R2,1
1320218655621,W58,R6,1
1314212975902,W13,R6,1
1324222528123,S21,R6,1
1321219664455,S41,R6,1
1321220147829,S21,R5,1
1317216076986,W15,R6,1
1321220331831,S06,R2,1
1317217558713,W29,R5,1
1317215819071,W39,R5,1
1314212780148,W21,R6,1
1314213105671,W19,R3,1
1319217735289,W60,R5,1
1316215187764,W56,R1,1
1315213720295,W41,R5,1
1323221533565,S44,R6,1
1323222180073,S23,R5,1
1323222243800,S44,R5,1
1314212841480,W58,R2,1
1322220764536,S03,R2,1
1322221506316,S11,R5,1
1322221006240,S04,R1,1
1322221011719,S44,R6,1
1322221227352,S41,R3,1
1314212979405,W14,R6,1
1322221172467,S21,R6,1
1320218842514,W19,R6,1
1315215179235,W43,R4,1
1316215717000,W19,R6,1
1322221497441,S25,R5,1
1316215745629,W71,R5,1
1316215208885,W52,R5,1
1317216466779,W13,R5,1
1319218289357,W60,R3,1
1323221748128,S31,R6,1
1324222418220,S42,R6,1
1316215620814,W31,R6,1
1319218063079,W52,R3,1
1316217730910,W19,R2,1
1321219456062,S41,R6,1
1318216843262,W13,R6,1
1322220754307,S34,R6,1
1324222964013,S34,R2,1
1314212325183,W32,R6,1
1315213648874,W49,R6,1
1315214430997,W58,R2,1
1320219214119,W19,R6,1
1319217826041,W33,R6,1
1322221429537,S24,R6,1
1324222961625,S21,R6,1
1314213004195,W52,R4,1
1315213894948,W25,R4,1
1316215129851,W21,R6,1
1314212355566,W52,R6,1
1323221835453,S35,R6,1
1318217079565,W42,R2,1
1314212388615,W14,R6,1
1315219722105,W14,R5,1
1322221021886,S03,R4,1
1319218088348,W13,R6,1
1316215316783,W84,R2,1
1318217398496,W58,R6,1
1322221322530,S25,R6,1
1315214019705,W42,R3,1
1320218700286,W54,R5,1
1321219898362,S23,R6,1
1322220797791,S21,R6,1
1321219914140,S35,R5,1
1316215052768,W65,R6,1
1316215768779,W15,R5,1
1321220354157,S25,R3,1
1314212765503,W19,R5,1
1315213984279,W36,R6,1
1322220948588,S21,R1,1
1318217361652,W81,R3,1
1319217971769,W29,R6,1
1315216627935,W58,R2,1
1324222434375,S21,R6,1
1322220745451,S21,R3,1
1322220946014,S11,R6,1
1320218727067,W21,R5,1
1324222579017,S44,R5,1
1314212916682,W58,R2,1
1323221728809,S21,R6,1
1323221950518,S21,R5,1
1323221532928,S06,R1,1
1316215232253,W42,R6,1
1319218134688,W58,R2,1
1324222559751,S44,R2,1
1324222577951,S25,R2,1
1314211950961,W56,R1,1
1318216935128,W29,R6,1
1314213237579,W13,R6,1
1322220766430,S22,R5,1
1324222993976,S21,R6,1
1317215956855,W13,R6,1
1317216246278,W13,R6,1
1324223067188,S44,R6,1
1324222675175,S35,R6,1
1314212653808,W81,R6,1
1323221559634,S23,R5,1
1321219814151,S21,R6,1
1314212466243,W58,R6,1
1316215555590,W58,R6,1
1316215682081,W29,R6,1
1318217071846,W43,R6,1
1317216239261,W42,R4,1
1318218342475,W39,R5,1
1314212684688,W13,R6,1
1323222366128,S41,R6,1
1324223106737,S24,R6,1
1318217021854,W52,R6,1
1314212793778,W13,R6,1
1317216422903,W43,R5,1
1315213957083,W52,R5,1
1318216857882,W50,R6,1
1318216872871,W59,R3,1
1314212801308,W13,R6,1
1323221663988,S21,R4,1
1322221317264,S06,R4,1
1324222840427,S03,R2,1
1321219783406,S03,R5,1
1314212943361,W82,R6,1
1321219634250,S35,R6,1
1322221025493,S24,R6,1
1317216612008,W56,R1,1
1318216839567,W52,R3,1
1319218202632,W19,R4,1
1324223060664,S44,R6,1
1322220921478,S44,R6,1
1322221324231,S11,R3,1
1324222411884,S06,R2,1
1323222001620,S11,R1,1
1324222471702,S22,R5,1
1323221824218,S41,R6,1
1324222748574,S21,R6,1
1317216597397,W52,R5,1
1314212557577,W71,R5,1
1320219182615,W57,R2,1
1318217685864,W49,R2,1
1315214371561,W50,R3,1
1314212638631,W13,R5,1
1314212302614,W39,R2,1
1314212914509,W42,R2,1
1314212945113,W13,R5,1
1315214074128,W19,R6,1
1321220076917,S21,R5,1
1315213244611,W13,R6,1
1319218239352,W19,R2,1
1322220830804,S21,R3,1
1318217282399,W42,R3,1
1314212518219,W13,R6,1
1320218764393,W58,R6,1
1315214136222,W13,R6,1
1321220544946,S21,R5,1
1317216479663,W31,R6,1
1322220941809,S31,R6,1
1324222733040,S25,R1,1
1315214161580,W52,R3,1
1317216204279,W19,R6,1
1315214387060,W52,R6,1
1316215491503,W19,R6,1
1317216499994,W13,R5,1
1321219625326,S44,R6,1
1321219615770,S06,R5,1
1316215166834,W14,R5,1
1321220167466,S03,R2,1
1315214431328,W42,R3,1
1321220034060,S42,R6,1
1315213643923,W42,R4,1
1318216700435,W42,R6,1
1318217221492,W41,R2,1
1324222673840,S03,R4,1
1316215174640,W49,R2,1
1314212855872,W13,R6,1
1317216514341,W71,R6,1
1324223223746,S11,R6,1
1321220109045,S42,R6,1
1320218577029,W13,R4,1
1323222044075,S31,R6,1
1315213537210,W19,R5,1
1321220042016,S25,R6,1
1314212943474,W19,R6,1
1314212501050,W82,R5,1
1315214050142,W13,R4,1
1316215477504,W42,R3,1
1314213115518,W52,R6,1
1315213629417,W58,R3,1
1318217056858,W41,R6,1
1318217345786,W50,R5,1
1316215460585,W89,R6,1
1316215367905,W15,R6,1
1314212479606,W13,R6,1
1322221199565,S21,R6,1
1316215325628,W50,R6,1
1316215399698,W19,R6,1
1316215143595,W19,R6,1
1316215030925,W19,R6,1
1315213615356,W13,R4,1
1316215056591,W13,R6,1
1317216044572,W15,R5,1
1319217859204,W19,R6,1
1324222438398,S21,R6,1
1316215118011,W58,R1,1
1314212622207,W58,R4,1
1316215535170,W82,R6,1
1324222515304,S21,R4,1
1314212447546,W50,R2,1
1318216985438,W50,R6,1
1316215103565,W19,R4,1
1316214983494,W49,R5,1
1322220769436,S21,R6,1
1323221681051,S06,R6,1
1322220767418,S11,R6,1
1324222642858,S21,R6,1
1317218523569,W13,R6,1
1317216604862,W29,R5,1
1321219810660,S25,R2,1
1323221737582,S04,R5,1
1318218622102,W82,R5,1
1322220937282,S21,R6,1
1315214221828,W42,R3,1
1317216129369,W14,R5,1
1322220899470,S23,R5,1
1315214441899,W21,R4,1
1323221549658,S35,R6,1
1320219228208,W58,R2,1
1324222779225,S22,R2,1
1320219149717,W13,R6,1
1323222145207,S44,R5,1
1315213583913,W39,R5,1
1314212454654,W51,R5,1
1321220452256,S21,R5,1
1314212997151,W14,R5,1
1318216742522,W56,R1,1
1318216790788,W52,R6,1
1316215359732,W13,R6,1
1324222746125,S21,R5,1
1317218150682,W19,R6,1
1319217852375,W13,R6,1
1321219910914,S21,R5,1
1319217857059,W82,R2,1
1318216738373,W19,R2,1
1323222326124,S25,R5,1
1319217920317,W52,R5,1
1321220174510,S33,R5,1
1322220739128,S14,R2,1
1319218562561,W13,R5,1
1322220646665,S24,R6,1
1320218825483,W49,R4,1
1315213935291,W49,R6,1
1323221930035,S24,R5,1
1314213062829,W13,R5,1
1324222972251,S35,R2,1
1315213862903,W58,R2,1
1315213625419,W39,R2,1
1321219843529,S44,R5,1
1316215288111,W82,R5,1
1316215437690,W19,R5,1
1315213948829,W49,R2,1
1324222417560,S04,R2,1
1322220662973,S41,R6,1
1314212736235,W13,R2,1
1315213896133,W13,R6,1
1321219653449,S21,R6,1
1322220697383,S21,R6,1
1324222989358,S25,R5,1
1322220961066,S21,R6,1
1320219328919,W19,R6,1
1314212534592,W14,R5,1
1316214916518,W81,R4,1
1321219702418,S43,R6,1
1318216976694,W14,R5,1
1321219606821,S21,R6,1
1319218032542,W58,R5,1
1318217559564,W58,R5,1
1317216114241,W42,R3,1
1315214453666,W82,R4,1
1314212764753,W42,R6,1
1315213945583,W21,R6,1
1315213950013,W13,R6,1
1317216293670,W13,R5,1
1315214039861,W51,R2,1
1316215028705,W58,R6,1
1317216517805,W51,R6,1
1317216250908,W52,R2,1
1323222275796,S44,R4,1
1320218982888,W49,R3,1
1321220116065,S21,R6,1
1322220719355,S41,R2,1
1315213632793,W39,R6,1
1315214038402,W13,R3,1
1320218764140,W19,R3,1
1315213749815,W52,R5,1
1314212972968,W13,R6,1
1317216142380,W19,R6,1
1315213766342,W32,R4,1
1319218423337,W52,R6,1
1314212638035,W52,R6,1
1314212778930,W42,R2,1
1315213617879,W49,R5,1
1316214912913,W64,R5,1
1323222349641,S24,R6,1
1316215516509,W58,R5,1
1316217695257,W52,R6,1
1315213990702,W58,R2,1
1315213602016,W42,R4,1
1314212897538,W56,R6,1
1314212460822,W36,R5,1
1319218244642,W13,R5,1
1321219716343,S35,R6,1
1322220687800,S23,R2,1
1322220698423,S41,R6,1
1318218549160,W58,R1,1
1316215645526,W52,R5,1
1318216847222,W42,R5,1
1323221671682,S44,R6,1
1315214422622,W13,R5,1
1314212814584,W39,R6,1
1316215484027,W81,R6,1
1322221201066,S21,R6,1
1322221448943,S11,R2,1
1323221719038,S35,R5,1
1323222369910,S24,R6,1
1321219615376,S24,R6,1
1317216433793,W51,R6,1
1318217221656,W51,R6,1
1318217760709,W81,R5,1
1319217975883,W19,R6,1
1323221671047,S21,R6,1
1315214148494,W43,R5,1
1315213937269,W58,R5,1
1316215479763,W32,R6,1
1316215539418,W63,R4,1
1317216227316,W42,R3,1
1320219012061,W89,R6,1
1316215215031,W19,R5,1
1322221325943,S21,R4,1
1316215373960,W13,R5,1
1317216150678,W64,R5,1
1314212943551,W39,R6,1
1323221664939,S25,R5,1
1319217675661,W13,R6,1
1323221603071,S44,R6,1
1321220513067,S35,R6,1
1323221645106,S04,R5,1
1323221706361,S25,R2,1
1320219210248,W58,R5,1
1321220024905,S23,R2,1
1322220952574,S23,R1,1
1321219713144,S23,R6,1
1316215604707,W58,R6,1
1316215782069,W58,R6,1
1319218120867,W58,R2,1
1316215236163,W64,R5,1
1314212447460,W29,R1,1
1315213832660,W13,R6,1
1314212872461,W52,R5,1
1324222703555,S06,R6,1
1322220649053,S22,R2,1
1321219716469,S35,R6,1
1320218807838,W42,R3,1
1321220015073,S44,R4,1
1320219079872,W52,R4,1
1324223163217,S06,R4,1
1316215145335,W67,R6,1
1316215551692,W56,R6,1
1317216023111,W84,R3,1
1317215817014,W49,R6,1
1319218044840,W58,R6,1
1316215101825,W71,R4,1
1324223030610,S41,R6,1
1324222696940,S35,R4,1
1323221549746,S42,R4,1
1321219926627,S44,R6,1
1314212322248,W13,R6,1
1318217413133,W19,R5,1
1319218409872,W58,R6,1
1321219816840,S21,R5,1
1318217547405,W49,R6,1
1322221441367,S35,R6,1
1317215816644,W13,R6,1
1319218515486,W19,R2,1
1315213215167,W42,R2,1
1315213694971,W15,R4,1
1315214296206,W19,R6,1
1323222333635,S24,R6,1
1320218872859,W58,R2,1
1323221648049,S34,R6,1
1317216215032,W19,R6,1
1319218198885,W35,R5,1
1314211913912,W19,R5,1
1320219371503,W64,R6,1
1314211952369,W13,R6,1
1317216376638,W50,R6,1
1319218333983,W21,R6,1
1318216691497,W81,R2,1
1315214503815,W13,R5,1
1320219176726,W21,R6,1
1321219811256,S14,R6,1
1317216122667,W19,R3,1
1314212481675,W52,R2,1
1322221340793,S25,R6,1
1314212494090,W32,R6,1
1316215006521,W49,R5,1
1316215765684,W78,R6,1
1321219846413,S42,R6,1
1315213641929,W19,R3,1
1321220310989,S04,R2,1
1317215940735,W68,R5,1
1314211901463,W13,R6,1
1314212728683,W19,R4,1
1315213984281,W36,R6,1
1315214406656,W58,R2,1
1314213045471,W74,R3,1
1323222047274,S21,R5,1
1321219752173,S44,R6,1
1315213766367,W32,R4,1
1320219381694,W52,R5,1
1322220834980,S25,R4,1
1322220917886,S44,R5,1
1319218365219,W71,R6,1
1319217934506,W81,R3,1
1320219025754,W84,R3,1
1323221724937,S14,R6,1
1323221727290,S14,R3,1
1316214927067,W42,R6,1
1316215319144,W13,R6,1
1315214406389,W39,R5,1
1316215837372,W78,R5,1
1319217794217,W58,R5,1
1315213929084,W14,R6,1
1317216090163,W42,R3,1
1322221249446,S21,R6,1
1314212321614,W13,R6,1
1316215460561,W89,R6,1
1323221535697,S35,R6,1
1315213538287,W19,R6,1
1314211925437,W39,R5,1
1314213072667,W49,R3,1
1315214388858,W21,R6,1
1323221724949,S35,R6,1
1314213027459,W65,R3,1
1316215655198,W39,R6,1
1324222568659,S03,R1,1
1315214313583,W36,R6,1
1315213704974,W41,R2,1
1322220887588,S44,R6,1
1314213104680,W74,R2,1
1321220619706,S35,R6,1
1323221875279,S41,R5,1
1317216193540,W58,R2,1
1316215218013,W41,R5,1
1315214266037,W74,R4,1
1314212558959,W52,R6,1
1314212334395,W19,R4,1
1317215803786,W13,R6,1
1314215788631,W52,R6,1
1317216592776,W19,R6,1
1318216885501,W49,R6,1
1316215692373,W13,R6,1
1322220892689,S24,R6,1
1318217438466,W19,R2,1
1314212652642,W14,R5,1
1324222750960,S04,R3,1
1315213564545,W42,R5,1
1316218588743,W14,R6,1
1319218503631,W58,R5,1
1317218630453,W52,R2,1
1321220452561,S33,R6,1
1316215120066,W29,R2,1
1314212881698,W39,R6,1
1315214136335,W66,R6,1
1324222592848,S04,R5,1
1319217707672,W52,R2,1
1314211916313,W78,R5,1
1316214964999,W19,R5,1
1314211901549,W13,R3,1
1316215320401,W58,R2,1
1323221814852,S24,R6,1
1317216454847,W13,R6,1
1317216214926,W19,R6,1
1318217495997,W52,R6,1
1314212865063,W58,R3,1
1314212900260,W50,R5,1
1314212904888,W52,R5,1
1314212929436,W68,R6,1
1316214994497,W89,R3,1
1319217884283,W64,R4,1
1324222418333,S42,R6,1
1320218839900,W49,R6,1
1314212578367,W42,R1,1
1315214099121,W55,R2,1
1324222671099,S31,R6,1
1314213057060,W35,R6,1
1319218140438,W14,R6,1
1319217961515,W58,R2,1
1322220651071,S44,R6,1
1316215205485,W14,R6,1
1315213926886,W68,R6,1
1316215162823,W19,R6,1
1316215014681,W84,R2,1
1316215162811,W71,R4,1
1321219658008,S03,R5,1
1323221828395,S22,R1,1
1315213781279,W13,R5,1
1321220205013,S31,R6,1
1316215083852,W19,R5,1
1314212516722,W58,R2,1
1315213791849,W81,R2,1
1315214442737,W13,R5,1
1314212322390,W13,R6,1
1317216264046,W19,R5,1
1318217095759,W71,R6,1
1318217218231,W56,R6,1
1319218166027,W32,R2,1
1315213196862,W51,R3,1
1322221402389,S24,R6,1
1317216425595,W19,R4,1
1314212750057,W58,R6,1
1316215446170,W13,R4,1
1322220679322,S21,R6,1
1319217959511,W89,R6,1
1317215851686,W56,R6,1
1323222350896,S14,R3,1
1316215044189,W13,R6,1
1317216025128,W82,R4,1
1315214339172,W13,R6,1
1317216117034,W22,R4,1
1316215575515,W36,R6,1
1316215394887,W31,R6,1
1318217588134,W50,R5,1
1319219044512,W19,R2,1
1323222229647,S22,R3,1
1324222502534,S22,R6,1
1316215738636,W82,R2,1
1324223229562,S44,R6,1
1320218829339,W58,R5,1
1323221860024,S02,R2,1
1317216584995,W19,R6,1
1322222301855,S24,R6,1
1316215506318,W81,R6,1
1320219275878,W51,R5,1
1314212688194,W84,R1,1
1314211904661,W42,R3,1
1314212342911,W19,R5,1
1321219751245,S21,R5,1
1324222924401,S35,R6,1
1322221261530,S42,R5,1
1316215080134,W32,R6,1
1315215804509,W58,R6,1
1314212572109,W52,R3,1
1315213605544,W74,R6,1
1314212347710,W19,R6,1
1314212746832,W39,R6,1
1324222992164,S24,R6,1
1321219704614,S11,R3,1
1316215615384,W61,R1,1
1315214191722,W81,R1,1
1320218707281,W81,R6,1
1317216580757,W58,R5,1
1316215232289,W32,R6,1
1317216402622,W13,R6,1
1315213800143,W74,R6,1
1320218813982,W13,R6,1
1319218082788,W19,R5,1
1315214295180,W39,R6,1
1317216488371,W82,R6,1
1314211899810,W82,R2,1
1315213727922,W19,R5,1
1321219910193,S06,R6,1
1319217963089,W19,R6,1
1314212322337,W13,R6,1
1320219374776,W13,R6,1
1320219360094,W19,R5,1
1314212595829,W42,R6,1
1317216591255,W19,R5,1
1315214294314,W42,R2,1
1319218193629,W49,R6,1
1320218886416,W73,R4,1
1317216486213,W24,R6,1
1318216983510,W52,R6,1
1320219337728,W82,R5,1
1324222770380,S25,R1,1
1320219126962,W42,R1,1
1315213962347,W19,R6,1
1322220680058,S06,R3,1
1315214492961,W50,R6,1
1318217152432,W51,R3,1
1319218377531,W19,R3,1
1322221008865,S44,R6,1
1320218832436,W52,R2,1
1320218981278,W19,R6,1
1324222518793,S23,R2,1
1318218342499,W13,R5,1
1322221202219,S44,R6,1
1324222803708,S24,R2,1
1319218197539,W52,R5,1
1321220432684,S42,R6,1
1320218659302,W59,R4,1
1321219769092,S03,R5,1
1318217031739,W42,R4,1
1319217970134,W31,R6,1
1323222333027,S42,R6,1
1316215256862,W14,R6,1
1314212399669,W13,R6,1
1314212481030,W41,R6,1
1322220686479,S03,R3,1
1318217149133,W51,R6,1
1315213949997,W13,R6,1
1317216269528,W49,R2,1
1315213195617,W49,R5,1
1315214032726,W13,R6,1
1320218813994,W13,R6,1
1320219137890,W58,R2,1
1315213745969,W52,R6,1
1321220485357,S24,R3,1
1315214240350,W52,R6,1
1322220877435,S35,R2,1
1323221710130,S33,R5,1
1321220188039,S22,R6,1
1323221555168,S11,R6,1
1314212797385,W19,R6,1
1323222043996,S35,R6,1
1315213782838,W41,R2,1
1323221684715,S44,R6,1
1317216010266,W51,R5,1
1324223038771,S21,R6,1
1314212603207,W73,R2,1
1318217181371,W52,R5,1
1320219337680,W58,R5,1
1318217322484,W58,R6,1
1314212541066,W21,R6,1
1323221870052,S24,R6,1
1321219615933,S44,R6,1
1322220741197,S06,R2,1
1315214218784,W52,R4,1
1314212498253,W32,R4,1
1316215101849,W71,R4,1
1322220824445,S25,R6,1
1322220899215,S11,R6,1
1315214403192,W52,R6,1
1323222068936,S25,R6,1
1314212654293,W81,R6,1
1317215941826,W15,R6,1
1323221611332,S06,R6,1
1316215329879,W42,R1,1
1317215812456,W81,R6,1
1317216517452,W19,R6,1
1317216895514,W51,R3,1
1318217393762,W49,R3,1
1315215179680,W49,R2,1
1315214215321,W29,R6,1
1319218284471,W50,R6,1
1316215514959,W42,R6,1
1324222776751,S06,R1,1
1321219788609,S14,R3,1
1323222077214,S23,R5,1
1319218482432,W13,R6,1
1320219305291,W50,R6,1
1315213751718,W49,R6,1
1322220646982,S35,R2,1
1320218596462,W58,R4,1
1321219995824,S02,R1,1
1318216747170,W29,R6,1
1323221899279,S24,R4,1
1315214324725,W19,R6,1
1323222109035,S44,R6,1
1317216495566,W41,R6,1
1319218486746,W52,R5,1
1324222947069,S35,R6,1
1314212652681,W81,R6,1
1315213755491,W19,R6,1
1323221843600,S11,R6,1
1320219283470,W82,R5,1
1314212322301,W13,R6,1
1319218252928,W58,R6,1
1316215193855,W13,R6,1
1317215871839,W59,R6,1
1317215816620,W13,R6,1
1317216146819,W19,R6,1
1315214331441,W13,R6,1
1317215940762,W71,R5,1
1321219686197,S41,R6,1
1316217692767,W63,R5,1
1322221556982,S03,R5,1
1319218303283,W13,R6,1
1317216013021,W36,R6,1
1314212340172,W13,R6,1
1315214247088,W31,R1,1
1321220591034,S44,R6,1
1315214144406,W36,R6,1
1316215477617,W58,R1,1
1317216315097,W52,R6,1
1323222338840,S11,R6,1
1319217908538,W52,R4,1
1316215628090,W58,R5,1
1319217830684,W56,R2,1
1322220838142,S23,R6,1
1316215544901,W19,R6,1
1321219469739,S44,R4,1
1320220657492,W13,R6,1
1317216000430,W82,R4,1
1315213965876,W51,R2,1
1316215037843,W82,R6,1
1323222337990,S21,R6,1
1323221975903,S44,R6,1
1319217730720,W58,R3,1
1320219242649,W82,R6,1
1321220302335,S21,R2,1
1324222853436,S03,R4,1
1323221548629,S41,R6,1
1314212878526,W58,R6,1
1318219430927,W19,R3,1
1322221112319,S41,R5,1
1314212501047,W51,R2,1
1323222295228,S44,R6,1
1314213121813,W49,R5,1
1315213962398,W19,R6,1
1314213104781,W29,R6,1
1318217139411,W42,R6,1
1314212322349,W13,R6,1
1314213183888,W13,R6,1
1315214459113,W39,R4,1
1316214987442,W21,R6,1
1323222381915,S21,R5,1
1323222092470,S44,R5,1
1321220512394,S35,R5,1
1320218679330,W58,R5,1
1322221188600,S21,R4,1
1320218865842,W19,R6,1
1315213629621,W51,R6,1
1322222301830,S24,R6,1
1314212847899,W82,R4,1
1316215200116,W52,R6,1
1317215942335,W71,R5,1
1321220140887,S44,R6,1
1316215027095,W15,R6,1
1315214509263,W58,R5,1
1323221751403,S21,R6,1
1324222473706,S02,R3,1
1314212390001,W19,R6,1
1323221538756,S06,R2,1
1324223141957,S21,R6,1
1321220257137,S03,R4,1
1318216786994,W58,R3,1
1321220627069,S21,R6,1
1322221046788,S21,R5,1
1324222720753,S41,R3,1
1323221954997,S24,R6,1
1314212906440,W81,R6,1
1314212943373,W39,R6,1
1322221449768,S23,R6,1
1315214266013,W19,R5,1
1319218207520,W15,R5,1
1315214417127,W23,R3,1
1319218529372,W50,R5,1
1322220984811,S03,R4,1
1315213962335,W52,R6,1
1324222980878,S25,R6,1
1320218667424,W42,R2,1
1324222494015,S33,R6,1
1315214025468,W19,R6,1
1319217771652,W56,R4,1
1316215184300,W59,R6,1
1315214277117,W13,R6,1
1316215114846,W19,R6,1
1316215161530,W51,R5,1
1319218353009,W19,R6,1
1314212803643,W53,R3,1
1317216579944,W33,R6,1
1314212937965,W13,R6,1
1324222522106,S41,R6,1
1317216251470,W84,R1,1
1319217971771,W29,R6,1
1315213858018,W42,R4,1
1321220641221,S35,R6,1
1324222757294,S22,R3,1
1317216433779,W51,R6,1
1318217149119,W51,R6,1
1319218454205,W32,R6,1
1317215831367,W19,R6,1
1323221534050,S25,R1,1
1317216335113,W89,R4,1
1315214264780,W42,R1,1
1321219688672,S25,R5,1
1323221644279,S04,R2,1
1320218653069,W43,R2,1
1321220542791,S44,R6,1
1320219001120,W39,R6,1
1316215289733,W74,R3,1
1314212932406,W73,R5,1
1324222856318,S44,R6,1
1322220779882,S03,R2,1
1322221371382,S02,R6,1
1320218932388,W42,R2,1
1316215534696,W52,R5,1
1321220562868,S25,R6,1
1315213700735,W82,R6,1
1319217848567,W52,R5,1
1324222673954,S03,R5,1
1319217666650,W29,R6,1
1315213969090,W58,R5,1
1318217383342,W19,R6,1
1318217402585,W52,R5,1
1314212647731,W14,R6,1
1324222598106,S21,R6,1
1318216675165,W58,R6,1
1318217282387,W56,R6,1
1314212646715,W15,R1,1
1320219001548,W71,R4,1
1314213031622,W49,R2,1
1314212322251,W13,R6,1
1315213615786,W52,R6,1
1323222070892,S06,R3,1
1320218624854,W14,R6,1
1317215820616,W19,R5,1
1320219374752,W13,R6,1
1316215023526,W32,R4,1
1314212647756,W58,R6,1
1314212900068,W13,R6,1
1317216454850,W13,R6,1
1316215015342,W19,R6,1
1322221434739,S24,R6,1
1317216117200,W42,R6,1
1323223208733,S41,R6,1
1317216369049,W82,R6,1
1316218598833,W89,R2,1
1320219295639,W13,R6,1
1318216858732,W21,R6,1
1317216010936,W13,R5,1
1318216725566,W42,R2,1
1321219610348,S04,R6,1
1314212877308,W50,R5,1
1315214006379,W52,R5,1
1315214203491,W49,R6,1
1316215205422,W13,R6,1
1324222879280,S21,R6,1
1321219985569,S23,R2,1
1320218750178,W81,R6,1
1324222902785,S21,R5,1
1315213689336,W50,R5,1
1316215034226,W81,R2,1
1322221338801,S24,R6,1
1323221674765,S04,R1,1
1314212335931,W78,R6,1
1316215362157,W19,R6,1
1324222982252,S22,R6,1
1322221339930,S12,R6,1
1315214203465,W58,R6,1
1316214926964,W32,R6,1
1324222603969,S25,R2,1
1322221396447,S03,R5,1
1319218449078,W51,R4,1
1315213557679,W31,R6,1
1321221534579,S11,R6,1
1314213072539,W49,R2,1
1322221059912,S04,R2,1
1316215462730,W89,R6,1
1321220390443,S42,R5,1
1316214971879,W14,R6,1
1321219812272,S21,R6,1
1319218110260,W52,R5,1
1320219394259,W13,R6,1
1319217968205,W52,R5,1
1322220705673,S21,R6,1
1317215970652,W13,R4,1
1324222681619,S41,R6,1
1317215943251,W68,R6,1
1324223034657,S42,R6,1
1317215842081,W58,R6,1
1320219391719,W57,R1,1
1314214919060,W42,R1,1
1317216373884,W58,R6,1
1315213210154,W23,R6,1
1314212427138,W14,R5,1
1323221983063,S06,R4,1
1315213617564,W13,R2,1
1320219054222,W19,R5,1
1322220687990,S25,R1,1
1320218619195,W15,R3,1
1321220325714,S35,R6,1
1319217861537,W19,R1,1
1324222800486,S24,R2,1
1316214898114,W56,R1,1
1321220425401,S24,R6,1
1315213633264,W13,R6,1
1324222594816,S03,R2,1
1320218813970,W13,R6,1
1317216402661,W13,R6,1
1318217074069,W49,R3,1
1317216234272,W58,R2,1
1314212694766,W51,R4,1
1323221544327,S24,R2,1
1323222078800,S21,R6,1
1315214112056,W82,R1,1
1314212576514,W36,R3,1
1314212488237,W31,R4,1
1315213772888,W52,R6,1
1316215742077,W42,R5,1
1323221821426,S21,R6,1
1321220490268,S03,R5,1
1315213841897,W58,R2,1
1316215362169,W19,R6,1
1315213791775,W58,R2,1
1315213926088,W19,R6,1
1315214381737,W42,R6,1
1317216129407,W19,R4,1
1323221534542,S21,R4,1
1315214257026,W42,R5,1
1320218831586,W19,R6,1
1314212368563,W42,R3,1
1316215092572,W13,R6,1
1319218300402,W89,R1,1
1321219468814,S11,R1,1
1321219529171,S23,R6,1
1319218011017,W58,R6,1
1321219919469,S44,R2,1
1315214357550,W64,R6,1
1319218576852,W19,R5,1
1314213021328,W14,R2,1
1318217630021,W42,R6,1
1314213076868,W21,R6,1
1323221747708,S31,R6,1
1320219170747,W13,R6,1
1314212637995,W29,R2,1
1317216269718,W82,R6,1
1320219212750,W82,R6,1
1322220732453,S21,R6,1
1321219673732,S14,R4,1
1315213557655,W31,R6,1
1324222851432,S21,R6,1
1323221550825,S23,R2,1
1323221664636,S21,R6,1
1321220452635,S25,R6,1
1324222411098,S12,R6,1
1315214059990,W49,R5,1
1324222563645,S44,R5,1
1323221824156,S41,R6,1
1324222578989,S44,R5,1
1316215474127,W53,R5,1
1323221650512,S25,R1,1
1320218750154,W81,R6,1
1314214973378,W13,R6,1
1314212920666,W19,R5,1
1324223106042,S44,R6,1
1314212943462,W19,R6,1
1318218636835,W68,R6,1
1317216604900,W13,R6,1
1320219374788,W13,R6,1
1314212551372,W29,R6,1
1314212555977,W15,R6,1
1316214978658,W74,R6,1
1316215027006,W19,R5,1
1324222473516,S44,R6,1
1319217966973,W51,R2,1
1322220663429,S43,R6,1
1321219600362,S11,R6,1
1316215201839,W53,R2,1
1320219109749,W56,R4,1
1324222423345,S03,R2,1
1321220452650,S25,R6,1
1315214015315,W19,R6,1
1314212674129,W14,R5,1
1317216208746,W81,R2,1
1315214256467,W19,R6,1
1315214357648,W52,R6,1
1314212471940,W50,R6,1
1316215390814,W82,R4,1
1321219815800,S02,R2,1
1320219134665,W29,R2,1
1320219140086,W53,R2,1
1314212325132,W32,R6,1
1319218588756,W58,R6,1
1319217791627,W58,R6,1
1316215719737,W82,R5,1
1324222598219,S23,R6,1
1315213847864,W58,R6,1
1320219342894,W19,R6,1
1316215390511,W58,R6,1
1314212858791,W13,R6,1
1323221629025,S44,R6,1
1324222858223,S21,R3,1
1321219654288,S24,R6,1
1323222286041,S34,R4,1
1320219002730,W59,R5,1
1324222469088,S43,R6,1
1316215534658,W52,R5,1
1322220935997,S06,R2,1
1315214009969,W19,R1,1
1315214191886,W21,R6,1
1322220799617,S03,R4,1
1324222453969,S25,R5,1
1324222848929,S35,R6,1
1315214417230,W83,R6,1
1319217782147,W13,R6,1
1320218781591,W58,R1,1
1324222750958,S04,R3,1
1324222712198,S21,R6,1
1320218734871,W82,R5,1
1321220297725,S44,R6,1
1318220625990,W14,R6,1
1323222395384,S04,R5,1
1318217199557,W81,R5,1
1316215549128,W64,R6,1
1316215023476,W32,R3,1
1323221836404,S21,R6,1
1318217444936,W68,R5,1
1318218160315,W19,R5,1
1320218787846,W52,R5,1
1316215054519,W14,R6,1
1314212386686,W43,R2,1
1314212549190,W81,R6,1
1316214977934,W42,R5,1
1316215531029,W52,R2,1
1324222602260,S43,R6,1
1324222675454,S25,R4,1
1319218313474,W58,R2,1
1320219268606,W41,R4,1
1322221467006,S02,R2,1
1324222430795,S02,R2,1
1324222561615,S44,R6,1
1314212320853,W58,R4,1
1315213762343,W36,R2,1
1314212498517,W51,R2,1
1324222987087,S35,R6,1
1315213643063,W55,R6,1
1324223153800,S05,R5,1
1320219224185,W13,R6,1
1321220554087,S03,R5,1
1318217091178,W52,R3,1
1322220707537,S21,R6,1
1315214061069,W42,R6,1
1324223010404,S41,R5,1
1322220677759,S21,R6,1
1316215044227,W13,R6,1
1324222910770,S23,R6,1
1315213839133,W74,R6,1
1323222273652,S43,R5,1
1323222221602,S41,R5,1
1323223228317,S41,R6,1
1320219290057,W82,R4,1
1321222524201,S44,R6,1
1321220443550,S25,R5,1
1321219719414,S23,R1,1
1316215018932,W58,R6,1
1321219762945,S21,R5,1
1320218885046,W43,R5,1
1315214390270,W14,R6,1
1314213027446,W14,R3,1
1315214331530,W13,R6,1
1319218236887,W49,R2,1
1315214089017,W13,R4,1
1315214436711,W19,R6,1
1318216777971,W74,R6,1
1318216830063,W73,R2,1
1316215552163,W89,R6,1
1321220027419,S34,R6,1
1316215205410,W13,R6,1
1323221540040,S35,R6,1
1315214250286,W58,R5,1
1315214147896,W19,R6,1
1324222835338,S03,R4,1
1323221714619,S42,R6,1
1316214908764,W66,R5,1
1314211899214,W42,R5,1
1314213104843,W29,R6,1
1323221684158,S03,R2,1
1319218562508,W58,R6,1
1319218398651,W19,R6,1
1314212342947,W15,R6,1
1314212679726,W75,R6,1
1324223134836,S41,R6,1
1317220606507,W13,R6,1
1323222103362,S06,R2,1
1324222583231,S21,R6,1
1315214278018,W58,R4,1
1321222083925,S25,R4,1
1315213873262,W56,R3,1
1324222437853,S23,R2,1
1322221082276,S05,R4,1
1317216031690,W49,R3,1
1319218350561,W13,R5,1
1324222416378,S06,R5,1
1323221846759,S05,R5,1
1324222734055,S41,R6,1
1317216058610,W13,R6,1
1315214106484,W13,R6,1
1315213732290,W19,R5,1
1314212364741,W42,R5,1
1316215587256,W19,R5,1
1315214105025,W15,R6,1
1322221336959,S21,R6,1
1314212528069,W41,R6,1
1317216895490,W51,R3,1
1322221155118,S34,R6,1
1322220969481,S03,R6,1
1314212391763,W58,R6,1
1314212862991,W75,R1,1
1315213900273,W39,R6,1
1316215554217,W58,R5,1
1316215604733,W52,R2,1
1315215827686,W52,R6,1
1314213025897,W42,R5,1
1316214954455,W52,R6,1
1322220841466,S44,R2,1
1321219879210,S25,R3,1
1324222980322,S25,R6,1
1324223165958,S44,R1,1
1314212630394,W58,R2,1
1315213984154,W51,R2,1
1324222578991,S44,R5,1
1315214247266,W49,R3,1
1316214917926,W63,R6,1
1314212666212,W58,R6,1
1314212674131,W13,R5,1
1320218624068,W33,R5,1
1314213100009,W19,R2,1
1316215321771,W32,R6,1
1320219341068,W89,R2,1
1315213678269,W19,R6,1
1316215065210,W19,R5,1
1317215957263,W13,R3,1
1320218865792,W19,R6,1
1322220978516,S21,R5,1
1324223058518,S25,R3,1
1323221668926,S35,R4,1
1318217152471,W51,R3,1
1315213699123,W53,R2,1
1321220222323,S35,R5,1
1320219203849,W19,R6,1
1324222437093,S03,R3,1
1314212953956,W15,R6,1
1316215016015,W59,R2,1
1315215827585,W52,R6,1
1315214425872,W14,R3,1
1314212696316,W50,R3,1
1317216289482,W42,R6,1
1315215075781,W50,R5,1
1315213962386,W50,R6,1
1321220660955,S21,R6,1
1314212426389,W19,R6,1
1314212641688,W31,R6,1
1316215694821,W19,R6,1
1314212637944,W49,R2,1
1321219783798,S44,R6,1
1318217060235,W58,R6,1
1314212403291,W52,R5,1
1318216912838,W19,R6,1
1318216747182,W29,R6,1
1319217629120,W82,R3,1
1314212440263,W32,R6,1
1324222682142,S23,R5,1
1314212878730,W52,R2,1
1322221371370,S11,R6,1
1323221609860,S21,R6,1
1322221399746,S35,R6,1
1318216709788,W52,R6,1
1322220656540,S35,R6,1
1314213003736,W19,R4,1
1316214949188,W19,R6,1
1321219577804,S24,R2,1
1318216926182,W52,R5,1
1314212942054,W39,R5,1
1322220732818,S44,R6,1
1315213716259,W52,R3,1
1315213950153,W13,R6,1
1323221944313,S05,R3,1
1317216539128,W19,R6,1
1324222986996,S35,R6,1
1314212779589,W71,R6,1
1314212829206,W52,R1,1
1321220607182,S21,R6,1
1321219857366,S23,R6,1
1315213716374,W14,R2,1
1316215079904,W89,R5,1
1321220041937,S25,R6,1
1323222346672,S35,R3,1
1314212499723,W52,R5,1
1321219931589,S41,R6,1
1314212881458,W50,R6,1
1321219601945,S23,R4,1
1320219236674,W19,R6,1
1324222746226,S06,R5,1
1321220552828,S35,R6,1
1320218825444,W49,R4,1
1314212932230,W21,R6,1
1320218906182,W42,R4,1
1320219146267,W19,R6,1
1321219662640,S06,R6,1
1322221479355,S02,R1,1
1320222367272,W19,R5,1
1319217825355,W64,R6,1
1315214006330,W52,R5,1
1316215401694,W81,R6,1
1316215709902,W50,R5,1
1316215251505,W19,R6,1
1317216013829,W41,R6,1
1322220674194,S23,R2,1
1324223228495,S41,R6,1
1314212679361,W42,R6,1
1315213645017,W52,R5,1
1314212670273,W50,R6,1
1314212669384,W13,R6,1
1324222413597,S44,R6,1
1323221681517,S04,R5,1
1324223165147,S06,R2,1
1321219984186,S21,R6,1
1320218888307,W58,R6,1
1315214367447,W51,R2,1
1322221384579,S03,R4,1
1322220663239,S04,R6,1
1321219728072,S04,R6,1
1316214900019,W13,R6,1
1322221441328,S35,R6,1
1320219278138,W15,R6,1
1320219386291,W39,R2,1
1318217218647,W19,R5,1
1314211928270,W71,R4,1
1316215290747,W13,R5,1
1321219935830,S14,R5,1
1315214184780,W71,R1,1
1317215972504,W19,R6,1
1323221823937,S41,R6,1
1315213904093,W39,R5,1
1317215988700,W58,R2,1
1318217505698,W19,R4,1
1322221155169,S34,R6,1
1323221816717,S44,R6,1
1321219704626,S03,R6,1
1320218863330,W15,R6,1
1315214314736,W13,R6,1
1323221651868,S44,R2,1
1315213592571,W52,R3,1
1316215120318,W29,R6,1
1323222070880,S06,R6,1
1323221577099,S44,R4,1
1323221772015,S24,R6,1
1322220803783,S34,R6,1
1314212556029,W15,R6,1
1323222354452,S34,R6,1
1315213937295,W52,R5,1
1316215310335,W13,R6,1
1314212712549,W15,R6,1
1324222418182,S05,R6,1
1324222808887,S24,R5,1
1321220282382,S03,R2,1
1321221498088,S03,R5,1
1319218244592,W13,R5,1
1323221537273,S21,R2,1
1317216148763,W82,R2,1
1315214384758,W50,R6,1
1317215973191,W82,R4,1
1315214074130,W13,R5,1
1315213661996,W19,R5,1
1324222458731,S03,R3,1
1321220259978,S03,R6,1
1323222044048,S31,R6,1
1321219853417,S35,R6,1
1323221900766,S03,R2,1
1321220660930,S21,R6,1
1322221433598,S14,R5,1
1319218454039,W19,R3,1
1319218344998,W42,R4,1
1316215253206,W19,R6,1
1322220920425,S21,R6,1
1315214392627,W15,R6,1
1314212695403,W32,R6,1
1319218395960,W52,R5,1
1314212330322,W42,R5,1
1322220639722,S06,R6,1
1320219343629,W19,R5,1
1316215782071,W58,R6,1
1322221349576,S25,R2,1
1316215020456,W71,R3,1
1320222370621,W43,R1,1
1316215454570,W58,R6,1
1315214356711,W51,R2,1
1317215918576,W42,R3,1
1318216913855,W71,R3,1
1314212772293,W73,R2,1
1316218160291,W58,R6,1
1316215102536,W58,R6,1
1321220091464,S03,R1,1
1322220830172,S44,R6,1
1323222154460,S24,R4,1
1319218206694,W58,R2,1
1315213907393,W21,R6,1
1315215816455,W51,R4,1
1317215971324,W13,R6,1
1314212724468,W42,R5,1
1318216867667,W51,R2,1
1324222704114,S41,R6,1
1321221565272,S11,R6,1
1315213979774,W58,R5,1
1316215027032,W19,R5,1
1319217769165,W13,R6,1
1322220858221,S34,R6,1
1324222677268,S21,R6,1
1322221058668,S25,R6,1
1315214339285,W13,R6,1
1314212542296,W49,R3,1
1315213672862,W82,R1,1
1314212711838,W53,R1,1
1321219469018,S24,R3,1
1324222972376,S03,R1,1
1316214922130,W50,R5,1
1315214112068,W82,R2,1
1321220015477,S44,R6,1
1323221821465,S03,R4,1
1324222671152,S31,R6,1
1322221307349,S24,R6,1
1314212777611,W19,R5,1
1321219969704,S21,R3,1
1317216382150,W50,R5,1
1321219817285,S11,R2,1
1323221587328,S21,R5,1
1321219864269,S06,R4,1
1321220109033,S21,R6,1
1323221642945,S24,R5,1
1315213624291,W49,R6,1
1314212687469,W89,R6,1
1314212536799,W58,R5,1
1318217185053,W58,R2,1
1316215027044,W19,R6,1
1315213241728,W13,R2,1
1314212944437,W39,R6,1
1316215413220,W19,R5,1
1319218532176,W50,R2,1
1315214104919,W29,R6,1
1314212536383,W58,R5,1
1319217707912,W19,R5,1
1314212478224,W42,R3,1
1314212637957,W29,R2,1
1314214937512,W58,R6,1
1320218778569,W52,R3,1
1315213921176,W53,R4,1
1320218784647,W82,R6,1
1323222350884,S11,R3,1
1318217592157,W13,R5,1
1322221126865,S43,R6,1
1323221605177,S04,R2,1
1318217450206,W58,R2,1
1318216954432,W13,R6,1
1322220780884,S23,R3,1
1319217707924,W19,R5,1
1317216380194,W14,R6,1
1318216835900,W71,R6,1
1319218206706,W58,R2,1
1317216440370,W58,R2,1
1324223230879,S41,R3,1
1322221328091,S43,R2,1
1319218295727,W19,R4,1
1315214174411,W42,R4,1
1317215984117,W19,R6,1
1320218957037,W58,R6,1
1316215037856,W14,R6,1
1316215477555,W58,R2,1
1324222560082,S05,R6,1
1324223044494,S23,R6,1
1319218127987,W82,R6,1
1320218694192,W29,R6,1
1319218515536,W58,R2,1
1320218704688,W82,R3,1
1323221815400,S21,R6,1
1324222502496,S44,R6,1
1322220917948,S11,R5,1
1319218474260,W58,R2,1
1315213696659,W42,R6,1
1324223047352,S11,R5,1
1324222469090,S21,R6,1
1323222198549,S41,R5,1
1315215179678,W49,R2,1
1319218051934,W82,R6,1
1317215995263,W82,R6,1
1320218873572,W74,R5,1
1321219892066,S23,R5,1
1319218058446,W64,R5,1
1318216944999,W19,R5,1
1314212749218,W39,R6,1
1318217630019,W42,R6,1
1320218962722,W56,R5,1
1315214361533,W58,R3,1
1320218768214,W14,R6,1
1316215094499,W14,R6,1
1317215808938,W58,R6,1
1320219072232,W19,R5,1
1317215923727,W81,R5,1
1315213741681,W15,R6,1
1314212322364,W13,R6,1
1315214245918,W58,R3,1
1320218724591,W82,R6,1
1316215541069,W29,R5,1
1320218759330,W52,R2,1
1314212471383,W41,R6,1
1318216687362,W19,R3,1
1320219159959,W52,R5,1
1314212737643,W52,R6,1
1319218003566,W14,R5,1
1314212589915,W19,R1,1
1315213705623,W49,R6,1
1315214382451,W13,R5,1
1321220377170,S41,R6,1
1320218834529,W43,R3,1
1322220715054,S44,R5,1
1321219820305,S11,R3,1
1323222286003,S31,R4,1
1322221273701,S24,R6,1
1322221327986,S21,R2,1
1319218346536,W63,R6,1
1321219708221,S44,R6,1
1322221460177,S25,R6,1
1319219469463,W58,R6,1
1317216297438,W13,R6,1
1324222924211,S24,R6,1
1316215067620,W52,R5,1
1315214061095,W42,R6,1
1320218865653,W19,R6,1
1318217353616,W52,R6,1
1319218244578,W82,R2,1
1321219454319,S24,R2,1
1315213874593,W36,R5,1
1319218120246,W19,R5,1
1318216928251,W52,R2,1
1318217442565,W19,R2,1
1315214464962,W58,R5,1
1315213704947,W42,R1,1
1324222715094,S21,R5,1
1323222351571,S14,R3,1
1314211959440,W13,R6,1
1315214235386,W42,R6,1
1323222318420,S24,R5,1
1321219596754,S41,R6,1
1321220473704,S42,R6,1
1320219176979,W89,R5,1
1322221447687,S21,R2,1
1315213731425,W50,R3,1
1320219174784,W13,R6,1
1316216640779,W19,R4,1
1319218198962,W35,R5,1
1314212453070,W21,R5,1
1315214006165,W21,R2,1
1320219214145,W19,R6,1
1318216952693,W52,R2,1
1322220678635,S25,R1,1
1319218270142,W58,R2,1
1315214420806,W58,R6,1
1324222784276,S04,R6,1
1320219380185,W39,R4,1
1316215761293,W74,R5,1
1317216601967,W42,R6,1
1323221686759,S24,R6,1
1316215020049,W58,R2,1
1320218704308,W42,R4,1
1323221841834,S03,R2,1
1314212608424,W58,R6,1
1315213656251,W15,R4,1
1317216435774,W32,R6,1
1315214155590,W19,R6,1
1322221018310,S21,R6,1
1314212573671,W42,R3,1
1314212933283,W36,R6,1
1321220659534,S24,R5,1
1315214223455,W52,R6,1
1321220316020,S03,R6,1
1318216786602,W21,R6,1
1324222962490,S21,R6,1
1322221380658,S43,R5,1
1317215815541,W75,R6,1
1317215988698,W58,R2,1
1315214193094,W13,R4,1
1315213880990,W14,R5,1
1323222432243,S24,R6,1
1314212698423,W52,R5,1
1317215931902,W19,R6,1
1324223052883,S23,R6,1
1314212335766,W58,R3,1
1316215074232,W14,R6,1
1315214249930,W51,R6,1
1322221115470,S23,R3,1
1322220969505,S03,R3,1
1324222913838,S33,R2,1
1320218784635,W82,R6,1
1316215394913,W13,R6,1
1324222981286,S23,R1,1
1321220163772,S24,R6,1
1323222345819,S35,R2,1
1322221565880,S11,R1,1
1317215830353,W13,R5,1
1322221336148,S23,R6,1
1316217685472,W13,R6,1
1319219407119,W13,R6,1
1320219396847,W71,R2,1
1321219667882,S06,R2,1
1316215032222,W42,R5,1
1322220749992,S25,R1,1
1314218588681,W52,R6,1
1316215087925,W19,R6,1
1319217814300,W51,R2,1
1317216458366,W58,R5,1
1316215136211,W13,R6,1
1316215368616,W89,R5,1
1317216513198,W32,R6,1
1324222576542,S21,R6,1
1315218523506,W15,R6,1
1317216138368,W59,R6,1
1324222459087,S23,R4,1
1314212860783,W36,R5,1
1320218899957,W19,R6,1
1324222980866,S21,R6,1
1314212547246,W13,R6,1
1322221111634,S14,R6,1
1320218802460,W29,R2,1
1315215310970,W15,R6,1
1314212396473,W73,R5,1
1314213019538,W14,R6,1
1314213971599,W13,R6,1
1318217209838,W19,R6,1
1323221535139,S25,R6,1
1318217137456,W58,R3,1
1321220412720,S22,R6,1
1322220978199,S21,R6,1
1315213736768,W13,R6,1
1315214029605,W89,R6,1
1314212702652,W13,R4,1
1315213632779,W13,R6,1
1317216068419,W58,R4,1
1321220523385,S44,R3,1
1323222170589,S24,R2,1
1316215007220,W60,R4,1
1324222911048,S23,R6,1
1323221713441,S44,R5,1
1314211931480,W43,R2,1
1315213701600,W14,R2,1
1314212728493,W52,R6,1
1320218865780,W19,R6,1
1315214385306,W13,R6,1
1323221648052,S34,R6,1
1323221959873,S42,R5,1
1318217454572,W58,R2,1
1316215472679,W60,R5,1
1319218273439,W52,R6,1
1317215809765,W58,R3,1
1322220806943,S04,R3,1
1320218637130,W42,R6,1
1315214110710,W58,R6,1
1323222154559,S24,R6,1
1321220468716,S21,R5,1
1316215381411,W66,R3,1
1316215580123,W52,R6,1
1323221624113,S04,R3,1
1319217965654,W29,R4,1
1316215366206,W13,R6,1
1320218865691,W19,R6,1
1314212718112,W21,R4,1
1314212873335,W74,R6,1
1315213992136,W42,R5,1
1322220854754,S42,R5,1
1324223199656,S24,R5,1
1315214418737,W89,R6,1
1314212545343,W13,R6,1
1315213857410,W19,R6,1
1319218014468,W58,R2,1
1321219468826,S11,R1,1
1317215813407,W58,R6,1
1320218655304,W71,R6,1
1319217909252,W29,R6,1
1322221083684,S21,R6,1
1321220008852,S44,R6,1
1315213604489,W42,R1,1
1322221395674,S41,R5,1
1314212887020,W52,R6,1
1315214406353,W39,R5,1
1315213962412,W52,R6,1
1317216498511,W58,R3,1
1322220666301,S41,R5,1
1322221461674,S25,R4,1
1323221626258,S06,R3,1
1319218273124,W58,R3,1
1316215689961,W19,R6,1
1319218330330,W42,R2,1
1315217700160,W42,R6,1
1315215827700,W52,R6,1
1323222333799,S23,R2,1
1320219226685,W32,R6,1
1324222893012,S31,R6,1
1320219275942,W51,R5,1
1314212369870,W72,R6,1
1323221596392,S21,R5,1
1319218069490,W19,R5,1
1321220101986,S21,R5,1
1321220490751,S11,R6,1
1314211917113,W13,R5,1
1314212497414,W50,R2,1
1315214015479,W57,R2,1
1315213235548,W50,R2,1
1315213940378,W58,R6,1
1315213857372,W14,R6,1
1314212859324,W36,R6,1
1316215044203,W13,R6,1
1322221294061,S21,R5,1
1323222011862,S23,R6,1
1315213861519,W13,R6,1
1323221643911,S31,R5,1
1323222239232,S35,R6,1
1321219767783,S35,R6,1
1322220861239,S11,R5,1
1322221461635,S05,R4,1
1322221286065,S21,R4,1
1321220082388,S42,R6,1
1315213193776,W52,R5,1
1321219515386,S44,R6,1
1324223132147,S42,R5,1
1318216807812,W56,R6,1
1314212911667,W13,R6,1
1316215352725,W58,R5,1
1321219756994,S41,R6,1
1314212481042,W49,R6,1
1315213682281,W52,R5,1
1319218574426,W19,R5,1
1315213850023,W58,R5,1
1314212527143,W49,R2,1
1316215303583,W66,R5,1
1315214339234,W13,R6,1
1314212303693,W78,R4,1
1314212900144,W52,R2,1
1314213020338,W13,R5,1
1314213961865,W31,R6,1
1317216256545,W19,R5,1
1321219779117,S11,R1,1
1322221060395,S25,R4,1
1322221100593,S44,R6,1
1317218456147,W50,R3,1
1324222746214,S06,R6,1
1323222387122,S34,R6,1
1315214412571,W19,R5,1
1314212498810,W13,R3,1
1319218066304,W74,R5,1
1315214260313,W21,R6,1
1320219054196,W19,R5,1
1321219919483,S25,R4,1
1321220520163,S41,R6,1
1321220291189,S03,R3,1
1321219779410,S11,R1,1
1317216385664,W81,R5,1
1319217838743,W19,R5,1
1317216458493,W51,R3,1
1318217280597,W36,R6,1
1316215530989,W52,R2,1
1316215586088,W78,R5,1
1316215598830,W71,R3,1
1314212663708,W51,R6,1
1319217611565,W71,R1,1
1315213225269,W13,R5,1
1320218852263,W58,R6,1
1322221461561,S13,R5,1
1323221768839,S06,R5,1
1314212881522,W50,R6,1
1315213999218,W43,R6,1
1316215043504,W84,R5,1
1314212496780,W32,R6,1
1319218027009,W39,R6,1
1320218819530,W19,R6,1
1320219246093,W58,R4,1
1324222986921,S35,R6,1
1320218599001,W72,R5,1
1315214422255,W50,R6,1
1315214264246,W58,R4,1
1315214027765,W84,R2,1
1320218813968,W13,R6,1
1318217009479,W21,R2,1
1314212428027,W13,R6,1
1315213640244,W42,R5,1
1320218765550,W64,R6,1
1314212555953,W15,R6,1
1315213207475,W31,R6,1
1319218259760,W49,R2,1
1315214031914,W42,R2,1
1317216402685,W13,R6,1
1321220024917,S23,R3,1
1314212525695,W52,R6,1
1314212940480,W50,R5,1
1319218032441,W58,R5,1
1323222137287,S35,R6,1
1323222228102,S34,R6,1
1316215727569,W58,R4,1
1323222258509,S24,R6,1
1321220494619,S21,R5,1
1315217548890,W52,R6,1
1314212916744,W58,R2,1
1314212757583,W13,R6,1
1314212414787,W52,R5,1
1315213872740,W52,R5,1
1315214456319,W81,R6,1
1317215816719,W13,R6,1
1315213533540,W58,R5,1
1320219172259,W52,R5,1
1319218048003,W42,R6,1
1320219115589,W52,R2,1
1317216466793,W13,R6,1
1317216057063,W21,R6,1
1319218029902,W42,R6,1
1315214114795,W58,R1,1
1317215988066,W13,R6,1
1318216829349,W51,R4,1
1316215022690,W89,R6,1
1324222514097,S06,R1,1
1316215442563,W19,R6,1
1317216573600,W19,R6,1
1316215731047,W50,R5,1
1319218288153,W52,R3,1
1314212434219,W58,R5,1
1318216834642,W64,R1,1
1324222533921,S44,R2,1
1319217740315,W56,R4,1
1315214432989,W58,R6,1
1317216438907,W52,R6,1
1318217507045,W14,R5,1
1314212530568,W14,R5,1
1318216748741,W41,R4,1
1314212479188,W51,R6,1
1323221710142,S33,R5,1
1324222620510,S34,R6,1
1314212803593,W53,R2,1
1322221071499,S43,R6,1
1319217757513,W31,R6,1
1322220639847,S11,R2,1
1316214950469,W74,R2,1
1316215191851,W82,R4,1
1314211900915,W13,R6,1
1320219249481,W42,R2,1
1322221298856,S35,R6,1
1314212638922,W14,R6,1
1323222158560,S03,R2,1
1319217975820,W52,R5,1
1319218193302,W32,R6,1
1315213184916,W19,R6,1
1315214256442,W19,R6,1
1315214006381,W52,R5,1
1316215224902,W13,R6,1
1318216980363,W19,R5,1
1320219270105,W49,R3,1
1324222437067,S03,R2,1
1323222163685,S21,R2,1
1321219906435,S21,R4,1
1322221236019,S05,R6,1
1314212560181,W43,R6,1
1320218732131,W82,R6,1
1316215089018,W71,R5,1
1315213969102,W89,R1,1
1314212793780,W13,R6,1
1322221575083,S06,R6,1
1318222391486,W56,R6,1
1321219700150,S44,R5,1
1320218955639,W52,R6,1
1320219394285,W13,R6,1
1321219811419,S35,R6,1
1314212321867,W13,R6,1
1314215788670,W52,R6,1
1324222468694,S03,R1,1
1324222868097,S44,R5,1
1324222521611,S21,R5,1
1314212303871,W89,R1,1
1323221621079,S25,R6,1
1315214107664,W42,R5,1
1317215936117,W58,R5,1
1315214401655,W58,R4,1
1321220389795,S06,R4,1
1315214394506,W74,R5,1
1321220116483,S06,R4,1
1322220742415,S21,R5,1
1317215848363,W52,R2,1
1316215052731,W19,R6,1
1315214500910,W14,R6,1
1318216983508,W50,R6,1
1319217898663,W13,R4,1
1315213831973,W89,R6,1
1314212557553,W19,R3,1
1322220870861,S23,R6,1
1320218776262,W81,R5,1
1323221712096,S21,R4,1
1323221628884,S33,R5,1
1317215812470,W58,R6,1
1317216163117,W13,R4,1
1315213735653,W42,R2,1
1316215028717,W58,R6,1
1321220135204,S21,R5,1
1314212505162,W52,R6,1
1315213619392,W42,R6,1
1316215116688,W19,R4,1
1315214182673,W19,R6,1
1315214189007,W13,R6,1
1323221626688,S21,R6,1
1324222542159,S21,R5,1
1321220520062,S41,R6,1
1322220703932,S35,R4,1
1316217712710,W42,R1,1
1317216289557,W42,R5,1
1319217851955,W58,R5,1
1314212763559,W42,R1,1
1319217794369,W61,R2,1
1319218528610,W52,R2,1
1321219631429,S35,R5,1
1316216348843,W58,R2,1
1315214091062,W42,R4,1
1317215805829,W59,R2,1
1316215409133,W58,R6,1
1316214972325,W58,R6,1
1315214009235,W58,R5,1
1314214388795,W21,R6,1
1324222503551,S21,R6,1
1323221643935,S41,R6,1
1318216705715,W49,R5,1
1315214213530,W49,R4,1
1319218504355,W13,R3,1
1321219677085,S04,R2,1
1317216279430,W13,R2,1
1323221974140,S42,R6,1
1321220542803,S44,R6,1
1314212305015,W13,R2,1
1314212325334,W74,R6,1
1314212553731,W32,R5,1
1315213230915,W13,R6,1
1315214006417,W52,R5,1
1314212786040,W56,R2,1
1319218261271,W42,R4,1
1317216017400,W58,R6,1
1318216776310,W21,R6,1
1315214220954,W13,R6,1
1316215328752,W13,R6,1
1322220816007,S04,R6,1
1316215445901,W15,R3,1
1323222170591,S24,R2,1
1315214272700,W19,R6,1
1317219407083,W13,R6,1
1314212902581,W19,R2,1
1320219097351,W52,R5,1
1314212826299,W13,R6,1
1314212979785,W19,R6,1
1314212655359,W52,R6,1
1319217758578,W42,R4,1
1319218210173,W66,R5,1
1317215820806,W64,R6,1
1319217809502,W58,R6,1
1319217828146,W64,R6,1
1320218998134,W84,R2,1
1324223174487,S25,R6,1
1319217750367,W19,R6,1
1323222190567,S12,R2,1
1316215217833,W35,R2,1
1324223166719,S02,R6,1
1317215945369,W13,R6,1
1315213665211,W25,R5,1
1318217511207,W13,R6,1
1315214341152,W52,R6,1
1314213071196,W50,R6,1
1314212974733,W49,R6,1
1315214048199,W42,R6,1
1321220300053,S11,R2,1
1321219828581,S21,R6,1
1317215933286,W58,R6,1
1320219296504,W19,R6,1
1320219337781,W82,R5,1
1317216432447,W60,R4,1
1320219112556,W52,R2,1
1314212886853,W43,R2,1
1318217339884,W42,R2,1
1316215219546,W19,R1,1
1316215491491,W39,R6,1
1316215342407,W50,R5,1
1322221032283,S44,R6,1
1320219375817,W32,R6,1
1321220277420,S31,R6,1
1323222004362,S44,R6,1
1323222271266,S25,R4,1
1318217252586,W49,R2,1
1318216798076,W13,R6,1
1322221420654,S33,R6,1
1321219635404,S11,R3,1
1315213685276,W19,R5,1
1317216568889,W42,R5,1
1322220996413,S24,R6,1
1322221441239,S31,R6,1
1322220794034,S44,R6,1
1322220830160,S21,R6,1
1323222348726,S33,R6,1
1324222697082,S21,R6,1
1316215039850,W13,R3,1
1322220942965,S35,R6,1
1315213982174,W14,R5,1
1323221677343,S34,R6,1
1315213959517,W52,R3,1
1314212450353,W42,R1,1
1314211928318,W42,R1,1
1323221623554,S06,R4,1
1317216616449,W13,R6,1
1317216464418,W52,R5,1
1315214252963,W13,R4,1
1314211883513,W13,R6,1
1315213701865,W52,R4,1
1323221787854,S42,R5,1
1314212749345,W52,R6,1
1318217283581,W58,R6,1
1322220781330,S21,R6,1
1322220793780,S02,R6,1
1320219258670,W15,R6,1
1322220982161,S33,R5,1
1321220389959,S21,R6,1
1321220102572,S21,R6,1
1322220697332,S21,R6,1
1324222899510,S24,R4,1
1320218798421,W19,R6,1
1319218612238,W13,R6,1
1318217170950,W58,R3,1
1324222444566,S35,R6,1
1322220732224,S14,R6,1
1322220779399,S21,R6,1
1314212655258,W81,R6,1
1316215355417,W54,R3,1
1323222139937,S21,R6,1
1316215205509,W13,R6,1
1318216743157,W13,R6,1
1320219168820,W13,R1,1
1318217282348,W50,R5,1
1316215128758,W24,R6,1
1317216270759,W31,R6,1
1316215075793,W19,R5,1
1323222044164,S35,R6,1
1323221988633,S03,R3,1
1314213174547,W58,R3,1
1322220640585,S21,R6,1
1320218736736,W42,R3,1
1322221071830,S42,R6,1
1322221380266,S25,R5,1
1324222736528,S35,R6,1
1323221664624,S21,R6,1
1317216425037,W83,R6,1
1318216788493,W74,R6,1
1323221984343,S22,R2,1
1319218573487,W19,R6,1
1323222175921,S24,R5,1
1314212881926,W13,R6,1
1322220951457,S06,R5,1
1315213197270,W23,R5,1
1318217181357,W52,R5,1
1321219610312,S06,R1,1
1323221660513,S44,R6,1
1322221008143,S23,R2,1
1321219670674,S35,R5,1
1317216513174,W32,R6,1
1321220473779,S03,R3,1
1324223039811,S14,R6,1
1319217902814,W68,R6,1
1317216601500,W58,R3,1
1321219639679,S21,R6,1
1316215031131,W14,R6,1
1315213743077,W42,R1,1
1315214187104,W42,R6,1
1322221461585,S13,R5,1
1314212962169,W13,R5,1
1314213045483,W13,R6,1
1317216617860,W42,R5,1
1317215882604,W55,R4,1
1316215531068,W52,R2,1
1314212601583,W21,R6,1
1322220765477,S41,R6,1
1322220851695,S24,R6,1
1321220661666,S31,R6,1
1322221267077,S42,R6,1
1314212639494,W19,R6,1
1315213557010,W14,R6,1
1314212492324,W21,R5,1
1314212350829,W42,R2,1
1324222710319,S06,R6,1
1320218719906,W58,R1,1
1323221835438,S41,R6,1
1314213065028,W42,R5,1
1322220636676,S41,R6,1
1314212385153,W24,R6,1
1322221328026,S05,R2,1
1324222899231,S21,R2,1
1314212462319,W42,R2,1
1322221268105,S14,R6,1
1321220041875,S25,R6,1
1321220142261,S34,R6,1
1317215930734,W64,R5,1
1315214343422,W13,R3,1
1315213688169,W42,R5,1
1314212634644,W36,R2,1
1323221850415,S01,R1,1
1324222558076,S35,R5,1
1322221243456,S03,R5,1
1323222011571,S01,R2,1
1324222418814,S14,R5,1
1315215653953,W13,R6,1
1319218412118,W58,R3,1
1321220301764,S02,R5,1
1321219903566,S14,R6,1
1314212584205,W15,R6,1
1321219893575,S44,R6,1
1314213065168,W58,R2,1
1316215037159,W32,R6,1
1324222567707,S43,R4,1
1322221390899,S22,R6,1
1316215549155,W84,R6,1
1317216230476,W32,R5,1
1323221950342,S05,R2,1
1319218044713,W13,R6,1
1321220375051,S35,R5,1
1320219234150,W61,R2,1
1314212507139,W89,R6,1
1319218481594,W82,R1,1
1322220810865,S35,R5,1
1314212996274,W19,R6,1
1322221237504,S14,R5,1
1314212943524,W39,R6,1
1317216214460,W19,R6,1
1314212332670,W13,R6,1
1316215044102,W13,R6,1
1317216122655,W39,R6,1
1318216790865,W74,R6,1
1317216306757,W19,R6,1
1314212446684,W50,R6,1
1315214432953,W58,R2,1
1321219666625,S11,R4,1
1318217021411,W32,R5,1
1322220669004,S21,R6,1
1316215108717,W89,R3,1
1314212876888,W13,R6,1
1324222584132,S23,R6,1
1322220650547,S44,R5,1
1321220015200,S44,R6,1
1319218031856,W58,R5,1
1322221139797,S11,R5,1
1319218225706,W58,R3,1
1323221788250,S21,R6,1
1315214298921,W13,R6,1
1321219689991,S24,R6,1
1314212776355,W78,R5,1
1324222963706,S02,R1,1
1320218739478,W19,R6,1
1323222430403,S06,R6,1
1317216075376,W19,R6,1
1314212453334,W19,R4,1
1321220277469,S35,R6,1
1321220316018,S35,R6,1
1324222988572,S25,R5,1
1315214370355,W13,R5,1
1321220471611,S35,R6,1
1315214393353,W58,R6,1
1317216247876,W52,R5,1
1315213231172,W13,R6,1
1320218865665,W19,R6,1
1315213969049,W13,R6,1
1320218845752,W49,R5,1
1315214272686,W19,R6,1
1315213668318,W49,R4,1
1317216549269,W58,R3,1
1314212585057,W58,R6,1
1316215547643,W59,R5,1
1321220395673,S25,R6,1
1315213865052,W13,R6,1
1322221080169,S24,R1,1
1319217962152,W52,R5,1
1314212909004,W13,R6,1
1319218491064,W19,R4,1
1315215179666,W49,R3,1
1314212543805,W52,R4,1
1322220765465,S41,R6,1
1317216499968,W13,R5,1
1321219975137,S41,R5,1
1314212620443,W61,R2,1
1315213965849,W58,R3,1
1315214215562,W19,R6,1
1317215812468,W19,R6,1
1315213841772,W13,R5,1
1314212498303,W73,R1,1
1314212555092,W89,R2,1
1324222414486,S21,R4,1
1322220996514,S35,R6,1
1323221729635,S03,R6,1
1317216346104,W19,R5,1
1315213736832,W58,R5,1
1315213819814,W71,R2,1
1314212428585,W58,R6,1
1314212850743,W42,R5,1
1315213874579,W32,R5,1
1319218052886,W52,R6,1
1322220817112,S22,R5,1
1320219212762,W58,R6,1
1314212488605,W49,R6,1
1316214979344,W58,R2,1
1319218496192,W13,R6,1
1321219659947,S44,R6,1
1315213807163,W74,R6,1
1322220810220,S25,R6,1
1321220238188,S33,R5,1
1322221223860,S22,R6,1
1317215965524,W21,R6,1
1319218395921,W13,R5,1
1314212428635,W58,R6,1
1320218865741,W19,R6,1
1314211938220,W58,R6,1
1319217735277,W60,R5,1
1322221008891,S03,R6,1
1317216010254,W51,R5,1
1317216268476,W19,R6,1
1318216920835,W58,R6,1
1321220257063,S03,R4,1
1318216808853,W84,R3,1
1314212823266,W50,R6,1
1317216402646,W13,R6,1
1324223097181,S25,R5,1
1314212428039,W13,R6,1
1314212439107,W42,R5,1
1315214314724,W13,R6,1
1322220834360,S11,R5,1
1316215470509,W13,R6,1
1322220832861,S06,R5,1
1324222567695,S42,R6,1
1316215353184,W89,R1,1
1315214321539,W74,R6,1
1316215471754,W19,R5,1
1315213593888,W58,R6,1
1319218140352,W14,R1,1
1314212975888,W42,R5,1
1318217283833,W19,R2,1
1316215534672,W39,R5,1
1317215922966,W14,R6,1
1316215545043,W50,R6,1
1321219695931,S21,R4,1
1323222367815,S12,R2,1
1324222521231,S44,R6,1
1320219229325,W83,R2,1
1314213237581,W13,R6,1
1318217159514,W52,R2,1
1318216910455,W32,R6,1
1324222528085,S25,R6,1
1315214204000,W13,R6,1
1321219448382,S12,R6,1
1316217623519,W58,R3,1
1314212786368,W71,R4,1
1314212790760,W21,R4,1
1324223165135,S03,R2,1
1314212549202,W81,R6,1
1314212876155,W13,R5,1
1316215673070,W58,R5,1
1321220015465,S44,R6,1
1323222255984,S21,R5,1
1318217338526,W61,R5,1
1319218206720,W58,R2,1
1315215827609,W52,R6,1
1321220041901,S25,R6,1
1323221763156,S21,R5,1
1317219442896,W14,R5,1
1314212541104,W21,R6,1
1324222411100,S23,R5,1
1322220660120,S21,R5,1
1324223047453,S11,R6,1
1316215640614,W50,R6,1
1324222641526,S04,R2,1
1324222943351,S44,R6,1
1318217507084,W14,R5,1
1315214339196,W14,R6,1
1323221581325,S21,R5,1
1316215677194,W19,R6,1
1321219911981,S21,R6,1
1316215424197,W19,R6,1
1318217074057,W19,R6,1
1324223023906,S44,R3,1
1324222646679,S35,R5,1
1317216089425,W14,R5,1
1321220069379,S21,R6,1
1323222238976,S35,R6,1
1324222704292,S04,R5,1
1314213043918,W14,R6,1
1318217398445,W52,R6,1
1318216750164,W60,R5,1
1320218674695,W52,R5,1
1323222329625,S21,R5,1
1314212368524,W58,R1,1
1314212443218,W58,R5,1
1324222734067,S41,R2,1
1314212541080,W21,R6,1
1314212638011,W19,R2,1
1320219169873,W43,R1,1
1321219905130,S44,R5,1
1316215539774,W14,R6,1
1319218026971,W19,R6,1
1319217629613,W29,R1,1
1320219294408,W13,R5,1
1319217798685,W74,R6,1
1322221332644,S25,R5,1
1317216617605,W21,R6,1
1320219123876,W19,R4,1
1314212682571,W49,R1,1
1314212797260,W72,R5,1
1324222588687,S21,R5,1
1318218234235,W22,R4,1
1320219037785,W13,R6,1
1323221667138,S14,R2,1
1319218082826,W19,R5,1
1320219303258,W36,R5,1
1321219631431,S35,R5,1
1317216498497,W58,R3,1
1322221218718,S44,R6,1
1320218694180,W29,R6,1
1318219407107,W13,R6,1
1315215278742,W13,R6,1
1324223120092,S03,R6,1
1321219452632,S03,R1,1
1324222974560,S21,R6,1
1314212822377,W32,R6,1
1316215037514,W19,R6,1
1317216376640,W19,R5,1
1315214137147,W13,R4,1
1315214368185,W31,R6,1
1318216889182,W58,R2,1
1315213804723,W13,R5,1
1322221066665,S21,R6,1
1324222668535,S02,R3,1
1315213720624,W49,R4,1
1321220382295,S06,R6,1
1315213934639,W13,R6,1
1315214331302,W13,R6,1
1314213106053,W43,R2,1
1318217080466,W71,R2,1
1321220184028,S23,R2,1
1317216237242,W42,R1,1
1324222848564,S31,R6,1
1315214062566,W24,R6,1
1324222821581,S25,R6,1
1318217238765,W35,R2,1
1314212412439,W74,R6,1
1318220596528,W22,R5,1
1323222137895,S22,R2,1
1316215294986,W52,R5,1
1317216491492,W19,R6,1
1322220751491,S04,R1,1
1323221642186,S24,R3,1
1323222180275,S11,R4,1
1317216778011,W64,R3,1
1320219358633,W82,R4,1
1314213045368,W29,R6,1
1316215766991,W89,R3,1
1316215449909,W13,R5,1
1321220372383,S44,R4,1
1321219601477,S21,R5,1
1323221948553,S21,R6,1
1314212560306,W21,R4,1
1318217538356,W19,R4,1
1320219010485,W58,R3,1
1322221371154,S03,R5,1
1320219277605,W29,R5,1
1323221949629,S21,R3,1
1315213882691,W56,R3,1
1314212321766,W13,R6,1
1314212892069,W13,R6,1
1320218693113,W13,R6,1
1324223160742,S32,R6,1
1316215066895,W42,R6,1
1322221431051,S41,R6,1
1321219468612,S23,R5,1
1320218578096,W52,R3,1
1319218139297,W13,R6,1
1318217322496,W42,R6,1
1321220163620,S24,R2,1
1314212551156,W52,R5,1
1314212983441,W52,R6,1
1316214966451,W58,R2,1
1322220941330,S41,R6,1
1322221441355,S35,R6,1
1321220032561,S21,R5,1
1315214252761,W58,R6,1
1315213906466,W58,R2,1
1322221467335,S11,R1,1
1317216191369,W53,R3,1
1318217022603,W29,R5,1
1322220740094,S24,R3,1
1314212352850,W52,R6,1
1320219291960,W36,R4,1
1318219028255,W52,R3,1
1314212509727,W42,R5,1
1315214357600,W39,R6,1
1315213196013,W52,R5,1
1323221626664,S05,R6,1
1316215580061,W52,R6,1
1318216910291,W81,R6,1
1324222851836,S13,R1,1
1315213673104,W13,R4,1
1314212324457,W31,R6,1
1324222577963,S25,R2,1
1318217137468,W58,R5,1
1316215493901,W36,R6,1
1319218487801,W19,R1,1
1324223012612,S44,R6,1
1324222518856,S23,R2,1
1315213249562,W14,R6,1
1317216293643,W39,R6,1
1324222987063,S35,R6,1
1323222346126,S21,R6,1
1322220750475,S41,R2,1
1320218593693,W21,R6,1
1324223091644,S24,R5,1
1315214213579,W49,R4,1
1314212512925,W49,R3,1
1315213993102,W58,R2,1
1322220766455,S25,R6,1
1316215191800,W58,R2,1
1319218032237,W58,R6,1
1316215446218,W13,R5,1
1315213716362,W13,R5,1
1316215045333,W14,R6,1
1318217398407,W52,R5,1
1323221556069,S21,R3,1
1314213028020,W51,R5,1
1316215127186,W43,R4,1
1323221677356,S44,R6,1
1315213684576,W58,R4,1
1319218549564,W56,R1,1
1315213805967,W89,R6,1
1316215630575,W19,R5,1
1315214417115,W56,R6,1
1314213018930,W58,R4,1
1317216424960,W74,R6,1
1315214264350,W58,R3,1
1314212860771,W39,R5,1
1324223092824,S12,R5,1
1318217337373,W41,R6,1
1320218764746,W51,R3,1
1324222895702,S24,R2,1
1323222044024,S35,R6,1
1320219226584,W53,R2,1
1323222265542,S11,R5,1
1317215909932,W52,R3,1
1315218636811,W52,R6,1
1316218654604,W29,R6,1
1322221324217,S03,R4,1
1323221566173,S24,R5,1
1322220805725,S42,R5,1
1318216983445,W19,R6,1
1321219774484,S44,R6,1
1319217710161,W52,R3,1
1319218092005,W29,R6,1
1322220679346,S21,R6,1
1324222418509,S35,R5,1
1321222574345,S43,R3,1
1317216573612,W81,R5,1
1322220756757,S41,R6,1
1315213967641,W50,R6,1
1323221720129,S41,R2,1
1314215804497,W52,R6,1
1323222378972,S44,R2,1
1319217777630,W21,R6,1
1319218212557,W19,R6,1
1317216245175,W21,R5,1
1315214379758,W42,R3,1
1314212682102,W31,R6,1
1323222422572,S35,R1,1
1315214006443,W52,R5,1
1315214438246,W52,R5,1
1315213903572,W15,R5,1
1317216617302,W39,R6,1
1321220477400,S44,R5,1
1316215706476,W52,R2,1
1323222277030,S06,R6,1
1321220471623,S35,R6,1
1319217981315,W52,R2,1
1319217819426,W89,R4,1
1315213959606,W15,R2,1
1314212304998,W13,R5,1
1314219435272,W19,R6,1
1321219469727,S44,R6,1
1316215588587,W56,R6,1
1314212790758,W21,R5,1
1318217149184,W51,R6,1
1317216110041,W21,R6,1
1316215288390,W89,R3,1
1324222833461,S11,R5,1
1317215868050,W42,R3,1
1315214428435,W13,R5,1
1316215260187,W13,R4,1
1315213662000,W19,R5,1
1315214331466,W13,R6,1
1324222706943,S41,R6,1
1323221628175,S03,R3,1
1314215376753,W58,R3,1
1317215931888,W19,R5,1
1317216464014,W73,R2,1
1315214445417,W19,R6,1
1315214457792,W56,R5,1
1317216191320,W15,R6,1
1319218205944,W82,R1,1
1320218723500,W89,R6,1
1314213106634,W36,R6,1
1314212919144,W21,R2,1
1324223108756,S03,R1,1
1317215967910,W42,R2,1
1323222060725,S06,R3,1
1314212659650,W42,R6,1
1323222164372,S35,R3,1
1316215381219,W13,R6,1
1321220516355,S01,R2,1
1315213983810,W42,R4,1
1314212566564,W14,R2,1
1315213896525,W56,R5,1
1316215081860,W89,R1,1
1321219926639,S41,R5,1
1319218504203,W21,R5,1
1316215676952,W13,R6,1
1323221596556,S01,R1,1
1324223203807,S31,R4,1
1319218157384,W50,R6,1
1314212311500,W21,R6,1
1315214896401,W58,R1,1
1315213706017,W52,R6,1
1314212890913,W51,R2,1
1323222196899,S33,R5,1
1317216707846,W58,R2,1
1321220555650,S05,R4,1
1323222277016,S44,R4,1
1321220516189,S34,R2,1
1322221543162,S44,R2,1
1324222583268,S21,R6,1
1324222746113,S21,R5,1
1320218726634,W21,R6,1
1314212556740,W25,R1,1
1324223048671,S21,R5,1
1322220845022,S03,R6,1
1315213766393,W32,R4,1
1316215444136,W13,R5,1
1323221611320,S21,R5,1
1314212611634,W19,R1,1
1320219216381,W63,R5,1
1324222518072,S01,R2,1
1314212318341,W52,R5,1
1316215146059,W39,R3,1
1316215577255,W42,R5,1
1314212907366,W58,R6,1
1315213853563,W52,R6,1
1320219289889,W13,R5,1
1324223005479,S21,R6,1
1314212450771,W32,R6,1
1324222630321,S23,R5,1
1314212748709,W19,R5,1
1314211927468,W32,R6,1
1316215545450,W58,R2,1
1323221748130,S31,R6,1
1323221790672,S06,R6,1
1317216618090,W13,R6,1
1324222986135,S02,R5,1
1316215604772,W19,R2,1
1322221461623,S05,R4,1
1315213760477,W19,R6,1
1321220024893,S23,R5,1
1314212823254,W13,R5,1
1323222343840,S24,R3,1
1323221925807,S21,R6,1
1323221571399,S31,R5,1
1319217782135,W84,R1,1
1322220660132,S21,R5,1
1314212893022,W25,R5,1
1314211925084,W58,R2,1
1321219891850,S03,R6,1
1323221713427,S44,R5,1
1318217033240,W39,R6,1
1316215544937,W19,R5,1
1318216834768,W64,R2,1
1322220781328,S21,R6,1
1323221546928,S02,R6,1
1324222732327,S21,R6,1
1318216981819,W13,R6,1
1324222588598,S21,R4,1
1324222765416,S23,R3,1
1324222997722,S25,R6,1
1319217746890,W13,R6,1
1318217014632,W13,R6,1
1316215445747,W13,R6,1
1320219197136,W21,R4,1
1317216114811,W14,R5,1
1318216924555,W68,R6,1
1314213144835,W13,R6,1
1322222549901,S44,R5,1
1319218203851,W65,R6,1
1314212383071,W43,R1,1
1316215694819,W19,R6,1
1316215362144,W19,R6,1
1317216190049,W52,R5,1
1315214033680,W41,R6,1
1315214043527,W19,R5,1
1322220764765,S21,R6,1
1320218769572,W19,R5,1
1319217661077,W58,R3,1
1317216229575,W15,R6,1
1316215462742,W14,R5,1
1323222285975,S21,R4,1
1317215945332,W19,R6,1
1324222910984,S21,R5,1
1314212654166,W19,R5,1
1324222849489,S12,R2,1
1316215066364,W19,R5,1
1318217735529,W52,R5,1
1320219393372,W52,R4,1
1319218261939,W42,R2,1
1318216912651,W58,R2,1
1318217307406,W14,R6,1
1314212783169,W14,R1,1
1318217176775,W42,R1,1
1315214277105,W71,R5,1
1316215076439,W58,R4,1
1322220857181,S44,R2,1
1317216607376,W63,R6,1
1316215373022,W58,R5,1
1316215373059,W56,R4,1
1314212396574,W14,R5,1
1317215909589,W24,R4,1
1322220648113,S03,R3,1
1320220657478,W13,R6,1
1324223119633,S44,R6,1
1320218648095,W58,R1,1
1318217153598,W61,R5,1
1315214223238,W53,R3,1
1321220041990,S25,R6,1
1315214040178,W50,R6,1
1320219065962,W19,R5,1
1315214222681,W19,R6,1
1322220997175,S41,R6,1
1321220041976,S25,R6,1
1317216425571,W19,R3,1
1321219529118,S23,R6,1
1315213810916,W71,R5,1
1317216606172,W49,R2,1
1316215000694,W13,R6,1
1314212991386,W53,R3,1
1323222329308,S21,R6,1
1323222337988,S21,R6,1
1321219923671,S44,R6,1
1314219435260,W19,R6,1
1320219217205,W13,R6,1
1317216207629,W13,R5,1
1323221605532,S41,R6,1
1323221771191,S34,R6,1
1316215035433,W14,R5,1
1319218133597,W58,R5,1
1316215682079,W29,R6,1
1315214135295,W58,R6,1
1316215328788,W13,R6,1
1315213889658,W56,R1,1
1317216219295,W60,R4,1
1314211894706,W58,R6,1
1324222690822,S14,R6,1
1322222500732,S44,R6,1
1322220794630,S44,R6,1
1315214433258,W29,R5,1
1314212813962,W29,R6,1
1314213112028,W31,R6,1
1314212735221,W52,R2,1
1315214102333,W58,R2,1
1322220997124,S41,R6,1
1316215702313,W58,R2,1
1320218721025,W39,R2,1
1324222711412,S41,R6,1
1321220602926,S04,R6,1
1314212613665,W67,R6,1
1317216616452,W13,R6,1
1323221826201,S41,R6,1
1322220670347,S35,R6,1
1318217411824,W31,R6,1
1321220142172,S34,R6,1
1319218184012,W42,R2,1
1321219721560,S03,R6,1
1314212976462,W82,R3,1
1314212873487,W58,R6,1
1322221148760,S06,R5,1
1320218841435,W33,R1,1
1315214038440,W13,R5,1
1319218525222,W19,R6,1
1314212349676,W58,R5,1
1317216262156,W51,R5,1
1316215291651,W19,R5,1
1318216947921,W13,R4,1
1324222603971,S24,R6,1
1320219184936,W13,R6,1
1322220790164,S24,R5,1
1317216527465,W50,R6,1
1322220690123,S12,R5,1
1322221293754,S21,R5,1
1315213766330,W32,R3,1
1323221950951,S12,R5,1
1323221910755,S21,R6,1
1316215288109,W14,R5,1
1322220701092,S03,R3,1
1314211915119,W19,R5,1
1318217149121,W51,R6,1
1314212378424,W24,R3,1
1324223160654,S21,R5,1
1324222524783,S44,R6,1
1324222710853,S21,R3,1
1320219112570,W52,R3,1
1315213797107,W58,R3,1
1316214923169,W74,R5,1
1314212943334,W36,R6,1
1323222345973,S35,R2,1
1314212568051,W13,R6,1
1323221554557,S21,R2,1
1320218774673,W58,R5,1
1318217307204,W43,R2,1
1318217539550,W81,R1,1
1315213965864,W51,R2,1
1319217685318,W36,R5,1
1316215031321,W13,R3,1
1320219246889,W42,R5,1
1324223089107,S44,R6,1
1323221818937,S44,R6,1
1316215288630,W19,R5,1
1316215269515,W58,R6,1
1314211946963,W13,R6,1
1316215781143,W13,R4,1
1323222313999,S04,R2,1
1324223121207,S21,R5,1
1320218863342,W36,R6,1
1318217507250,W19,R4,1
1317216276814,W58,R4,1
1321219910256,S32,R6,1
1321220412631,S22,R6,1
1322220931125,S41,R6,1
1314212317061,W52,R6,1
1323222292322,S04,R1,1
1318216991758,W82,R5,1
1315214189021,W13,R6,1
1318216834111,W19,R6,1
1315213624303,W71,R6,1
1317216135602,W50,R6,1
1316215074345,W56,R5,1
1322222500377,S44,R6,1
1318216837904,W52,R3,1
1320218774216,W21,R6,1
1318217547417,W49,R6,1
1321220606103,S04,R6,1
1317215830252,W42,R6,1
1315214038414,W13,R5,1
1315213945607,W25,R6,1
1318217139397,W42,R6,1
1316215274628,W13,R6,1
1315214166872,W19,R5,1
1322220984912,S03,R2,1
1324222947071,S21,R6,1
1314212728719,W19,R5,1
1314213122765,W42,R6,1
1314212918989,W19,R6,1
1316215361369,W58,R6,1
1321220100630,S21,R6,1
1318219044524,W19,R6,1
1321219613460,S03,R5,1
1314212750044,W58,R1,1
1321220037511,S41,R6,1
1319217671268,W58,R4,1
1314212623716,W13,R6,1
1314212829271,W13,R4,1
1315214469811,W52,R6,1
1324223181898,S44,R5,1
1315214142628,W50,R4,1
1315214215168,W19,R6,1
1317216180772,W42,R6,1
1315214241186,W13,R6,1
1314212512937,W15,R2,1
1315213822226,W52,R6,1
1324222899243,S21,R2,1
1319218225718,W58,R3,1
1315213764549,W82,R5,1
1324222495653,S21,R6,1
1323222255566,S03,R4,1
1320219209614,W36,R2,1
1323221626536,S05,R6,1
1323221837139,S41,R6,1
1323222338612,S11,R6,1
1322220852723,S03,R2,1
1322220752036,S14,R4,1
1315214399812,W58,R1,1
1316215116599,W19,R4,1
1315214073835,W13,R5,1
1321220001073,S44,R3,1
1314212659763,W52,R6,1
1315213948262,W78,R1,1
1317216135588,W19,R6,1
1317216244828,W68,R5,1
1322221365404,S23,R4,1
1314212681199,W41,R6,1
1318217647508,W50,R3,1
1323221871837,S24,R6,1
1320219034319,W19,R2,1
1320219236953,W13,R2,1
1315214331516,W13,R6,1
1317218613709,W89,R6,1
1316215442118,W53,R2,1
1319217656418,W74,R6,1
1322221519061,S02,R5,1
1323221609872,S21,R6,1
1316215574361,W67,R2,1
1316214982605,W19,R6,1
1319217854809,W42,R6,1
1315213658937,W39,R5,1
1315214162240,W52,R5,1
1322221401197,S05,R6,1
1321220054985,S25,R4,1
1324223149663,S25,R6,1
1322220703920,S35,R4,1
1323221560030,S21,R5,1
1315213637539,W29,R3,1
1314211923267,W41,R6,1
1316215399472,W19,R6,1
1323221664004,S21,R4,1
1323221839285,S35,R6,1
1322220877462,S35,R2,1
1316215486109,W58,R2,1
1314212943548,W39,R6,1
1315218588679,W14,R6,1
1320218853024,W13,R6,1
1322221324205,S14,R2,1
1322220937294,S06,R6,1
1321220091476,S03,R1,1
1322221441241,S35,R6,1
1323222361230,S06,R1,1
1319218515548,W58,R2,1
1315214079826,W42,R4,1
1318217197704,W89,R4,1
1323222282651,S25,R2,1
1319217685611,W36,R5,1
1314212349892,W31,R6,1
1317216762409,W82,R6,1
1317215919147,W72,R6,1
1315214117828,W14,R6,1
1324222997847,S33,R2,1
1322220810891,S35,R5,1
1318217042567,W13,R5,1
1315214331478,W13,R6,1
1316214983506,W19,R3,1
1322221445315,S44,R5,1
1322221498417,S31,R6,1
1316215722594,W56,R2,1
1315213217918,W13,R6,1
1314212856645,W13,R4,1
1322220836478,S02,R5,1
1316215184805,W32,R6,1
1315214213581,W49,R5,1
1316215020443,W71,R2,1
1315213971005,W53,R2,1
1316215626728,W49,R3,1
1316214982074,W58,R6,1
1317215934504,W71,R3,1
1318216992899,W29,R6,1
1323222025722,S42,R5,1
1318218481190,W58,R4,1
1314218160303,W14,R6,1
1315213935289,W49,R6,1
1324223010618,S21,R6,1
1314212886903,W13,R4,1
1315214338701,W89,R5,1
1316215010505,W49,R6,1
1315214349146,W13,R6,1
1317217672563,W52,R6,1
1315214250300,W58,R5,1
1315213201460,W52,R6,1
1316215051285,W15,R6,1
1314212753368,W29,R6,1
1314213010958,W42,R6,1
1322221434917,S24,R6,1
1322221156312,S25,R6,1
1316215166733,W13,R6,1
1321219782671,S44,R6,1
1321220540963,S25,R2,1
1316215050194,W51,R2,1
1324222500617,S21,R5,1
1322221433840,S35,R6,1
1317216539104,W58,R5,1
1322220749980,S25,R1,1
1321219824190,S44,R6,1
1321220120861,S25,R3,1
1323222044000,S35,R6,1
1314211931249,W49,R6,1
1321220164990,S03,R2,1
1314212797346,W13,R4,1
1323222398760,S11,R6,1
1322221445000,S21,R6,1
1320218590952,W50,R5,1
1315214049367,W84,R2,1
1319217893407,W58,R2,1
1322222301842,S24,R6,1
1323221686761,S41,R4,1
1321219676754,S42,R6,1
1317215996517,W14,R5,1
1323221950278,S12,R5,1
1314212427239,W49,R6,1
1318216865966,W83,R4,1
1320219034321,W52,R6,1
1319217820986,W65,R4,1
1322220864817,S21,R5,1
1319218291971,W19,R4,1
1319218272793,W58,R3,1
1322220918825,S41,R6,1
1314212997199,W52,R2,1
1319217836752,W29,R2,1
1323222137883,S22,R2,1
1317215841230,W52,R4,1
1315213629165,W13,R6,1
1314212456305,W13,R6,1
1316215287463,W13,R2,1
1315214116547,W89,R3,1
1318216789937,W51,R6,1
1323221681493,S04,R3,1
1323221780657,S23,R6,1
1315214412280,W36,R3,1
1324222986984,S35,R6,1
1314213246578,W58,R6,1
1317216260051,W58,R6,1
1323222143000,S25,R6,1
1324223018589,S24,R5,1
1321219651039,S35,R3,1
1321220128514,S25,R2,1
1320221547868,W82,R6,1
1321219800760,S25,R6,1
1321220540975,S25,R2,1
1321219684800,S44,R6,1
1322221401173,S05,R6,1
1315213941673,W52,R6,1
1317216402521,W13,R6,1
1317216585000,W19,R6,1
1319217761384,W13,R6,1
1314212718959,W13,R2,1
1314212378400,W24,R3,1
1317216135626,W19,R6,1
1319218526212,W68,R5,1
1320218674214,W13,R6,1
1318216845228,W19,R5,1
1321220091274,S01,R2,1
1320218575328,W42,R1,1
1322221403342,S22,R6,1
1324222890129,S25,R1,1
1315213962424,W19,R6,1
1321220042939,S25,R6,1
1317216466781,W14,R6,1
1315214388908,W21,R6,1
1315214425884,W14,R3,1
1315213208921,W39,R5,1
1320218741306,W19,R6,1
1315213208919,W36,R5,1
1315214384543,W14,R3,1
1323221995323,S42,R6,1
1317216306771,W39,R6,1
1317216138370,W13,R3,1
1315214045977,W49,R3,1
1315214277030,W13,R6,1
1317216407003,W42,R6,1
1315213721285,W13,R6,1
1316215626730,W49,R2,1
1315213815424,W81,R2,1
1316214978025,W29,R3,1
1324222594273,S21,R6,1
1318216782399,W49,R6,1
1314212507622,W13,R5,1
1323221609807,S21,R6,1
1322220810574,S05,R5,1
1315213849730,W56,R2,1
1322221024300,S25,R6,1
1314214069849,W29,R6,1
1323221563303,S23,R5,1
1323222043008,S23,R4,1
1315213585033,W52,R5,1
1319217976289,W58,R6,1
1314212796041,W36,R6,1
1317216138723,W52,R6,1
1324222448678,S44,R6,1
1323222282663,S06,R2,1
1320219260496,W19,R6,1
1314213022027,W29,R6,1
1315214135319,W52,R6,1
1321219630757,S06,R4,1
1322221333293,S44,R6,1
1322220835627,S22,R3,1
1322220978187,S21,R6,1
1321220454728,S21,R6,1
1324222409334,S11,R6,1
1324222421745,S44,R2,1
1315213910476,W50,R3,1
1317215866260,W19,R3,1
1318217149160,W51,R6,1
1319218206718,W58,R2,1
1314212476941,W82,R4,1
1315214269108,W33,R6,1
1314212437444,W14,R6,1
1315213240866,W58,R2,1
1318217266675,W19,R1,1
1321219699461,S21,R4,1
1320218796480,W58,R2,1
1314212338305,W71,R5,1
1319217870068,W58,R1,1
1314211913924,W19,R5,1
1324222411086,S12,R6,1
1321219493917,S21,R6,1
1318217539612,W50,R5,1
1316215019175,W13,R6,1
1320218725974,W52,R6,1
1323222300244,S05,R6,1
1321220607764,S42,R5,1
1314212785404,W13,R5,1
1317216479485,W14,R6,1
1320218770143,W19,R5,1
1315214215586,W13,R6,1
1319221476221,W52,R5,1
1316215211715,W58,R6,1
1314212943435,W13,R6,1
1316215264007,W58,R6,1
1316215383100,W29,R2,1
1317216294494,W52,R6,1
1321220175689,S11,R3,1
1324222750984,S04,R3,1
1315213688183,W42,R5,1
1317216392807,W82,R1,1
1319218524561,W64,R6,1
1322221733342,S22,R5,1
1318216753970,W71,R5,1
1317216135222,W58,R6,1
1314212427999,W13,R6,1
1322221433218,S44,R5,1
1314212580967,W19,R5,1
1322220978567,S25,R2,1
1324222825960,S05,R5,1
1322220703944,S35,R4,1
1324222435719,S06,R4,1
1319218166407,W13,R4,1
1322221145574,S44,R5,1
1322220786178,S05,R6,1
1322220827404,S05,R6,1
1321220508485,S23,R6,1
1317216494815,W52,R4,1
1321219743806,S12,R6,1
1322220633743,S44,R5,1
1314213174257,W58,R3,1
1316215341684,W14,R6,1
1316215554419,W58,R6,1
1316215353234,W58,R5,1
1316215523477,W55,R3,1
1320218695981,W14,R5,1
1314212943385,W39,R6,1
1323221691429,S03,R4,1
1314212444158,W52,R4,1
1314212629556,W14,R4,1
1314212647198,W52,R5,1
1316215623846,W49,R2,1
1315213959570,W15,R2,1
1317216241517,W21,R5,1
1315216737027,W53,R2,1
1315213984103,W58,R6,1
1321219853025,S25,R4,1
1315214249904,W13,R6,1
1320218973271,W19,R6,1
1321220042004,S25,R6,1
1323221643947,S41,R6,1
1314212605885,W52,R6,1
1315214279376,W82,R6,1
1318217428578,W51,R5,1
1316215744994,W13,R4,1
1315213186719,W49,R2,1
1315213716018,W52,R3,1
1322221294073,S21,R5,1
1315213983366,W42,R3,1
1323221615154,S02,R2,1
1324222844351,S03,R6,1
1323221618655,S44,R5,1
1321219962521,S41,R6,1
1322221468212,S06,R6,1
1319217791300,W52,R6,1
1324222646705,S35,R5,1
1318217268248,W42,R5,1
1319218036604,W56,R4,1
1315214379760,W42,R2,1
1317215879178,W51,R2,1
1317216135614,W50,R6,1
1320218887115,W82,R6,1
1314211935174,W25,R5,1
1317216252229,W13,R5,1
1321219664758,S44,R6,1
1321219738871,S25,R5,1
1318217420367,W64,R3,1
1318217518036,W52,R3,1
1314213072515,W81,R2,1
1315213541838,W13,R6,1
1324222524365,S21,R5,1
1321219916234,S33,R6,1
1324222835403,S13,R4,1
1321220142297,S34,R6,1
1317216382162,W58,R6,1
1322220917912,S14,R4,1
1318217307382,W14,R6,1
1322221014386,S21,R6,1
1317216591267,W29,R5,1
1316215448085,W82,R5,1
1321219830647,S41,R5,1
1315213899521,W42,R1,1
1316215364617,W50,R6,1
1322220803795,S34,R6,1
1316215357637,W64,R6,1
1317215974282,W42,R1,1
1315213908256,W50,R5,1
1317216402709,W13,R6,1
1324223105394,S34,R4,1
1317216457984,W13,R6,1
1324222559611,S21,R6,1
1324222466548,S24,R1,1
1324222678777,S44,R5,1
1317216607592,W13,R6,1
1315214159814,W13,R5,1
1321220267900,S35,R6,1
1316217645124,W19,R6,1
1315214270819,W82,R5,1
1314212555902,W15,R6,1
1323221704303,S31,R5,1
1323222349843,S21,R2,1
1315214343978,W42,R5,1
1319217930130,W19,R6,1
1316215114885,W13,R5,1
1316215464367,W14,R6,1
1323222360099,S14,R3,1
1318217558725,W22,R6,1
1314212748192,W71,R5,1
1315214158370,W13,R2,1
1320218762348,W13,R6,1
1321219466962,S44,R6,1
1315214006355,W52,R5,1
1315213836822,W32,R6,1
1316215434059,W89,R1,1
1321220046864,S21,R6,1
1315214269084,W33,R5,1
1319218480844,W50,R5,1
1322220969380,S21,R6,1
1323221636830,S21,R6,1
1324222729004,S35,R2,1
1319218480857,W58,R6,1
1324222744462,S33,R5,1
1320218863177,W64,R6,1
1324222913840,S23,R3,1
1323222076251,S21,R6,1
1316214956652,W74,R6,1
1318217344858,W19,R5,1
1317216669465,W71,R6,1
1316215205473,W13,R6,1
1322220679334,S21,R5,1
1315213965837,W21,R2,1
1316215063316,W52,R3,1
1323221626702,S06,R6,1
1320218936704,W50,R6,1
1318216857906,W50,R6,1
1322221010806,S44,R6,1
1315213545662,W42,R5,1
1315214011280,W84,R2,1
1314212656375,W25,R6,1
1315213923865,W21,R3,1
1323221988393,S05,R1,1
1314212509261,W66,R5,1
1315213936139,W71,R2,1
1321220150876,S03,R2,1
1324222423535,S14,R2,1
1314212382143,W19,R5,1
1317216584983,W19,R6,1
1315214339184,W14,R6,1
1323222376220,S21,R6,1
1316217707468,W58,R6,1
1317216317368,W82,R4,1
1314212321754,W13,R6,1
1316215684376,W81,R4,1
1316215005012,W52,R6,1
1324222667115,S44,R6,1
1323221596253,S14,R6,1
1315213576174,W82,R6,1
1318217537543,W19,R5,1
1314212622423,W39,R6,1
1314213071184,W50,R6,1
1315214331288,W13,R6,1
1315214272763,W33,R6,1
1314212430591,W13,R6,1
1321220284234,S44,R6,1
1318217541111,W82,R2,1
1318216917120,W29,R2,1
1315214123869,W14,R5,1
1315213222110,W13,R6,1
1324222629382,S22,R3,1
1314212653012,W14,R5,1
1314212530594,W56,R1,1
1321219642600,S25,R1,1
1317216402533,W13,R6,1
1321220206054,S42,R6,1
1320219275916,W51,R5,1
1323222270872,S31,R2,1
1315213962741,W19,R6,1
1319217841410,W13,R6,1
1314212598155,W14,R5,1
1318216792693,W19,R5,1
1321220187518,S14,R6,1
1315213832684,W13,R5,1
1319218273365,W52,R6,1
1322220876508,S06,R6,1
1318217149145,W51,R6,1
1323221604414,S12,R5,1
1318216798064,W13,R6,1
1322220876890,S01,R6,1
1321220266555,S41,R6,1
1321219910229,S05,R1,1
1322221317718,S04,R1,1
1315214098218,W19,R4,1
1321219606934,S35,R6,1
1316215008119,W32,R5,1
1315213756517,W58,R6,1
1316215768781,W58,R5,1
1320219276110,W63,R5,1
1320218737397,W58,R5,1
1321219683556,S21,R6,1
1321219967282,S24,R5,1
1314213079433,W13,R6,1
1321219780727,S41,R6,1
1320218618965,W13,R6,1
1324222678043,S24,R6,1
1321219622584,S21,R6,1
1324223127515,S44,R5,1
1319218067662,W19,R5,1
1323222320917,S14,R5,1
1320219046505,W58,R5,1
1314212537702,W51,R6,1
1314212710913,W74,R6,1
1323221532892,S25,R1,1
1315213535471,W49,R3,1
1317219425030,W19,R6,1
1316215334121,W19,R6,1
1324222838310,S35,R6,1
1322220672760,S21,R5,1
1319217611868,W19,R6,1
1321219995673,S13,R6,1
1322221112345,S35,R5,1
1323222256000,S44,R6,1
1324222517346,S06,R6,1
1316215531031,W52,R2,1
1320219393143,W50,R6,1
1321220391510,S24,R6,1
1322220921466,S42,R6,1
1317216363895,W32,R5,1
1321219468648,S21,R3,1
1323222258891,S24,R5,1
1315214238887,W43,R4,1
1319218416194,W39,R6,1
1321221489368,S05,R4,1
1322221814914,S44,R5,1
1316215592407,W58,R6,1
1323222082087,S21,R6,1
1316215198387,W68,R5,1
1315213904663,W58,R6,1
1317216433716,W51,R6,1
1314212882791,W39,R2,1
1316215538935,W52,R6,1
1316215551680,W42,R6,1
1322221557503,S25,R1,1
1323221832052,S23,R4,1
1314213002746,W42,R1,1
1318217104177,W29,R4,1
1316215089475,W29,R6,1
1320219239035,W42,R1,1
1323221629266,S21,R6,1
1316214973822,W58,R2,1
1320219362050,W13,R6,1
1321219910155,S32,R6,1
1317215971348,W13,R6,1
1317216631251,W58,R2,1
1322220824534,S24,R5,1
1322220787408,S35,R3,1
1319218258325,W49,R4,1
1321221359452,S21,R6,1
1316214985261,W58,R4,1
1322221216548,S42,R6,1
1320218651634,W52,R6,1
1322221351986,S25,R5,1
1322220771897,S21,R6,1
1324222762787,S04,R3,1
1316215816428,W19,R4,1
1320219049158,W64,R6,1
1322221043781,S21,R3,1
1316215539331,W66,R4,1
1316215606955,W58,R5,1
1321219980808,S02,R5,1
1319217914670,W21,R6,1
1317216113670,W19,R4,1
1317216557456,W58,R6,1
1317216376689,W71,R3,1
1318217241696,W42,R5,1
1319217953342,W64,R6,1
1314212837114,W50,R2,1
1314212750032,W13,R6,1
1315214065839,W51,R6,1
1314212944502,W13,R6,1
1314212797082,W13,R6,1
1314212804658,W19,R4,1
1314212629505,W42,R1,1
1315214359818,W74,R6,1
1321219935855,S23,R5,1
1318217194339,W56,R2,1
1319217771500,W19,R1,1
1323221713454,S44,R5,1
1315214326872,W13,R5,1
1318217342474,W49,R4,1
1320219329657,W58,R2,1
1318217373707,W19,R2,1
1315213607967,W75,R6,1
1324222542173,S21,R5,1
1318216831368,W56,R2,1
1321219700515,S06,R6,1
1321220253278,S04,R3,1
1317216039735,W13,R6,1
1321219630769,S35,R5,1
1318217683438,W58,R5,1
1318217417068,W15,R5,1
1316215163724,W19,R6,1
1318216813117,W13,R6,1
1323221925819,S41,R6,1
1318216846598,W19,R2,1
1317216413056,W58,R3,1
1315214203984,W13,R6,1
1318217123405,W58,R6,1
1320220657516,W13,R6,1
1314216476224,W36,R4,1
1314212952675,W42,R3,1
1314214461295,W42,R1,1
1314212993430,W82,R3,1
1316215717620,W14,R6,1
1315213676719,W13,R5,1
1314212567299,W13,R6,1
1318217274087,W19,R6,1
1315214113488,W68,R5,1
1315214417925,W36,R6,1
1317216244576,W89,R3,1
1316218623270,W52,R5,1
1320219266400,W36,R6,1
1321219812486,S21,R5,1
1314212476131,W89,R5,1
1318216850356,W19,R3,1
1323222314787,S24,R4,1
1316215238231,W58,R2,1
1317216367060,W81,R2,1
1316215107828,W19,R6,1
1321219458662,S21,R6,1
1320218891481,W19,R6,1
1319218082776,W19,R5,1
1320219342906,W36,R2,1
1323222304293,S31,R6,1
1324222844375,S02,R6,1
1319218213268,W82,R5,1
1324223116878,S13,R6,1
1314212776342,W71,R5,1
1318217073624,W19,R6,1
1315214291609,W58,R6,1
1316215688351,W74,R5,1
1323222163709,S21,R2,1
1323222334791,S24,R4,1
1318217033950,W42,R1,1
1324222678981,S44,R6,1
1316215286954,W71,R6,1
1315213654419,W32,R6,1
1316214982098,W13,R6,1
1323221653619,S43,R4,1
1323221967134,S03,R1,1
1322221399734,S44,R6,1
1318217546441,W52,R2,1
1316215303850,W58,R3,1
1321220360768,S21,R6,1
1320218854103,W42,R4,1
1324222524377,S21,R5,1
1316215303809,W58,R3,1
1318216970398,W19,R6,1
1319218627661,W52,R4,1
1319218199053,W35,R5,1
1317216420822,W29,R6,1
1315214104960,W19,R6,1
1316218600803,W19,R6,1
1317216424933,W74,R6,1
1318216813687,W82,R3,1
1317216129395,W58,R3,1
1323222091670,S06,R5,1
1314212378715,W52,R3,1
1317218552610,W39,R6,1
1318217187083,W56,R6,1
1315214410019,W42,R6,1
1314212696342,W50,R3,1
1317216126452,W52,R6,1
1316216553560,W52,R2,1
1321219805571,S23,R4,1
1319217848542,W13,R6,1
1315213776204,W13,R5,1
1318216834109,W19,R6,1
1319218014811,W89,R1,1
1320219208737,W52,R4,1
1316215576695,W13,R6,1
1317215906951,W13,R5,1
1322221203096,S31,R3,1
1323222354449,S34,R6,1
1319217994894,W19,R2,1
1320218660189,W19,R4,1
1317216111411,W15,\N,2
1314212390710,W15,R5,2
1315214339208,W14,R6,2
1318217221605,W29,\N,2
1317216604898,W29,R6,2
1315214325159,W19,\N,2
1319217852348,W13,R6,2
1314212560294,W15,\N,2
1317216614596,W52,R6,2
1314211929827,W50,\N,2
1318216679276,W82,R5,2
1315213766405,W21,R5,2
1319218027290,W50,R5,2
1315213207487,W13,R6,2
1315214102360,W50,\N,2
1316215015381,W67,R6,2
1315214295115,W19,R6,2
1314211916919,W75,R6,2
1320218836183,W33,R5,2
1322220732349,S02,R5,2
1320218885642,W19,R2,2
1324223184868,S35,R6,2
1315213727148,W13,R6,2
1315213610722,W52,R6,2
1315214007231,W19,\N,2
1315214157036,W36,R6,2
1315214381384,W21,R6,2
1315214295836,W14,R5,2
1314212573683,W19,R6,2
1316216293682,W13,R4,2
1317216335176,W58,R3,2
1317216255152,W49,R6,2
1319218156293,W14,R6,2
1314213077148,W24,R5,2
1315213901453,W52,R5,2
1316215089436,W36,R5,2
1314212501023,W82,R6,2
1315213658913,W39,R5,2
1315213901440,W29,R5,2
1316215161744,W29,R6,2
1321219969577,S03,R2,2
1319217972619,W66,R6,2
1314212920829,W36,R5,2
1315214273512,W58,\N,2
1314212402248,W58,R6,2
1315214409993,W19,R6,2
1314212959961,W50,\N,2
1314212887071,W19,R1,2
1314213106622,W13,R6,2
1315214456067,W42,R6,2
1314212402251,W52,R6,2
1314213144847,W13,R6,2
1324222944187,S41,\N,2
1320218746384,W42,R5,2
1319217684962,W33,R5,2
1314213044100,W21,R6,2
1315213694983,W19,R5,2
1317216234284,W36,R2,2
1315215788694,W58,R6,2
1314212503231,W36,R5,2
1319218588667,W13,R6,2
1316215701297,W52,R6,2
1314212753242,W13,R3,2
1315214349173,W52,R6,2
1317216306934,W55,R6,2
1317216243131,W51,R5,2
1314212442925,W13,R4,2
1314212313934,W24,R6,2
1314212891598,W29,R5,2
1315213820424,W42,\N,2
1321220197216,S14,R5,2
1314217031309,W36,R5,2
1317216010278,W21,R5,2
1315213661034,W29,R5,2
1314213057033,W52,\N,2
1315213731591,W19,R5,2
1314212857698,W29,\N,2
1315213191861,W21,R3,2
1318216865978,W29,R6,2
1315218552608,W36,R6,2
1315214215345,W29,R6,2
1314212641676,W84,R6,2
1315214084067,W36,R5,2
1317216057036,W21,R6,2
1315214215358,W29,R6,2
1317215804826,W19,R5,2
1316215635398,W14,\N,2
1318217254705,W36,R6,2
1316215232277,W32,R6,2
1324222878910,S24,\N,2
1314212585083,W13,R6,2
1315214032714,W14,\N,2
1323221955255,S03,\N,2
1323221535127,S33,R6,2
1315214048225,W25,R5,2
1314212575219,W19,R6,2
1316218552572,W36,R5,2
1315213571817,W58,R5,2
1317216057012,W21,R6,2
1314212944464,W39,\N,2
1314212426338,W32,R6,2
1324222878946,S24,R5,2
1323223117108,S03,R2,2
1314212437798,W41,R6,2
1316215167848,W51,R4,2
1314212647717,W14,R6,2
1319217827930,W68,R6,2
1314212434714,W29,R6,2
1315213777042,W13,\N,2
1314212403315,W19,R6,2
1316215558848,W13,R4,2
1315214299695,W14,R6,2
1315213584675,W32,R5,2
1316215045319,W52,R5,2
1315213714431,W32,R6,2
1319218636583,W58,R1,2
1314212822389,W32,R5,2
1317215820895,W74,R5,2
1315214365114,W58,R6,2
1314211934310,W21,R6,2
1315213207501,W13,R6,2
1321220188344,S04,R6,2
1320218750141,W82,R6,2
1314212891143,W19,R6,2
1314212312526,W39,R6,2
1314215788314,W52,R6,2
1314212804645,W29,\N,2
1315213940190,W21,R6,2
1314212442937,W14,R5,2
1315213926850,W78,R6,2
1316215573015,W13,R3,2
1314212345348,W58,\N,2
1315218598908,W13,R6,2
1316215167812,W51,R3,2
1314212390429,W32,R6,2
1317215947300,W68,R5,2
1315213673054,W51,R5,2
1314212545331,W13,R6,2
1324222878934,S24,R5,2
1318217282363,W25,R6,2
1315213732252,W23,\N,2
1314212403303,W52,R6,2
1314214973428,W74,R6,2
1320219359181,W68,R6,2
1318217041045,W58,R2,2
1315213950177,W13,R6,2
1315214339158,W14,R6,2
1317216234714,W13,R6,2
1314212434702,W29,R6,2
1314212551511,W13,R6,2
1315214496578,W19,\N,2
1320218720466,W14,\N,2
1315213200316,W15,R6,2
1314212543829,W39,R6,2
1314212543856,W31,R6,2
1320219037874,W19,R6,2
1319218383901,W19,R6,2
1315214278549,W82,\N,2
1321220412783,S33,R6,2
1322220732352,S02,R3,2
1314212501062,W82,R6,2
1320219126950,W58,R6,2
1317216196004,W19,R5,2
1315213658925,W52,R6,2
1315213832672,W14,R5,2
1315214117905,W13,R6,2
1314212632083,W89,R3,2
1314212503268,W32,R5,2
1321220274296,S35,R6,2
1314212792612,W13,R4,2
1315213557667,W36,R6,2
1317216458479,W72,R5,2
1323222031433,S25,R3,2
1319218061810,W58,R6,2
1314212380265,W19,R6,2
1314212533261,W32,R6,2
1314212944425,W39,R6,2
1314212980229,W19,\N,2
1315213574116,W14,R5,2
1323222139305,S44,\N,2
1315214427092,W13,\N,2
1314212682850,W53,R6,2
1315214155576,W21,R5,2
1323221848144,S44,R5,2
1324222466536,S35,R1,2
1316215187840,W14,R6,2
1319217968078,W52,R6,2
1314212902555,W64,R2,2
1314213003662,W32,R6,2
1315213203514,W19,R6,2
1315214162226,W49,R6,2
1315214276875,W52,\N,2
1315218634463,W19,R5,2
1323222157327,S35,R6,2
1322221427065,S35,R6,2
1317216304384,W13,R6,2
1314214466726,W33,R5,2
1314212545204,W50,R2,2
1315213231463,W24,R6,2
1314212992919,W13,R4,2
1314213104805,W21,R6,2
1314212779096,W71,R6,2
1315214068328,W22,R6,2
1315214466777,W39,R5,2
1318217307394,W42,R6,2
1318216827093,W52,R6,2
1319217685369,W36,R5,2
1318218588717,W58,R6,2
1314212410195,W49,\N,2
1314212584736,W72,R4,2
1314212553301,W43,R1,2
1315214341125,W52,R5,2
1321220412769,S44,R6,2
1319218209068,W22,R6,2
1316215167798,W71,R4,2
1315213776192,W29,R5,2
1318217262361,W14,\N,2
1316215542604,W14,R6,2
1316215489244,W73,\N,2
1315214065827,W14,R6,2
1314212472474,W13,R6,2
1314212433940,W13,\N,2
1315213969076,W13,R6,2
1315213604491,W31,\N,2
1315213997568,W13,R4,2
1315219435221,W13,R5,2
1321219755055,S34,R4,2
1314212378398,W41,R4,2
1315214279390,W82,R6,2
1317216623658,W58,R6,2
1316215167863,W51,R3,2
1322220779262,S21,R6,2
1315213923939,W13,R6,2
1314212412415,W13,R6,2
1314212536282,W15,R2,2
1324222592634,S33,R5,2
1314211934967,W19,\N,2
1315213197015,W19,R6,2
1318216709269,W74,R5,2
1314212574913,W52,R6,2
1315213851898,W52,R5,2
1316215232265,W19,R6,2
1323222354437,S35,R6,2
1314212792903,W36,\N,2
1314212412441,W13,R6,2
1315213538527,W89,R4,2
1314212946127,W19,R5,2
1314212983439,W52,R6,2
1316215731163,W50,R5,2
1316215558293,W58,R6,2
1315213968175,W36,R6,2
1315213874605,W13,R5,2
1314212971232,W49,\N,2
1314213043983,W21,R6,2
1314217790803,W36,R5,2
1315214159838,W19,\N,2
1314212647729,W14,\N,2
1316215711615,W58,R6,2
1321219646837,S35,R6,2
1314212404230,W13,R4,2
1315214040608,W19,R6,2
1314212449122,W81,R5,2
1317216234361,W36,R2,2
1316215497482,W25,R5,2
1317216329538,W52,R4,2
1316215161732,W89,R6,2
1317216227987,W39,R6,2
1315214240398,W56,R6,2
1315214117867,W14,R6,2
1315214032334,W29,R6,2
1316215006533,W49,R6,2
1314212472486,W13,R6,2
1314212469656,W32,R5,2
1314212489064,W36,R6,2
1314212846430,W49,R6,2
1315214161770,W73,R6,2
1314212390468,W32,R6,2
1314212439323,W50,R6,2
1320218833731,W33,R5,2
1314212688218,W13,R5,2
1315214390650,W81,R5,2
1314212516696,W13,R6,2
1315213701612,W89,\N,2
1315214343295,W19,R6,2
1318217541770,W50,R6,2
1320218599013,W84,R5,2
1323221625546,S31,R5,2
1316216622415,W24,R5,2
1315213792690,W13,\N,2
1316215136146,W19,R6,2
1315213945619,W25,R6,2
1317216335152,W58,R3,2
1318216923401,W33,R5,2
1315215441256,W14,R5,2
1315213926847,W78,R6,2
1315213857396,W52,R6,2
1314212516708,W19,R6,2
1314212584748,W72,R5,2
1316216622391,W36,R5,2
1314212428229,W13,R6,2
1319218399640,W29,R6,2
1316215353792,W89,R2,2
1319218067647,W19,R5,2
1314213149014,W89,\N,2
1315214162303,W50,\N,2
1319218499224,W52,\N,2
1315214178687,W74,\N,2
1314212652958,W58,R5,2
1314212478465,W52,\N,2
1315213950001,W19,R6,2
1319218335279,W81,R5,2
1314212937953,W13,R6,2
1316215167394,W29,\N,2
1315213207499,W31,R6,2
1314212543868,W39,R6,2
1314212469617,W14,R5,2
1320218835092,W33,R5,2
1315213926811,W71,R6,2
1317216235097,W19,R6,2
1315214048237,W32,R5,2
1315214039859,W51,R4,2
1317216335149,W58,R3,2
1314213128768,W52,\N,2
1315213846569,W19,\N,2
1314212890875,W54,R5,2
1319217928201,W84,\N,2
1314212412478,W74,R6,2
1314213008283,W35,R2,2
1321219905092,S44,R6,2
1320218696995,W42,R5,2
1315213968264,W13,R6,2
1314212541116,W82,R5,2
1318217669872,W39,R6,2
1314212647743,W13,R6,2
1323221889355,S34,R5,2
1324222726628,S21,R6,2
1315219435233,W13,R5,2
1314212615569,W19,\N,2
1314212682862,W52,\N,2
1314212539946,W55,\N,2
1314211914270,W21,R5,2
1315213216916,W73,R6,2
1314212793335,W19,\N,2
1315213755515,W50,R6,2
1314212519490,W82,R6,2
1315219435245,W19,R5,2
1314212462028,W14,R6,2
1314212462016,W52,R2,2
1314212615025,W13,\N,2
1321220412922,S44,R6,2
1314213130913,W15,R6,2
1316215442575,W36,R6,2
1315213207513,W31,R6,2
1321220313858,S24,\N,2
1319218399626,W29,R6,2
1317216308902,W39,R6,2
1324222798961,S23,R2,2
1315214231591,W13,R4,2
1322220697371,S24,R6,2
1314213233822,W19,R6,2
1315213752672,W14,R4,2
1315214458919,W52,R6,2
1315213929110,W14,R6,2
1314212931721,W52,R6,2
1321220412896,S44,R6,2
1318217152469,W21,R4,2
1319218073827,W19,R6,2
1320218595179,W42,R6,2
1322221020872,S35,R6,2
1319217799218,W21,R5,2
1314212882981,W21,\N,2
1314213111976,W65,R6,2
1314212699096,W22,\N,2
1318217152457,W21,R4,2
1319218247169,W41,R6,2
1315217720364,W29,R4,2
1320218962227,W14,R6,2
1314211913948,W41,\N,2
1314212378436,W67,R4,2
1320219337692,W59,R4,2
1316214947867,W74,R5,2
1318217302177,W39,R6,2
1317216216008,W58,R3,2
1315218476594,W52,R6,2
1314212313959,W13,R6,2
1317216614584,W39,R5,2
1314213144823,W31,R6,2
1314212825095,W13,R6,2
1314212737682,W52,R6,2
1316215167824,W51,R4,2
1315213983378,W19,R6,2
1315213836238,W21,R6,2
1315218634487,W29,R5,2
1317216309563,W71,\N,2
1314214944819,W36,R6,2
1315213766355,W21,R5,2
1323222210724,S44,\N,2
1315214176149,W13,R4,2
1315214457780,W42,R6,2
1317216041285,W82,R5,2
1317216234296,W58,R2,2
1322221188511,S31,\N,2
1315213874581,W13,R5,2
1315214308431,W13,R6,2
1316215366194,W14,R6,2
1315214256101,W52,R6,2
1315213857384,W13,R6,2
1314211923216,W19,\N,2
1315214441875,W19,R4,2
1315214356091,W21,R6,2
1315213541840,W13,R2,2
1314212412427,W13,R6,2
1316215089499,W36,R6,2
1314212516684,W13,R6,2
1316215744374,W52,R6,2
1316215534660,W52,R6,2
1316215187307,W51,R5,2
1318216914919,W58,R6,2
1314213836240,W21,R6,2
1317216126185,W71,R6,2
1314212782369,W13,R4,2
1315213546169,W42,R6,2
1315213659461,W14,\N,2
1314212552665,W19,R6,2
1315214212476,W81,R5,2
1315214080158,W14,R5,2
1315214313975,W13,R6,2
1319218067635,W29,R5,2
1314212555674,W15,R6,2
1316215394812,W19,R6,2
1314213051636,W21,R6,2
1315214053062,W58,R3,2
1321220159267,S41,R6,2
1316215045550,W58,R6,2
1315213703174,W58,\N,2
1314212342950,W19,\N,2
1315215788338,W52,R6,2
1316215469762,W14,R3,2
1314213098458,W33,R6,2
1314212660765,W42,R6,2
1315213969064,W19,R6,2
1314212630281,W19,R6,2
1314212882955,W13,\N,2
1319218399665,W29,R6,2
1317216093789,W35,\N,2
1318217507728,W52,R6,2
1314212500742,W19,R6,2
1320219214133,W29,R6,2
1319218082814,W29,R5,2
1315214299707,W14,R6,2
1315213745197,W32,R6,2
1314212442964,W13,R6,2
1315213593433,W51,\N,2
1314212804660,W52,R6,2
1323222157404,S41,R6,2
1320219126947,W42,R1,2
1316215694807,W29,R6,2
1314212390470,W32,R6,2
1315214324713,W19,R6,2
1315213968795,W33,\N,2
1314212937940,W50,\N,2
1315218623256,W49,R5,2
1314212887083,W19,R6,2
1314212893010,W14,R5,2
1315214240400,W39,R6,2
1314212713061,W13,R6,2
1314216076190,W32,R5,2
1314212908952,W68,\N,2
1314212501163,W29,R5,2
1316215676115,W13,R6,2
1315214125650,W50,\N,2
1314213076654,W42,R6,2
1315213926823,W71,R6,2
1320219026440,W19,R6,2
1316215039280,W52,R6,2
1315214193082,W82,R6,2
1315213645260,W32,\N,2
1314212460808,W13,R6,2
1316215673132,W50,\N,2
1315213770148,W19,\N,2
1321220313845,S24,\N,2
1317216589782,W14,R5,2
1315214386866,W42,R4,2
1316215205459,W14,R6,2
1315213231160,W14,R6,2
1314212419372,W14,R6,2
1323221700127,S24,R6,2
1314214503118,W29,R5,2
1314212927420,W58,R5,2
1315214185492,W19,R6,2
1315213213958,W56,R5,2
1315213729926,W51,R5,2
1315214390902,W32,R6,2
1317218637650,W52,R6,2
1315213637667,W32,R5,2
1314212551143,W52,R5,2
1316215136223,W19,R6,2
1319217799194,W71,R5,2
1314212855807,W52,R6,2
1316215439365,W51,R5,2
1323222157442,S35,R6,2
1316215136247,W19,R6,2
1314212482970,W21,\N,2
1315213766379,W21,R5,2
1314212659748,W32,R6,2
1314212480230,W36,\N,2
1319218030738,W51,R5,2
1322221427077,S35,R6,2
1316215742812,W65,R5,2
1318217152444,W21,R4,2
1315213706005,W39,R6,2
1321219972460,S24,\N,2
1316215694833,W29,R6,2
1315213766381,W21,R5,2
1315214341149,W52,R5,2
1314212673836,W36,\N,2
1314212750160,W19,\N,2
1315213851886,W52,R6,2
1317216335164,W58,R5,2
1317216614622,W19,R6,2
1315213700750,W14,R6,2
1316215744398,W50,R6,2
1319217660669,W13,R5,2
1314212516734,W13,R6,2
1314212353573,W42,\N,2
1314212695338,W52,R5,2
1315218623320,W84,R5,2
1314212384491,W82,R6,2
1315213919893,W13,R6,2
1314213100668,W13,R5,2
1314212489049,W14,R6,2
1314212400218,W13,R6,2
1317216010304,W21,R5,2
1314212632119,W52,\N,2
1323221937636,S35,R6,2
1320218595003,W15,R6,2
1315214231805,W14,\N,2
1315216643294,W13,R6,2
1315214245870,W84,R6,2
1323222023982,S42,R6,2
1318216894980,W52,R5,2
1315213945658,W21,R6,2
1319217721214,W81,R3,2
1320219383142,W39,\N,2
1314212950265,W52,R6,2
1319217928187,W84,R6,2
1315213937840,W52,R5,2
1314212343471,W78,R5,2
1314213189311,W36,\N,2
1314212402263,W52,R6,2
1314213001860,W14,\N,2
1315213715624,W39,R6,2
1320218885539,W58,R2,2
1314212985182,W33,R6,2
1315213965852,W58,R3,2
1316215682434,W14,R5,2
1315213219571,W36,R6,2
1315213697511,W82,R5,2
1315214215257,W29,R6,2
1316215673144,W58,R5,2
1314213199110,W19,R5,2
1315213984204,W42,R6,2
1314212881686,W29,R6,2
1314213104387,W42,R3,2
1319217610361,W13,R4,2
1314214496566,W50,R4,2
1315214043515,W14,R5,2
1314212378386,W67,R4,2
1318217419290,W42,\N,2
1314211917719,W58,R5,2
1318217455272,W29,R6,2
1315213572922,W74,R5,2
1315214451700,W13,R6,2
1314212335929,W78,R6,2
1314212394454,W13,\N,2
1318217345723,W19,R6,2
1322220732337,S02,R4,2
1318216769366,W22,R6,2
1317216234322,W36,R2,2
1317215905504,W29,R6,2
1321220275212,S35,R6,2
1322221388972,S23,\N,2
1314212976563,W13,R5,2
1315214235400,W36,R6,2
1315218623306,W83,R5,2
1316215232291,W19,R6,2
1320218833337,W58,R6,2
1321219974565,S44,R6,2
1323221635891,S21,R4,2
1316215448844,W19,R6,2
1314212543817,W52,R4,2
1316215290723,W13,R5,2
1320218933695,W36,R6,2
1315213569724,W32,R3,2
1316215349477,W49,R5,2
1317216234260,W36,R2,2
1319217799257,W71,R5,2
1314212876712,W13,R6,2
1315214457778,W82,R6,2
1318217455260,W29,R6,2
1324222878959,S24,R5,2
1315213720651,W73,\N,2
1315214076539,W13,R3,2
1315213541826,W32,R6,2
1319218415267,W58,R3,2
1321220412934,S44,R6,2
1314212390708,W68,R5,2
1314212607713,W89,R6,2
1315214109415,W24,R6,2
1315214170591,W71,R6,2
1314213044074,W21,R6,2
1317216255125,W58,R5,2
1314213031863,W81,R6,2
1317215995275,W14,R6,2
1315213929108,W14,R6,2
1314213104375,W42,R3,2
1324222555688,S24,R4,2
1314211924117,W13,R6,2
1314212347785,W52,R5,2
1316214965004,W52,R5,2
1315214449819,W19,\N,2
1317216149435,W52,R6,2
1318216910430,W81,R6,2
1314213027461,W13,R6,2
1315214249916,W51,R6,2
1314212536294,W14,R5,2
1314212491322,W13,R5,2
1315214215182,W50,R6,2
1314212324469,W14,R6,2
1314212535266,W50,R6,2
1314212610935,W84,R5,2
1314212636676,W49,\N,2
1314212437279,W14,R6,2
1319217760572,W58,R6,2
1314212900157,W50,R5,2
1316215600368,W74,\N,2
1315213743711,W71,R6,2
1317215943248,W52,R6,2
1319217768365,W52,\N,2
1315214365126,W13,R5,2
1315214440935,W43,R5,2
1317215943200,W52,R6,2
1316215497470,W68,R5,2
1314211932013,W42,R6,2
1314218588731,W82,R6,2
1315213969052,W13,R6,2
1317216041424,W58,R2,2
1315214107260,W19,R5,2
1321220353472,S21,R5,2
1315214060814,W71,R6,2
1315213706029,W52,R6,2
1315215788643,W13,R6,2
1315213225319,W13,\N,2
1318218571533,W58,R5,2
1318218552469,W39,R6,2
1317216110054,W59,R6,2
1314212369868,W72,R6,2
1315213804444,W52,\N,2
1321220187898,S23,R6,2
1324222408458,S03,R6,2
1314212578660,W14,R6,2
1314212400206,W52,R6,2
1324223184843,S35,R6,2
1315213926862,W71,R6,2
1322221251008,S42,R5,2
1315214384531,W14,R4,2
1315213727934,W52,R5,2
1324222822835,S21,R6,2
1314212637058,W25,R5,2
1314212528121,W82,R6,2
1314212775631,W71,R6,2
1315214279402,W82,R6,2
1320218750180,W82,R6,2
1315213945633,W25,R6,2
1315213946179,W22,R6,2
1319218175798,W29,R3,2
1315213923889,W13,R6,2
1314212379174,W72,R6,2
1318217345735,W19,R6,2
1314212779591,W78,R6,2
1316215522350,W52,R6,2
1316215692789,W72,R5,2
1315213901477,W13,R5,2
1315214187787,W74,R6,2
1314213128022,W78,\N,2
1314212503270,W32,R5,2
1314212431074,W15,R6,2
1315214276317,W42,\N,2
1314212809560,W29,\N,2
1315214120988,W19,\N,2
1314212558124,W13,\N,2
1314211932025,W49,R6,2
1314212543894,W39,R6,2
1315214191862,W21,R6,2
1318217463355,W82,R3,2
1314212774400,W33,R5,2
1316215366170,W14,R6,2
1321219919471,S24,R3,2
1314212809545,W29,\N,2
1314212900183,W50,R5,2
1315213774553,W19,\N,2
1318216911166,W13,R6,2
1316215359934,W29,\N,2
1315213846571,W22,R6,2
1314212636726,W49,R6,2
1322221288754,S35,R6,2
1322221056029,S44,R6,2
1316215247711,W31,\N,2
1315213978695,W13,R6,2
1316215533807,W82,R6,2
1319217852387,W15,\N,2
1315214363994,W52,R6,2
1314212516254,W49,R5,2
1316215673094,W58,R5,2
1324222463566,S23,R6,2
1314212872473,W13,R5,2
1315213207463,W31,R6,2
1315213243672,W32,R6,2
1314212505174,W19,R6,2
1314212378412,W67,R4,2
1317216233369,W19,R6,2
1315214244992,W14,\N,2
1315214441851,W32,\N,2
1315214308746,W21,R5,2
1314212792889,W33,R6,2
1315213230941,W42,R6,2
1315214240362,W56,R6,2
1314212598167,W14,R5,2
1315214025126,W21,R6,2
1316215167851,W51,R3,2
1314211923228,W36,\N,2
1314212646703,W33,R1,2
1316215572951,W19,R5,2
1316215205446,W14,R6,2
1315214105847,W19,\N,2
1314213044047,W25,R6,2
1314212390583,W82,R4,2
1317216566481,W25,R6,2
1315218634475,W42,R5,2
1315213950165,W13,R6,2
1314212501098,W42,R6,2
1319218383949,W19,R6,2
1314212893034,W74,R5,2
1314212500728,W82,R1,2
1321219905054,S44,R6,2
1316215481223,W71,R6,2
1314212529580,W74,R6,2
1314213056474,W13,\N,2
1314212900258,W50,R5,2
1314213145269,W13,\N,2
1315213978707,W14,R6,2
1319217773744,W15,R5,2
1319218247207,W41,R6,2
1314212442949,W52,R5,2
1314212552653,W13,R6,2
1315214349223,W50,R6,2
1315213701067,W82,R6,2
1318217223736,W41,R2,2
1318216864037,W41,R3,2
1318217345711,W19,R6,2
1320218835825,W36,R5,2
1315213839145,W74,R6,2
1315213632781,W39,\N,2
1317216010292,W21,\N,2
1316215136159,W13,R6,2
1314212503243,W14,R5,2
1317215905492,W89,R6,2
1314214295139,W29,R6,2
1323221937648,S35,R6,2
1316215037868,W14,R6,2
1321220383665,S23,R6,2
1322220775201,S42,\N,2
1318217558749,W29,R6,2
1317219442833,W49,R2,2
1318216972063,W13,R4,2
1322220679981,S03,R1,2
1314212675033,W14,\N,2
1314212809558,W29,\N,2
1314212779108,W71,R6,2
1315213753167,W19,R2,2
1316215426091,W71,R5,2
1314212977817,W51,R2,2
1314212442952,W14,\N,2
1315214332847,W58,R6,2
1321221431570,S42,R6,2
1315214357624,W14,R6,2
1322221205786,S04,R5,2
1321219704549,S06,R5,2
1317215947298,W64,R5,2
1315214453211,W36,R5,2
1314212390482,W32,R6,2
1315214295178,W29,R6,2
1315213984178,W82,R6,2
1316215673106,W53,R6,2
1322221426404,S35,R6,2
1315214309662,W13,R4,2
1314212503256,W13,R5,2
1316215198375,W56,R6,2
1321220188320,S22,R6,2
1316215232315,W19,R6,2
1315214295851,W68,R5,2
1314212402275,W52,R6,2
1316215135029,W13,\N,2
1316215673056,W41,R6,2
1319218195497,W22,R6,2
1315214371585,W54,\N,2
1316214982617,W72,R5,2
1315214458869,W52,R6,2
1317216065680,W58,R6,2
1318216920862,W58,R6,2
1317216335125,W89,\N,2
1321219660798,S33,R6,2
1316215028679,W13,R6,2
1315214363929,W13,R6,2
1314212317768,W39,R6,2
1315214452714,W19,\N,2
1315214308468,W13,R5,2
1316215180074,W19,R6,2
1315214110722,W58,R6,2
1314212419600,W58,R5,2
1315214116434,W65,\N,2
1314212806261,W13,R6,2
1324222583484,S24,R6,2
1314213083355,W14,R6,2
1315213585971,W14,\N,2
1324222822759,S42,R6,2
1314212944452,W13,R6,2
1314212442976,W52,R6,2
1315214073328,W13,R6,2
1315213684564,W52,R6,2
1315213926835,W78,R6,2
1316215563634,W21,R6,2
1321220412670,S44,R6,2
1315214295848,W19,R5,2
1323222019503,S44,R4,2
1321219457862,S21,R6,2
1319217761408,W19,R6,2
1315214296244,W21,R6,2
1321220516316,S33,R6,2
1315213690225,W89,\N,2
1315213999271,W19,R6,2
1314212971307,W42,R6,2
1324223184856,S35,R6,2
1314213213580,W15,R6,2
1315213755503,W21,R6,2
1314214917369,W52,R6,2
1314212378448,W66,R4,2
1315213722337,W56,R6,2
1314212973200,W50,R6,2
1315216650945,W52,R4,2
1315213700723,W82,R6,2
1318217060223,W82,R6,2
1315213841784,W19,R6,2
1318217255177,W42,\N,2
1315214365090,W13,R6,2
1314213035138,W49,R6,2
1314211943980,W32,\N,2
1315214339261,W13,R6,2
1317216403802,W71,R6,2
1314213116864,W19,R6,2
1315213999232,W29,R6,2
1315213610710,W52,R6,2
1315214252342,W42,R6,2
1314212690325,W52,R5,2
1316215167836,W71,R5,2
1315213207525,W31,R6,2
1314212688206,W52,R2,2
1317215943212,W52,R6,2
1317216311441,W13,R6,2
1315213758016,W52,R5,2
1315213888910,W13,R2,2
1314213171515,W13,R5,2
1316215454152,W89,R2,2
1314212500730,W42,R6,2
1315213752660,W14,R4,2
1315213924020,W49,\N,2
1318216837587,W58,\N,2
1314212775643,W68,\N,2
1316216622389,W36,\N,2
1314212800066,W35,R3,2
1315214451698,W58,R6,2
1321220915490,S11,R6,2
1314212579433,W54,R4,2
1314212695264,W13,\N,2
1315213797273,W52,\N,2
1314212861660,W13,R5,2
1316215092065,W19,R2,2
1323221586896,S35,R1,2
1314212775629,W42,R6,2
1315213913369,W83,\N,2
1314212572123,W51,R5,2
1315213726348,W29,\N,2
1314212674891,W42,R2,2
1316215232240,W19,R6,2
1316215682446,W14,R5,2
1314212516746,W13,R6,2
1315213901465,W52,R5,2
1315214240386,W39,R6,2
1314212412821,W42,R6,2
1314212545356,W13,R6,2
1319218079287,W15,R6,2
1315214377792,W89,R2,2
1315213561210,W52,R4,2
1315214009894,W42,R6,2
1321220274308,S35,R6,2
1317216130765,W52,R6,2
1314212647693,W14,R6,2
1317216329565,W52,R4,2
1315214339246,W14,R6,2
1316215144736,W13,\N,2
1315214292043,W19,R5,2
1319218492243,W58,R2,2
1314212346973,W14,R4,2
1318217093691,W14,R6,2
1318217123607,W52,R6,2
1315213872791,W21,R6,2
1314212634556,W36,\N,2
1315214038731,W19,R5,2
1314212557526,W29,R1,2
1315213867017,W13,R5,2
1314212881700,W19,R6,2
1315213999283,W29,R6,2
1315214007229,W52,\N,2
1320219126923,W42,R1,2
1316215668981,W49,R6,2
1315213701143,W73,\N,2
1318217455258,W29,R6,2
1315214339259,W14,R6,2
1320218598997,W72,R5,2
1315214339297,W13,R6,2
1314212804088,W53,R3,2
1314212521064,W13,R5,2
1314213195567,W42,R6,2
1314212390456,W32,R6,2
1318217231505,W24,R6,2
1319217928199,W84,R6,2
1314212859019,W58,\N,2
1315214410033,W19,R6,2
1315214215271,W50,\N,2
1315213694995,W42,\N,2
1315213903709,W58,R1,2
1315213883871,W36,R6,2
1316214983595,W32,\N,2
1318216925711,W33,R5,2
1314212481915,W21,R3,2
1316215434061,W21,R6,2
1316215522347,W13,R6,2
1314212779577,W58,R6,2
1314212303198,W19,R3,2
1315213704366,W52,R6,2
1316215015355,W13,R6,2
1321220412795,S44,R6,2
1315213841265,W72,R6,2
1318217093689,W14,R5,2
1315213891272,W13,R3,2
1319217928175,W58,R5,2
1314213044124,W21,R6,2
1316215497494,W25,R5,2
1315213243660,W32,R6,2
1315213706031,W58,R6,2
1314212404026,W21,R3,2
1314212843421,W19,\N,2
1315219435219,W13,R5,2
1316215136235,W19,R6,2
1314212378374,W41,R4,2
1314214973479,W74,R6,2
1317216168512,W52,R6,2
1315213968249,W14,R6,2
1314212390443,W32,R6,2
1314212428573,W21,R6,2
1314213044062,W25,R6,2
1314213076870,W21,R6,2
1314212774412,W35,R5,2
1320218944243,W42,\N,2
1314213070966,W19,\N,2
1315214305601,W14,R6,2
1316215065982,W19,\N,2
1316215451699,W39,R6,2
1318217152420,W21,R4,2
1314212962207,W42,\N,2
1315213874567,W13,R5,2
1323222023994,S42,R6,2
1321219630795,S21,R6,2
1315213700747,W14,R6,2
1315213848260,W19,R5,2
1314212472498,W14,R6,2
1321220313833,S24,\N,2
1314212689261,W19,R6,2
1314212545406,W21,R6,2
1321220412757,S44,R6,2
1315213999244,W29,R6,2
1314212573226,W13,R5,2
1318216680114,W42,R5,2
1323221586908,S35,R1,2
1314212543882,W31,R6,2
1315214329548,W23,R4,2
1315214457766,W82,R6,2
1315214065803,W13,R6,2
1314213128010,W81,\N,2
1319222367839,W19,R3,2
1315214030936,W32,R6,2
1315213745146,W36,R6,2
1315213766102,W29,R5,2
1314212716219,W14,R5,2
1315213857408,W13,R6,2
1315213200330,W19,R6,2
1315214295141,W29,R6,2
1317216010280,W21,R5,2
1315214355404,W49,R6,2
1315214030924,W24,R6,2
1316215724117,W13,\N,2
1314212333506,W51,\N,2
1315214416315,W58,R4,2
1320219414707,W82,R6,2
1314212333304,W24,R6,2
1314212943676,W50,R5,2
1315214052122,W14,\N,2
1317217558713,W41,R6,2
1317216466779,W49,R6,2
1316215620814,W29,R6,2
1320219214119,W29,R6,2
1319217826041,W19,R3,2
1316215232253,W32,R6,2
1317215956855,W22,R6,2
1324222748574,S24,R6,2
1315214371561,W13,R3,2
1314212302614,W19,R2,2
1314212501050,W19,R6,2
1318217345786,W19,R5,2
1314212622207,W32,\N,2
1316215535170,W58,R6,2
1314213062829,W21,\N,2
1315213625419,W36,R2,2
1314212736235,W31,R2,2
1314212534592,W82,R6,2
1315213945583,W25,R6,2
1315213950013,W19,R6,2
1315214039861,W39,\N,2
1317216250908,W71,R5,2
1315213632793,W72,R6,2
1315213749815,W14,R5,2
1315213766342,W21,R5,2
1314212638035,W13,R6,2
1314212460822,W19,R6,2
1318217221656,W39,R6,2
1314212872461,W13,R6,2
1315213694971,W51,R5,2
1315214296206,W36,R6,2
1314212494090,W39,R6,2
1316215006521,W42,R6,2
1321219846413,S21,\N,2
1315213766367,W21,R5,2
1316214927067,W73,\N,2
1319217794217,W65,R6,2
1315213929084,W32,R6,2
1315213538287,W13,R6,2
1315214388858,W19,R6,2
1314213027459,W14,R3,2
1315214313583,W19,\N,2
1314213104680,W42,\N,2
1315214266037,W14,R4,2
1317215803786,W39,R6,2
1314215788631,W68,R6,2
1314212652642,W24,R5,2
1314212881698,W29,R6,2
1314211916313,W13,R6,2
1316214964999,W58,R6,2
1314212929436,W36,R6,2
1315214099121,W52,R5,2
1316215205485,W13,R6,2
1315213926886,W50,R6,2
1314212516722,W19,R6,2
1315214442737,W39,\N,2
1314212750057,W36,\N,2
1315214339172,W14,R6,2
1317216117034,W41,R4,2
1316215575515,W72,R5,2
1317216584995,W29,R6,2
1314211904661,W51,\N,2
1315215804509,W52,R6,2
1315213605544,W13,R6,2
1321219704614,S02,\N,2
1316215232289,W19,R6,2
1315213800143,W13,R6,2
1315214295180,W29,R6,2
1315213727922,W52,R5,2
1317216486213,W14,\N,2
1320219126962,W82,\N,2
1315214492961,W29,R6,2
1318217152432,W21,R4,2
1323222333027,S23,\N,2
1315213949997,W19,R6,2
1315214240350,W56,R6,2
1317216010266,W21,R5,2
1314212603207,W13,R5,2
1315214218784,W23,R4,2
1314212498253,W35,R4,2
1317216146819,W81,\N,2
1319218303283,W36,R6,2
1315214247088,W42,\N,2
1315213965876,W21,R2,2
1316215037843,W14,R6,2
1320219242649,W52,R6,2
1315214459113,W32,R6,2
1317215942335,W52,R6,2
1315214509263,W13,\N,2
1315214417127,W31,R3,2
1316215114846,W21,R4,2
1324222522106,S23,\N,2
1317216335113,W14,R5,2
1314212932406,W58,R6,2
1324222856318,S23,R5,2
1316215534696,W19,R6,2
1315213700735,W14,R6,2
1314212647731,W13,R6,2
1314212646715,W19,R2,2
1314213031622,W42,\N,2
1316215015342,W22,R6,2
1320218750178,W82,R6,2
1314212335931,W58,R6,2
1315214203465,W15,R6,2
1315213557679,W36,R6,2
1321220390443,S25,\N,2
1317215943251,W52,R6,2
1315213210154,W22,R6,2
1317216234272,W36,\N,2
1315213772888,W13,\N,2
1316215742077,W58,R2,2
1315214357550,W52,R6,2
1314213076868,W19,R6,2
1315213557655,W36,R6,2
1320218750154,W82,R6,2
1314214973378,W74,R6,2
1318218636835,W52,R6,2
1315214015315,W58,R6,2
1314212674129,W13,R5,2
1315214357648,W39,R6,2
1314212471940,W51,R6,2
1319218588756,W13,R6,2
1316215534658,W39,R5,2
1315214417230,W21,R6,2
1319217782147,W29,R6,2
1316215054519,W50,R6,2
1314213027446,W33,R3,2
1314212679726,W73,R6,2
1315214106484,W24,R6,2
1315213984154,W42,R6,2
1314212674131,W14,R5,2
1318217152471,W21,R4,2
1314212953956,W29,\N,2
1316215694821,W29,R6,2
1318217060235,W82,\N,2
1314212403291,W39,R5,2
1318216926182,W36,R5,2
1315213950153,W58,R6,2
1317216539128,W52,R5,2
1314212779589,W78,R6,2
1315213716374,W19,R2,2
1314212932230,W32,R6,2
1316214900019,W39,R6,2
1316215290747,W19,R6,2
1323222354452,S35,R6,2
1314212712549,W13,R6,2
1315214392627,W13,R6,2
1319218395960,W13,R5,2
1316215102536,W14,R5,2
1314212724468,W19,\N,2
1315213979774,W42,R6,2
1315214339285,W14,R6,2
1314212944437,W13,R6,2
1315213921176,W52,R5,2
1317216440370,W14,R2,2
1316215037856,W82,R6,2
1317215995263,W14,R6,2
1315214382451,W19,R6,2
1317216297438,W14,R6,2
1315213874593,W32,R5,2
1320219214145,W29,R6,2
1316215761293,W13,R6,2
1323221686759,S21,R6,2
1314212608424,W82,R6,2
1314212573671,W19,R6,2
1314212933283,W58,R6,2
1315214223455,W42,R6,2
1315213880990,W42,R5,2
1323222432243,S35,R6,2
1314212698423,W82,\N,2
1315214249930,W13,R6,2
1322221336148,S24,\N,2
1316217685472,W58,\N,2
1314218588681,W82,R6,2
1316215136211,W19,R6,2
1314212860783,W39,R5,2
1314212547246,W52,\N,2
1318217209838,W58,R6,2
1321220412720,S44,R6,2
1314212702652,W52,\N,2
1315213632779,W72,R6,2
1316215007220,W25,\N,2
1316215472679,W52,R3,2
1315214110710,W31,R6,2
1316215366206,W14,R6,2
1314212873335,W13,R6,2
1315213992136,W13,R6,2
1324223199656,S31,R6,2
1314212545343,W32,R6,2
1315213857410,W13,R6,2
1320218655304,W53,\N,2
1314212887020,W32,R6,2
1314212369870,W39,R6,2
1315213940378,W33,\N,2
1315213857372,W71,R6,2
1314212859324,W55,\N,2
1315213682281,W13,R6,2
1314212303693,W15,R5,2
1314212900144,W50,R5,2
1314213020338,W31,R6,2
1315213999218,W32,R6,2
1315213640244,W21,\N,2
1315213207475,W41,R6,2
1315213872740,W56,\N,2
1315214456319,W82,\N,2
1317216466793,W14,R6,2
1314212530568,W32,R6,2
1316215089018,W58,R5,2
1322220742415,S23,R5,2
1314212505162,W19,R6,2
1315213619392,W33,R6,2
1319217851955,W82,\N,2
1316216348843,W73,R6,2
1315214091062,W82,R4,2
1314214388795,W19,\N,2
1314212902581,W64,R2,2
1319217758578,W66,R4,2
1319217809502,W89,\N,2
1315214341152,W56,R6,2
1316215491491,W19,R6,2
1318217252586,W19,R5,2
1317216616449,W52,R6,2
1315214252963,W54,\N,2
1314212749345,W13,R6,2
1322220697332,S03,R6,2
1315213197270,W56,R6,2
1314212639494,W82,R6,2
1314212492324,W23,\N,2
1314212385153,W55,R6,2
1315213688169,W53,R5,2
1314212634644,W50,\N,2
1316215549155,W21,R6,2
1314212332670,W82,R6,2
1314212776355,W71,R5,2
1315213231172,W52,R6,2
1315213969049,W19,R6,2
1314212620443,W13,R5,2
1315213965849,W21,R3,2
1315213841772,W42,R6,2
1314212428585,W21,R6,2
1315213874579,W13,R5,2
1314212488605,W13,R6,2
1319218395921,W51,R5,2
1317216010254,W21,R5,2
1314212823266,W72,R6,2
1316215534672,W52,R6,2
1314212786368,W52,R4,2
1314212790760,W23,R4,2
1316215673070,W19,R5,2
1317219442896,W58,R3,2
1315214339196,W13,R6,2
1320219037785,W14,R6,2
1314212822377,W24,R6,2
1315214062566,W32,R6,2
1314212412439,W13,R6,2
1314212892069,W14,\N,2
1322221431051,S44,\N,2
1314212551156,W51,R5,2
1314212352850,W13,R6,2
1315214357600,W64,R6,2
1314212324457,W14,R6,2
1316215191800,W36,\N,2
1315213716362,W52,\N,2
1316215045333,W32,R6,2
1315214417115,W89,R6,2
1314213018930,W29,R6,2
1314212860771,W36,R5,2
1315218636811,W32,R6,2
1314215804497,W58,R6,2
1314219435272,W13,R6,2
1317216110041,W13,R6,2
1315214428435,W81,\N,2
1315214457792,W82,R6,2
1314213106634,W13,R6,2
1314212566564,W21,R5,2
1314212311500,W74,R6,2
1315213706017,W39,R6,2
1315213766393,W21,R5,2
1314212318341,W89,R5,2
1315213853563,W13,\N,2
1314212748709,W13,R5,2
1314212823254,W52,R6,2
1314212893022,W14,R5,2
1314213144835,W32,R6,2
1316215694819,W29,R6,2
1316215462742,W13,R6,2
1318217307406,W42,R5,2
1314212396574,W21,R5,2
1314219435260,W13,R6,2
1320218721025,W68,R2,2
1317216616452,W58,\N,2
1320218841435,W21,R5,2
1315213766330,W21,R4,2
1314211915119,W13,R6,2
1314212378424,W41,R4,2
1316214923169,W58,R6,2
1315213965864,W64,\N,2
1319217685318,W33,R5,2
1321220412631,S44,R6,2
1314212317061,W13,R6,2
1315214189021,W36,R6,2
1320218774216,W22,R6,2
1317215830252,W73,\N,2
1315213945607,W21,R6,2
1314212750044,W82,R1,2
1315214469811,W13,R6,2
1315214215168,W50,\N,2
1314212512937,W53,R3,2
1315213764549,W43,\N,2
1316214982605,W72,R5,2
1319217854809,W73,R6,2
1315213658937,W52,R6,2
1315214162240,W19,R6,2
1315218588679,W66,R6,2
1319217685611,W33,R5,2
1315214117828,W13,R6,2
1314218160303,W58,R6,2
1322221156312,S31,R5,2
1317216539104,W49,R6,2
1314212797346,W52,R4,2
1318216865966,W29,\N,2
1315213629165,W15,\N,2
1315213941673,W35,R6,2
1317216585000,W29,R6,2
1314212378400,W41,R4,2
1318216845228,W51,R5,2
1315213208921,W36,R5,2
1315213208919,W39,R5,2
1315214384543,W51,R4,2
1317216138370,W49,R3,2
1315213721285,W58,\N,2
1315213849730,W42,R6,2
1314212796041,W13,R6,2
1314213022027,W13,R6,2
1314212338305,W19,R5,2
1314212580967,W42,R5,2
1317216241517,W22,\N,2
1315214249904,W51,R6,2
1314212605885,W64,R6,2
1315214279376,W58,R6,2
1315213983366,W19,R6,2
1314211935174,W19,R5,2
1315213541838,W32,R6,2
1321219830647,S42,\N,2
1324222466548,S35,R1,2
1315214343978,W81,R5,2
1318217558725,W41,R6,2
1315214158370,W42,R5,2
1315213836822,W49,R6,2
1315213965837,W51,R2,2
1320218936704,W19,R6,2
1315213545662,W49,R6,2
1315213923865,W13,R4,2
1314212509261,W15,R6,2
1317216584983,W29,R6,2
1315214339184,W13,R6,2
1315214123869,W13,R5,2
1314212598155,W58,R5,2
1315213832684,W14,R5,2
1321219910229,S21,R6,2
1316215008119,W55,R5,2
1320218618965,W89,\N,2
1319218067662,W29,R5,2
1314212710913,W55,R6,2
1323221832052,S04,R5,2
1317216631251,W13,R5,2
1314212944502,W39,R6,2
1314212804658,W21,R5,2
1315214203984,W41,R6,2
1314212776342,W78,R5,2
1315213654419,W13,R6,2
1316214982098,W58,R6,2
1317218552610,W36,R6,2
1315214410019,W66,\N,2
1315213776204,W29,R5,2
1323222354449,S35,R6,2
1317216614596,W19,R6,3
1315213207487,W31,R6,3
1316215015381,W58,R5,3
1315214295115,W29,R6,3
1314211916919,W42,R6,3
1324223184868,S44,R6,3
1316216293682,W42,R5,3
1319218156293,W49,R6,3
1315213901453,W13,R5,3
1314212501023,W42,R6,3
1315213658913,W19,R6,3
1315213901440,W13,R5,3
1321219969577,S24,R2,3
1319217972619,W19,R6,3
1314212920829,W21,R5,3
1315214273512,W13,\N,3
1314213106622,W36,R6,3
1319217684962,W52,R5,3
1314212503231,W14,R5,3
1314212753242,W32,\N,3
1317216306934,W52,R5,3
1314212891598,W19,R5,3
1315213820424,W58,\N,3
1315213191861,W31,R3,3
1315218552608,W52,R6,3
1314212641676,W42,R6,3
1318217254705,W32,R6,3
1316215232277,W51,R6,3
1323221535127,S21,R6,3
1315214048225,W14,R5,3
1314212437798,W78,R6,3
1315213777042,W31,\N,3
1314212403315,W52,R6,3
1315213584675,W13,R5,3
1315213714431,W31,\N,3
1317215820895,W24,R5,3
1315214365114,W13,\N,3
1314211934310,W19,R6,3
1315213207501,W41,R6,3
1315213732252,W74,\N,3
1314212403303,W19,R6,3
1315213950177,W58,R6,3
1320219126950,W82,\N,3
1315213658925,W19,R6,3
1314212503268,W14,R5,3
1321220274296,S44,R6,3
1314212792612,W14,R5,3
1314212380265,W52,R6,3
1314212980229,W13,\N,3
1315213574116,W13,R6,3
1314212902555,W32,R2,3
1322221427065,S44,R6,3
1317216304384,W32,R6,3
1314214466726,W35,\N,3
1314212545204,W52,R2,3
1315213231463,W25,R6,3
1319217685369,W52,R5,3
1315213604491,W36,\N,3
1315213997568,W52,R4,3
1314212378398,W67,R4,3
1315214279390,W58,R6,3
1315213923939,W23,R6,3
1314212536282,W14,R5,3
1318216709269,W24,R5,3
1314212574913,W58,R6,3
1316215232265,W51,R6,3
1323222354437,S44,R6,3
1314212792903,W13,\N,3
1315213968175,W19,R6,3
1315213874605,W36,R5,3
1314212971232,W14,\N,3
1316215711615,W13,R6,3
1317216329538,W58,R2,3
1317216227987,W58,\N,3
1315214240398,W39,R6,3
1314212469656,W29,R6,3
1314212846430,W15,R6,3
1315214161770,W84,R6,3
1314212688218,W21,R5,3
1315214390650,W22,\N,3
1318216923401,W52,R5,3
1315215441256,W19,R6,3
1315213857396,W36,R6,3
1314212428229,W78,R6,3
1319218399640,W39,R6,3
1315214178687,W81,\N,3
1315213207499,W13,R6,3
1320218835092,W52,R5,3
1315214048237,W14,R5,3
1314212890875,W52,R6,3
1314213008283,W25,R4,3
1320218696995,W29,R6,3
1315213968264,W49,R6,3
1318217669872,W58,R6,3
1314212615569,W31,\N,3
1314212682862,W39,\N,3
1314212539946,W54,\N,3
1315213216916,W75,R6,3
1314213130913,W13,R6,3
1315213207513,W13,R6,3
1321220313858,S23,\N,3
1319218399626,W39,R6,3
1314212882981,W14,\N,3
1314213111976,W52,R6,3
1314212378436,W41,R4,3
1316214947867,W24,R5,3
1315218476594,W13,R6,3
1317216614584,W19,R6,3
1315213836238,W58,\N,3
1314214944819,W13,R6,3
1315214176149,W42,R5,3
1315214457780,W82,R6,3
1317216041285,W19,R5,3
1322221188511,S25,R6,3
1315213874581,W14,R5,3
1315214308431,W21,R6,3
1316215366194,W13,R6,3
1315213857384,W14,R6,3
1316215534660,W19,R6,3
1314212782369,W36,R4,3
1315213659461,W21,\N,3
1314212552665,W29,R6,3
1315214212476,W29,R5,3
1314212555674,W14,R6,3
1316215394812,W58,R6,3
1314212342950,W14,\N,3
1314212660765,W74,R6,3
1314212882955,W22,\N,3
1319218399665,W39,R6,3
1320219214133,W39,R6,3
1314212804660,W19,R6,3
1323222157404,S24,R6,3
1320219126947,W82,R5,3
1316215694807,W39,R6,3
1315213968795,W52,\N,3
1314212893010,W74,R5,3
1315214240400,W56,R6,3
1314212501163,W33,R6,3
1315214193082,W19,R6,3
1321220313845,S23,\N,3
1317216589782,W71,R5,3
1315214386866,W51,R4,3
1323221700127,S44,R6,3
1315213213958,W14,R5,3
1317218637650,W65,R6,3
1314212480230,W74,\N,3
1322221427077,S44,R6,3
1315213706005,W58,R6,3
1316215694833,W39,R6,3
1317216614622,W39,R5,3
1319217660669,W24,R6,3
1314212516734,W19,R6,3
1314212695338,W13,R6,3
1323221937636,S21,R6,3
1320218595003,W50,R5,3
1315214231805,W32,\N,3
1314212343471,W58,R6,3
1314213189311,W21,\N,3
1314213001860,W56,\N,3
1315213965852,W51,R3,3
1315213219571,W68,R6,3
1314213199110,W15,R6,3
1314212881686,W19,R6,3
1319217610361,W58,R4,3
1314212378386,W41,R4,3
1314211917719,W24,R5,3
1318217455272,W39,R6,3
1315213572922,W24,R5,3
1314212335929,W13,R6,3
1314212394454,W19,\N,3
1321220275212,S44,R6,3
1316215232291,W51,R6,3
1320218933695,W32,R6,3
1315213569724,W55,R5,3
1314212876712,W39,R6,3
1315214457778,W74,R6,3
1318217455260,W39,R6,3
1324222555688,S21,R5,3
1314212347785,W13,R6,3
1314212536294,W15,R5,3
1314212610935,W19,R6,3
1314212437279,W72,\N,3
1316215600368,W81,\N,3
1315214365126,W51,R6,3
1317216041424,W19,R2,3
1315213706029,W58,R6,3
1315215788643,W52,R6,3
1314212369868,W39,R6,3
1315213804444,W58,\N,3
1324223184843,S44,R6,3
1322221251008,S43,R5,3
1315214384531,W15,R4,3
1315213727934,W58,R5,3
1314212637058,W49,R6,3
1314212528121,W22,R6,3
1315213946179,W82,R6,3
1315213923889,W25,\N,3
1315213901477,W29,R5,3
1315214187787,W42,R6,3
1314212503270,W14,R5,3
1314212774400,W13,R6,3
1316215366170,W41,R6,3
1315213978695,W58,R6,3
1315213207463,W41,R6,3
1315213243672,W74,R6,3
1314212378412,W41,R4,3
1314212792889,W32,R6,3
1315214240362,W52,R6,3
1314212646703,W15,R1,3
1314212893034,W14,R5,3
1314213056474,W65,\N,3
1314213145269,W21,\N,3
1319217773744,W24,R6,3
1319218247207,W19,R6,3
1314212442949,W14,R5,3
1314212552653,W29,R6,3
1318217345711,W49,R6,3
1320218835825,W52,R5,3
1314212503243,W36,R5,3
1314214295139,W19,R6,3
1323221937648,S21,R6,3
1318216972063,W58,R4,3
1322220679981,S25,R6,3
1315214357624,W64,R6,3
1315214453211,W33,R5,3
1315214295178,W19,R6,3
1322221426404,S44,R6,3
1314212503256,W14,R5,3
1316215232315,W51,R6,3
1319218195497,W58,R6,3
1318216920862,W29,R5,3
1315214110722,W32,\N,3
1314212419600,W52,R5,3
1315214116434,W13,\N,3
1324222583484,S25,R6,3
1315213585971,W19,\N,3
1314212442976,W14,R6,3
1315214073328,W21,R6,3
1321219457862,S35,R5,3
1319217761408,W52,R6,3
1324223184856,S44,R6,3
1314212378448,W41,R4,3
1314212973200,W89,R6,3
1315216650945,W32,R6,3
1315213841784,W42,R6,3
1314213116864,W82,\N,3
1315213207525,W13,R6,3
1314212688206,W21,R2,3
1317216311441,W58,R6,3
1315213888910,W54,R2,3
1314213171515,W50,R5,3
1314212800066,W32,R3,3
1314212695264,W52,\N,3
1316215092065,W58,R3,3
1315213913369,W31,\N,3
1315213726348,W14,\N,3
1316215232240,W42,R6,3
1314212516746,W19,R6,3
1315214240386,W56,R6,3
1315214009894,W36,R6,3
1321220274308,S44,R6,3
1317216329565,W58,R2,3
1314212346973,W52,R5,3
1318217093691,W49,R6,3
1314212634556,W32,\N,3
1314212557526,W58,R1,3
1314212881700,W29,R6,3
1320219126923,W82,R5,3
1318217455258,W39,R6,3
1314212521064,W52,R5,3
1318217231505,W25,R6,3
1314212859019,W52,\N,3
1315214410033,W31,R6,3
1315213883871,W50,R6,3
1314212481915,W13,R3,3
1314212779577,W13,R6,3
1314212303198,W55,R5,3
1315213841265,W14,R6,3
1318217093689,W49,R5,3
1315213243660,W74,R6,3
1315213706031,W52,R6,3
1314212378374,W67,R4,3
1315213968249,W41,R6,3
1314212428573,W22,R6,3
1314212774412,W36,R6,3
1314212962207,W82,\N,3
1315213874567,W32,R5,3
1321220313833,S23,\N,3
1315214329548,W50,R5,3
1315214457766,W74,R6,3
1314213128010,W72,\N,3
1315214030936,W24,R6,3
1315213857408,W14,R6,3
1315214295141,W19,R6,3
1315214030924,W13,R6,3
1315214416315,W13,R6,3
1314212333304,W13,R6,3
1317216466779,W14,R6,3
1320219214119,W39,R6,3
1316215232253,W19,R6,3
1317215956855,W82,R6,3
1314212302614,W83,R2,3
1314212501050,W58,R6,3
1314213062829,W15,\N,3
1315213625419,W13,R2,3
1314212736235,W24,\N,3
1314212534592,W73,R6,3
1317216250908,W42,R4,3
1315213632793,W13,\N,3
1315213749815,W31,R6,3
1318217221656,W58,\N,3
1315213694971,W13,\N,3
1316214927067,W75,R6,3
1315213929084,W36,R6,3
1314213027459,W33,R3,3
1315214313583,W13,\N,3
1314215788631,W13,\N,3
1314212881698,W19,R6,3
1316214964999,W68,R6,3
1314212516722,W13,R6,3
1317216117034,W19,R4,3
1317216584995,W39,R6,3
1316215232289,W51,R6,3
1315213800143,W82,\N,3
1315214295180,W19,R6,3
1315213727922,W68,R6,3
1320219126962,W58,R6,3
1315214240350,W39,R6,3
1314212603207,W89,\N,3
1314212498253,W51,R4,3
1319218303283,W32,R6,3
1315213965876,W58,R2,3
1315214417127,W74,R3,3
1316215534696,W39,R5,3
1316215015342,W73,R6,3
1314212335931,W13,R6,3
1315214203465,W49,R6,3
1315214015315,W13,R6,3
1315214357648,W64,R6,3
1316215534658,W19,R6,3
1319217782147,W73,R6,3
1314213027446,W32,R3,3
1315214106484,W32,R6,3
1316215694821,W39,R6,3
1314212403291,W19,R6,3
1318216926182,W33,R5,3
1315213950153,W19,R6,3
1316215290747,W42,R6,3
1323222354452,S44,R6,3
1315213874593,W13,R5,3
1320219214145,W39,R6,3
1314212933283,W52,R6,3
1314212698423,W13,\N,3
1322221336148,S05,\N,3
1315213632779,W39,R6,3
1315214110710,W13,R6,3
1316215366206,W49,R6,3
1324223199656,S34,R6,3
1314212369870,W13,R6,3
1314213020338,W21,R6,3
1315213999218,W19,R6,3
1315213640244,W19,\N,3
1315213207475,W13,\N,3
1317216466793,W49,R6,3
1316215089018,W19,R3,3
1315213619392,W22,R6,3
1316216348843,W84,\N,3
1314212902581,W32,R2,3
1315214252963,W32,\N,3
1315213197270,W19,R6,3
1314212639494,W58,R6,3
1315213688169,W81,R5,3
1314212634644,W52,\N,3
1314212620443,W14,R5,3
1315213965849,W51,R3,3
1314212428585,W22,R6,3
1315213874579,W14,R5,3
1314212488605,W74,R6,3
1316215534672,W19,R6,3
1314212790760,W50,R5,3
1320219037785,W49,R6,3
1315214357600,W52,R6,3
1315214417115,W29,R6,3
1315218636811,W68,R6,3
1315214428435,W59,\N,3
1315214457792,W42,R6,3
1315213706017,W58,R6,3
1314212823254,W39,R6,3
1314212893022,W74,R5,3
1316215694819,W39,R6,3
1314212396574,W52,R5,3
1314212378424,W67,R4,3
1315213965864,W21,\N,3
1314212317061,W19,R6,3
1320218774216,W81,\N,3
1317215830252,W75,R6,3
1314212512937,W52,R4,3
1319217854809,W75,R6,3
1315213658937,W19,R6,3
1317216585000,W39,R6,3
1314212378400,W67,R4,3
1315214384543,W15,\N,3
1315213849730,W74,R6,3
1317216241517,W25,\N,3
1314211935174,W13,R6,3
1318217558725,W19,R6,3
1315213965837,W58,R2,3
1315213923865,W14,R4,3
1317216584983,W39,R6,3
1315214123869,W24,\N,3
1314212710913,W13,R6,3
1314212804658,W32,R6,3
1323222354449,S44,R6,3
