document_control_number,total_release,medium
1314213081882,22486,air
1314212738215,588,air
1316215573700,0,air
1323222021444,16,air
1324222409688,0,air
1317216111411,0,air
1316215544988,4800,air
1321219614260,255,air
1314212322224,0,air
1315214343675,500,air
1314212390710,0,air
1318216747333,0,air
1316215150741,255,air
1324223050206,0,air
1322220742819,30,air
1316215795232,0,air
1319218116693,20,air
1315214339208,0,air
1321220041887,2445,air
1319217694191,0,air
1316215589538,169,air
1317215842271,284,air
1323221955418,1,air
1324223196546,5,air
1323221982111,6567,air
1322221311323,0,air
1319218448759,7404,air
1318217221605,0,air
1324223092356,0,air
1319217835418,5289,air
1318216880803,6,air
1316215234574,2287,air
1318217224625,0,air
1317216206235,134809,air
1323221943970,0,air
1314211898693,250,air
1320219396835,0,air
1314213149913,7421,air
1317215867882,864,air
1315214453615,8,air
1319218140832,298,air
1317216400337,13,air
1316215636109,0,air
1317216138774,0,air
1320219034307,0,air
1320219049121,0,air
1320219241888,0,air
1321220405068,23,air
1321220209086,7894,air
1314212689804,0,air
1323221914157,3197,air
1315213974417,0,air
1320218950741,0,air
1320219270749,0,air
1317216138709,12657,air
1317216604898,2649,air
1319218350559,0,air
1317216217733,30,air
1320218888319,8,air
1318217466820,230,air
1318217285131,18,air
1317215946118,3,air
1314212555926,107,air
1322220660245,79,air
1322221346226,101445,air
1315213716071,848,air
1315214245894,8308,air
1314212881421,27,air
1315214325159,36,air
1319218260560,298,air
1319217630161,0,air
1319217852348,0,air
1322221698576,0,air
1315214357865,0,air
1321220027270,61,air
1324222431684,0,air
1314212703767,0,air
1315213803517,7607,air
1314212560294,1980,air
1316215044090,40,air
1317215906948,0,air
1316215087584,0,air
1317216592752,0,air
1318216727723,444,air
1324222509806,0,air
1315214215283,640,air
1320219064348,16314,air
1318217181433,34247,air
1316215087519,14680,air
1315214330538,306,air
1315214028336,0,air
1323221978606,0,air
1318216846105,7400,air
1317216200079,379000,air
1320219090370,0,air
1315214050155,50,air
1324222876524,250,air
1322221260526,179,air
1315214191900,5,air
1319218389777,3870,air
1315214240374,14,air
1316215007295,0,air
1314213013461,0,air
1317216614596,10,air
1318216983433,4444,air
1322221434741,6,air
1314212637920,8,air
1317215976768,5,air
1316215116625,28,air
1322220875138,0,air
1324222645691,0,air
1320220657480,143,air
1316215374036,0,air
1314211929827,1,air
1318216679276,551,air
1317216052682,4,air
1315213688157,2655,air
1315213702754,4,air
1321219997715,0,air
1320218865867,1064,air
1314212604868,29847,air
1314212748329,0,air
1324222714457,0,air
1316215544925,10258,air
1324222893190,9,air
1315213766405,960,air
1314212558934,6032,air
1316215592926,1,air
1315214394494,317,air
1324222480675,24347,air
1319218027290,6207,air
1315213207487,156,air
1314213002936,7200,air
1324222559799,0,air
1324222998460,18263,air
1324222898013,38,air
1323221875661,0,air
1321219640000,6666,air
1321219810571,500,air
1316214985222,389,air
1322221083696,0,air
1320218929255,84,air
1323221660525,0,air
1324222873782,5780,air
1322221441316,0,air
1320219357478,10,air
1315214102360,812,air
1316215015381,0,air
1319218411938,32,air
1319217665862,10,air
1316215493343,0,air
1319218273415,3926,air
1315214295115,255,air
1315214339160,0,air
1315214361545,20034,air
1315213694045,35743,air
1316215640448,1814,air
1314212626927,315,air
1323222044012,0,air
1323221806425,0,air
1321219596259,0,air
1316214989826,5,air
1314211916919,9481,air
1315213655069,8467,air
1320219217484,4,air
1322221141753,21,air
1314212659270,97,air
1320218836183,500,air
1315213211562,4585,air
1322220732349,16067,air
1320218732408,0,air
1324223153533,1,air
1323222379796,0,air
1315214475764,1,air
1314213117866,0,air
1324222438893,99,air
1317215996149,0,air
1318216708014,337,air
1318217672308,0,air
1320219274901,18,air
1315214428777,85,air
1316215027018,18908,air
1316215745670,0,air
1322221102320,0,air
1316215394899,159,air
1324222893024,0,air
1320219359926,0,air
1321220097366,0,air
1320219319769,0,air
1314212382713,5,air
1316215127313,0,air
1324222565259,21975,air
1323222353815,0,air
1322221199084,0,air
1315213707514,2,air
1317216501193,110,air
1315214436735,0,air
1316215120357,43930,air
1317216464432,0,air
1324222691091,1770,air
1324222432813,0,air
1315213846583,790,air
1316215168675,0,air
1321219800772,0,air
1322220959151,0,air
1320219287036,359987,air
1314213089954,192,air
1314212512495,0,air
1322220635421,5,air
1317215820642,10,air
1315216737054,775,air
1318217659477,46,air
1316215553316,226,air
1320218885642,0,air
1324223184868,10,air
1315213721665,3025,air
1323221791039,20,air
1315213727148,4236,air
1320219349103,320,air
1322221002153,612,air
1317215977428,2,air
1316215605712,2,air
1318217149158,238,air
1316216252231,1431,air
1316215668056,500,air
1315213610722,10,air
1317216284772,705,air
1321220139568,0,air
1322221144746,8400,air
1316215798529,5,air
1315214007231,10,air
1315213207261,0,air
1314211909724,0,air
1316215277474,23,air
1321220650776,30356,air
1324222712224,2053,air
1321219708183,2,air
1321219720556,0,air
1314213022179,0,air
1315213968112,3,air
1316215161098,1,air
1321219944485,0,air
1314212734747,6,air
1314212963425,1791,air
1314212804518,0,air
1324222598157,3135,air
1324222638278,0,air
1324222448654,160,air
1316215102498,0,air
1315213896145,202,air
1319218496178,295,air
1315214215232,39,air
1320219185699,9285,air
1314212350300,348,air
1321219828466,755,air
1314212365795,1806,air
1324223063761,9,air
1315213806007,0,air
1315214144139,20,air
1315214157036,1394,air
1315214381384,5891,air
1319218213039,877,air
1315214295836,10,air
1317216583613,0,air
1314212573683,0,air
1315214157024,1141,air
1316216293682,2,air
1317216335176,0,air
1324222800361,750,air
1322221293487,0,air
1321219705480,7,air
1322221036585,1,air
1316215132198,1,air
1322221475559,0,air
1319218515359,13271,air
1323221569458,26,air
1319217987407,0,air
1317216255152,0,air
1321220310977,0,air
1323222021469,3,air
1314212388185,6,air
1322220982173,6,air
1323221684739,65,air
1320219118344,781,air
1319218045387,8968,air
1323221590033,0,air
1323221774019,0,air
1323221966930,36700,air
1324223005467,0,air
1318218613750,38,air
1321219775968,250,air
1321221489370,0,air
1315213975067,8,air
1318217044799,7319,air
1316215128745,0,air
1316215573712,0,air
1318217398458,17142,air
1316215619800,118043,air
1319218156293,25,air
1323221894443,23,air
1321219625377,222543,air
1314213077148,0,air
1318216994398,156,air
1317216547238,1,air
1318217057823,0,air
1314212786343,3,air
1315213901453,0,air
1316215238243,1,air
1315214376105,0,air
1316215089436,118,air
1314212501023,1036,air
1314212321804,0,air
1320218952897,255,air
1323222379289,11815,air
1323222215737,0,air
1324222899559,1826,air
1314212772800,0,air
1324223120674,10,air
1322221135041,100,air
1314213103385,51,air
1314212748267,1633,air
1315214355873,18105,air
1323221621485,0,air
1321219898374,11,air
1316215181049,2540,air
1319217965666,0,air
1321219707003,0,air
1315213658913,0,air
1314212852899,0,air
1315214331415,562,air
1315214372359,0,air
1316215728433,3958,air
1323221790886,0,air
1323222387058,1036,air
1322221194398,0,air
1319217961604,1415,air
1315213901440,1,air
1314212876890,20960,air
1316215161744,9105,air
1316215101801,0,air
1317216376614,27142,air
1315213925910,560,air
1324223089044,0,air
1314213056777,157,air
1324222914867,0,air
1321219680636,0,air
1323221611294,149,air
1315214202398,7633,air
1318217123393,140,air
1320219428923,0,air
1321219618865,1674,air
1318216822015,15694,air
1321220319533,0,air
1314212793602,2511,air
1317216419212,0,air
1318216854202,8,air
1314212887210,5,air
1319217956768,0,air
1322220763039,0,air
1320218731608,0,air
1316215536309,187,air
1321219969577,0,air
1320220640039,0,air
1319217972619,4850,air
1316215763347,0,air
1314212430464,6895,air
1318217324603,990,air
1315213666961,162,air
1314212920829,61,air
1315213965445,2,air
1321219698382,0,air
1314212942799,0,air
1319217764721,31007,air
1316215216476,28541,air
1315214273512,820,air
1321219744582,206,air
1316217858885,7,air
1314212402248,693,air
1314212344966,0,air
1318217150869,288,air
1322221265782,0,air
1324222616563,0,air
1314212841478,0,air
1321219614296,255,air
1321219755408,524,air
1323222090298,4,air
1314212997009,500,air
1323221835440,10,air
1320218768188,0,air
1322221253420,6,air
1317216559068,14,air
1320219256435,207,air
1319218146330,0,air
1319218352995,0,air
1314213031432,1755,air
1314212509739,0,air
1321220593964,0,air
1315214409993,500,air
1315213701079,6604,air
1314212977351,0,air
1317215816632,335,air
1320219179544,5,air
1324223131943,37406,air
1318219424874,0,air
1323221713439,0,air
1314212405260,2,air
1316215477338,1,air
1319218368393,664300,air
1323221663457,0,air
1314212777647,116928,air
1320218860789,10566,air
1324222758880,19960,air
1324222918195,0,air
1314212959961,1838,air
1318217452655,10749,air
1323221870076,40,air
1324222554507,0,air
1323221538224,111,air
1324222776763,0,air
1315214025470,4649,air
1315214493278,18495,air
1322220980231,12935,air
1320218814010,173,air
1316215585997,0,air
1320219054234,25,air
1314212770681,0,air
1314212887071,5448,air
1323222063909,6979,air
1316215364668,447913,air
1314213136765,21780,air
1316215023514,605,air
1317215944149,0,air
1314213106622,1168,air
1315214456067,12,air
1317216060590,32,air
1314212402251,15,air
1315213573811,0,air
1316215596711,0,air
1319218184873,500,air
1322220736351,0,air
1320218865778,239,air
1317216069827,326,air
1314213144847,4308,air
1315213211612,10,air
1323222247304,33,air
1324222944187,30918,air
1320218746384,16907,air
1320218997839,24,air
1319218044687,2598,air
1322220646588,0,air
1324222911935,3728,air
1321220140863,10,air
1314213152717,0,air
1323221730411,0,air
1320219297177,8885,air
1321220161501,0,air
1319217852336,149,air
1318216949952,43552,air
1317216222188,29371,air
1315214272698,671,air
1318216911154,0,air
1318217385018,0,air
1315214185720,16,air
1319217684962,500,air
1324222800474,6226,air
1320218983880,0,air
1322220823759,0,air
1322221112321,10,air
1315214452866,5,air
1315213624327,0,air
1317216607578,0,air
1323221663444,0,air
1314213044100,6434,air
1316216650820,5,air
1323221769969,16,air
1315213694983,1070,air
1324222629394,5,air
1323221532474,10,air
1316214936270,318154,air
1318217547393,2,air
1314212908988,0,air
1323221539911,10,air
1318216764720,13066,air
1314212460582,0,air
1324222602447,0,air
1321219716356,313,air
1323221642756,15452,air
1323223208745,5075,air
1323221735107,10,air
1314212792749,171,air
1321220222335,5,air
1324222452409,14700,air
1324222711893,697,air
1318216859025,0,air
1319217761396,0,air
1315213625712,0,air
1317216234284,437,air
1319217629637,0,air
1322221025339,31,air
1316215205408,944,air
1322220663850,11,air
1324222559736,2108,air
1320219075710,0,air
1315213847876,3,air
1320219191400,430,air
1324222848576,1159,air
1316215205497,385,air
1321220296228,0,air
1316215004755,131,air
1319218131581,5,air
1319218034318,0,air
1317216368264,2480,air
1315213536218,0,air
1318216960260,0,air
1315215788694,0,air
1318218605564,2,air
1321219778558,1000,air
1317216051779,0,air
1314212631143,65047,air
1324222650943,0,air
1324222665349,530,air
1314212503231,500,air
1320218742942,0,air
1323222404586,0,air
1322221043452,0,air
1319218588667,7775,air
1323222275671,0,air
1316215701297,0,air
1314212555989,3004,air
1314213065170,431891,air
1315218523532,0,air
1324222461295,2164,air
1315214223467,2047,air
1322220764827,11140,air
1323222077289,82586,air
1323222309914,11415,air
1316215458314,0,air
1314212753242,5,air
1324223159753,5,air
1314212996262,4,air
1315213758004,7964,air
1322220667289,27866,air
1315214349173,0,air
1317216306934,2059,air
1317216243131,548,air
1314213046028,209,air
1315213645411,0,air
1323221572199,0,air
1314213240524,30,air
1324222750945,27346,air
1314212442925,1,air
1314212777736,49743,air
1316215137985,6,air
1315213753179,0,air
1316215052794,10,air
1316215151438,12920,air
1316215791219,0,air
1316215127453,0,air
1314212902516,3,air
1314212841492,0,air
1318216969244,190,air
1322221565551,0,air
1321219689977,3031,air
1317218615146,0,air
1315214217263,2329,air
1314212996300,7,air
1314212313934,0,air
1322221148479,71672,air
1315215310994,1,air
1319218390654,1121,air
1321219926615,0,air
1314213061916,1480,air
1322221274261,500,air
1314212891598,1,air
1320219337300,13,air
1319218044675,1323,air
1323221570841,0,air
1320218748453,20,air
1315213820424,0,air
1316215159536,6278,air
1321220123158,1,air
1321219933379,0,air
1322220742163,255,air
1314211948765,19,air
1322220955292,4,air
1314211938218,0,air
1315213894835,2075,air
1315214361899,501,air
1314212802540,1,air
1320218748008,1436,air
1318216798013,0,air
1323221727706,22544,air
1317215820604,0,air
1321220442281,10,air
1315214452512,1500,air
1319218162283,38,air
1321220197216,0,air
1317216382224,2300,air
1321219677010,0,air
1324223124088,10,air
1323221735780,51,air
1316217664414,15,air
1315213629405,0,air
1323222167850,18,air
1314217031309,1000,air
1315214288716,0,air
1322220630812,20479,air
1319217770433,0,air
1323221821414,645,air
1321219569946,1,air
1323222284604,711,air
1322221030529,5795,air
1317216010278,1316,air
1321220163808,0,air
1321219665421,10957,air
1317216432411,0,air
1317216015685,0,air
1315213661034,0,air
1320219393384,0,air
1314212322299,0,air
1317216422939,15,air
1314213016456,1673,air
1314212416566,0,air
1315213606421,0,air
1316215264159,82,air
1314211915234,13989,air
1315213996667,2,air
1324222582431,0,air
1323221967211,0,air
1314212945493,17000,air
1321219854611,828,air
1322221498470,5,air
1324222594804,0,air
1314213057033,20300,air
1315213731591,1180,air
1318217021435,5941,air
1323222323368,10,air
1319222394621,88000,air
1320218888333,0,air
1315214067872,11003,air
1314213010679,6,air
1317216017145,25,air
1314212857698,0,air
1317216100812,10,air
1315213191861,0,air
1315214272813,1508,air
1322221218706,1295,air
1320219305152,0,air
1318216865978,0,air
1316215579855,4862,air
1317216433755,46,air
1320218865677,1,air
1316216627962,255,air
1323222044152,5824,air
1324222893152,0,air
1315218552608,140,air
1320218964548,0,air
1318217049927,0,air
1316214959278,2161,air
1316215352891,1454,air
1314211926771,10,air
1314212874945,50,air
1314212996286,0,air
1321220420095,221,air
1317216126173,0,air
1316217695143,382,air
1317216200117,0,air
1317216068395,10,air
1321219630403,6,air
1320221515719,5,air
1324222542538,3,air
1319218212569,0,air
1319217959790,10,air
1323222068987,155,air
1315214215345,2313,air
1314212641676,307,air
1315214084067,0,air
1323222063911,9410,air
1317216057036,5,air
1321219611415,1,air
1315214215358,192,air
1324223163229,1,air
1320219089327,230,air
1315214406365,596,air
1321219882471,0,air
1316215435165,14050,air
1315213944770,0,air
1315214111751,2133,air
1320219220542,21,air
1315214463061,3,air
1324222569992,59,air
1317215804257,8020,air
1317215804826,843,air
1316215579828,1854,air
1321219994860,22,air
1316214978672,0,air
1323221781521,0,air
1316215635398,81,air
1314212679385,4902,air
1315213713035,19,air
1316215054964,0,air
1320219319771,0,air
1321220642666,0,air
1321220142398,635,air
1316214978660,0,air
1323221547274,0,air
1322221697257,0,air
1315214277055,208,air
1322221098597,0,air
1318217254705,740,air
1314212623615,12500,air
1314212444893,5,air
1314212789491,544,air
1319218198772,0,air
1317216589693,108812,air
1322220694564,5,air
1316215232277,860,air
1315213619378,0,air
1324222878910,100,air
1321219773886,0,air
1315214412328,495,air
1324222684375,682,air
1324222560094,0,air
1322221441227,0,air
1314212469910,4221,air
1314212321590,2,air
1314212524932,0,air
1314212585083,6865,air
1316215711627,0,air
1319218199077,2468,air
1315214032714,0,air
1314214388821,6,air
1314213253747,0,air
1314212861809,15513,air
1324222868186,0,air
1323221955255,27740,air
1318216694265,1,air
1322220669131,0,air
1315213962374,22,air
1319217666662,422,air
1323221705748,4,air
1323221571110,87650,air
1323221535127,362,air
1324222408674,380,air
1321220545368,514,air
1321220553174,0,air
1315214048225,10,air
1318217415999,0,air
1324222861611,15,air
1320218605780,57,air
1314212321816,0,air
1316215132147,0,air
1316215710815,0,air
1316215084536,353,air
1314212575219,21,air
1316218552572,102,air
1317216637835,18845,air
1319217795184,0,air
1315214180376,0,air
1322221295797,0,air
1314212453587,0,air
1314212588812,4583,air
1315213571817,536,air
1322220955304,80,air
1315214145435,736,air
1319218514507,10,air
1314212342137,1,air
1319217849987,0,air
1322220746325,33706,air
1316215764352,0,air
1318217007386,82,air
1321220477362,220,air
1323221988660,27,air
1321219893563,17662,air
1314212463867,10214,air
1317216057012,5,air
1320218653640,5,air
1314212944464,1257,air
1315216627947,255,air
1323222363071,0,air
1319217915317,56,air
1320219303219,6038,air
1322220672493,10,air
1316215231111,4171,air
1322221626753,2,air
1316215372121,0,air
1319218146191,0,air
1320219028267,0,air
1314212767949,0,air
1316215797008,0,air
1317216564791,2,air
1323221931672,0,air
1316215487253,36734,air
1315214319410,5,air
1317216217707,2027,air
1320218728398,480,air
1314212426338,0,air
1316215625880,0,air
1324222878946,5,air
1324222899561,30,air
1323223117108,0,air
1323222332049,0,air
1323221594017,0,air
1314212437798,10329,air
1320218865689,5697,air
1314212345779,23,air
1323222314801,43939,air
1317215991795,6,air
1316215167848,0,air
1323221603804,573,air
1321219612177,9361,air
1314211948740,200,air
1322220799908,1799,air
1320218758023,0,air
1314212647717,0,air
1322220668545,49568,air
1322220830792,0,air
1320218638599,0,air
1319217827930,0,air
1320219275892,0,air
1324222560258,5,air
1315214215598,12,air
1315213788476,1,air
1318216823690,6,air
1320219220276,21,air
1316215436268,0,air
1319217698416,480,air
1314213072655,66,air
1322221360858,223979,air
1316215039138,14,air
1324222732339,0,air
1314212943397,487,air
1322220846810,0,air
1314212893705,0,air
1324223139306,0,air
1323221649460,0,air
1316215048430,0,air
1318217457858,17,air
1324222733572,0,air
1314212434714,47,air
1316214961652,12861,air
1320219177108,0,air
1321219847934,117601,air
1315213777042,1272,air
1320218723512,4,air
1322220647907,0,air
1314212459440,1066,air
1317216306744,0,air
1317218613711,519,air
1321219661055,0,air
1316215370317,5,air
1315214388910,12,air
1314212718910,5,air
1317217732395,0,air
1324223044633,20916,air
1323221776875,0,air
1321219709375,3658,air
1322220831616,1,air
1314212826046,139,air
1315213828751,0,air
1317215855521,0,air
1314212789503,4,air
1324222579815,0,air
1314213105101,0,air
1321219882735,0,air
1315214206993,0,air
1314212403315,14,air
1318217088006,4505,air
1314213022167,12,air
1318222367880,1,air
1324222825616,2,air
1316215558848,0,air
1320219259215,19113,air
1322221384718,45664,air
1315214299695,5,air
1315213731437,3010,air
1316215766522,202,air
1315215827559,3822,air
1315213584675,750,air
1316215164993,61,air
1321220399087,0,air
1315214118933,15,air
1323222137743,85,air
1314213237593,0,air
1319217822143,9,air
1318217735517,1371,air
1322220910107,0,air
1323222021457,4,air
1324222800359,250,air
1316215045319,0,air
1318216827459,3,air
1314212358927,0,air
1315213798251,171,air
1323222218289,0,air
1322220670487,0,air
1315213714431,927,air
1319218385019,0,air
1319218636583,0,air
1322221426101,56,air
1321219827730,0,air
1324222762751,16,air
1320218717369,500,air
1321220522852,36,air
1314212822389,126991,air
1314212992287,0,air
1324222780429,913,air
1315213825146,47029,air
1317215820895,6930,air
1322220749497,0,air
1320219391012,0,air
1315219461151,3694,air
1315214280772,0,air
1321219702382,181,air
1322220766570,0,air
1316215655186,10,air
1320219034170,1802,air
1320218774786,339,air
1324222496301,0,air
1322220761365,0,air
1314215201803,0,air
1317216854048,0,air
1314212366660,0,air
1323221915655,0,air
1321223210131,10,air
1316215553850,0,air
1314213099637,859,air
1315214251946,4,air
1316215268929,0,air
1315214365114,2,air
1316215117211,430,air
1319217887456,0,air
1314212900082,0,air
1314212321855,0,air
1321219625365,23843,air
1324223159765,10,air
1319218072674,255,air
1316215745631,80206,air
1314212396358,0,air
1316215052770,0,air
1318216812824,306,air
1323221648367,486,air
1322220807337,0,air
1320220592493,1855,air
1320219337779,10,air
1324223030925,19927,air
1322220696797,941,air
1314211934310,9734,air
1324222560233,5,air
1319218044752,2772,air
1315215311008,19,air
1322221247745,661,air
1314212357216,3505,air
1324222579005,0,air
1315213207501,10,air
1316215460597,436,air
1315214371712,1,air
1314212322325,0,air
1321220007037,16474,air
1321220188344,128525,air
1320218750141,0,air
1315213896119,2621,air
1318217218674,0,air
1314212545432,0,air
1323221555004,2,air
1321220587012,0,air
1320219232535,250,air
1322221175615,201,air
1320219278684,5,air
1324222582443,0,air
1314212379818,7,air
1316215596356,5623,air
1323221734953,0,air
1321219509472,1907,air
1314212909321,0,air
1314212891143,1424,air
1316215127477,0,air
1320218999175,650,air
1316215231147,282,air
1320218684672,182,air
1321220522940,16,air
1324223044227,15292,air
1322221375759,4,air
1314213104856,5,air
1316215300916,0,air
1324222426862,343,air
1316215731213,2,air
1320218765903,15,air
1314213563719,500,air
1318217305705,16006,air
1319217705045,0,air
1316215046208,0,air
1317218160289,5,air
1319217629652,31,air
1319217738780,10,air
1319217710185,8,air
1314213022193,0,air
1324222711881,799,air
1314212312526,0,air
1314212423937,617,air
1314215788314,10705,air
1322220641334,0,air
1320218616009,0,air
1322220800825,0,air
1314212313872,55460,air
1314212804645,89,air
1323221677432,838,air
1315213940190,0,air
1319217707571,0,air
1322220666059,368,air
1324222413813,843,air
1322220697318,157,air
1316215559889,1,air
1316215713102,13,air
1317216566455,0,air
1318216958672,5,air
1319218238386,5700,air
1314212985992,1214,air
1320219089315,0,air
1314212980712,0,air
1321219602594,0,air
1316218617037,11200,air
1318216708026,20,air
1314212406250,4074,air
1323221987023,12,air
1317219298383,0,air
1321220642209,0,air
1314212442937,6,air
1320219275955,0,air
1322221016191,31,air
1319218192615,470,air
1321220153579,13456,air
1321219715707,0,air
1314212891117,0,air
1320219199662,0,air
1314212757278,521,air
1318217041589,0,air
1320219209715,0,air
1319218632230,0,air
1316215342813,37618,air
1322221032194,1822,air
1317215909553,0,air
1321220471674,0,air
1321220499469,5,air
1322221433105,659,air
1314212975926,318,air
1314213084205,20,air
1314212377624,291,air
1315215827635,11818,air
1315213926850,0,air
1320219382936,0,air
1317217672272,0,air
1316215584881,0,air
1322221058478,985,air
1324222938627,0,air
1321220593040,30,air
1318218071278,0,air
1321220041988,361,air
1315213701889,30035,air
1319218184000,39,air
1323222137756,178,air
1315214399851,33,air
1316214998142,6560,air
1317215909591,0,air
1316215711641,8600,air
1318217139385,1680,air
1324222776686,1269,air
1316215573015,5,air
1314212846493,16125,air
1319217841206,0,air
1316215370281,15,air
1314212345348,1010,air
1314212737581,0,air
1317218588705,35826,air
1323222364693,0,air
1318217457821,0,air
1321221498330,10,air
1315218598908,74650,air
1316215167812,32,air
1315213684638,0,air
1321219645518,0,air
1316215205384,4,air
1314212390429,312,air
1319218556761,78,air
1324222949923,43,air
1315214331340,6,air
1315214264362,21,air
1318221497973,2,air
1324222893137,0,air
1318216679264,0,air
1322220684967,3802,air
1317215947300,0,air
1315213673054,0,air
1315214371914,1302,air
1314212545331,295,air
1319218160339,5,air
1319218358442,0,air
1322221369085,1,air
1324222770859,997,air
1315214339145,36,air
1316215006230,1,air
1314212846772,1,air
1314212652933,43,air
1316215770431,6440,air
1315214291611,49,air
1314211925134,0,air
1318217108505,65639,air
1321221471927,1500,air
1314212684652,53,air
1323221530052,0,air
1322221062868,0,air
1322220898807,0,air
1324223018603,750,air
1322222381713,145,air
1321220116166,14,air
1322220636361,5,air
1323221539986,34,air
1314212558136,12637,air
1321220277432,0,air
1322220642060,1716,air
1323221626548,0,air
1314213627680,6,air
1317216421457,10,air
1321220471635,0,air
1318217316456,500,air
1317215828106,10357,air
1317215852031,5,air
1314212310748,0,air
1316215574359,0,air
1323222022434,0,air
1322220648125,2329,air
1324222514580,250,air
1321219630819,0,air
1321220303693,1,air
1318216947945,831,air
1318217187107,508,air
1318218367528,0,air
1320219244682,500,air
1322220776823,0,air
1314212782787,10558,air
1315213581337,11500,air
1324222469114,0,air
1324222681951,186,air
1323221623705,0,air
1319218138028,0,air
1322220898771,0,air
1322221467994,0,air
1315213995261,0,air
1319217984929,500,air
1324222878934,0,air
1322221071855,0,air
1321219860259,3,air
1322220933079,7383,air
1316215297298,515,air
1314212841795,10024,air
1319218089151,54586,air
1314212490647,2116,air
1319218115436,7642,air
1316215668094,650,air
1318217282363,0,air
1321219613837,35693,air
1322221113160,255,air
1317215899485,0,air
1321220660942,74299,air
1316215774884,0,air
1317216499982,382,air
1322220824419,148,air
1315213572100,1500,air
1324222559623,85,air
1323221560384,6680,air
1317216293872,350,air
1323222044149,4376,air
1324222940342,11000,air
1324223145513,0,air
1314212501011,154,air
1316215754250,250,air
1319217978079,333,air
1323221997378,1,air
1321219890365,43,air
1321220187367,0,air
1316218598922,350,air
1323222228025,164,air
1322221441254,0,air
1321219770765,0,air
1320219055100,1816,air
1323222341556,43,air
1321219773557,0,air
1323221580830,5,air
1315213732252,0,air
1323221933450,255,air
1324222679007,0,air
1323221664612,328,air
1316215671367,1,air
1314212727022,13750,air
1315214229193,10073,air
1314213029477,10,air
1323221724952,285063,air
1314212440073,33502,air
1316215381397,18670,air
1318217336243,0,air
1314212403303,0,air
1322221261720,0,air
1314213125990,0,air
1318216946703,0,air
1323221821438,498,air
1320218682856,49881,air
1315213666175,4133,air
1318217183019,0,air
1314212372369,0,air
1324222576579,0,air
1315214052324,0,air
1321220140065,1423,air
1314214973428,543,air
1319218568121,0,air
1320221489483,10,air
1320218847477,0,air
1319218268959,0,air
1319218276412,21,air
1315213860380,108,air
1319218447201,0,air
1322221384581,2120,air
1319218326623,4759,air
1324223206184,0,air
1314212953881,1,air
1315213716095,36,air
1323222329082,0,air
1323222136828,0,air
1318216727711,9000,air
1320218940587,0,air
1320219359181,1,air
1319218378533,0,air
1318217041045,0,air
1322221468236,12,air
1318217383355,26489,air
1317216114809,613,air
1314212703716,0,air
1314212324370,44372,air
1315213950177,1,air
1316215544949,11600,air
1315214339158,2131,air
1324222759084,0,air
1324223123769,10,air
1316215117906,11,air
1321219601008,0,air
1316215129913,120,air
1315214423319,0,air
1322220787396,0,air
1315213641816,10,air
1317215948593,0,air
1320219395997,0,air
1321219680624,0,air
1315214416036,22330,air
1315213984141,5284,air
1320219171461,35,air
1321219697923,0,air
1315214104996,500,air
1324222650741,10,air
1322221507445,0,air
1321220116521,0,air
1324222800649,0,air
1319217968801,2,air
1317215997875,0,air
1319218082790,12,air
1316215390547,134994,air
1321219644679,16114,air
1316215023488,628,air
1320220217929,10,air
1323221628542,0,air
1315213819889,11,air
1314212321273,10,air
1318220606988,1250,air
1316215670643,0,air
1324222553125,0,air
1324222851622,705,air
1324222424347,0,air
1323221844816,99,air
1317216234714,1,air
1319218069502,270,air
1320218958066,0,air
1322220838155,11,air
1315213696646,3596,air
1314212637526,11160,air
1319217760584,10,air
1321220167769,0,air
1314212504486,157,air
1318217819438,351,air
1317216180822,360,air
1314212943409,1728,air
1314212997579,1457,air
1324222899522,0,air
1314212993808,9,air
1315213701675,0,air
1315214067314,0,air
1322221467350,10,air
1317222367892,2,air
1314212434702,5,air
1314213022142,0,air
1322220634909,74,air
1315213554874,698,air
1318217221252,1287,air
1323221558529,1500,air
1314212551511,4776,air
1314212423281,67,air
1318217419617,525,air
1318216958405,0,air
1315214496578,0,air
1315213984293,19,air
1320218720466,0,air
1316215553811,0,air
1315213200316,0,air
1314212684676,398,air
1314212543829,500,air
1321219529120,1321,air
1321219720428,3,air
1316215036082,500,air
1314212823304,24748,air
1314212543856,12504,air
1324222932612,5,air
1324222813495,197,air
1318216884496,7,air
1320219037874,3509,air
1321219816182,0,air
1317220637300,15,air
1324222720765,0,air
1319217942147,0,air
1315214198564,0,air
1314212881914,23700,air
1318217073877,0,air
1322221325881,0,air
1316215582483,0,air
1321220378083,667,air
1315213774680,22168,air
1323222219115,172,air
1321220442267,0,air
1323221663596,6226,air
1321219681160,5715,air
1319218431892,0,air
1319218383901,0,air
1322220650550,2,air
1323221708682,1500,air
1319218447199,10,air
1315213668268,940,air
1319218623837,3557,air
1319217975895,10,air
1317215912027,3479,air
1322220779401,6,air
1322220803151,215,air
1323222022269,0,air
1315213819865,6,air
1315214278549,1,air
1315214288730,0,air
1316215342181,170,air
1317215820200,0,air
1314212942270,0,air
1314212892107,38,air
1324222743128,0,air
1319218525246,6940,air
1319218333944,965,air
1314212469478,4961,air
1322220992869,206,air
1319218193290,1438,air
1320219247057,22,air
1321220412783,2440,air
1314212690337,27,air
1322221144254,2,air
1322220732352,18295,air
1322221058656,357,air
1323221628908,755,air
1314211918685,0,air
1314212501062,1333,air
1324222709115,0,air
1314213122411,24358,air
1323221714797,0,air
1319218029914,1,air
1317215988573,0,air
1318216694479,12641,air
1321219448394,6,air
1316214961613,11880,air
1322220828673,0,air
1317216089983,1,air
1321219898398,40,air
1319218523468,3389,air
1315213686936,4184,air
1314213076882,0,air
1314212845566,4,air
1316215538986,17,air
1322220814786,41459,air
1323222163723,334,air
1314212748331,3274,air
1316215163421,26032,air
1314212444145,0,air
1314213174218,2220,air
1321219676172,0,air
1321219744568,268,air
1316214979371,32,air
1316214986008,0,air
1323221898327,0,air
1321220355263,27128,air
1322221300167,1,air
1320219126950,2134,air
1315214308734,62,air
1316215545563,0,air
1322221220484,1320000,air
1317216196004,56600,air
1324223047349,1752,air
1321219785173,0,air
1321219676741,212,air
1322220783563,3796,air
1318217035536,3,air
1321220152250,3,air
1321220165260,0,air
1322220732960,2,air
1321220518068,4,air
1318217217405,50,air
1318217282336,0,air
1324222971929,17,air
1315214331439,353,air
1314212936773,6,air
1315213202474,0,air
1315213658925,0,air
1315214325526,0,air
1316215033945,102137,air
1323221648645,9,air
1315213929134,128,air
1319218503492,126,air
1320219372404,370,air
1320219320874,1944,air
1316219408287,0,air
1315213832672,0,air
1314212953917,10,air
1319218491052,0,air
1323221636828,0,air
1315217687831,0,air
1321219811229,0,air
1322220673483,6,air
1323222224281,0,air
1315214097887,20406,air
1315213592583,76,air
1320219292315,0,air
1317216482087,5,air
1321219615768,0,air
1315214357232,5716,air
1315214117905,0,air
1314212823645,0,air
1314212632083,10,air
1321219790692,27,air
1314212503268,1500,air
1315214236857,766,air
1320219275841,6986,air
1322220763344,0,air
1319218044725,184,air
1320222385650,6190,air
1321219926072,293,air
1319218456325,1707,air
1323221539404,7,air
1319218325241,17445,air
1321220071284,0,air
1324223229497,237,air
1323222176479,18,air
1318216983472,32,air
1317215940572,0,air
1315213951369,0,air
1317216462352,30712,air
1316214956409,13107,air
1323222155347,844,air
1323221543200,0,air
1319218088363,0,air
1316216491959,5,air
1318218606123,1174,air
1320219184948,0,air
1321219456086,0,air
1316215516473,27,air
1320219202684,235456,air
1321220274296,255,air
1314212526848,66805,air
1315214128605,0,air
1314212792612,0,air
1314213090549,1,air
1324222987012,3,air
1316215576719,282162,air
1324223007360,0,air
1323221571603,42800,air
1315213992504,11879,air
1316215305160,586,air
1315214229472,0,air
1314212960037,6696,air
1315214272825,807,air
1317216135576,0,air
1315213557667,200,air
1315214343651,40,air
1320219112289,806,air
1316215055892,24,air
1320218718157,599406,air
1315213554886,513,air
1315214232744,510,air
1315214237099,21141,air
1316215770417,3633,air
1315214024150,107204,air
1317216458479,3486,air
1322221350907,225,air
1323222031433,27195,air
1323221977655,4098,air
1314212966307,565,air
1319218061810,4377,air
1319218429569,0,air
1315213891827,263,air
1319218514014,30690,air
1314212605909,8,air
1314213032319,755,air
1317216345710,784,air
1323221819194,79,air
1323221612361,14,air
1322220904433,1076,air
1321219968839,13108,air
1316215701246,0,air
1315213591528,0,air
1319218199065,0,air
1323222384721,2,air
1314212380265,0,air
1315214097913,0,air
1314212873311,828,air
1316215298908,6332,air
1316215516725,0,air
1323221534555,500,air
1323221649496,0,air
1314212533261,3343,air
1315214005922,51774,air
1319218486734,0,air
1321220452421,10,air
1322220670158,0,air
1316215475017,0,air
1321220477386,6073,air
1317216090249,2,air
1323221994751,0,air
1324222438386,0,air
1323221690074,0,air
1324222434920,0,air
1321220646160,500,air
1321219677337,20,air
1314212944425,1876,air
1322221229356,0,air
1315214425896,54,air
1318216767564,84,air
1318217423742,0,air
1317216424958,3563,air
1314212844714,0,air
1323221674397,0,air
1319218524039,10,air
1322221395445,0,air
1319218496673,8750,air
1322220650562,0,air
1315214048439,16502,air
1314212980229,10,air
1317215908637,10,air
1323222149116,0,air
1315213574116,31260,air
1314212684649,115,air
1322220962450,0,air
1324223230931,0,air
1320219290398,30,air
1318217642735,5541,air
1314211915261,13455,air
1316215771421,0,air
1314212776722,17372,air
1315213629429,0,air
1321219984325,28021,air
1321220091399,34056,air
1316215464355,0,air
1319217671674,18611,air
1322221044365,0,air
1323222139305,255,air
1315213614112,0,air
1316215765862,3,air
1315214038438,5,air
1323221846734,0,air
1315214427092,2000,air
1324222514111,0,air
1314212682850,1064,air
1314212338444,840,air
1322220777231,2301,air
1322220816437,750,air
1318216983484,12,air
1315214155576,255,air
1323221848144,0,air
1324222466536,0,air
1316215750175,0,air
1314212350817,0,air
1320219123825,3275,air
1320218930194,0,air
1316215536830,0,air
1321219921879,0,air
1324222559787,193,air
1316215019199,1047,air
1317216015646,0,air
1315214279388,35,air
1314212843369,0,air
1324223117185,650,air
1316215187840,7117,air
1320219126125,25,air
1321219640543,5,air
1317216501167,172,air
1317216129357,0,air
1323221641071,2804,air
1316215531017,76,air
1319217968078,0,air
1314214247292,7,air
1314212895421,19,air
1323221615798,282773,air
1314212902555,10,air
1315213630318,5894,air
1315214335022,255,air
1315214160929,0,air
1316215283286,0,air
1315214027435,20,air
1323222301525,926,air
1318216771838,50,air
1324222535270,1,air
1321220512836,9405,air
1314213003662,0,air
1315213200328,0,air
1315213203514,83397,air
1322220969000,262,air
1322221445327,10,air
1315214162226,143919,air
1317216256519,250,air
1315214276875,5,air
1319219430915,0,air
1322220961041,26,air
1318217268681,0,air
1315218634463,27,air
1314212556753,0,air
1315214215319,133,air
1316215694062,10,air
1323222157327,181,air
1320219403476,5205,air
1317216315111,7394,air
1322221427065,255,air
1320218656167,2789,air
1324223001900,4,air
1318216946715,0,air
1321219810064,9576,air
1323221628326,82,air
1317216217719,5351,air
1317216304384,641,air
1314214466726,9,air
1323222059786,0,air
1319218342525,20611,air
1314212818025,550,air
1323221829690,3562,air
1320219181068,8512,air
1322220799997,0,air
1322220636637,0,air
1314212545204,0,air
1314213125988,0,air
1316215580109,143,air
1315213735640,468,air
1324222681316,59,air
1317217693516,0,air
1324222587851,5,air
1321219744570,26900,air
1318217126681,77,air
1324222475295,16,air
1322220668053,2124,air
1320219266424,267,air
1322220767166,1198,air
1320219275930,0,air
1321219923683,318,air
1322221307352,1302,air
1321219925029,0,air
1315213231463,1946,air
1316215154877,39,air
1315213624315,0,air
1315213686924,3425,air
1316215211614,3,air
1314212986424,0,air
1317215884533,0,air
1316215481452,172073,air
1314212992919,0,air
1315213666163,4875,air
1314213104805,0,air
1316215040712,8330,air
1324222615953,0,air
1324222731147,61,air
1324223196078,2,air
1324222512954,0,air
1315214440962,0,air
1314212779096,0,air
1314213083064,0,air
1314212545329,1,air
1314212368979,5,air
1321219933292,0,air
1319218003578,0,air
1322220938601,250,air
1323221787132,451,air
1318217178286,1000,air
1315214068328,90,air
1318217301670,624,air
1317216649032,0,air
1323221676947,2,air
1315214046017,68,air
1322221401476,0,air
1315214466777,10,air
1316215428638,8,air
1318217307394,326,air
1317216138634,12,air
1315214445809,1724,air
1324223159245,558,air
1322221380114,10890,air
1323223228545,1599,air
1324222899573,106,air
1314212889380,207724,air
1322221369097,1,air
1320219135807,500,air
1318219408275,0,air
1320218732143,0,air
1316215381385,0,air
1315213681998,0,air
1315214052704,10,air
1323221994522,227,air
1320219216468,0,air
1319218186029,387,air
1318216867388,10,air
1314212461533,0,air
1316215559319,10543,air
1323221755390,2,air
1315213959582,186,air
1315214144014,35,air
1323221910767,96,air
1321220522825,40,air
1321219759192,39,air
1321219870348,0,air
1318216827093,10,air
1314212974024,0,air
1319218178756,49,air
1324223196066,10,air
1320219141722,892,air
1315214432142,4700,air
1315214341101,0,air
1320219089341,0,air
1320218811180,22316,air
1319218341891,563,air
1319217685369,500,air
1323221879164,10,air
1319217949611,23396,air
1324222844437,507,air
1315213541939,0,air
1317216181747,3922,air
1314212892158,5,air
1320219356425,26644,air
1316219407095,13869,air
1319218298711,97583,air
1321219759988,0,air
1316215529468,129,air
1315213894936,9911,air
1316215236175,0,air
1314211948068,0,air
1315213205964,1819,air
1319218465540,5,air
1316215552744,15,air
1319218071456,5,air
1314212685263,1189,air
1324222498824,0,air
1322221401779,0,air
1315214344006,0,air
1314212737670,413,air
1322220719342,98,air
1318218588717,33969,air
1316215068519,0,air
1314213138860,0,air
1317215921127,0,air
1316215785332,48,air
1320218661573,170,air
1322220746921,3,air
1322220685679,0,air
1321220162616,0,air
1324222678031,0,air
1320218728804,0,air
1320218835080,0,air
1321220520074,10,air
1314212723326,209,air
1321220142374,413,air
1314212410195,1251,air
1322220849792,10,air
1317215830340,4591,air
1317216182889,8951,air
1314212322275,0,air
1317216122642,250,air
1316214983239,32692,air
1315214429247,500,air
1318216890741,349,air
1314212748281,79,air
1314212584736,13364,air
1317216433767,778,air
1319218212571,10,air
1316214978633,0,air
1316215571845,192,air
1324222910996,3,air
1324223057237,0,air
1315214363638,118,air
1323221786712,2563,air
1323223208620,4625,air
1320219256524,596,air
1315214399798,401,air
1318217251925,1,air
1316215381183,44,air
1315214500922,750,air
1321220489785,255,air
1314212553301,15207,air
1314212569127,9350,air
1321220317883,117,air
1323221650500,6001,air
1316215335757,13,air
1315213896107,202,air
1316215168939,68136,air
1322220740120,2481,air
1317216250225,7267,air
1316214988343,3958,air
1315215816442,0,air
1315214341125,0,air
1323221770934,8635,air
1316215656430,3,air
1318217626112,927,air
1322221565765,44,air
1314212321602,0,air
1314212728695,0,air
1321220412769,155,air
1314212638009,16,air
1318216705552,0,air
1319218524003,20,air
1324222907608,0,air
1324222584563,10560,air
1317216458202,9,air
1323221745363,4,air
1322220765010,0,air
1324222715183,3653,air
1316215023538,426,air
1314212748228,42,air
1314212584460,0,air
1314212550471,6,air
1320219175357,5,air
1315213733165,752,air
1323221878491,5,air
1314215816430,0,air
1317216293860,2800,air
1316215553797,0,air
1318216974915,1,air
1317216494803,0,air
1321220392777,88,air
1324222799165,0,air
1318217512072,3464,air
1319218209068,25382,air
1314212305003,5,air
1322220740106,555,air
1323221670387,1,air
1323221816061,0,air
1321220513079,312,air
1316215172370,950,air
1323221715257,42572,air
1321219897283,0,air
1321220650081,6804,air
1314212408456,500,air
1315214277016,6737,air
1321219738883,0,air
1320219318918,0,air
1323222076248,4,air
1322221339815,2590,air
1315214134292,0,air
1320218728350,2967,air
1324222832610,0,air
1323221570005,3718,air
1314212741300,9750,air
1324222435822,0,air
1322220780961,75,air
1323222111460,3064,air
1321220522914,13,air
1323221645082,0,air
1319218352211,8625,air
1320218672374,0,air
1317218613673,35,air
1324222530913,10,air
1314212748230,320,air
1321220331779,1,air
1324222918207,0,air
1316215770393,1187,air
1321219853049,0,air
1320219013428,119587,air
1314212918991,0,air
1318216859052,0,air
1318216991772,20,air
1318217301617,3742,air
1316215167798,94,air
1315213776192,18,air
1315213798275,0,air
1318217262361,7,air
1323221690441,120,air
1321220038549,5,air
1322220898783,0,air
1324222553885,0,air
1321219800784,0,air
1315214025936,184,air
1323222309926,111,air
1324222504159,0,air
1316215542604,145,air
1320218748325,5,air
1320221547906,44,air
1321220084279,6042,air
1321220606899,10,air
1321219753910,0,air
1323222176455,385,air
1316215489244,1999,air
1315214065827,500,air
1324222980702,0,air
1316215367881,1,air
1318216876072,5,air
1321219956529,0,air
1320219275904,0,air
1315213987757,850,air
1319217671179,0,air
1315214277042,41,air
1314212447472,5,air
1314212472474,0,air
1316215801212,31,air
1321220383792,51,air
1319218198707,302,air
1317215941954,0,air
1314212556043,3123,air
1314212433940,0,air
1315213969076,0,air
1317216057087,5,air
1322221232616,791,air
1320218996573,32614,air
1324222855710,0,air
1321219676487,797,air
1321219904568,0,air
1314212509400,154,air
1317216005874,8865,air
1321219767807,0,air
1321220544795,0,air
1318219273923,27327,air
1322221025618,181,air
1323221690062,0,air
1315213604491,25078,air
1320218929267,1,air
1315213997568,3,air
1322221401185,0,air
1315219435221,0,air
1324222574105,0,air
1318217055399,12,air
1317216021283,0,air
1321220127613,24750,air
1319217666611,0,air
1319218377644,26,air
1321219755055,13186,air
1315213557287,0,air
1314212378398,164,air
1316215504984,35,air
1318217139373,0,air
1321220153047,0,air
1315213778083,0,air
1315214216362,73,air
1316215588601,2400,air
1315213890080,646,air
1318216818310,9,air
1318217316443,650,air
1319217818071,6,air
1315214279390,7104,air
1319218466706,19,air
1321220477374,156,air
1317216623658,0,air
1317219408388,0,air
1322221278031,1464,air
1316215167863,9,air
1314212610859,5382,air
1322220779262,0,air
1316215026814,302,air
1323221823659,0,air
1323221982097,2829,air
1315213753229,0,air
1317215842067,143000,air
1321219695929,0,air
1321219702420,0,air
1315214406377,5060,air
1315213923939,10,air
1314212655411,14,air
1316215450089,8736,air
1315213959467,500,air
1315213752912,255,air
1317216234548,12285,air
1315213984180,2,air
1319218252070,34,air
1319218265510,10,air
1320219302256,19340,air
1320218768226,2,air
1315213624277,0,air
1317215915543,0,air
1314212626915,478,air
1321219647171,1,air
1314212412415,961,air
1318217245164,0,air
1319218057711,157,air
1316215066616,8660,air
1321219738869,3967,air
1316215232707,148,air
1319217801113,866,air
1324222422634,0,air
1323222008841,328,air
1324223071224,1010,air
1317216583144,2881,air
1316215756370,0,air
1317215816671,195,air
1316215588892,0,air
1319218090936,1,air
1322221150093,17702,air
1315213899709,0,air
1314212654178,0,air
1318217166495,120,air
1314212536282,1,air
1319218516882,7,air
1314212807440,0,air
1319217894714,250,air
1322221163660,0,air
1324223044088,1584,air
1319217649019,1000,air
1318216902128,10641,air
1319217984917,650,air
1320218648057,0,air
1318216893368,2500,air
1317216227684,3,air
1322221361468,0,air
1314212385278,10,air
1314213027980,0,air
1318217335280,16271,air
1323222341531,53,air
1314212448637,100,air
1324222592634,4216,air
1324222620270,115260,air
1323221950266,0,air
1323221565183,0,air
1319218352983,0,air
1314213104692,14,air
1314211934967,2601,air
1320218967824,0,air
1314212509374,3,air
1320218626760,255,air
1322220668065,3142,air
1318217450244,307,air
1318217672296,10,air
1315213574926,48,air
1315213197015,0,air
1318218342513,10,air
1319218067650,0,air
1318216709269,5750,air
1314212655120,10,air
1314211883463,10,air
1314212574913,17,air
1315214043477,395,air
1319217801101,1265,air
1321220645941,1000,air
1315213851898,0,air
1316215232265,1060,air
1315213587797,0,air
1316215286042,0,air
1316215305158,0,air
1319218212532,0,air
1316215477581,255103,air
1315214102372,3384,air
1314212942837,0,air
1324222515710,5079,air
1324222890788,0,air
1319217946969,5,air
1315213785239,0,air
1314212375531,2,air
1323221563719,0,air
1320219079819,0,air
1315214230753,93,air
1315214390938,0,air
1319218447415,0,air
1321220370617,17324,air
1316215390535,11808,air
1317216279404,0,air
1322221403328,0,air
1317216245249,88,air
1318216958696,3,air
1323221704265,13,air
1323221699907,0,air
1322220959175,4,air
1320219028990,10,air
1319218213852,0,air
1324222501278,0,air
1323222354437,255,air
1323221825692,0,air
1318217440775,12236,air
1314212792903,649,air
1319218199038,10464,air
1315213670906,1290,air
1314212412441,1943,air
1322221487489,7907,air
1315213795432,6,air
1314212321842,0,air
1318216726998,0,air
1317215900150,270,air
1321219669710,255,air
1317216373959,7,air
1315214184830,5,air
1315213538527,1,air
1314212946127,5,air
1322220753937,140424,air
1319218160810,8610,air
1321220591022,13082,air
1321219987524,9575,air
1321221489394,10,air
1315213925884,340,air
1319217799865,8848,air
1324222588600,359,air
1315214011823,0,air
1323222013738,0,air
1324222981033,5,air
1314212309544,10,air
1316215436344,0,air
1317215830225,1313,air
1323222070955,24,air
1323222059329,5,air
1319218325254,16077,air
1317216380182,0,air
1322221249511,0,air
1317216592422,1380,air
1317215857816,264,air
1319218273492,16,air
1319218273555,230453,air
1321219680131,0,air
1314212551004,525,air
1324222760478,186,air
1314212983439,20,air
1316215731163,0,air
1318216878773,34600,air
1321220069381,4,air
1314212475925,4,air
1322220780757,5,air
1324222449922,0,air
1316215588613,500,air
1314212734750,0,air
1316215558293,2,air
1316215442548,789,air
1315213965041,254,air
1315213968175,34131,air
1322220836783,0,air
1314212579510,0,air
1315213874605,270,air
1323221536269,26463,air
1315213690478,255,air
1316215689771,366,air
1314211914472,1507,air
1323221675541,179,air
1321219680117,80761,air
1324223215714,0,air
1316215036258,19,air
1314212971232,0,air
1315213702499,255,air
1322220776835,0,air
1323221550231,5,air
1320218748022,5299,air
1315213721018,0,air
1316215673068,0,air
1314212916326,2,air
1317216637823,2710,air
1319218395958,0,air
1315214146021,2920,air
1315214161628,9,air
1316215159296,5365,air
1316215558180,5757,air
1319218071316,91,air
1317216591279,0,air
1323221774045,1,air
1320218865828,1,air
1320219275928,0,air
1324222857789,0,air
1320218865766,1485,air
1323221991680,4,air
1316215382211,6,air
1317216245199,3,air
1314213043983,1544,air
1316215035609,0,air
1316215131929,0,air
1317216895502,2,air
1315213696661,4644,air
1317216013932,4,air
1314217790803,1078495,air
1316215352459,56306,air
1319217998879,19,air
1321220586806,0,air
1324222735944,0,air
1321220513081,147,air
1324223163193,39,air
1323221630686,0,air
1324222992176,27,air
1316214948984,2,air
1316215530991,91,air
1318216771865,4635,air
1315214429262,500,air
1314213018892,0,air
1314213715523,0,air
1317216346991,14329,air
1314213116167,0,air
1314211888882,0,air
1314211948310,1292,air
1324222712539,1936,air
1315213624341,596,air
1320218885008,231,air
1315214159838,42,air
1321221498660,10,air
1322221275365,439,air
1319217839923,0,air
1323221566348,0,air
1314211928078,85,air
1315213238064,73,air
1323221982123,3665,air
1318217683426,33,air
1323221732478,1,air
1321219934775,0,air
1315214124176,3,air
1322221268081,6329,air
1316215573054,263,air
1322221236021,15,air
1318217033099,0,air
1322220769463,11695,air
1315213238278,169,air
1320218870626,3331,air
1321219944598,17048,air
1314212647729,5326,air
1324223120662,10,air
1318216983496,0,air
1316215711615,0,air
1321219646837,6441,air
1324222463729,0,air
1317216281410,0,air
1315214187128,12500,air
1316214915314,14897,air
1322221450632,0,air
1321219910965,0,air
1320218865727,0,air
1320219328907,1024,air
1323222241008,9,air
1324222910731,0,air
1316214978645,0,air
1314212404230,0,air
1317216425583,135,air
1320218747994,0,air
1316215765379,772,air
1315214272736,2490,air
1317216126312,5539,air
1315214040608,2269,air
1314212736843,203,air
1319218193326,909,air
1320219015070,0,air
1315214073847,0,air
1315214217275,4595,air
1318216834414,10,air
1322221292776,0,air
1316215761343,10965,air
1318217399601,0,air
1322220915627,1236,air
1320219210224,10,air
1317216335190,2380,air
1321219995584,0,air
1314214388807,0,air
1321219595648,165,air
1314212449122,27,air
1314212900094,8,air
1315213221233,1,air
1322220866863,372,air
1314212795900,8,air
1314212804520,0,air
1318216958658,0,air
1316215662836,0,air
1317215971336,1300,air
1322221430313,0,air
1321220184016,0,air
1314213026723,0,air
1317216592410,14,air
1315214089435,12692,air
1315214015000,11341,air
1318216790600,5,air
1323221755402,1474,air
1320221547894,0,air
1320219259203,10807,air
1324222505380,0,air
1315213679564,1,air
1317216234361,837,air
1316215497482,685,air
1318218611440,0,air
1323221988621,0,air
1321220420069,134,air
1315214384733,135,air
1319217794938,0,air
1320219089339,230,air
1316215364593,54054,air
1314212613640,1633,air
1321219950007,500,air
1320219007921,2309910,air
1314212454957,11309,air
1320218575987,0,air
1319218198808,226,air
1322221339928,11,air
1324222825046,0,air
1319217753363,3,air
1321220454716,13,air
1317216607364,273,air
1318217298518,15751,air
1321220145419,124,air
1317216433730,82,air
1322221048073,0,air
1320221484292,2,air
1314212828242,750,air
1317216329538,0,air
1321221498355,10,air
1324222436267,577,air
1314212872725,1260,air
1315213624265,556,air
1315214214544,79335,air
1316215394901,0,air
1317216582282,0,air
1321220443218,39,air
1314212407643,1427,air
1317216438919,309,air
1316215120344,21239,air
1317215977556,105,air
1323221649510,0,air
1323221654407,102382,air
1316215161732,1007,air
1324222410490,0,air
1322220830234,0,air
1323222182610,0,air
1318216923058,10,air
1324223038757,0,air
1321219452962,10,air
1321219900317,513,air
1314212811350,500,air
1316215397047,508,air
1317216227987,52,air
1320218632560,14339,air
1315213564471,277839,air
1322220680033,0,air
1318217469509,2,air
1324222750236,6,air
1317216482075,5,air
1324222535229,10,air
1316215497468,500,air
1320219145291,289,air
1323221769971,0,air
1321220274120,63,air
1316215579867,2965,air
1317215867894,0,air
1314212482513,0,air
1317216290369,10,air
1315214240398,5728,air
1323221648633,0,air
1323221758853,130,air
1315214117867,562,air
1315214154320,10,air
1321219456112,6735,air
1321220041964,239,air
1316215175718,0,air
1315214331338,194,air
1315214264335,0,air
1323221899281,800,air
1315213885371,0,air
1318217181460,80,air
1316215205461,0,air
1318218456135,0,air
1324222987051,5,air
1323222112447,0,air
1321220279968,255,air
1320219029004,3316,air
1321219758202,255,air
1314214004780,11,air
1320219275854,9630,air
1323221772635,0,air
1319217718550,0,air
1315213716032,640,air
1315214032334,899,air
1321219479211,10020,air
1323221758042,0,air
1322220831655,1460,air
1316215006533,0,air
1320218704296,1,air
1319218261927,0,air
1319218456212,0,air
1319218496750,0,air
1323222349502,0,air
1323222376156,0,air
1315214422610,42,air
1314212472486,3453,air
1315213685732,0,air
1317216402584,230,air
1315214180604,13046,air
1315214339210,325,air
1320218973283,6,air
1319218532265,0,air
1323221682483,130,air
1320219362047,2650,air
1314212469656,141,air
1324222848549,121,air
1316215523251,0,air
1315214464529,0,air
1314212450795,6794,air
1320219171485,0,air
1317216307708,2409,air
1314212797967,10662,air
1314212489064,1136,air
1323221628035,0,air
1316215060260,0,air
1315213984255,39,air
1321220087934,0,air
1315214245971,78,air
1322220711978,0,air
1314212703728,0,air
1322221210800,631,air
1316214941609,1,air
1314213039581,0,air
1319218069413,10,air
1315214161604,0,air
1316215155755,0,air
1322220683078,1,air
1323221664016,0,air
1321219967270,0,air
1323221803164,0,air
1314212374817,25757,air
1323221565334,750,air
1322220718910,0,air
1315214247254,2,air
1314212846430,2,air
1317218606857,0,air
1316214964708,10,air
1319217841408,30,air
1320219112327,1562,air
1315214161770,14422,air
1319218258299,15464,air
1314212390468,3576,air
1320219126099,70,air
1323221806449,0,air
1318217400934,10,air
1314212383323,0,air
1315213570676,10,air
1315214136208,1,air
1320218726230,0,air
1315218160327,5,air
1323221947981,2,air
1324222585770,8,air
1319218082764,10,air
1315213975802,4190,air
1317215909577,0,air
1314212368548,6,air
1316215066022,35,air
1314212439323,12,air
1318216770281,0,air
1322220660118,10,air
1316215701261,0,air
1314212428041,0,air
1314212478186,568,air
1322220648683,1680,air
1318216911558,0,air
1316215115801,0,air
1320218833731,500,air
1315213197041,0,air
1320218906358,24177,air
1316215216716,0,air
1321220142160,1616,air
1320219374802,0,air
1320221547870,14,air
1320219132762,10,air
1322221222704,0,air
1315214387122,0,air
1322221340680,0,air
1324223229459,54,air
1314212688218,10,air
1315214390650,2,air
1317216295105,5,air
1314212620429,2205,air
1316215253360,3340,air
1314212516696,1,air
1315213682242,0,air
1316215523491,135,air
1322221275264,26256,air
1315213588270,0,air
1315214218796,0,air
1316215044138,77,air
1319217709601,0,air
1318217547431,37,air
1315214331377,53,air
1319218238335,73200,air
1319218574263,0,air
1322220999609,0,air
1321219601782,3081,air
1322221261718,0,air
1318217079538,0,air
1321220153795,0,air
1319219028279,0,air
1320219033495,1,air
1321220143919,0,air
1322221207071,3,air
1320219504925,0,air
1322221073733,0,air
1315214250312,5,air
1316215505049,208,air
1315213690466,4326,air
1320218684633,9154,air
1315213701612,2059,air
1315213629619,7,air
1315214343295,0,air
1318217541770,47300,air
1316215505064,153,air
1321220164394,0,air
1323221606609,0,air
1319218215756,0,air
1315213731401,1833,air
1314212803605,250,air
1316215044076,0,air
1320218747929,0,air
1322220712273,100500,air
1318216782019,120,air
1321219699321,1672,air
1314213045469,1000,air
1320219129549,14,air
1323222284705,500,air
1320219336094,0,air
1314214247278,1,air
1314214069837,0,air
1316215626716,0,air
1316215044239,92,air
1320218599013,48458,air
1322220875595,75,air
1322220925693,3,air
1323221769995,0,air
1314212362115,30,air
1323221625546,163,air
1322221284197,8910,air
1316216622415,13791,air
1323222386765,272,air
1319218071280,105,air
1319218464903,0,air
1315213906985,2,air
1316215023502,3801,air
1314212500399,250,air
1316215328687,3862,air
1316215615345,4,air
1316215197056,4762,air
1315213792690,0,air
1315213805993,1,air
1316215136146,1,air
1317216209635,5,air
1318216958684,188,air
1315214264309,62,air
1314213000502,10,air
1317216458897,0,air
1324223047364,618,air
1315214308494,61,air
1316215445735,135,air
1318217000102,11100,air
1317216583171,260,air
1319218036097,168000,air
1319217942301,6342,air
1322220991665,45,air
1321220442230,10,air
1314212590020,8716,air
1321219742780,750,air
1321219621950,0,air
1318216849051,0,air
1317216309233,0,air
1320218702645,0,air
1321220464109,3,air
1321219923695,262,air
1323221641905,179,air
1322221400765,2469,air
1323221695909,240,air
1315213945619,1345,air
1317216335152,0,air
1318217022615,0,air
1314212826022,238,air
1314212714479,11842,air
1314212522609,597,air
1318216923401,500,air
1318217018961,0,air
1314212450579,255,air
1315215441256,68974,air
1314212991350,1,air
1315213926847,0,air
1316214897365,0,air
1323222386221,5,air
1322220645269,0,air
1316215629801,0,air
1316215139635,0,air
1317219407020,84237,air
1315213857396,8,air
1324222774592,0,air
1315213581578,0,air
1317219407057,57,air
1316215198399,10205,air
1314212516708,1,air
1316214979635,400,air
1314211902162,1500,air
1314213221411,8,air
1316215253257,1,air
1314212584748,23013,air
1320218668111,564,air
1315213895586,5,air
1318217026335,4,air
1319217786906,0,air
1315214046169,0,air
1322221025998,376,air
1315214113476,0,air
1323221624505,0,air
1316216622391,236,air
1315213776990,20459,air
1314213002138,1,air
1314212407617,1488,air
1320218672970,8670,air
1320218964575,3,air
1317218150694,255,air
1314212428229,5,air
1319218032567,0,air
1324222612158,1,air
1324222615597,0,air
1315214277156,4679,air
1322220870479,5600,air
1316215179223,0,air
1319217607062,1600,air
1319217908553,19880,air
1319218399640,255,air
1324222426557,48,air
1314213018928,0,air
1319217726710,35066,air
1322220865303,0,air
1321220420071,798,air
1322220991677,69,air
1315213564533,18228,air
1323221948540,197,air
1321220142931,3364,air
1322220636258,0,air
1320218820189,2,air
1322220904902,0,air
1323221558885,0,air
1324222829400,0,air
1319218617621,0,air
1320219261310,0,air
1320218879373,0,air
1323222301653,0,air
1315214036903,80,air
1320219209766,0,air
1315213593890,0,air
1314212555914,45,air
1316215150727,5,air
1316215786120,686,air
1314212962979,500,air
1316215353792,48520,air
1319218377430,13643,air
1319218005940,10,air
1320218962328,954,air
1314211917618,1,air
1323222297463,0,air
1319218067647,29,air
1315213661022,1603,air
1317215971387,9223,air
1317216616464,498,air
1314213149014,1,air
1320219410115,2,air
1322221000666,1172,air
1320218888295,0,air
1322220722870,0,air
1321219811231,0,air
1317216129371,266,air
1317216135638,36039,air
1322221210875,760,air
1314212841771,679,air
1322220663898,7621,air
1324222893149,0,air
1321219666599,4828,air
1324222712895,1115,air
1315213804949,136,air
1316218623268,0,air
1316215566605,5938,air
1320218897700,2,air
1319218418972,26,air
1321219776566,0,air
1317216129597,0,air
1314212682355,19455,air
1315214381663,28139,air
1315213198171,0,air
1315214162303,0,air
1323221675349,500,air
1319218154730,2931,air
1314212714620,0,air
1321220371987,21,air
1316214979357,0,air
1324222551172,0,air
1322220662985,3,air
1314212654560,11698,air
1316215446232,117,air
1324223114202,8982,air
1319218499224,0,air
1316215538911,77,air
1317216424921,353,air
1321220161499,212392,air
1315214276887,14,air
1316215384595,750,air
1316215193842,2,air
1322220945986,25714,air
1315214104984,500,air
1323222194084,0,air
1314212782825,260,air
1323222275834,108,air
1322221062704,0,air
1323222164182,0,air
1322220679928,0,air
1320218889828,0,air
1320219050960,0,air
1324222987048,2,air
1324222418523,0,air
1324222419374,10,air
1315214178687,1,air
1316215527666,0,air
1314212652958,290592,air
1320218723740,0,air
1324222845758,0,air
1321219729629,0,air
1314212478465,8,air
1318217333398,1,air
1324222598043,2188,air
1320219234515,30,air
1315213950001,1,air
1321220001059,0,air
1321220034072,10,air
1319218335279,259,air
1322221114580,0,air
1315214277093,6366,air
1314212937953,255,air
1317216438869,0,air
1314212321792,0,air
1321220001097,10,air
1321219738503,0,air
1314212624997,22,air
1315213672215,27,air
1322221144823,250,air
1322220639482,255,air
1315214325045,0,air
1321219954411,0,air
1318217021474,9787,air
1317216267942,10212,air
1317215900325,2307,air
1321220720561,10,air
1316215167394,7,air
1319217965932,0,air
1315213207499,3,air
1322221279110,5,air
1315214396184,0,air
1319218529360,62600,air
1322221059924,3,air
1318217000001,11837,air
1320219027644,0,air
1315219431160,13283,air
1324222724256,0,air
1316215532476,0,air
1317215831975,132,air
1321220291177,455,air
1321219632407,0,air
1320219051000,197,air
1314212543868,5705,air
1324223229473,449,air
1318216829806,452,air
1318216873253,0,air
1318216798165,60276,air
1314212469617,250,air
1314212881445,37,air
1314213012139,14506,air
1314213174396,44,air
1320218835092,500,air
1315213926811,0,air
1319217927413,0,air
1324223047061,791,air
1319218071431,5,air
1315214320335,4900,air
1315214438261,500,air
1314212390761,250,air
1317215838792,0,air
1316215051451,750,air
1319217851904,0,air
1322220629051,255,air
1315213962436,461619,air
1321220422909,0,air
1320219216342,6654,air
1323221533805,255,air
1314213115532,923,air
1314213126764,10,air
1315213731387,712,air
1318217206806,4,air
1316215784380,30,air
1316215136437,10,air
1315214236818,7167,air
1315214107866,39,air
1319218313486,0,air
1319218524015,500,air
1317216216820,0,air
1323222104390,0,air
1321219905041,0,air
1320218595066,5,air
1322221181946,776,air
1320219313881,0,air
1317216235097,1,air
1323222132882,15,air
1322220671515,0,air
1316215495449,1,air
1322222404624,0,air
1323221837596,0,air
1314212550418,1151,air
1314212904965,1,air
1323221844830,10,air
1317216558496,15,air
1316215116676,435,air
1317215876069,2,air
1315214275859,1950,air
1321219775133,0,air
1323222075828,30,air
1315214132932,3602,air
1315214048237,0,air
1315214039859,0,air
1315214309371,255,air
1323222077226,13670,air
1320218575429,4239,air
1316215747371,7,air
1324222862714,0,air
1323221837228,0,air
1319218024267,17,air
1321220170462,1900,air
1324223112448,0,air
1315213948274,62,air
1316215044114,0,air
1320221472259,1500,air
1314212549188,10,air
1318216862312,13662,air
1317216293884,0,air
1317216335149,0,air
1317216260048,1,air
1321220362127,443,air
1322220978884,5,air
1322220795114,10,air
1314212721308,130,air
1318217398510,60,air
1323221665185,226,air
1314213128768,1,air
1321219742778,0,air
1320219404098,110,air
1323222086403,0,air
1321219529132,1321,air
1324223091834,130910,air
1322221463490,104,air
1315213846569,35,air
1314212649610,10,air
1324222825059,0,air
1324223018223,1131,air
1322220852471,0,air
1316215203353,13220,air
1321220047221,0,air
1324222416873,5,air
1324222851444,0,air
1321219648348,1500,air
1322221441330,5497,air
1320218957025,2539,air
1323221663560,0,air
1314212890875,120,air
1320218660696,120,air
1322220904977,0,air
1322221106750,0,air
1319217928201,1840,air
1320218684660,240,air
1322220830222,0,air
1314212324230,0,air
1314212412478,7825,air
1314212345161,30906,air
1314213008283,0,air
1321219905092,0,air
1320218696995,0,air
1322220930768,0,air
1315213968264,16189,air
1315214006431,10200,air
1314212368536,0,air
1316215115837,300,air
1314212541116,1,air
1316215253218,14,air
1323221675554,60580,air
1314212321741,0,air
1323221855873,10,air
1315213604402,4588,air
1318217301643,0,air
1314212409205,5760,air
1318216862336,29088,air
1318217669872,10746,air
1314212647743,77,air
1323221753890,0,air
1322220722868,0,air
1319218456085,1932,air
1321220583025,0,air
1317216260137,38,air
1321219722776,432,air
1317215949266,0,air
1315217687829,0,air
1320218639250,0,air
1319218494591,89,air
1319218059703,250,air
1316214928160,22,air
1319218044737,1287,air
1314212392536,0,air
1323221889355,12,air
1314212428623,0,air
1324222726628,11703,air
1320218605968,0,air
1318217073636,601,air
1315213238482,4062,air
1315213701877,23011,air
1321219919014,0,air
1320219055819,1,air
1318217033238,17977,air
1316215171000,0,air
1315213971601,6,air
1314214481436,88,air
1322220887576,15037,air
1315213880166,116,air
1316215236466,204,air
1321219666841,0,air
1316215648458,27,air
1317216382147,4200,air
1319218154692,294,air
1314213105923,1,air
1323221591047,31538,air
1318217131604,0,air
1318217305731,0,air
1321219914696,63,air
1314212497402,5,air
1322221237631,0,air
1322221001326,6,air
1315213937687,2245,air
1314211912530,19,air
1314214193587,28,air
1319217865880,0,air
1314212490650,48,air
1316214977744,2724,air
1319218495291,0,air
1321220484012,10,air
1320218642484,4130,air
1318218732004,0,air
1322220849778,37,air
1318216835999,0,air
1315219435233,0,air
1320218774774,0,air
1320219003237,2648,air
1319218335812,5542,air
1322221145562,1724,air
1324222601484,2,air
1324222560132,1,air
1323221939717,0,air
1323221563618,17513,air
1320218644856,1000,air
1314212825893,69800,air
1320218858936,8814,air
1315214105001,255,air
1323222154801,500,air
1314212615569,12,air
1324222586644,0,air
1314212682862,433,air
1314212539946,58085,air
1314211914270,110531,air
1317216057075,0,air
1314212613653,527,air
1318217450194,368385,air
1320219146014,5340,air
1314211933813,8786,air
1320218973232,16,air
1316215303900,52385,air
1320218863189,0,air
1314212814230,6480,air
1324222981223,0,air
1315213693183,33569,air
1322221497492,0,air
1323222044051,0,air
1323221527777,133,air
1315213216916,9123,air
1314212943563,116,air
1324223118047,0,air
1323221552540,0,air
1318217143078,2078,air
1320219301328,0,air
1319218342552,0,air
1324222483885,10600,air
1320218842526,0,air
1321220140875,3361,air
1319218193276,639,air
1320218873293,1593,air
1318216696575,170,air
1315214351975,53,air
1314212793335,0,air
1315213755515,1264,air
1324222601205,10,air
1318217074071,250,air
1321219822715,0,air
1323223208760,7555,air
1314212748343,2034,air
1314212519490,52876,air
1318216748475,1,air
1321220381230,0,air
1315219435245,87,air
1322221158595,10,air
1317216385676,57,air
1321219822537,7448,air
1322220861114,2640,air
1314211919814,0,air
1320219243969,0,air
1314212996298,8,air
1318217021462,3187,air
1314212509499,250,air
1324222637530,0,air
1319218403929,33,air
1319217761358,13250,air
1314212462028,10101,air
1314212872535,724,air
1318216752889,17811,air
1315213798263,0,air
1317215816606,31,air
1314212462016,1,air
1317216217214,0,air
1316215772930,10,air
1320218839470,0,air
1320219342882,2420,air
1314212615025,574,air
1314212914485,33,air
1317216198820,4727,air
1316215352915,115,air
1316215295926,5,air
1322220877450,2154,air
1314212679359,106,air
1319218669063,0,air
1323221837610,6,air
1321220238036,3494,air
1314213010263,0,air
1321220412922,23936,air
1323221559964,376,air
1320219347198,5,air
1322221436886,0,air
1324222462475,0,air
1319218576849,0,air
1314213130913,8200,air
1323222301640,0,air
1316215442575,1079,air
1320218831271,15184,air
1324223165034,10,air
1315213207513,8,air
1320218591182,13780,air
1321220357343,10890,air
1318219429937,5,air
1324222457905,0,air
1320219342680,0,air
1321219829266,0,air
1315214406340,279,air
1318217021423,3787,air
1320218890022,0,air
1315213735638,0,air
1315213616927,0,air
1316215305172,322,air
1317216614572,0,air
1317215808849,0,air
1324222682890,4121,air
1322221456864,0,air
1318217695384,0,air
1319218395059,0,air
1319218120234,0,air
1318217038583,6,air
1315214203515,2,air
1323221659523,1927,air
1324222517854,0,air
1319217950260,39202,air
1321220333619,0,air
1314212459150,2460,air
1322220861254,0,air
1316215365925,0,air
1321221534567,120,air
1322220810877,5,air
1320218952404,0,air
1316215344490,0,air
1319218447252,7,air
1321220303679,0,air
1318217463342,3,air
1315214236820,179464,air
1318217074083,250,air
1318217124282,938,air
1317216138659,38,air
1320218756753,31,air
1319217981291,4307,air
1322221058427,0,air
1321219807486,0,air
1318217301896,51667,air
1321220313858,7,air
1319218399626,255,air
1314212943346,133456,air
1322220670451,248,air
1316215019187,1897,air
1317216308902,0,air
1321219935842,153,air
1321220659458,10,air
1323222255693,0,air
1314212321881,0,air
1324222798961,1369,air
1314211909712,0,air
1315214231591,0,air
1318217426283,0,air
1321219676552,0,air
1316215573078,250,air
1318217480755,61,air
1323221563620,14196,air
1324223228444,265,air
1321219762958,0,air
1322220697371,7,air
1323222335061,372,air
1318216890893,0,air
1314213189069,30,air
1314213233822,52,air
1314212901045,0,air
1315213752672,0,air
1315214191850,0,air
1319218139309,246,air
1320219047255,10,air
1314212748216,14668,air
1314212443194,0,air
1324222585768,27,air
1324222409272,141,air
1315214458919,0,air
1315214007318,5,air
1315214197699,0,air
1316215026826,1298,air
1321220135180,0,air
1315213929110,696,air
1317216100026,10,air
1314212491423,1000,air
1316215084664,1293,air
1322221110000,250,air
1314212931721,0,air
1318217142140,982,air
1321220412896,2794,air
1315213919121,0,air
1317215997863,0,air
1316215162633,0,air
1316214944567,0,air
1318217139803,0,air
1316215683451,4,air
1321219921867,0,air
1316215288667,5,air
1323221954694,0,air
1322221008194,227,air
1318217152469,0,air
1314212805129,0,air
1314213581073,0,air
1319218073827,210,air
1320219359066,43369,air
1320219009065,0,air
1320218595078,11,air
1321219914660,1782,air
1324222661365,3050,air
1323222048441,1,air
1323221644875,954,air
1316215357625,0,air
1316215137492,0,air
1322220969277,2333,air
1315213894595,17352,air
1321219738907,1227,air
1315214191658,17900,air
1320218595179,6029,air
1315213738913,63,air
1314212433357,5,air
1315213624366,1004,air
1324222587836,250,air
1323221770009,16,air
1322221020872,4956,air
1319217987991,0,air
1317216034785,0,air
1319217799218,24,air
1319217791274,15486,air
1319218468458,0,air
1314213531472,10,air
1316215012384,0,air
1322220994469,0,air
1319218113708,713,air
1323221768841,0,air
1320219374410,228,air
1314212882981,48,air
1324223041548,13,air
1314213111976,1,air
1323221594029,0,air
1321219630821,0,air
1320218865816,3033,air
1320218869220,87,air
1314212917660,15258,air
1314212699096,477,air
1315214213631,2053,air
1317219425244,209000,air
1318217152457,1743,air
1317216309803,89,air
1314212900132,3582,air
1324222639181,254,air
1321220443547,255,air
1319218470122,50,air
1314211909662,5928,air
1319218247169,0,air
1315213606940,0,air
1316214986527,43361,air
1318216743310,0,air
1324223205016,0,air
1315217720364,0,air
1319218300770,10560,air
1314211886977,18005,air
1321220452318,105,air
1323222086415,0,air
1316215435316,0,air
1321220142309,12,air
1317216402659,3205,air
1323221659600,5381,air
1324222620522,0,air
1324222645703,0,air
1321220253292,1430,air
1320218962227,0,air
1314212948133,2,air
1322221059951,12,air
1323221944299,15,air
1317215977543,355,air
1314211913948,4048,air
1314212690390,83276,air
1324223043454,0,air
1320219191386,0,air
1319218504379,0,air
1318217137532,0,air
1314212378436,5474,air
1321219616505,2,air
1322220668279,29,air
1322221025620,49,air
1320219337692,35,air
1322221534011,980,air
1316214947867,6050,air
1314212634341,6742,air
1318217302177,20643,air
1321219731054,0,air
1316215127275,5,air
1319218350650,11515,air
1317216216008,1750,air
1324222925378,16672,air
1321220518070,1,air
1322220985459,2447,air
1316215535168,250,air
1315218476594,1714,air
1323221998952,0,air
1324222912774,11,air
1321220542930,3049,air
1318217079627,20925,air
1318216704371,222938,air
1314213002140,23,air
1316215466311,8042,air
1321219751664,140,air
1323221704289,0,air
1323221548009,0,air
1323222042881,8978,air
1318217336229,30613,air
1314212779767,0,air
1317216027577,9110,air
1318217592346,424,air
1317216075349,0,air
1322221320789,302,air
1317215809397,0,air
1315214215550,6,air
1323221810637,26524,air
1322220858385,2,air
1319218032391,0,air
1322221218783,1,air
1314212962967,0,air
1321219633690,259,air
1321219921246,0,air
1319218252930,1013,air
1321220568416,234,air
1314212313959,0,air
1315213945532,1497,air
1314212737631,1296,air
1320220710711,8904,air
1317216614584,0,air
1318217037910,14390,air
1322221452699,0,air
1314213144823,1799,air
1324223055928,0,air
1324222545206,0,air
1321219725951,1,air
1318217411180,10,air
1319218032631,0,air
1314212825095,0,air
1316215159322,3431,air
1315214229496,0,air
1314212737682,66,air
1323221531801,9730,air
1324222461865,0,air
1324222980310,3248,air
1316215167824,0,air
1321220153769,105,air
1315213983378,0,air
1316215468570,0,air
1319218034306,0,air
1317216246254,968,air
1315213722313,2310,air
1314212568063,6297,air
1321219901168,12232,air
1322220765554,0,air
1322221320575,7020,air
1314212943411,4206,air
1316215003854,1902,air
1315213735626,0,air
1315214220941,1097,air
1315213836238,13200,air
1324222989345,12540,air
1320218825368,0,air
1321219740608,0,air
1323221628011,0,air
1315218634487,900,air
1323221539012,150,air
1315214272724,56,air
1323221565979,27600,air
1315214259158,1,air
1316215327851,0,air
1318218637698,0,air
1323222286130,0,air
1314212588230,17712,air
1320218761183,5,air
1321219450917,0,air
1323222286027,45,air
1317216076998,0,air
1319217909441,1,air
1317216309563,6620,air
1324222474633,0,air
1316215162379,500,air
1314214944819,72,air
1318216727836,3645,air
1315213755275,0,air
1320218868053,0,air
1321219659998,0,air
1315213766355,198,air
1315214340162,10329,air
1324222914412,0,air
1322220917874,1100,air
1324223165046,10,air
1321220157539,0,air
1317216428375,207,air
1317215942323,0,air
1320218814022,630,air
1319217852399,6,air
1314212663658,60,air
1323222210724,28447,air
1318217419415,1,air
1322220756860,2,air
1316215604822,0,air
1316217695218,532,air
1316215256835,0,air
1319218025548,26419,air
1319218481202,10996,air
1321219443850,124,air
1317216194821,2428,air
1323223215789,0,air
1315214396196,0,air
1323222275808,305,air
1319218165239,7,air
1315213973629,4342,air
1322220670335,5,air
1318217423843,0,air
1315213726110,250,air
1322221357003,0,air
1315214176149,2,air
1317215932942,0,air
1322220879415,38584,air
1316215007372,0,air
1319217705019,0,air
1314212852937,0,air
1317216213468,0,air
1315214457780,0,air
1320219381682,0,air
1320218865715,0,air
1319218044701,792,air
1317216217760,32,air
1316215390067,0,air
1322221401146,386,air
1314212423875,1,air
1317216604850,6355,air
1319218273353,1499,air
1317216041285,1,air
1319217801137,340,air
1316215587116,494,air
1322220719241,27441,air
1322221248356,103,air
1317216100798,10,air
1321219965819,1,air
1322220880619,0,air
1315213937636,200,air
1317215940747,0,air
1315213817467,0,air
1316215115825,150,air
1317216432260,0,air
1314211941467,15456,air
1314212630622,16,air
1323221963301,0,air
1316215170046,7600,air
1317216234296,2836,air
1318216913158,0,air
1315213833989,2,air
1319217963053,21,air
1324222438905,383,air
1314212695023,5,air
1322222395333,80,air
1317216141743,0,air
1319218039360,0,air
1324222904435,9800,air
1318217538343,5,air
1320218732422,2,air
1319218193314,1091,air
1321220434361,688731,air
1316215057845,0,air
1316218378521,0,air
1324222895714,8574,air
1314212655409,19,air
1318216934036,4489,air
1323222354425,0,air
1324222559801,8884,air
1314212315865,0,air
1314212536561,34,air
1317216147809,0,air
1322220919219,2,air
1315214215333,0,air
1322221298829,1520,air
1322221188511,5,air
1315213874581,300,air
1315214308431,0,air
1316215802909,137,air
1317216488395,0,air
1317216059790,8297,air
1315215127390,0,air
1316215366194,26516,air
1315214256101,0,air
1316215208909,0,air
1315214162238,0,air
1315213857384,304,air
1324223035306,0,air
1316215544990,4570,air
1320219123748,4931,air
1324222500706,0,air
1320220599892,0,air
1323221676582,10,air
1320219219906,3904,air
1324222784252,3537,air
1320218818312,0,air
1322221071828,0,air
1321219785247,0,air
1314213103462,16,air
1319218089148,1100,air
1318216858757,0,air
1314213012115,0,air
1320218818223,0,air
1316215160021,10,air
1314211923216,4,air
1316215606967,1,air
1317216420303,1,air
1316215373984,0,air
1316215766647,0,air
1321219639263,0,air
1322220626891,124,air
1315214441875,11562,air
1315214019630,486,air
1315214356091,10115,air
1318217740721,32646,air
1323221596669,0,air
1315213541840,170,air
1315213696697,10604,air
1319218199014,2768,air
1315214118844,0,air
1324222676470,53,air
1324222807657,0,air
1324222602637,887,air
1317216499970,36429,air
1314212554416,8955,air
1323222323545,12,air
1317215828296,0,air
1322220688648,4291,air
1319217909670,0,air
1317215951587,36354,air
1320219409428,0,air
1314212900171,7436,air
1319218495289,0,air
1322220787687,37,air
1316215217201,7300,air
1321220029565,0,air
1322220852469,4040,air
1324223202375,0,air
1315214276812,0,air
1314212412427,281,air
1315214425908,2,air
1317215816657,0,air
1316215089499,135,air
1323221710128,0,air
1323222137729,89,air
1322220898112,0,air
1319217812989,6,air
1317216135665,461177,air
1323222217515,0,air
1314212840084,0,air
1317216245225,8,air
1322220791279,8841,air
1324222576567,0,air
1323221921517,0,air
1322220955520,500,air
1319217816444,196,air
1315214291989,0,air
1320219246865,13526,air
1316215655200,250,air
1319218031843,0,air
1319217827928,0,air
1316215684743,255,air
1318216843565,0,air
1320219275827,3116,air
1317216473912,0,air
1315214500934,250,air
1315214201497,14713,air
1314212500627,8,air
1315213218062,0,air
1314212450783,7781,air
1315214203770,546,air
1316215037122,3005,air
1324223050547,0,air
1316215765381,1710,air
1321220420158,160,air
1315214124137,0,air
1315213733443,0,air
1314212516684,1,air
1319217978081,55,air
1318216970400,39497,air
1315213663786,51,air
1320219024270,9,air
1324222417774,40167,air
1317216057051,0,air
1316214979369,10,air
1324222588016,0,air
1314212943904,41,air
1318217282351,655,air
1324222634747,0,air
1317216015697,0,air
1323221624226,11,air
1322220998696,8267,air
1320218739771,5576,air
1322220647010,0,air
1319217705033,0,air
1314212520403,16191,air
1316215744374,0,air
1323222218897,0,air
1317216138661,5378,air
1316215534660,0,air
1321220462790,1,air
1322220826162,0,air
1315213719406,40,air
1323221940392,8270,air
1316215457932,10,air
1316215406505,5,air
1316215187307,381,air
1316215072733,5,air
1320218657361,255,air
1317216057024,0,air
1316215205434,0,air
1317219408349,0,air
1319217806595,0,air
1316215023870,44,air
1322220733063,5,air
1322220772127,250,air
1320218689750,0,air
1320218756993,10,air
1321219829518,0,air
1323222327658,0,air
1324222452880,0,air
1324222803696,250,air
1323221930910,0,air
1314212536559,0,air
1323221950520,0,air
1318216914919,3,air
1319218369787,6040,air
1314213836240,14000,air
1314212481663,500,air
1318217123417,54,air
1318217398419,9669,air
1317216126185,39,air
1324222530887,102,air
1314212782369,0,air
1315213938261,0,air
1323221684386,0,air
1316215704014,150,air
1317216506752,17136,air
1324223206196,0,air
1317215995782,68,air
1314212505135,39,air
1323221611318,52,air
1321219752161,1,air
1314211922669,0,air
1320218764138,4741,air
1315213546169,0,air
1315213681986,0,air
1316215686763,760,air
1315213659461,8200,air
1316215503083,870,air
1324222608604,0,air
1322221441379,1,air
1316215015379,9,air
1322221205851,5,air
1314212552665,500,air
1319218208686,0,air
1315213876941,24039,air
1314212337226,23456,air
1314212556031,737,air
1314212808570,106559,air
1315214212476,15750,air
1319217980034,2962,air
1317216208304,0,air
1318217021447,1874,air
1323221614338,2668,air
1317216013336,0,air
1319218046845,0,air
1319218440004,0,air
1319218075644,30,air
1319218003539,0,air
1315213920491,0,air
1314212878615,1,air
1315213658521,39707,air
1315213243417,74,air
1315214062578,129615,air
1320218796819,11153,air
1316214961118,1593,air
1322221415716,10,air
1315214080158,250,air
1324222616575,0,air
1322220650523,6,air
1321220324040,4,air
1322220892665,20,air
1315218696843,41,air
1321219666587,46498,air
1321220087997,65,air
1323222322378,0,air
1322220904965,0,air
1320219273606,255,air
1314213548922,0,air
1322220877498,515,air
1318216874901,1,air
1320218648083,5,air
1324223039809,0,air
1324223121183,10,air
1319218364747,7,air
1319217824541,0,air
1321220517460,0,air
1317216097194,0,air
1315214410007,10,air
1321220164406,27,air
1314212400396,0,air
1324223083573,7,air
1320218625630,0,air
1323222028742,0,air
1314212932798,15031,air
1315214313975,0,air
1320218728006,3453,air
1319218383899,0,air
1323221549645,5,air
1324223208240,0,air
1318217434570,0,air
1324223071301,0,air
1319218067635,25,air
1317215940584,0,air
1321220403240,0,air
1323221811490,0,air
1321219679204,59309,air
1322221349347,0,air
1316215689769,9,air
1322220797789,0,air
1323221914690,0,air
1314212555674,1193,air
1318217385020,10,air
1314212549176,10,air
1319218262677,2,air
1314211941923,223,air
1322221094814,1,air
1316215394812,0,air
1324222527119,1433,air
1315214131789,1000,air
1322220997151,0,air
1319217978004,1372,air
1321219507365,2,air
1322221043779,0,air
1322221065687,26,air
1321219739149,0,air
1320219259227,55,air
1319217757576,10,air
1316215047958,5,air
1321219725482,0,air
1318217377985,99,air
1314213051636,5361,air
1315214038756,0,air
1315214438398,3533,air
1314213174434,10468,air
1322220993861,0,air
1315214053062,17021,air
1320219175332,5,air
1321220041863,3079,air
1321220159267,500,air
1316215045550,0,air
1320219197124,0,air
1318216798102,289,air
1319217843426,0,air
1316215010758,798,air
1314212779781,0,air
1317215914704,37,air
1315213703174,14,air
1320219357338,605,air
1323221836531,111,air
1324222418586,5,air
1316214948972,1,air
1317216289506,396,air
1316215162835,99,air
1319218556912,500,air
1317216390587,0,air
1316215477605,50,air
1323222124024,22195,air
1318217149210,3,air
1314212618793,0,air
1322221174307,0,air
1317216435014,0,air
1322221415250,0,air
1320218737272,0,air
1318219433101,7,air
1314212514044,0,air
1315213635511,0,air
1317215816683,0,air
1317216479651,1065,air
1322220757328,524,air
1319218532188,10610,air
1314211886953,2005,air
1314212342950,0,air
1320218684658,2951,air
1315213605948,0,air
1315213736844,873,air
1320218806406,0,air
1317216583070,0,air
1315215788338,12405,air
1314211904735,1470,air
1314212315319,104600,air
1316215469762,85054,air
1317216260113,2,air
1315213844210,56,air
1314213098458,139,air
1319217915331,30,air
1323221824612,0,air
1315214240323,0,air
1316215554306,0,air
1321219663061,0,air
1314212558581,0,air
1314212619264,3450,air
1315214345480,49030,air
1323222258497,29,air
1314212660765,2688,air
1314212451292,2200,air
1322220899393,107222,air
1315213969064,0,air
1318217197728,171,air
1315214203489,24,air
1314212465621,2138,air
1316215530371,203,air
1319218183933,241,air
1323221603032,0,air
1321219943925,0,air
1324222914982,0,air
1324223038769,0,air
1323222255857,17,air
1317216593804,500,air
1324222969901,0,air
1316214982720,0,air
1320218979134,1000,air
1323221897743,7088,air
1316218588693,40355,air
1317216432435,0,air
1323221966765,0,air
1320218596791,0,air
1317216553471,0,air
1319218165254,5,air
1322220788943,3224,air
1322221450051,96,air
1320219029016,0,air
1320219216951,1,air
1323222239218,0,air
1316217604901,0,air
1314212630281,0,air
1315214331326,397,air
1316215559853,749,air
1314212882955,755,air
1317216166191,10,air
1314213104831,0,air
1317216422891,870,air
1323222165108,0,air
1315214189843,12,air
1316214922128,7034,air
1319218268961,10,air
1315213959796,1,air
1321220682304,0,air
1314212441341,18420,air
1320218993107,0,air
1319218399665,255,air
1317215841596,6,air
1316215767664,10,air
1316215655224,0,air
1321220376115,23392,air
1317218600827,11005,air
1323221696091,2864,air
1323222137921,17,air
1322220936963,439,air
1323221844828,3,air
1319217960525,0,air
1319217819147,9725,air
1316215076593,1,air
1322220641854,244,air
1324222794935,5,air
1316215164981,112,air
1323222162923,3270,air
1315213703515,172,air
1317215910023,16667,air
1322220849994,1,air
1317216212910,0,air
1316214986945,1003,air
1317216093789,2560,air
1316215012877,255,air
1318217507728,0,air
1323223239930,1278,air
1323221768649,0,air
1316215359858,5,air
1324222614012,10,air
1324222517789,0,air
1321219882659,10,air
1322220969430,1267,air
1324222467716,0,air
1321220442634,0,air
1324223039393,0,air
1316215594247,388,air
1318217027717,3,air
1320218756637,0,air
1322221360845,3807,air
1314212774463,0,air
1316215232911,0,air
1316215513565,717,air
1314212500742,25,air
1321221534581,261,air
1320219214133,255,air
1314212799365,0,air
1316215107792,0,air
1319218075669,63,air
1319218082814,6,air
1324222590390,13776,air
1314211953411,0,air
1322221070093,0,air
1322220752265,7,air
1317216014858,6872,air
1322220795088,1,air
1314213016443,9177,air
1319218365512,0,air
1318217044787,3262,air
1315214288728,255,air
1314212543831,5,air
1316215271077,0,air
1314212960571,255,air
1315216649323,1490,air
1315214102220,744,air
1315214299707,8,air
1316215218153,360,air
1324222665770,501,air
1323222387894,10,air
1321219670914,19391,air
1317215833373,1504,air
1316214933475,0,air
1321219664822,755,air
1323222326112,0,air
1321220274284,0,air
1318217027729,4211,air
1317215931914,44,air
1322221194400,3991,air
1319217782008,3557,air
1319218047886,1285,air
1321219853052,40,air
1323221679727,6725,air
1314212833798,5291,air
1317216408423,13977,air
1315213896160,20106,air
1321220027003,0,air
1322221428826,178,air
1315213745197,78,air
1321219851401,197,air
1314212442964,0,air
1315213854666,117,air
1314213178116,0,air
1324222690327,18863,air
1316214985246,12,air
1322221031329,0,air
1324222684336,0,air
1316215101561,2036,air
1316215499524,0,air
1317215894306,0,air
1324222901771,0,air
1315213593433,28,air
1324222449201,0,air
1314212804660,85,air
1320218649984,0,air
1318216954420,4,air
1323222157404,0,air
1320218669051,0,air
1315214105013,500,air
1318217365889,9613,air
1319218431916,0,air
1323221976626,1868,air
1319217825215,0,air
1322220966408,313,air
1314212611394,6100,air
1320219126947,2890,air
1322221112333,0,air
1323222239206,0,air
1320218804173,1200,air
1324223118631,6966,air
1316215694807,255,air
1320219099239,16,air
1317216135564,3193,air
1323222135170,2315,air
1316215045396,0,air
1315214343980,0,air
1322220693295,755,air
1318216834705,10500,air
1322220988048,0,air
1319218289332,0,air
1323222343372,4,air
1318217164209,12302,air
1321219867013,5,air
1314213126067,477,air
1322220776595,38,air
1323222271886,0,air
1323222084915,1,air
1322221228632,0,air
1315214181671,135,air
1319218480717,2,air
1315213223439,259,air
1324222527208,0,air
1315214191405,0,air
1316214986768,12017,air
1320219026438,9843,air
1316214979332,46,air
1314211936125,5694,air
1318217195534,2532,air
1314212390470,666,air
1315214324713,3400,air
1322220700379,1491,air
1323221913852,10778,air
1316215666049,2,air
1314212792752,290,air
1320218616276,0,air
1320218684645,29,air
1315213968795,255,air
1314212389706,0,air
1320218819631,13500,air
1314212665436,1,air
1314212872737,2920,air
1321219468889,0,air
1316215057973,0,air
1316215697828,27,air
1314212937940,755,air
1318217087004,16690,air
1318216788606,0,air
1323221611344,0,air
1315218623256,0,air
1323221548504,22602,air
1323222395396,5522,air
1315213984267,4,air
1317216097788,10,air
1319218494577,1870,air
1321219776123,2,air
1321219468636,0,air
1319218334009,0,air
1324223229485,249,air
1315214339222,0,air
1321220142196,1382,air
1314212887083,4671,air
1314212566463,44794,air
1314212893010,10,air
1320218857377,184750,air
1321220303705,0,air
1315214240400,1062,air
1320218922538,1569,air
1324223196231,10,air
1322220955518,650,air
1317216045625,0,air
1315213794783,7885,air
1323222149092,0,air
1324222553240,0,air
1323221616093,10,air
1324223181482,0,air
1316215080894,0,air
1319218069488,10,air
1317216538153,3,air
1314212713061,2,air
1320219054362,175,air
1314216076190,5,air
1314212500401,696,air
1322220885115,0,air
1323221611357,7,air
1314212908952,1,air
1314212501163,5,air
1315213550318,5,air
1320219404086,220,air
1315214198576,26757,air
1320219031186,10,air
1317215816707,72,air
1317215880612,12,air
1321220188054,1012,air
1324222550360,500,air
1321219631645,0,air
1322221249117,142,air
1314212925224,0,air
1322221065675,1005,air
1314212959821,125,air
1319218556619,5,air
1316215087913,0,air
1317217774823,53,air
1322222299772,0,air
1321220222347,5,air
1317216245201,10,air
1316215676115,50,air
1322220927368,0,air
1315214460368,5,air
1324222407064,54,air
1314212653063,11044,air
1315214125650,5,air
1320219274899,12,air
1314211917570,2710,air
1314213076654,2,air
1324222407102,54,air
1315213926823,0,air
1315213738800,0,air
1314212461521,0,air
1316215184060,4,air
1320219026440,3575,air
1316215364629,0,air
1317216484129,6,air
1315213935277,212,air
1321219704552,5,air
1324222468605,0,air
1321219758315,255,air
1315213896121,1006,air
1320218865739,1290,air
1321220323986,1193,air
1316215039280,10,air
1315213890270,1500,air
1317216464394,0,air
1321219892039,62492,air
1318217457845,39,air
1315214121699,8578,air
1314212953968,11455,air
1318217053937,2901,air
1322221375761,1500,air
1320220606851,1045,air
1320218962696,2125,air
1322221465697,250,air
1321221489382,10,air
1321221320827,545,air
1320218873305,1981,air
1316215180757,5706,air
1323221573734,1898,air
1323222012852,0,air
1323222343360,130,air
1315214193082,350,air
1315213645260,32494,air
1314213237617,0,air
1322220782775,0,air
1320219342870,1440,air
1318216834717,24500,air
1317216563914,71,air
1318217323171,11,air
1314213027535,3,air
1323221663572,0,air
1317216057632,3168,air
1323221674409,0,air
1316215052806,5,air
1315213977972,2503,air
1317216391060,0,air
1316215342801,10110,air
1314212594877,0,air
1316215052782,0,air
1314212460808,0,air
1314211941479,2716,air
1317216592434,7388,air
1315214464810,500,air
1316214897011,10,air
1321220308946,12456,air
1323221815970,255,air
1321220371999,10,air
1320219395480,0,air
1316215673132,0,air
1321219729910,1046,air
1316215390244,589,air
1322220836466,2841,air
1323221835681,309,air
1317216433781,8,air
1319218252839,0,air
1324222583256,0,air
1320219185701,27085,air
1317216015798,470,air
1324222607121,0,air
1321220001123,2,air
1315213770148,0,air
1321220313845,2,air
1322221059963,1,air
1323221648090,10,air
1323221660018,10,air
1317216589782,2030,air
1315214386866,0,air
1321219622103,0,air
1317215844438,0,air
1320218605588,1353,air
1320221534427,693,air
1316215205459,1404,air
1316215384583,1,air
1315213922014,136,air
1318217217417,239,air
1317215814272,0,air
1316215162850,0,air
1317216604975,0,air
1317215895259,0,air
1322220726184,1299,air
1314212478200,3732,air
1323221648456,0,air
1318217335088,1768,air
1321219961822,6204,air
1319217963065,11,air
1316215640653,6,air
1316215289683,25,air
1318217149196,22,air
1315214344234,0,air
1314212690453,2,air
1321219821004,0,air
1321220238048,1724,air
1315213611369,10741,air
1319218145175,55573,air
1320218777656,11255,air
1316215690189,5497,air
1315213231160,1399,air
1314212992592,2,air
1319218560009,19030,air
1314212419372,2913,air
1323221755236,0,air
1315213959442,20,air
1323221532500,0,air
1323221700127,0,air
1324222519377,46,air
1318217403486,0,air
1319217961390,462944,air
1317216100800,10,air
1314214503118,0,air
1315214311209,0,air
1317216432462,0,air
1314212927420,0,air
1314212956674,0,air
1322220756872,2407,air
1315213751720,0,air
1323221637782,1005,air
1320218944256,1,air
1320218775258,250,air
1315214356661,392,air
1315214185492,3510,air
1317218606945,0,air
1319217821368,0,air
1315214191898,0,air
1320219174733,10,air
1315213966169,0,air
1316215298112,0,air
1314212684664,167,air
1315213213958,1018,air
1315213729926,0,air
1321219697796,0,air
1321220146221,1,air
1324222759096,0,air
1321219890377,12,air
1316215306919,6423,air
1323221549470,5,air
1323222047944,177,air
1323221706373,0,air
1324222735072,0,air
1324222539013,80,air
1321220007203,287241,air
1320219305277,168,air
1315213690480,255,air
1315213737947,3,air
1318216912648,0,air
1314212556005,250,air
1315214196204,0,air
1318217541782,522,air
1317216114797,1688,air
1315214390902,1,air
1322220974149,7,air
1317218637650,1,air
1316215644333,0,air
1320218814008,0,air
1317215908928,3149,air
1315214245906,16821,air
1314212393058,0,air
1321219693379,1,air
1320218977080,0,air
1324222774655,110,air
1322222388946,6,air
1321219933280,0,air
1315214087660,0,air
1321219792811,12094,air
1317216603050,10,air
1315214163192,500,air
1322221298831,15,air
1314212385189,14,air
1324222762700,0,air
1314212989634,0,air
1320219034345,4581,air
1315213637667,255,air
1316217492988,2194,air
1317216508554,0,air
1322221205800,0,air
1314212404343,1092,air
1321219667464,0,air
1314212401537,0,air
1320219434141,0,air
1314212926998,991,air
1320219239023,0,air
1316215519113,1,air
1314212704858,11341,air
1322221007610,0,air
1315214024162,13587,air
1314212551143,0,air
1319217615362,1,air
1316215365863,0,air
1315214412443,2,air
1323222067656,0,air
1319218465856,11617,air
1317216135590,51384,air
1314212302917,18726,air
1317216402610,18,air
1320218585418,431,air
1319218352223,1880,air
1322220921706,0,air
1316215132135,0,air
1316215136223,1,air
1318216757056,0,air
1319218147561,0,air
1319219434242,1420000,air
1315213576186,10,air
1324222987669,6266,air
1323221784111,157532,air
1316215437132,0,air
1318217338072,0,air
1317215959331,0,air
1320218973257,0,air
1319217799194,103,air
1320218766222,2,air
1323221646399,1954,air
1320219172436,1120,air
1322220744662,2183,air
1314212855807,4971,air
1322221563024,0,air
1316215439365,0,air
1323222157442,539,air
1322221135445,0,air
1315214127161,0,air
1324222660514,0,air
1314212823506,26,air
1321220342517,0,air
1322221016189,79,air
1322220697991,35444,air
1315214013652,43,air
1321220172098,39,air
1316215101864,5,air
1323221626676,0,air
1317216619421,56354,air
1317216547240,15,air
1318216952705,0,air
1316215136247,1,air
1314211904697,292,air
1322220851707,15,air
1315214346619,0,air
1316215451915,34,air
1314212482970,0,air
1314212829232,55,air
1324222853576,4573,air
1317215868086,379,air
1315213766379,226,air
1314212659748,82,air
1316215377538,0,air
1314212480230,7472,air
1316215074257,255,air
1317216619445,5136,air
1319218030738,1280,air
1320219261144,2612,air
1322221572959,2618,air
1317215835909,282,air
1317215874165,3413,air
1318216985770,2361,air
1324222866978,1266,air
1314211914320,211,air
1320218806596,6018,air
1322221427077,255,air
1323221585526,3,air
1317216245148,2670,air
1319218240291,250,air
1324222583243,0,air
1321220483147,5,air
1318217413145,5,air
1316215101876,20,air
1322220628693,0,air
1319218518583,500,air
1316215742812,240,air
1314212345351,8656,air
1322221155183,1373,air
1318217152444,360,air
1318216746521,60,air
1322220715736,1634,air
1315214191912,5,air
1322220865291,1,air
1323221538743,0,air
1314212333557,2356,air
1317215971351,7801,air
1315213706005,483,air
1324222911051,9,air
1318216834628,250,air
1319217799826,0,air
1321219828579,0,air
1318218528230,141020,air
1315218606921,0,air
1314212404242,0,air
1315214154332,10,air
1321219972460,500,air
1317219425206,12000,air
1317216527477,88,air
1316215349806,2,air
1322221008889,0,air
1319217980743,12,air
1318217683414,15,air
1316215694833,255,air
1321219670229,1846,air
1314212507115,0,air
1320219291907,21,air
1320219622053,0,air
1315215278730,0,air
1319217836321,476,air
1315213675109,571,air
1316215460650,0,air
1319218340495,1,air
1319217992130,0,air
1320218676601,0,air
1320218942631,107,air
1319218484032,1032,air
1317215963962,3424,air
1314216041552,195,air
1323221882006,130,air
1314212772863,0,air
1314212848941,0,air
1314212789150,29510,air
1316215365558,0,air
1322221371394,574,air
1322220745145,0,air
1315213766381,1258,air
1322220749485,0,air
1322220983908,0,air
1318217260088,2,air
1323222361242,0,air
1315214122436,0,air
1319218193288,2249,air
1315214341149,0,air
1320218800201,0,air
1320219347566,1550,air
1315213702739,4,air
1314212428003,0,air
1314212887057,0,air
1314212808784,0,air
1314212673836,19862,air
1315214104972,255,air
1320219026794,19124,air
1317216074120,0,air
1317216510774,349,air
1315214116600,0,air
1318217260494,0,air
1321220172086,0,air
1315213984166,0,air
1317216597866,500,air
1316215682030,0,air
1322220679310,0,air
1314212730422,110,air
1323221601863,0,air
1314212959884,22,air
1317215830365,250,air
1321219625187,30337,air
1318217142138,502,air
1322220942977,2,air
1323221846746,0,air
1319218447225,34,air
1321220041952,475,air
1317215947856,288,air
1316215015367,26,air
1323221545066,0,air
1318216910428,6,air
1323221639622,17,air
1314213167962,6792,air
1315214313619,1,air
1321220661577,0,air
1323221721487,5,air
1320218642712,0,air
1323222044036,1,air
1324222703542,96,air
1323221875483,85,air
1319218494692,0,air
1319217756612,0,air
1315213937675,250,air
1315214385433,11194,air
1314212687457,8020,air
1314212466217,755,air
1314212646653,1046,air
1322221446406,815,air
1319218024255,27,air
1322221340779,898,air
1319217858075,63,air
1314212750160,0,air
1314213002114,4,air
1316215289339,0,air
1314211915210,3600,air
1314212792636,0,air
1316215115852,270,air
1316215327329,0,air
1318217137470,10,air
1318217221617,0,air
1316215365901,0,air
1322221151424,517,air
1316215586532,210,air
1315213851886,0,air
1319218285435,5231,air
1317216335164,0,air
1319217778024,12810,air
1323221753270,20550,air
1322220763332,528,air
1316215769694,3,air
1320218700262,0,air
1316215710029,1,air
1318217383328,9604,air
1316215092089,26,air
1314212443206,0,air
1317216614622,1,air
1315213664461,0,air
1316215761305,0,air
1315214137869,0,air
1314212383994,0,air
1320219035793,116588,air
1317216369037,1,air
1319217961592,8,air
1324222684348,0,air
1315213666124,3882,air
1319217791298,10279,air
1315213700750,5,air
1322221155120,75,air
1316215091048,162,air
1316215744398,405,air
1324222917130,4608,air
1319217660669,6688,air
1322220830780,0,air
1323221983190,648,air
1317215988054,6,air
1318216903676,0,air
1315213721273,0,air
1318217425887,0,air
1319218388231,0,air
1322220793804,3420,air
1314212516734,1,air
1315214006429,3,air
1314212353573,0,air
1316215176379,20,air
1316215357753,0,air
1317216293858,33,air
1319218269761,0,air
1315214272748,55,air
1314211923519,2,air
1314212778880,3,air
1314212695338,0,air
1315214051575,10,air
1315214404509,1,air
1314212587505,2,air
1319218075721,21,air
1321220078214,0,air
1322220843155,27344,air
1315213781661,199,air
1324222530901,10,air
1322221504677,0,air
1323222174981,1,air
1315218623320,0,air
1318216750859,10702,air
1323221817911,0,air
1314212384491,5,air
1316217712518,0,air
1314217595899,27049,air
1320218954840,0,air
1314212878894,700,air
1322221461433,1058,air
1322220763320,221,air
1314212319990,6834,air
1322221144203,21,air
1324222474001,0,air
1322220961080,10,air
1314212849273,11536,air
1319217827498,0,air
1315213919893,8446,air
1321219644251,1,air
1323222255578,2060,air
1314213100668,0,air
1323222166959,1,air
1323222387514,0,air
1314212655462,420157,air
1316215519671,0,air
1314212975890,27,air
1320219212634,3,air
1324223191851,270,air
1322220712184,3857,air
1314212489049,6189,air
1314212400218,10,air
1317216010304,117,air
1320219050933,0,air
1319218032629,0,air
1320218845802,30187,air
1323221784186,0,air
1317216342117,38635,air
1316215711300,0,air
1318219407018,44307,air
1314212632119,28277,air
1319218416170,2720,air
1316214979205,1,air
1322221243734,17370,air
1322221008877,0,air
1319218020663,0,air
1320219461908,3,air
1316215788656,0,air
1316215342799,6991,air
1318217276738,557,air
1314212540684,0,air
1314212385052,10943,air
1322221308380,0,air
1323221937636,255,air
1322220780290,0,air
1320218595003,311,air
1319218133609,322,air
1317216053847,0,air
1316215040534,1,air
1316215193564,12,air
1320219349091,20,air
1315213679576,10,air
1314212743619,0,air
1322220876092,0,air
1319217997410,3,air
1322220733529,0,air
1320218879361,0,air
1320219333768,255,air
1316217672310,0,air
1318216798025,0,air
1321219754254,0,air
1317215971375,0,air
1316215133810,1385,air
1316215128733,0,air
1316215697879,993,air
1315213722554,10,air
1315214264830,64,air
1320218684696,254,air
1322221223136,0,air
1314212478212,2000,air
1316215446182,3,air
1315214387464,671,air
1317216081051,130,air
1318216942716,62,air
1318217381173,1310,air
1323221886411,227,air
1324222565309,0,air
1314213072857,0,air
1319218526224,0,air
1319217838162,1092,air
1321222393047,281,air
1314212774487,0,air
1322220751883,0,air
1317217644715,13,air
1322221467513,0,air
1323222309332,0,air
1316215364581,6578,air
1316215656758,12,air
1317216321657,539407,air
1322220937534,7250,air
1321219616493,2,air
1318221471939,1500,air
1321219785161,0,air
1319218071292,0,air
1315214231805,78,air
1317216306656,10,air
1324222439630,0,air
1322220951279,0,air
1321220489809,255,air
1320218684684,1193,air
1319217803182,19919,air
1317216289532,230,air
1315216643294,6054,air
1322220741906,356,air
1314211953474,0,air
1315213944782,0,air
1315213585387,255,air
1316215181013,4230,air
1322220785467,1149,air
1324222765442,4,air
1320219278126,9,air
1320218604751,0,air
1321220089763,5,air
1320218576825,2,air
1316215364605,22,air
1317216563751,3,air
1321220401929,178,air
1315214356697,39,air
1316215538962,2,air
1322220786368,3130,air
1319217870056,0,air
1323223236858,42,air
1315214245870,1946,air
1315214272751,2255,air
1322221078215,0,air
1318217448745,2829,air
1315213984127,146,air
1323221978911,0,air
1323222023982,0,air
1320218661130,0,air
1318217012689,0,air
1314213237605,0,air
1322221016114,840,air
1316215059231,0,air
1322221445758,0,air
1318216894980,3081,air
1321219757806,0,air
1320218595054,3,air
1323221539962,1,air
1315213945658,263,air
1315213980651,0,air
1314212782849,417,air
1315214189856,0,air
1323221625369,0,air
1321220163632,53,air
1322220824914,0,air
1319217721214,0,air
1322221465685,8612,air
1324222521977,8580,air
1323221638289,0,air
1318217260482,0,air
1318216863199,0,air
1317216315061,160721,air
1318216983522,4227,air
1321220376154,0,air
1321220391546,2,air
1322220832303,0,air
1322221311311,0,air
1322220693269,0,air
1320218733069,5724,air
1320218717407,0,air
1320219337312,2,air
1322221498431,28,air
1314213125964,0,air
1321219602099,5567,air
1317216406975,0,air
1322220817124,0,air
1324223007372,5,air
1315213962400,36039,air
1319218273454,164525,air
1316215411190,1044,air
1314212557565,7933,air
1323221585716,10,air
1321219676499,8,air
1316215076302,0,air
1320218747044,0,air
1322220969416,177,air
1324223208202,21591,air
1322220660106,10,air
1324222533919,4269,air
1323222258865,2716,air
1314212322402,0,air
1316215067909,5,air
1321219447048,0,air
1322220835870,3,air
1320219383142,0,air
1314212950265,17914,air
1319217928187,1002,air
1318216726923,355,air
1320218950739,0,air
1321219774445,0,air
1324222737544,63650,air
1321219871213,0,air
1322221380393,10,air
1315213588306,0,air
1321219677046,43,air
1324222418218,0,air
1320218700274,0,air
1324222868109,9863,air
1322220915072,754,air
1315213937840,11752,air
1316215075856,0,air
1315213968353,0,air
1314212343471,1,air
1314212345324,657,air
1316215058280,0,air
1317216009199,7,air
1314213189311,16730,air
1322221316654,0,air
1324222590388,1053,air
1314212878906,7620,air
1317215884560,21864,air
1319217938947,0,air
1314212402263,32,air
1315213235536,0,air
1316215059229,0,air
1316215619178,0,air
1314213001860,10482,air
1315213715624,310,air
1320219197340,39,air
1319219407069,29,air
1320218885539,0,air
1316215192725,0,air
1319217666635,0,air
1319218508517,0,air
1318216766360,0,air
1317215913498,3700,air
1314212748279,5944,air
1317216569311,10,air
1315214331276,15,air
1322220764512,51,air
1323221765377,0,air
1323221769983,0,air
1316215674882,310,air
1321220353496,334,air
1321220443220,45,air
1320219380565,0,air
1315218633889,0,air
1315214412292,3844,air
1314212985182,51880,air
1321219721558,3,air
1321219845979,0,air
1319217978016,1510,air
1320219256512,182,air
1322221534290,214,air
1320218966568,598,air
1318217228156,183,air
1317216385435,3559,air
1317216222226,20009,air
1318217299419,2,air
1315213965852,152,air
1321220147110,0,air
1315213669512,18383,air
1315213791231,9396,air
1321220027268,33,air
1322220732465,0,air
1322220762823,0,air
1317216044709,500,air
1320218934798,250,air
1319217778341,255,air
1322220700126,25767,air
1323221672025,750,air
1316215682434,0,air
1314211886991,755,air
1316214969495,0,air
1321219743554,0,air
1324222406567,0,air
1319221498241,5,air
1317216138685,2370,air
1317216332902,818,air
1319218198137,2953,air
1316215271166,0,air
1315213578216,0,air
1321219851247,25,air
1321220472361,0,air
1320219368281,0,air
1315214424968,0,air
1315213219571,0,air
1317218574251,0,air
1319218322699,0,air
1324223006091,1075,air
1315213697511,0,air
1318217149172,279,air
1314212428433,0,air
1323222012864,0,air
1321219702370,895,air
1314212495980,0,air
1314212682569,0,air
1315214215257,6007,air
1318217058674,155440,air
1320218576585,30,air
1316215673144,0,air
1314213199110,0,air
1322221209695,7762,air
1317216437350,21,air
1314212985663,44,air
1315213804750,10,air
1323222139949,7379,air
1322221212905,1764,air
1320219325103,8919,air
1324222883757,0,air
1317216330860,255,air
1321220122168,5,air
1318216762447,2072,air
1321220420107,244,air
1314212588572,46910,air
1314213104829,0,air
1315213984204,700,air
1323222174322,73,air
1321220175677,573,air
1323221606763,0,air
1319218157396,0,air
1318217135678,1576,air
1316218617025,7500,air
1322220997148,626,air
1314212881686,255,air
1324222585440,0,air
1324222676468,5,air
1316215217100,2780,air
1315213681962,4284,air
1314213104387,824,air
1317215803863,0,air
1317216622860,1647,air
1319217610361,48,air
1322221433257,159,air
1323221950936,0,air
1316215438514,9125,air
1314214496566,0,air
1316215773995,154,air
1316215606664,8883,air
1317216010948,20,air
1324223180718,434,air
1319218193656,1710,air
1315213572074,3,air
1321220659510,10,air
1319217680065,11578,air
1319217801620,0,air
1322220768523,56342,air
1315214043515,1449,air
1315213685720,1,air
1324222554747,0,air
1321220586604,1,air
1314212378386,637,air
1322221169663,202,air
1323222188637,5,air
1315213992237,343,air
1321219916614,0,air
1314212377636,5538,air
1318217419290,160,air
1314211917719,5547,air
1324222592836,2368,air
1323221648126,0,air
1315214155588,255,air
1320218758872,0,air
1318217455272,255,air
1314212816678,0,air
1320219157397,68,air
1316214986010,0,air
1314213004118,5,air
1319218397848,1152,air
1322220783955,0,air
1314212428015,0,air
1316215093194,1261,air
1316215682055,0,air
1315214235412,0,air
1317215885880,556,air
1319218504215,0,air
1320219201757,0,air
1318216981757,182,air
1317216437451,6920,air
1323222015873,10380,air
1322221498468,37,air
1316215029291,12,air
1316215300512,10,air
1318217042579,272643,air
1315214215600,26,air
1317216592788,2,air
1321219828480,500,air
1315213572922,8415,air
1315214451700,0,air
1321219624071,16020,air
1314212944211,14074,air
1315213829409,0,air
1322221294085,617,air
1316215365913,0,air
1316215469952,6243,air
1324222911036,42,air
1314212692584,4494,air
1324222737189,13471,air
1322221371141,236,air
1317216283061,397,air
1323222257560,0,air
1324222482681,6995,air
1322220938575,188,air
1317216571873,20,air
1324222542161,1,air
1314212522270,285,air
1322220640940,0,air
1323221706385,0,air
1322221267964,5,air
1317216280406,41862,air
1319218495315,0,air
1321219931591,0,air
1316215072721,5,air
1315214393326,8,air
1324222667065,2,air
1315214039354,284,air
1320218979716,10,air
1315213704063,5,air
1322221300445,0,air
1321219595410,1,air
1320219400417,2,air
1321220657050,11857,air
1320218713461,6650,air
1315213971498,0,air
1314212335929,1,air
1316215493178,5,air
1316215357361,4766,air
1324223153596,970,air
1317216057048,5,air
1314212394454,9,air
1319218496180,1742,air
1315213761911,33,air
1315213910514,0,air
1317216377388,9344,air
1319218394272,4591,air
1324222989333,425,air
1318217345723,0,air
1318217217393,69,air
1319217742117,1000,air
1322220981346,69970,air
1323222175364,221,air
1314212414799,481,air
1316215710017,1,air
1322221114059,3,air
1322221221043,101,air
1315214006456,0,air
1322220732337,33160,air
1318216769366,26470,air
1314212322313,0,air
1315213792827,0,air
1315214011278,0,air
1319218069452,13,air
1319218265395,147,air
1316215662812,0,air
1320218687352,306,air
1322221502281,1,air
1317216234322,684,air
1319218340065,0,air
1316215329095,0,air
1320219333919,700,air
1315213673609,119,air
1316215104769,0,air
1319218636191,0,air
1323222249930,12544,air
1324222444996,0,air
1319217809678,2741,air
1318217174465,0,air
1317215905504,9288,air
1316215352939,22,air
1323222043123,0,air
1317216200105,0,air
1315213978024,0,air
1317216296970,177,air
1318217071834,0,air
1322221060623,23,air
1316215364579,0,air
1316215640640,544,air
1318217283593,255,air
1320218879385,0,air
1321220275212,255,air
1323222019489,6590,air
1315214344691,112,air
1324223202449,500,air
1324223165150,33,air
1319218515474,865,air
1323221542994,1602,air
1321220142208,68,air
1321219702368,1141,air
1318217262017,0,air
1316214992632,7,air
1314212647566,0,air
1315213581580,0,air
1318217021450,98,air
1323221713353,0,air
1314212779793,0,air
1318217447008,10,air
1315214218808,428,air
1324222530899,10,air
1323221724925,6378,air
1324222596037,0,air
1318217534282,31,air
1319218098869,4200,air
1322221388972,5,air
1319218335166,3379,air
1324223058797,777,air
1324222898001,6,air
1316215295914,5,air
1315213217161,1,air
1314212976563,204436,air
1315214235400,10,air
1318217501358,505027,air
1315214160917,0,air
1323221828383,0,air
1314212303705,5466,air
1314212345476,10850,air
1314212517510,12,air
1315218623306,5,air
1315213663709,1084,air
1314212919005,0,air
1323221534528,0,air
1314212347708,0,air
1317216318776,82,air
1321220042941,113,air
1317215973951,1,air
1314212941381,0,air
1321219990773,131,air
1324223041284,500,air
1320218717357,500,air
1324223091721,21305,air
1317216320667,1381,air
1314212723338,0,air
1315213223454,1021,air
1315214385282,177,air
1319218134601,0,air
1322220734038,5,air
1316215232291,11,air
1322220635433,0,air
1322221218720,30,air
1317216229195,105,air
1314212759690,18164,air
1320218833337,3,air
1314212655447,170995,air
1315214170502,0,air
1317216424972,6969,air
1323221788247,5,air
1314212718922,10,air
1324222550218,500,air
1315214381307,3,air
1317215892249,0,air
1314212786899,36353,air
1318217511447,2,air
1317216315059,0,air
1318216879193,0,air
1319217746116,0,air
1324223240603,12074,air
1317216421521,5182,air
1321219974565,0,air
1316215105204,0,air
1316215741378,0,air
1321220163784,0,air
1322221218670,233,air
1323222340743,61,air
1324222971917,89,air
1323221635891,6970,air
1315214329536,0,air
1322221021835,1,air
1322220716447,110,air
1323222349728,0,air
1318217057835,0,air
1316215117173,2,air
1324222838334,3756,air
1322220958425,190,air
1321222524213,0,air
1322220682645,1,air
1316215448844,15700,air
1318217113760,11907,air
1322220746919,3,air
1316215666583,27,air
1321219910181,260,air
1318217280585,59,air
1322221522840,4523,air
1323222053872,0,air
1323222067668,0,air
1323221544430,255,air
1319218215806,138,air
1316215750151,0,air
1317216306769,6701,air
1322220660486,122,air
1314212543817,0,air
1317216352308,0,air
1320218765939,34,air
1316215559307,0,air
1320218950754,0,air
1322221592708,0,air
1319218198859,2626,air
1316215290723,56117,air
1314212349904,3047,air
1319218454181,7824,air
1314212465328,2433,air
1315214088623,2412,air
1316215291648,0,air
1323221758980,65208,air
1316215197207,605,air
1317216548420,199100,air
1314212631131,11386,air
1315213984242,1,air
1314212310585,0,air
1317216057099,5,air
1316215120080,55,air
1323222393237,0,air
1319217959838,0,air
1323221803428,65,air
1324222449910,9,air
1323222333662,500,air
1322220848675,147,air
1322220705685,0,air
1322221155195,408,air
1316215431204,498,air
1319217709613,0,air
1323221532486,0,air
1320218933695,479,air
1322221299391,23,air
1320219343365,1299,air
1315213804735,0,air
1323221649421,0,air
1315213569724,0,air
1314212388678,780,air
1322220887739,23,air
1316215349477,0,air
1320218905952,0,air
1317216234260,22,air
1318217463367,11,air
1315213717440,0,air
1324222897997,1,air
1321220482412,1948,air
1319217799257,63,air
1316215605938,0,air
1315214381422,6,air
1314212876712,2006,air
1315214043491,3937,air
1319218130134,0,air
1314212551384,0,air
1318217411127,47,air
1317215818547,372660,air
1314212321626,0,air
1319217978030,42,air
1317216600825,3944,air
1319217698861,0,air
1322220770731,0,air
1314211926389,0,air
1320219033507,10,air
1314212574469,10661,air
1315214457778,0,air
1319218365599,4,air
1321219715745,0,air
1323222275846,199,air
1321219461744,0,air
1318217181472,256,air
1321219989009,0,air
1316215471727,9700,air
1318217455260,255,air
1321219553690,36662,air
1323221818901,1449,air
1323221608324,255,air
1324222878959,15,air
1324222770392,0,air
1322221266075,10983,air
1321220352037,0,air
1318217186889,252,air
1321219790096,0,air
1323221636513,984,air
1314212605897,5,air
1319218189393,120,air
1314212322287,0,air
1316214948960,10787,air
1320218740936,0,air
1315213720651,291,air
1316215342825,8078,air
1320219414974,21270,air
1314213000565,0,air
1323221713819,0,air
1316215241833,0,air
1323221818242,8462,air
1321219783394,155,air
1320218653653,0,air
1314212302160,0,air
1321219881214,19165,air
1322220662720,0,air
1314212759664,3046,air
1323222387060,29,air
1319218322244,2309,air
1322220717274,0,air
1314212818037,8596,air
1315213894773,0,air
1314212639482,250,air
1322221106659,0,air
1318217282591,5100,air
1315214076539,0,air
1320218701249,0,air
1322220997163,0,air
1320218897662,0,air
1324223047440,16569,air
1315214128670,3402,air
1314212953893,4,air
1318216874608,3205,air
1323222124012,28687,air
1314211916352,360,air
1323222137299,0,air
1315213585363,255,air
1318217126782,0,air
1319218050553,21,air
1316214986349,7745,air
1314213079155,10,air
1316215756382,0,air
1315213541826,25,air
1323221741313,0,air
1319218415267,3175,air
1315214335818,336,air
1318217416635,0,air
1315214215511,5,air
1321220412934,59070,air
1324222423473,0,air
1324222961930,0,air
1318217055413,41,air
1314212394288,0,air
1324222848537,476,air
1322220807958,0,air
1314212390708,0,air
1322220880595,0,air
1323222041978,0,air
1314212960025,0,air
1318216952679,71,air
1315213716234,1014,air
1318216694467,13,air
1318217040082,982,air
1323222307439,0,air
1321219792557,0,air
1319218532164,94600,air
1319218503718,10,air
1318217440787,10,air
1316215374289,205,air
1317215813472,0,air
1314212863296,0,air
1317216113757,52,air
1320219221621,27333,air
1319217665811,134023,air
1321219829823,0,air
1320219414719,1112,air
1323222314799,500,air
1320218811343,454,air
1324223191762,9031,air
1322221503889,0,air
1322221021823,1,air
1323221878489,5,air
1319219302876,8885,air
1321220076929,1728,air
1314212423343,2,air
1317215909615,6822,air
1323221775909,5281,air
1317216053672,245,air
1322220796775,256,air
1314212607713,98,air
1320218801379,7,air
1314212556765,0,air
1320218747917,1888,air
1321219719491,0,air
1317216376665,45900,air
1315214109415,6,air
1315214111736,0,air
1314212845857,0,air
1319218486759,0,air
1319221472006,1500,air
1319218515524,58,air
1321219785755,0,air
1324223082165,0,air
1315213891260,3203,air
1315214170591,5150,air
1323222044137,0,air
1323221556044,0,air
1322221283157,0,air
1319218412993,265,air
1323221636552,10,air
1323221684398,0,air
1317215830389,7301,air
1317216513186,0,air
1324222862450,0,air
1314213044074,1383,air
1319217869926,0,air
1317216317851,0,air
1320218674986,186148,air
1317215919123,1,air
1314212501377,0,air
1318216818219,5,air
1322221472347,42,air
1319218263616,27,air
1316216972113,0,air
1318217301605,1408,air
1316214979318,2,air
1316215455597,37,air
1318217159502,1,air
1314213011859,0,air
1322220766137,10332,air
1314212509018,0,air
1324222772319,0,air
1320218908073,10,air
1319217836093,0,air
1320218825457,10831,air
1316215067632,25110,air
1322220911491,255,air
1317216255125,1222,air
1321219828744,0,air
1317216373605,0,air
1316215446220,8,air
1317217545971,0,air
1316215033857,7,air
1316215769062,2301,air
1314212918953,1401,air
1314212737884,0,air
1314213031863,500,air
1315213909308,1,air
1324223159803,0,air
1324222681607,14425,air
1318216984791,0,air
1317215995275,5,air
1315214193070,250,air
1315213760515,5,air
1319218289306,0,air
1320219279193,10,air
1324222813483,1,air
1320219224906,2991,air
1315213929108,778,air
1314213104375,1029,air
1322221016177,65,air
1315214227629,144,air
1320218962710,46,air
1324222555688,0,air
1321220082376,9721,air
1324222800346,250,air
1316216627974,255,air
1317216117061,398,air
1321220348205,12709,air
1314212514754,0,air
1319220607081,1100,air
1314212322414,0,air
1324222410502,0,air
1319217757525,5,air
1318216911533,2,air
1322221071842,0,air
1320218674202,138,air
1316215381195,248,air
1316214998383,88,air
1321220164382,24,air
1321219668656,10,air
1322221469707,3434,air
1315213930656,14,air
1324223023108,5840,air
1322221328038,0,air
1322221434754,12,air
1316215771181,15792,air
1318217158930,0,air
1321220015364,1720,air
1318218642763,6,air
1322220729887,0,air
1324222559825,0,air
1319217933112,0,air
1323222116131,0,air
1323222149104,0,air
1319217848555,48725,air
1320220589713,14,air
1323221560319,1100,air
1314212451761,26,air
1319218307039,462,air
1314211924117,3514,air
1322221504830,0,air
1323222338663,0,air
1316215298910,13028,air
1314212555938,15,air
1314213079130,500,air
1315214203477,2,air
1316215040546,14238,air
1315213839121,6766,air
1318217493206,2,air
1315213983380,0,air
1314212652693,4,air
1323221625371,27467,air
1317216138356,86,air
1314212347785,31518,air
1314212610885,152,air
1315213685629,11318,air
1316215176342,20,air
1318218071266,0,air
1323222574333,0,air
1323221823949,0,air
1318217420342,0,air
1323222062299,0,air
1321220284246,6740,air
1319217837400,0,air
1321220109058,59,air
1321222367789,2,air
1321220516088,1,air
1323221895168,1044,air
1320218840116,0,air
1318217331038,1000,air
1323221642109,1263,air
1315214230765,10,air
1319217978055,3942,air
1324222987099,118,air
1324223120039,1439,air
1322221322542,0,air
1322220765616,0,air
1323221649472,0,air
1316214965004,96,air
1319217950144,49402,air
1321220552816,122059,air
1314212927216,1,air
1323221768904,2,air
1315214449819,1500,air
1321219880073,0,air
1317216149435,10,air
1316215390220,1159,air
1315214161111,20,air
1317216433742,41,air
1321219839824,0,air
1324222981882,215,air
1314212465140,0,air
1316215662824,0,air
1315213940253,0,air
1315213984139,912,air
1324222496489,225,air
1321220123133,7,air
1323222137768,5,air
1318217547381,1,air
1320218747956,80,air
1320218887002,364,air
1319218263628,23,air
1323222323558,3402,air
1315214442535,170,air
1319218206670,6,air
1323221916950,0,air
1317216318764,8,air
1316215384569,21,air
1317216385690,30,air
1315213592569,12,air
1318216910430,0,air
1314213027461,0,air
1316214963579,0,air
1314212551093,8300,air
1316215394851,322,air
1317216254704,0,air
1324222711234,0,air
1322221355872,0,air
1321220463121,2,air
1315213230927,0,air
1324222856647,15,air
1322220697369,0,air
1320218609574,1,air
1319218467583,10007,air
1323221560218,12180,air
1316215717442,0,air
1315214249916,43,air
1314212536294,34,air
1314212491322,776,air
1316215005366,1780,air
1317216129585,255,air
1316215539406,10,air
1322220898795,11,air
1318217305681,16991,air
1321219750167,9170,air
1315214308482,261,air
1317216601221,2426,air
1315214215182,1020,air
1319217772348,174,air
1319218464725,0,air
1314213006493,3075,air
1315214377867,12,air
1314212324469,10,air
1314212848939,0,air
1317215934124,3983,air
1324222473528,1357,air
1320218964056,144,air
1314212471395,0,air
1319217705514,0,air
1317216009163,314,air
1316215295142,1214,air
1315213753193,21,air
1314212786091,17,air
1324222923029,5,air
1314212535266,3962,air
1321221489204,0,air
1317215881739,5,air
1317216637811,1025,air
1314212610935,2,air
1317216435800,0,air
1317216279442,0,air
1318217449014,2705,air
1314212636676,1900,air
1314212437279,41715,air
1314212797296,374,air
1318217760610,10,air
1319218059350,500,air
1319217760572,10,air
1316215753334,2,air
1319217825227,0,air
1323222104402,0,air
1315213895600,0,air
1321220387967,45,air
1322221342037,0,air
1324222585453,4016,air
1323222016089,0,air
1316215325630,555,air
1323221681760,0,air
1320219123787,0,air
1324222667053,2,air
1318216771410,0,air
1318217041793,806,air
1318219408352,0,air
1314212871747,16164,air
1318217227038,8,air
1314212521963,1426,air
1314212900157,9853,air
1316215600368,1,air
1318216952681,2828,air
1322221515467,0,air
1319218119473,0,air
1314212543781,5,air
1322221367129,22,air
1315214148506,1000,air
1316215727280,4592,air
1314212846442,1,air
1317216435798,0,air
1316215251481,59125,air
1317216448795,0,air
1314211894718,147884,air
1322220650535,0,air
1316215167875,0,air
1315213743711,750,air
1316215004742,0,air
1322220905552,0,air
1318217034115,0,air
1320219160052,9,air
1317216592737,7,air
1314212399479,9568,air
1319217862426,0,air
1317215943248,0,air
1320218765915,10,air
1321219629413,840,air
1322221406364,342,air
1322221058643,303,air
1322221072135,20,air
1319218032403,0,air
1316215217302,13920,air
1320218956732,597,air
1320219216316,2828,air
1319217905342,0,air
1316215408182,5,air
1319217768365,10,air
1324222736353,0,air
1323221932787,5,air
1319217849025,9890,air
1319217864091,2360,air
1321219767795,3020,air
1316215362118,10,air
1323222031205,0,air
1316215410996,0,air
1314213029580,10,air
1324222651743,83,air
1315214286130,8991,air
1317216589818,5509,air
1315214365126,1,air
1316215202767,1,air
1316215751405,0,air
1318218447427,0,air
1319218154704,2988,air
1315216736963,5231,air
1316215191331,0,air
1323222068963,0,air
1324222944985,2492,air
1317216260087,6,air
1320219432200,10,air
1316214954810,0,air
1316215018159,1,air
1323222145942,0,air
1324222762748,0,air
1322221113982,18282,air
1314212584181,2,air
1322221236007,0,air
1316215199441,2755,air
1323222030862,7250,air
1323222031080,0,air
1320219274875,8870,air
1319218276424,10,air
1320218993006,1000,air
1321220063681,382,air
1324222762799,0,air
1320219070543,0,air
1315214440935,3029,air
1322220839447,0,air
1319217981303,5512,air
1318217170339,6332,air
1315214141576,0,air
1322221698564,0,air
1314213053945,1000,air
1317216116335,32278,air
1315214068316,0,air
1317215943200,0,air
1314212941571,0,air
1316215523731,2250,air
1320218718144,5833,air
1319218556924,0,air
1316215497470,569,air
1318218539068,27,air
1315213576162,10,air
1315216737080,37,air
1315214371825,0,air
1321220069025,3360,air
1316215471032,0,air
1317215973936,0,air
1314212322388,0,air
1318218117834,0,air
1323221550243,65,air
1324223181900,12987,air
1314211932013,0,air
1324222522942,0,air
1314218588731,8049,air
1324222793907,12974,air
1323221966777,43,air
1317216571861,0,air
1321220034084,255,air
1322221468224,0,air
1315213969052,0,air
1317216041424,255,air
1322221497353,8,air
1316215310754,5,air
1324222878922,13,air
1315214107260,255,air
1320219230796,7451,air
1323222157467,149833,air
1314212683876,6,air
1324222987024,17,air
1316215477213,0,air
1317215880459,35724,air
1318217184264,0,air
1319218244705,43,air
1315213593167,18398,air
1314212407605,155,air
1317216199570,10,air
1321220353472,633,air
1318217132947,0,air
1323222049470,6382,air
1314214937575,573728,air
1314212996730,1,air
1315214331353,457,air
1321219767771,622318,air
1317216114254,0,air
1314212875607,103,air
1315214060814,0,air
1316215538950,6,air
1317216424945,1077,air
1314212322376,0,air
1314212881510,0,air
1317216256533,250,air
1323221806704,3320,air
1314212569091,2787,air
1319218183960,0,air
1317215882174,21167,air
1322221048085,0,air
1321219624552,255,air
1319217705021,0,air
1321220086526,0,air
1324223057249,0,air
1324222496174,0,air
1323222346102,10,air
1314212753863,21785,air
1315213706029,22,air
1316215288679,0,air
1324222561983,125854,air
1315213993088,61,air
1320219236647,0,air
1315213962362,50219,air
1318216697209,0,air
1323221735816,0,air
1323222250324,0,air
1324222578371,0,air
1316215010897,18565,air
1320219003896,0,air
1324222448680,0,air
1319218289318,0,air
1323222076883,27,air
1324222857397,7535,air
1314213026952,52,air
1314212569115,500,air
1314212551360,0,air
1316219407071,49,air
1319218154680,5377,air
1324222712376,0,air
1322220670463,6,air
1314212409371,0,air
1320218625426,15880,air
1319218411686,5,air
1321220199917,3,air
1317216563852,10,air
1323222166807,0,air
1315214388959,6,air
1316215587179,0,air
1316215770429,71,air
1316215187194,82,air
1317215842283,1909,air
1321220124895,0,air
1322221311968,131,air
1314212709481,55,air
1315215788643,0,air
1322221055914,0,air
1324222579118,252,air
1318217538368,5,air
1315214459024,20,air
1316215111675,0,air
1321221498342,10,air
1317216342749,15717,air
1314213125976,32,air
1315214237479,1,air
1319218406647,0,air
1324222732568,0,air
1321220142362,1364,air
1314213126915,0,air
1322221339551,8,air
1316215554369,0,air
1315214228658,37515,air
1318217301656,334,air
1321219918392,250,air
1324223124090,10,air
1324223183563,0,air
1324223121195,500,air
1319218565149,0,air
1314212400980,0,air
1317216432486,0,air
1315213225319,54280,air
1316215689757,116,air
1318218571533,500,air
1317216422915,10,air
1314212539314,232,air
1319217802343,2072,air
1319218326611,6313,air
1315213669664,1950,air
1318218552469,57,air
1314212351276,0,air
1316215538885,0,air
1315213959063,164,air
1324222527133,0,air
1320220599880,0,air
1322220769448,0,air
1315213764614,42645,air
1322220680348,0,air
1317216135234,2,air
1322221116371,5,air
1317216284505,7801,air
1314212427987,0,air
1321220120885,185,air
1314213044290,126933,air
1315214331480,560,air
1319218377632,0,air
1318216935116,4754,air
1314212792764,1391,air
1323222093395,136,air
1317216110054,284,air
1316215740390,0,air
1316215361496,2223,air
1317216618835,0,air
1314212369868,255,air
1315214161630,3,air
1319217885452,540,air
1317216260101,73,air
1316215503893,0,air
1321219700857,103,air
1314212574317,1152,air
1314212747392,16280,air
1315214394482,1547,air
1314213015290,0,air
1321220659522,10,air
1317216217721,1989,air
1317215816669,41,air
1317215830377,27381,air
1320219337742,30,air
1315213804444,9227,air
1324223044090,61186,air
1320218650202,0,air
1321220243176,2,air
1316215715069,0,air
1321220001111,2,air
1321219516554,0,air
1322220685756,4052,air
1323221628516,0,air
1316215166683,0,air
1321220187898,65,air
1323221749031,255,air
1324222859252,0,air
1323222201600,517,air
1324222408458,2,air
1315213672924,5,air
1321220014284,0,air
1319217865120,1,air
1322220647578,0,air
1322220685782,12086,air
1317216117073,401,air
1322221025657,1471,air
1320218724209,175,air
1321219788015,0,air
1314212468654,0,air
1314212578660,0,air
1324222774580,0,air
1314212400206,10,air
1324223184843,10,air
1319217663412,871,air
1319217757588,10,air
1322220969493,274,air
1315213926862,0,air
1317215941788,0,air
1320218692871,7,air
1321219735913,5,air
1318217403498,0,air
1319217803143,0,air
1322221251008,0,air
1315213857877,25,air
1324223030800,0,air
1314212460594,0,air
1318217335607,0,air
1315214424931,0,air
1317216065007,0,air
1314213041787,29421,air
1314212543146,289,air
1321219774623,137000,air
1322221057161,1,air
1314211912478,352840,air
1320218964068,50,air
1319217865106,0,air
1323222157226,296,air
1318217141997,0,air
1315214427270,250,air
1318216806012,0,air
1315214073809,0,air
1324222987036,2,air
1316215188943,0,air
1320218806420,2,air
1324222800373,250,air
1319217991482,2,air
1319218071429,5,air
1320220589725,282,air
1322221223858,250,air
1323221965876,0,air
1314212914701,45522,air
1317216548519,3655,air
1316215116474,10,air
1316215656733,17,air
1320218886909,24556,air
1323221720218,5,air
1315214384531,6157,air
1315213727934,394,air
1324222905150,1500,air
1317216072912,250,air
1315213646502,10434,air
1314212797284,935,air
1314212673711,2,air
1324222762775,0,air
1324222822835,14,air
1314212975914,6,air
1315214157012,868,air
1317216009187,96,air
1318216842031,0,air
1314213018942,5280,air
1316214949190,6,air
1315213615368,107,air
1317216039774,3175,air
1314212675060,42721,air
1314212309785,68,air
1314212588533,10,air
1320219219831,0,air
1314212637058,1000,air
1316215040522,34379,air
1316215471006,0,air
1322220906111,0,air
1323221950506,0,air
1320218865754,0,air
1321219921259,217,air
1316215117918,23,air
1322221218769,21091,air
1318217819503,9145,air
1317215988686,1,air
1323221653583,65,air
1320219252335,765,air
1316215394875,10,air
1319218465490,44,air
1324222434817,20547,air
1317215943628,0,air
1323222387045,1183,air
1322220662252,250,air
1323221540053,4,air
1322220874857,0,air
1319218044749,606,air
1322221436898,1439,air
1322220730687,755,air
1324222934731,164,air
1315213612118,2125,air
1322220945846,0,air
1323221896931,98,air
1322221085881,0,air
1321219603659,56992,air
1324222453425,228,air
1319217827500,0,air
1323222333650,500,air
1323221705751,0,air
1314212709404,0,air
1315214120723,0,air
1315213194982,4,air
1319218273466,0,air
1321219942707,10,air
1323221745375,42,air
1323221720004,5,air
1315214191494,21000,air
1321220586705,949,air
1314212528121,36253,air
1324222924413,18,air
1323221551536,0,air
1321221299504,13,air
1315214423271,10,air
1317216080820,81,air
1322220781850,0,air
1318219434255,138712,air
1316215444148,47,air
1322221340781,4,air
1321219923707,745,air
1324222925618,14365,air
1314212688574,1751,air
1320219401472,12499,air
1323221681657,0,air
1319217699089,0,air
1322220702753,5,air
1316215432788,0,air
1317216122628,0,air
1319217934280,126849,air
1315214215574,0,air
1316215283336,0,air
1315214054203,0,air
1314213071208,176,air
1323221926660,0,air
1323222228114,0,air
1314212671046,0,air
1324223089095,4,air
1315214188979,0,air
1320218796795,10286,air
1314212775631,0,air
1316215319702,0,air
1316215203391,4,air
1315213884529,0,air
1322220997187,4539,air
1318217413754,0,air
1314212955571,5,air
1322220997201,1383,air
1322220670475,0,air
1321220310991,0,air
1319218166371,0,air
1315214279402,37471,air
1324223008184,0,air
1324222432825,0,air
1314212683458,0,air
1322221044213,0,air
1324223212616,0,air
1320218750180,0,air
1320218733943,0,air
1315213594462,3001,air
1318218533077,0,air
1324222500694,0,air
1316215298896,3070,air
1323221567035,0,air
1323222176442,53,air
1314213108400,1,air
1317220639215,6855,air
1316214963175,26878,air
1314213081894,0,air
1315213945633,3715,air
1315213946179,37337,air
1315214420782,0,air
1320218806432,85,air
1323221836392,0,air
1321219639503,707,air
1318217447857,0,air
1320218831651,0,air
1319218175798,0,air
1318217150857,18,air
1315213923889,50,air
1323221538515,0,air
1319218082802,0,air
1324223031853,0,air
1319218273530,0,air
1318217417094,0,air
1321219770753,0,air
1324222736732,0,air
1316215288655,5,air
1314212379174,5877,air
1317216637847,1047,air
1318217666167,10,air
1314211959453,999,air
1314212496778,0,air
1315214264222,140,air
1320219333770,255,air
1321220370629,15966,air
1317217672322,10,air
1315214331403,158,air
1321219802269,0,air
1323222288021,5961,air
1320219232511,17,air
1316215772171,250000,air
1317215844604,2606,air
1315214264285,15,air
1314212797955,0,air
1316215138126,0,air
1323221559646,1787,air
1321220140216,2013,air
1318216829960,174141,air
1323222338004,10,air
1314212352468,0,air
1319219416967,204,air
1323221611369,6,air
1324223108768,19,air
1322221320587,0,air
1321220370631,1059,air
1318217345735,0,air
1314212779591,0,air
1314212436087,10,air
1319218067445,3858,air
1316215522350,12032,air
1315214293146,1930,air
1316215692789,2646,air
1321219713120,4,air
1321220023598,0,air
1316215127325,0,air
1322221461369,0,air
1323222345884,491,air
1321220468666,551,air
1315213901477,11,air
1323221528096,59528,air
1319218495303,0,air
1324222993964,15865,air
1316214912925,4595,air
1321220163796,0,air
1314212321640,0,air
1317216190052,6435,air
1315213783828,0,air
1316215319132,0,air
1321219680129,0,air
1319218524027,10,air
1319217675711,5627,air
1315214331389,26,air
1321220041899,3205,air
1317217179098,1430,air
1314212404255,0,air
1317216146201,37340,air
1317216563902,0,air
1314212802247,0,air
1315214041093,23,air
1314212321778,0,air
1317216018097,567,air
1314212465583,447,air
1314212709416,43,air
1323221638568,4944,air
1324222439477,0,air
1314212572097,0,air
1317216592396,669,air
1320218695359,10595,air
1314212856847,267,air
1314212501074,2,air
1324222974228,2,air
1315214272662,621,air
1316215639206,82,air
1315213581313,9400,air
1315214187787,8746,air
1314213128022,0,air
1320219363936,10652,air
1322221466535,0,air
1314212959973,1500,air
1324222784480,7843,air
1314212503270,270,air
1317216435786,0,air
1319217960552,0,air
1318217324591,16868,air
1321220619682,0,air
1320218814046,1140,air
1322220836480,5006,air
1316215162809,4242,air
1314212431074,6177,air
1322220997199,227,air
1318217061542,44,air
1315214276317,130,air
1319217841701,362,air
1315214006367,5390,air
1314212809560,0,air
1316215156629,0,air
1323221770011,0,air
1318218522858,7807,air
1321219652854,273,air
1320219324872,6482,air
1315213716044,617,air
1316214952792,0,air
1323222323836,10,air
1316215077292,112710,air
1316215195696,475,air
1323221653571,174,air
1323222249942,12489,air
1316215112412,401,air
1324223123771,10,air
1322221254194,0,air
1323221689856,0,air
1316217785296,434,air
1314212695682,470,air
1314212387955,982,air
1324222681684,29565,air
1316215366927,10,air
1315214120988,0,air
1314213011861,0,air
1319218209637,0,air
1320219278874,0,air
1319218265407,0,air
1319217963077,6,air
1314212496350,0,air
1318216837462,25,air
1316215397035,0,air
1319218430609,175,air
1314212659751,114,air
1316215460573,86,air
1316215545536,34,air
1318217026347,9,air
1322220978302,17665,air
1321220007191,10015,air
1314212684690,351,air
1314212735106,2,air
1314212489761,255,air
1314212558124,0,air
1324222637340,0,air
1322221163052,0,air
1314212585626,9806,air
1324222981134,11,air
1316215303862,13,air
1320219332943,1510,air
1316215765696,0,air
1317215989359,5,air
1317216259580,140,air
1318216983460,40824,air
1314211932025,0,air
1314212552715,250,air
1315213587328,10,air
1315213625421,109,air
1316215215056,255,air
1324223117856,250,air
1314212543894,500,air
1322220763369,130,air
1315213832569,5,air
1314212665778,2700,air
1322221401159,0,air
1315214191862,5,air
1323221623097,0,air
1319217758667,5,air
1314212625038,4583,air
1320218976088,0,air
1320219328895,10,air
1316215269527,55,air
1316215117716,10,air
1324223230943,0,air
1317220639090,825,air
1316215113059,0,air
1318217463355,0,air
1315215290180,6,air
1314212774400,787,air
1315213979329,255,air
1314212417618,0,air
1323221678889,10,air
1320218888321,0,air
1318217294343,16293,air
1317215981806,0,air
1316215366170,194,air
1323222068951,0,air
1323222282701,0,air
1316215167887,16188,air
1314212417796,0,air
1319218069449,64,air
1320218870640,3,air
1316215328764,0,air
1316215072758,5,air
1317216600849,7064,air
1318216934048,110,air
1319217726862,0,air
1321219975125,0,air
1319217790625,0,air
1319217724234,0,air
1323221716196,0,air
1324222833459,13710,air
1316215362359,2,air
1315214078065,82,air
1321219919471,250,air
1324222453045,0,air
1322221154103,3191,air
1317216433728,4,air
1318216953594,4,air
1318217389737,0,air
1318216711287,0,air
1314212545444,10,air
1319217820760,0,air
1315214386967,5,air
1318217301631,903,air
1317216563888,175,air
1317216082382,187,air
1321220420119,69,air
1314212809545,0,air
1315213707526,2,air
1314212900183,3606,air
1315214235069,0,air
1321219851399,8272,air
1320219278076,47,air
1320218732410,10,air
1315213774553,10430,air
1322221362369,4742,air
1318216911166,0,air
1318216828905,479,air
1316215359934,4618,air
1322221472816,20,air
1319217757537,5,air
1321219794411,0,air
1315213846571,135,air
1320218864914,0,air
1314212881433,0,air
1318217320720,116,air
1315214126916,0,air
1314212918965,10,air
1322221226196,23,air
1321220116089,360,air
1321220188825,223,air
1315213965902,0,air
1324222460305,3522,air
1323222289858,20212,air
1316215025495,6,air
1319217831357,3,air
1316215033958,4200,air
1316215115357,1586,air
1319218274367,7,air
1322220770616,0,air
1319218108330,418,air
1321219689989,1154,air
1314212481055,62,air
1321220009221,0,air
1321220020465,0,air
1320218773772,9576,air
1316215662848,0,air
1317215996137,573,air
1317216245151,3,air
1314212636726,7750,air
1314212567554,5,air
1315214038426,0,air
1323221701600,11,air
1321219604814,0,air
1321219509460,5182,air
1321220659546,500,air
1319217968155,10177,air
1318217056845,12,air
1322221288754,8462,air
1322221056029,0,air
1316215219318,49,air
1320218886974,10831,air
1318217187095,3124,air
1314212921340,7,air
1315213720244,29016,air
1316215247711,790,air
1316215278755,0,air
1315214046005,12,air
1315213850959,0,air
1319218289282,0,air
1316215390523,770,air
1321219848658,10,air
1322221367877,0,air
1322220680351,11,air
1320218888358,6,air
1316215131602,0,air
1314214451647,0,air
1322220648758,0,air
1323221963364,0,air
1323223228558,1471,air
1324222502181,323,air
1315213978695,3,air
1316215533807,13223,air
1321219623067,0,air
1322221268093,4664,air
1315213929159,0,air
1321220100960,77465,air
1323221549189,23143,air
1320219279231,8429,air
1317216580492,2,air
1319217852387,0,air
1315213563760,0,air
1315214422242,250,air
1315214363994,20,air
1321219917337,11,air
1316215361357,7,air
1321220314227,1,air
1316215607615,592,air
1315217687843,0,air
1314212516254,29,air
1316215673094,69369,air
1324222463566,500,air
1316215670656,0,air
1314212872473,0,air
1315214272674,2,air
1317216402673,1859,air
1318216823258,10,air
1321219879703,260,air
1316215115849,1500,air
1316215470168,410000,air
1315213207463,2676,air
1314212758130,7,air
1315214288007,0,air
1319217662168,37400,air
1321219725761,10978,air
1321220357317,3234,air
1316218574200,0,air
1315213243672,7850,air
1314212505174,11028,air
1323222175349,0,air
1323221978618,0,air
1319217825330,0,air
1319218069425,64,air
1316214907519,0,air
1323222388605,837,air
1315213813520,0,air
1324222426013,0,air
1323221749334,0,air
1323221611306,0,air
1324222424107,160,air
1314212584270,1,air
1314212378412,158,air
1317216589907,56218,air
1314212964252,10,air
1322220961078,255,air
1318216846586,6,air
1321220007811,14882,air
1318216858744,756,air
1315213624354,321,air
1317216233369,1,air
1316214941611,1,air
1324222893000,0,air
1314212943498,39,air
1315214244992,25,air
1319218036111,0,air
1315214441851,12495,air
1315214137109,5510,air
1317215838816,0,air
1321219702406,2933,air
1323221606597,0,air
1318216783237,68991,air
1322220748014,0,air
1315213896158,272,air
1324222507889,3,air
1315215788391,19705,air
1322220796902,86431,air
1318216854570,0,air
1316215454568,0,air
1316215309612,2192,air
1316215328612,6525,air
1316215553847,0,air
1324222966741,29,air
1315214308746,0,air
1324222972352,0,air
1320219232509,17,air
1316215040559,11139,air
1316215579893,369,air
1314212792889,58783,air
1315213230941,12878,air
1317216448504,0,air
1320218705491,0,air
1315214240362,360,air
1322221001302,0,air
1320218646762,1,air
1314212598167,0,air
1320218604662,5,air
1324222473504,2082,air
1314212647705,71,air
1322221135054,200,air
1323221978909,0,air
1323221668938,715,air
1323221560028,1420,air
1318216816013,0,air
1317216047187,0,air
1323222307124,250,air
1317216276131,0,air
1315213650827,0,air
1324222722617,18244,air
1322220838573,8272,air
1316215539368,50,air
1322221441342,0,air
1315215388733,8878,air
1315213205014,13,air
1316215701172,765,air
1324222427054,0,air
1322220952244,0,air
1315214025126,2792,air
1322221364072,0,air
1317215915885,0,air
1315214412417,0,air
1324222832420,50,air
1318216913160,0,air
1316215432725,0,air
1318217301682,3260,air
1322220636664,0,air
1316215167851,10,air
1324222458996,1,air
1320218981266,0,air
1314212404002,3674,air
1314212619718,466,air
1324223089121,0,air
1315213965888,1,air
1315213710243,0,air
1318217592613,201,air
1320218733778,0,air
1322220937953,0,air
1322220790974,15,air
1323221749498,3474,air
1322220833192,9420,air
1315213221928,0,air
1320218857668,1,air
1314212942888,0,air
1314212476129,500,air
1316215575491,32213,air
1316215373972,0,air
1322220888186,31069,air
1316215103425,450,air
1317216402697,2094,air
1315214272650,0,air
1323221678891,0,air
1323221707704,1,air
1316214963112,10047,air
1318217155656,6,air
1323221737442,60,air
1314211923228,250,air
1314212715383,0,air
1314216627897,255,air
1314212646703,0,air
1318216761813,12121,air
1314212753875,10405,air
1324222660540,0,air
1315214080172,0,air
1319218154742,6325,air
1317216039747,3363,air
1316215572951,10,air
1316215205446,3546,air
1321220588115,255,air
1323221844855,25,air
1322220864829,114,air
1320219241890,0,air
1323221694882,0,air
1314212960569,5,air
1315214105847,650,air
1318217428186,616021,air
1316215643469,4,air
1320218841233,0,air
1316215036245,0,air
1318216828917,31,air
1314213031356,67,air
1314213044047,1189,air
1318218071254,372,air
1314212390583,0,air
1323221650411,0,air
1314212403998,2492,air
1319218479069,2225,air
1316219407006,10920,air
1314212679409,140,air
1321219580469,1,air
1324223152683,0,air
1321220162628,0,air
1316215575200,2149,air
1319218048888,1,air
1323221726033,10,air
1323222343523,32,air
1324223042019,2880,air
1317215857828,1133,air
1315213791965,0,air
1318217465564,0,air
1320218609586,12,air
1316215150246,0,air
1314212823405,0,air
1318217294331,17654,air
1315214393391,7,air
1315215778820,1500,air
1318217463379,24,air
1319218518912,4581,air
1320219291933,9938,air
1321219844584,495,air
1324222854972,158,air
1321220147831,1917,air
1320218596803,0,air
1324222501266,2,air
1318217109089,5,air
1319217878661,0,air
1324222789493,0,air
1315214385268,10,air
1323222053860,399,air
1317216539116,0,air
1322221273725,3532,air
1323222022257,0,air
1324222846596,0,air
1321220140432,15085,air
1316214963567,10425,air
1322220969428,10,air
1317216382135,981,air
1314213002684,22900,air
1324222671125,0,air
1320218990962,5,air
1315213956461,1462,air
1317216566481,0,air
1319218157360,0,air
1318217041324,255,air
1324222725689,1,air
1316215318801,0,air
1314212863144,0,air
1316215442789,0,air
1316214960890,3,air
1316215549407,36,air
1314212518551,266,air
1314212969315,1334,air
1315218634475,370,air
1321219464551,9894,air
1320219176740,251,air
1321219579481,1,air
1314212690301,425,air
1317217721063,8260,air
1321220420121,333,air
1315213950165,1,air
1320218806394,16,air
1314212501098,786,air
1324223047489,3026,air
1320219131277,3,air
1320219186208,0,air
1321220454742,8,air
1317216402572,2,air
1323221758055,1,air
1314212803629,1000,air
1317216018109,906,air
1316215044153,2,air
1314212328506,0,air
1317215902420,0,air
1315214425910,362,air
1321219988995,0,air
1322221445366,13752,air
1319218383949,0,air
1317216527453,59,air
1314215790751,299,air
1323222130813,0,air
1324223151059,4745,air
1314213134113,400,air
1324222585630,255,air
1324222517334,0,air
1315214006393,5,air
1316215070095,107,air
1314213111293,0,air
1316215027020,55005,air
1319217603517,112,air
1319218011880,2020,air
1314212321828,0,air
1314212981207,4,air
1317216250237,0,air
1316215701222,0,air
1322221223148,0,air
1314212893034,10,air
1319217731482,193,air
1322220674954,0,air
1316215144116,1000,air
1317216068217,0,air
1324222731073,0,air
1317216203000,0,air
1320219141734,3530,air
1314212515074,0,air
1314212396360,0,air
1316215719030,750,air
1321219744760,3,air
1314212500728,0,air
1324222892301,0,air
1319218154755,1853,air
1322220946002,3296,air
1320219072651,5190,air
1321219905054,0,air
1321219695943,0,air
1316215481223,4279,air
1319218514519,0,air
1316215531005,125,air
1319217917323,0,air
1322221041496,0,air
1321219491216,4455,air
1316215328737,0,air
1316214959189,96,air
1324222670679,0,air
1324222679021,308,air
1322220825943,0,air
1320218885010,0,air
1323221880952,4070,air
1314212974063,67,air
1315214258814,0,air
1314212529580,43355,air
1316214937928,10,air
1316215118023,0,air
1321219638715,41200,air
1319218265371,0,air
1321220319521,0,air
1314213056474,0,air
1314212496792,0,air
1315214023133,0,air
1322221274273,500,air
1323221663990,0,air
1315214272775,10,air
1324222681708,17305,air
1314212758561,1,air
1322221325931,26,air
1315214335907,1459,air
1324222474571,0,air
1322221205848,5,air
1319218154728,2809,air
1322221072008,0,air
1314212794554,5,air
1324222924223,5,air
1319217947961,11,air
1316215321593,2300,air
1314212536611,23,air
1314212900258,2359,air
1320218727042,0,air
1319217928249,9747,air
1322220636690,48965,air
1315213959430,500,air
1323222249575,411,air
1323222285963,0,air
1322221299377,947,air
1324222981045,161,air
1315213769639,6739,air
1314213145269,1191,air
1315213978707,0,air
1316215465129,226,air
1323221785951,0,air
1315213983327,227,air
1318216753208,0,air
1314211935832,520,air
1314212773586,2572,air
1322220920351,5,air
1316215159260,0,air
1320219183290,7566,air
1324223208632,0,air
1316215364643,248417,air
1316214922116,2987,air
1317216670962,11,air
1322221462219,7874,air
1322221291457,432,air
1314212948362,187,air
1322221338205,448,air
1324222606903,7094,air
1324223034632,581,air
1322221115191,401,air
1324222482895,0,air
1319217773744,0,air
1322221090347,0,air
1317216234765,96,air
1324222892770,0,air
1322221269234,0,air
1319218454179,2645,air
1317216405151,0,air
1319218289268,0,air
1319218247207,0,air
1324222783526,0,air
1314212649711,0,air
1314212321780,0,air
1314212902934,0,air
1316215289315,0,air
1314212442949,302,air
1316215573698,0,air
1316215023490,1074,air
1315213922065,4021,air
1316215352129,3382,air
1323221550369,0,air
1314213152566,8780,air
1323221897717,5,air
1318217127339,0,air
1315214136210,0,air
1316215765355,32,air
1314212552653,0,air
1320219003910,0,air
1322220813240,0,air
1323221642174,1046,air
1316215002205,0,air
1317216479648,789,air
1321219792696,0,air
1320218974451,5655,air
1323222277408,0,air
1316215315425,35700,air
1320219360474,4260,air
1324222443879,0,air
1318216750152,0,air
1319217671662,9844,air
1317216368718,0,air
1317215809385,14,air
1315214349223,375,air
1320218819542,3,air
1316215460609,2514,air
1323221860796,892,air
1324222920845,0,air
1315213805981,0,air
1314212778928,8693,air
1315214277081,2060,air
1318217581661,10,air
1322221260449,250,air
1318217096039,18,air
1323221625395,5,air
1321219716887,0,air
1320218723880,500,air
1321220023648,4060,air
1316215771510,0,air
1319217880689,11149,air
1314213039466,4405,air
1314212664080,750,air
1317215945813,468,air
1321220153581,4796,air
1319217987460,162,air
1322220898769,0,air
1315213701067,1,air
1320219115641,0,air
1323222042158,0,air
1322221253444,38,air
1316215141565,19,air
1316215362171,23,air
1324222747432,10,air
1324222824753,1,air
1314212351264,0,air
1320218748010,439,air
1321220660928,13614,air
1318217512553,0,air
1324222823609,0,air
1316215489939,72,air
1318217223736,0,air
1319218495327,0,air
1322221498429,33,air
1314212454918,15940,air
1316215450560,56560,air
1316214937916,200,air
1316217672260,8,air
1315214028348,9,air
1317216260099,0,air
1319217695372,0,air
1321220210342,3086,air
1319217959648,0,air
1316215273487,40,air
1323221879253,150,air
1324222424119,0,air
1321219814528,25783,air
1322220670145,5,air
1318216910442,0,air
1318216864037,0,air
1314212325157,2,air
1316215615129,26,air
1322221429196,0,air
1323222124479,14060,air
1321219811217,0,air
1322221043742,0,air
1319217994906,2,air
1321220587683,2244,air
1324222678056,0,air
1322220654444,250,air
1322220830044,15,air
1318216944429,19,air
1318217345711,170560,air
1322220869566,7210,air
1320218835825,500,air
1323222144471,0,air
1323222265454,0,air
1322220876332,132,air
1320218605982,0,air
1318217944988,1797,air
1319217841699,0,air
1314212881484,21,air
1319218507008,8700,air
1321219469487,0,air
1315214215170,2641,air
1315214128148,0,air
1315213819877,56,air
1323222387033,12,air
1315214102550,1000,air
1316215539457,51,air
1316215765367,632,air
1323221681505,29535,air
1315214399925,1581,air
1316214954428,1373,air
1316215538974,1,air
1316215740010,1,air
1317216016891,3770,air
1315213795127,13,air
1315214412266,10946,air
1315214440024,118671,air
1314211942507,404,air
1324222446775,9,air
1318217087156,25,air
1315213894785,6036,air
1322220697989,9324,air
1322221307806,2796,air
1316214954442,898,air
1315213734813,5531,air
1322220812349,500,air
1315213839145,33627,air
1322221401211,0,air
1324222980854,0,air
1319218069464,10,air
1322220997112,1,air
1324223073370,0,air
1315213632781,2,air
1314212681833,5,air
1314212916858,692,air
1316215362409,26583,air
1318219469513,0,air
1317216010292,0,air
1320219374790,23,air
1314212589713,0,air
1314212954046,0,air
1320219149729,22,air
1319218477228,3,air
1321219631443,1,air
1322221309901,0,air
1318216771408,250,air
1318217549361,0,air
1320219052014,10,air
1319219434230,130500,air
1321220162996,0,air
1321220511277,0,air
1316215655236,448,air
1323223208772,33495,air
1320219050996,8272,air
1321220642197,0,air
1315215771128,844,air
1314213071172,225,air
1316215708114,0,air
1316215136159,1,air
1321220442293,10,air
1316215545056,172,air
1322220805485,0,air
1316215060955,255,air
1314212503243,150,air
1317215905492,463,air
1315213591757,11041,air
1315214292284,155,air
1314214295139,255,air
1323221624745,255,air
1324222635777,0,air
1319218193338,471,air
1318217079704,25299,air
1322221055751,0,air
1315214327049,1826,air
1315214385256,350,air
1319217710173,230,air
1314212475483,311,air
1316215513363,158,air
1322220838015,0,air
1317216402596,1111,air
1323221937648,255,air
1318216983458,3491,air
1315214045991,7,air
1316215037868,5,air
1318216834097,0,air
1316215063138,0,air
1315213937283,0,air
1323221872955,255,air
1314212840920,27138,air
1324222718013,2669,air
1324222507079,1,air
1323221549482,0,air
1317216051375,15625,air
1314212942852,0,air
1324222463743,0,air
1314212824039,1,air
1320218623700,9480,air
1318217537048,1152,air
1321219954423,0,air
1315214365708,19,air
1323221829702,22,air
1317216042604,5142,air
1314212916225,3403,air
1315213988710,23,air
1317219408313,0,air
1315214451801,0,air
1314212715510,25410,air
1318216798114,1267,air
1314212953879,0,air
1324222681621,7065,air
1319218047583,0,air
1324223165123,0,air
1321220253280,11560,air
1324222776888,750,air
1323221761810,0,air
1322221025632,0,air
1322221388426,0,air
1319218427894,83,air
1320218856767,255,air
1321220383665,29727,air
1318217463633,225,air
1320219254695,0,air
1321220274157,6,air
1322220775201,0,air
1314212765515,2671,air
1320218720074,1,air
1318217558749,0,air
1323221643923,0,air
1323222520405,10985,air
1323221755388,25,air
1322221155171,3,air
1318217130982,0,air
1324222469102,36130,air
1316215088295,10,air
1321219690005,4545,air
1321220165005,1672,air
1319217717329,5,air
1317219442833,0,air
1320219224209,0,air
1319218365498,0,air
1319217959853,1012,air
1317215816695,0,air
1321220001008,14,air
1314212318950,0,air
1317215971286,113,air
1318216972063,52,air
1322221235981,15,air
1318217240276,8,air
1320219034333,6007,air
1319218289320,0,air
1315213747215,1,air
1322220679981,400,air
1316215367893,0,air
1314212675033,56837,air
1323221740044,2,air
1324222627756,150,air
1315213550977,0,air
1314212322263,0,air
1314212809558,0,air
1314212779108,0,air
1317216604342,255,air
1315213753167,11,air
1318217169756,250,air
1316215426091,21,air
1316215158751,20,air
1320219232485,200,air
1314212637971,6,air
1314212977817,29805,air
1314212442952,66,air
1322220697344,13,air
1321220009423,0,air
1318217323207,255,air
1324222687966,0,air
1318217630817,0,air
1315214332847,2,air
1321221431570,1000,air
1317216482099,5,air
1315214468466,0,air
1322220780744,5,air
1314212802223,0,air
1314212804633,147,air
1316215676964,2,air
1321220594028,0,air
1317216117085,5326,air
1317216498509,0,air
1320219347592,31,air
1315214272585,4,air
1321219970567,0,air
1320218999187,500,air
1316215683448,3,air
1315214205686,4567,air
1315214357624,0,air
1316215047592,273,air
1316218623231,10,air
1316215334691,1000,air
1321220522837,113,air
1322221002140,0,air
1322221031394,6620,air
1324223123821,0,air
1323222323533,42,air
1323222392363,0,air
1324222813014,32,air
1322220715635,24856,air
1316215471905,0,air
1320218747943,1505,air
1316215645831,33512,air
1320219391024,10,air
1322221155094,2062,air
1314212753154,0,air
1323222107587,0,air
1316215588563,0,air
1318217348592,2313,air
1324222987075,189,air
1322221205786,1,air
1315214160804,4815,air
1316215075161,2470,air
1321219704549,67,air
1317216552428,10,air
1317215947298,0,air
1315214453211,11206,air
1314212390482,9720,air
1324223116462,1876,air
1315214090110,2,air
1315214331391,58,air
1315213711260,211,air
1316215604745,0,air
1319218273579,4993,air
1316215466727,5158,air
1315214295178,10,air
1323221844842,0,air
1318217135666,3210,air
1318217156342,0,air
1324222588220,0,air
1315213984178,1344,air
1322221346455,56520,air
1324223093636,0,air
1316215081112,0,air
1316215673106,138,air
1316215465699,2420,air
1322220854525,0,air
1314212942282,0,air
1314212644328,0,air
1316215193917,0,air
1320218913996,0,air
1317216368934,135,air
1322223214901,15,air
1317216091443,44440,air
1323221549734,6,air
1321219935754,139,air
1321219708233,0,air
1316215623962,456968,air
1318217055387,18,air
1322221426404,255,air
1321220299465,0,air
1319217994918,2,air
1317216515445,40579,air
1315214309662,22688,air
1314212646828,1,air
1316215095985,0,air
1318217542846,10119,air
1314212503256,300,air
1316215198375,724,air
1314212936153,0,air
1322221390115,0,air
1314212918977,328,air
1319217925078,14699,air
1321220303667,0,air
1321219702394,2268,air
1318217156785,8868,air
1322220749473,0,air
1323222063923,4963,air
1321220188320,25809,air
1316215295155,688,air
1314212572046,0,air
1315214031332,34681,air
1314212783904,0,air
1316215232315,0,air
1314212311118,8,air
1316214966463,12,air
1317216089413,0,air
1321220343711,2,air
1315214225462,0,air
1318217430685,10,air
1315214295851,1235,air
1318217113063,768,air
1318216995757,725,air
1319218454041,25,air
1320218841423,21,air
1324222561995,0,air
1319218532277,0,air
1315214353967,0,air
1319217859180,0,air
1322220764524,51,air
1315214060838,120,air
1323222338624,14,air
1314212954275,10,air
1319218206682,0,air
1314212421251,0,air
1314213105036,1081,air
1314212419408,12,air
1318217337106,7293,air
1317215817026,0,air
1317216341848,500,air
1314212749600,0,air
1316215166721,250,air
1320218759328,1845,air
1316215466689,98,air
1314212564987,0,air
1319217915255,0,air
1319217959497,293,air
1319217959636,0,air
1314212402275,221,air
1317215870787,6,air
1316215135029,0,air
1321220419194,0,air
1321220559241,0,air
1323221706397,0,air
1323221533108,418,air
1316215541552,0,air
1316215673056,183003,air
1319218195497,0,air
1323221642162,210,air
1324222916684,5,air
1321219687086,255,air
1315214371585,10,air
1316215081340,0,air
1314212321893,0,air
1316214982617,10503,air
1316215003702,3554,air
1315214458869,0,air
1317216065680,152,air
1319217629649,0,air
1320218733020,0,air
1320218575431,644,air
1316215139054,4,air
1321220027282,12,air
1322220744825,317,air
1323221580842,40140,air
1318217208242,653,air
1319218406650,550,air
1322221113172,255,air
1321219973500,0,air
1319217978028,697,air
1318216920862,0,air
1319218108165,768,air
1322221212475,0,air
1322220825956,0,air
1315213947310,0,air
1317216335125,0,air
1321219660798,0,air
1316215747128,1000,air
1314212322352,0,air
1319218183958,212,air
1316215028679,14400,air
1321220438511,10305,air
1315214363929,255,air
1321220143150,7798,air
1322220861241,0,air
1322222372928,3247,air
1322221098003,10,air
1323221838384,20,air
1315214046702,0,air
1316215381171,420,air
1318217531627,78,air
1314212317768,2,air
1314212401879,49,air
1324222604934,0,air
1316214950127,0,air
1315214452714,0,air
1314212489052,1604,air
1319217855978,0,air
1321219796099,250,air
1320219304197,5,air
1318216842474,0,air
1315214308468,186,air
1324222733558,0,air
1315214235374,0,air
1316215180074,0,air
1316215692726,0,air
1315218456236,0,air
1320218624070,2020,air
1323222387072,867,air
1315214110722,255,air
1322220718389,371,air
1314212419600,440,air
1316215364567,2750,air
1317216028391,10,air
1316214937664,0,air
1316215116652,9,air
1318217401393,0,air
1318217402573,0,air
1314212389682,0,air
1315213607043,0,air
1315214116434,0,air
1315213211915,0,air
1316215670631,0,air
1319218273391,12027,air
1323222044063,0,air
1314212806261,0,air
1324222583484,0,air
1322221155132,250,air
1323221905704,0,air
1324222602043,0,air
1324222985261,42,air
1318217218650,9834,air
1321220143960,0,air
1324222813507,1383,air
1321219700539,3,air
1314212893679,5150,air
1320219392432,578,air
1322220938587,718,air
1320218756955,6,air
1317216126197,48,air
1317216129609,255,air
1323222140269,276,air
1314213083355,0,air
1314212475077,1,air
1315213585971,0,air
1321219863750,79,air
1324222822759,0,air
1322220936975,1,air
1316216597284,28,air
1314211959438,244,air
1315214189654,0,air
1316215328749,88,air
1319218244566,43,air
1319218388421,6032,air
1314212944452,4057,air
1318217320631,826,air
1319218141289,126,air
1321220495840,3,air
1315213206156,435,air
1321220164368,500,air
1316215164892,76102,air
1318217142090,4828,air
1314212853004,5,air
1317215941358,1,air
1324222519100,0,air
1320218769646,1039,air
1321219633702,29652,air
1318216707481,15020,air
1315213739016,0,air
1318216951943,186,air
1314212322236,0,air
1316215162645,0,air
1314212442976,566,air
1322220660258,5,air
1316215413283,4,air
1314212460834,0,air
1316214913461,0,air
1314213168925,1000,air
1316215579842,1061,air
1321220071652,15,air
1315214073328,0,air
1320218639161,9836,air
1314213010489,1821,air
1322220685224,133,air
1323221862422,0,air
1316215651821,0,air
1315213684564,21250,air
1323221626803,0,air
1321219906981,500,air
1316215554320,0,air
1320218703623,0,air
1316215731136,0,air
1316215531043,12200,air
1315213926835,0,air
1316215563634,0,air
1315214191874,0,air
1321220412670,24095,air
1322220852432,80853,air
1320219232523,13,air
1324223202298,225,air
1321219645520,0,air
1322220726780,0,air
1316215472655,1000,air
1323222350492,52,air
1315214050130,50,air
1315214073797,0,air
1324222432837,0,air
1321219631633,0,air
1315214277168,1585,air
1322221253673,77,air
1318216957910,0,air
1316215031509,12,air
1316215505013,870,air
1322221147010,5,air
1315214295848,255,air
1319217671167,0,air
1318217062811,231,air
1319217874015,3,air
1315213693815,0,air
1316215156668,0,air
1314212501035,5279,air
1323222019503,11289,air
1315214083685,0,air
1316215435355,0,air
1321219457862,382,air
1316215519467,0,air
1316215686724,6840,air
1315213705876,0,air
1321219696061,150,air
1316215110863,0,air
1319217761408,3483,air
1323221933462,17089,air
1315214162265,153465,air
1317216583169,0,air
1322221436900,0,air
1317216229183,24,air
1322220697357,0,air
1322220768826,64211,air
1319218514990,1,air
1316215788629,0,air
1315214296244,1441,air
1315214025482,14526,air
1316215091721,0,air
1321220516316,0,air
1320218858951,1500,air
1314212530772,2145,air
1315213690225,2,air
1315214331252,52,air
1324222495739,311,air
1315213999271,14988,air
1317215900352,1905,air
1317216335137,0,air
1321221565260,0,air
1318216828893,605,air
1316215328636,207,air
1314212899049,103,air
1322221025442,3895,air
1315213956954,500,air
1316215276472,0,air
1314212748305,0,air
1324222731806,0,air
1317216217758,1041,air
1315214412316,1,air
1321220450908,29400,air
1318217419771,0,air
1316217802382,10,air
1324222892996,0,air
1322220706941,0,air
1319217745823,278,air
1322221025669,3368,air
1317216057164,217,air
1321219634033,1,air
1316215682117,104792,air
1316214984662,7,air
1323222043111,150,air
1314213042979,0,air
1316215325616,368,air
1314212636587,12930,air
1319218454130,0,air
1322220654824,10,air
1320219054246,0,air
1314212873323,1104,air
1323222153470,1764,air
1321220042927,1,air
1314212426086,15535,air
1316215640451,191,air
1321219659986,0,air
1323221651680,348,air
1321220420133,978,air
1314212823684,0,air
1322221328077,0,air
1319217978042,11432,air
1321220153783,0,air
1320219343338,0,air
1316215119443,1,air
1318216764744,3,air
1316214948996,2184,air
1316215492467,31,air
1318218523583,0,air
1322220740118,1264,air
1322220965786,1641,air
1320219275967,0,air
1320219415003,0,air
1315213903800,0,air
1319218270066,0,air
1314212971307,9,air
1322220635027,0,air
1318217425899,0,air
1316215295938,5,air
1322220662098,1000,air
1324222682888,26560,air
1324222938387,0,air
1316215445610,0,air
1324223184856,10,air
1314213213580,0,air
1314213102748,250,air
1315213670781,2389,air
1315213736756,0,air
1315213755503,467,air
1314212313415,0,air
1322220852420,18422,air
1315214452070,5,air
1319218073524,3,air
1315213813025,1678,air
1324222410514,0,air
1321219447657,0,air
1320218942973,24200,air
1314214917369,0,air
1323222180554,0,air
1324222588612,103,air
1320219349139,20,air
1315213970991,28566,air
1317216491528,0,air
1317216667410,0,air
1324223230867,0,air
1323221594272,0,air
1316215704329,3577,air
1314212867725,4503,air
1323222180414,0,air
1324223160641,54877,air
1314213072630,18,air
1315214343663,2900,air
1322221417494,0,air
1324222851394,4,air
1314212378448,698,air
1320218576813,132000,air
1321219600715,0,air
1321219601489,0,air
1317216437374,10,air
1318217447869,0,air
1320218874737,12169,air
1315213722337,3810,air
1320218727055,0,air
1315216768554,15399,air
1321220264345,0,air
1324222868123,0,air
1314212973200,0,air
1322220930832,0,air
1315214456269,3,air
1318217186865,74,air
1324222967693,11777,air
1317216418475,8509,air
1323222403305,0,air
1322220969366,40004,air
1315216650945,5,air
1321219912817,0,air
1316215114758,3,air
1317218604496,0,air
1320220592479,7070,air
1316215609975,0,air
1317215960345,5,air
1323221966740,250,air
1316215362346,0,air
1319218244667,10,air
1315213700723,5,air
1315214937676,0,air
1321219702192,1125,air
1321220169914,10,air
1321219933367,0,air
1320218733970,0,air
1319218091332,10180,air
1314212635989,0,air
1315213865037,5,air
1314213019526,0,air
1318217060223,0,air
1314212785493,670,air
1319217757564,10,air
1318216755215,52,air
1316215004159,0,air
1321220299604,89,air
1314212878553,5400,air
1317216382174,3680,air
1317216354454,57,air
1317215965106,5,air
1323221670817,1927,air
1321219756400,0,air
1315214006405,49,air
1321219792672,0,air
1318217301629,0,air
1315213841784,62195,air
1324222530774,10,air
1316215010493,94,air
1318217255177,267,air
1324223023110,61,air
1322220969517,29,air
1315214365090,0,air
1322221530924,27220,air
1320218906333,27481,air
1314212318529,28,air
1324222714875,402,air
1323221559659,268,air
1315214246516,0,air
1322220679056,0,air
1320219054259,24,air
1320218642775,6,air
1319218273403,2359,air
1320219224211,0,air
1316215519618,14,air
1323222284693,650,air
1314212942890,0,air
1324222923878,0,air
1315214465369,0,air
1324222533907,11422,air
1314212931315,1,air
1317216402634,404,air
1316215477593,17954,air
1316215587027,481,air
1314213035138,133403,air
1315214331427,108,air
1323222068975,888,air
1324222639650,1071,air
1321219623218,0,air
1322220826402,31,air
1319217761410,1302,air
1323222137919,33,air
1314211943980,268,air
1315214339261,0,air
1323222326403,0,air
1319217771450,6,air
1320218687186,9373,air
1319218353011,0,air
1320219246877,334,air
1314213032713,0,air
1320219263035,0,air
1314212687723,1,air
1320219346018,25040,air
1314212778841,7366,air
1315214097937,0,air
1316215545462,9,air
1320218727814,1,air
1315214341099,5,air
1319217980770,15,air
1314213114224,0,air
1317216605497,232,air
1317216435812,0,air
1315213760883,1,air
1317216403802,13261,air
1315214331365,54,air
1316215109822,0,air
1315214264259,27003,air
1322220969529,0,air
1314213116864,0,air
1316215249069,0,air
1319218517744,0,air
1315214331314,399,air
1315214356545,13033,air
1314213040951,0,air
1315213619315,0,air
1315214429223,250,air
1322220796155,38245,air
1322221468919,250,air
1324222446953,750,air
1323221748116,84,air
1318216983534,376394,air
1314212643389,0,air
1315214943969,63198,air
1315215827611,10434,air
1324223016926,518,air
1321220302665,3708,air
1314212576488,3900,air
1314212889214,0,air
1315213999232,86,air
1320218775284,650,air
1324222802845,13517,air
1318216995795,18,air
1319218437287,1,air
1319217777667,4688,air
1323221530722,51,air
1322220977490,28,air
1320220592481,2005,air
1322220677254,0,air
1316215530318,0,air
1314211905563,0,air
1315213903646,0,air
1318216850622,0,air
1315213610710,10,air
1321219730862,1558,air
1323222228759,37,air
1322220636688,0,air
1321219918404,0,air
1316215096571,0,air
1316215317355,10,air
1324222477655,0,air
1315214252342,0,air
1314212690325,690,air
1315214159612,79174,air
1318217035524,3,air
1320221498126,2,air
1316215167836,908,air
1318217301668,1524,air
1315214135333,0,air
1324222502371,0,air
1316215473873,1145,air
1323221734647,16,air
1318216857894,8542,air
1319217740570,0,air
1314211915222,7634,air
1320218770170,10,air
1316215688209,3079,air
1317216135653,2601,air
1323221732264,0,air
1318216703088,0,air
1324223121043,112,air
1315213947385,0,air
1321220368803,0,air
1322220810889,5,air
1315214191847,5,air
1321219603848,0,air
1319217661065,1,air
1322220740169,5289,air
1318217238043,1,air
1317215907332,15951,air
1316215218064,25078,air
1316215471210,250,air
1314212453967,0,air
1314212464933,1,air
1315213684588,505,air
1315213207525,88,air
1314212688206,300,air
1317215943212,0,air
1316215201815,10,air
1319218277085,0,air
1318217378963,0,air
1320220657504,1364,air
1321219666272,0,air
1317216311441,0,air
1320218693378,8177,air
1320219395567,664513,air
1315213758016,15454,air
1314212522421,0,air
1315213896501,0,air
1318216961983,4695,air
1316215084500,4,air
1315213888910,0,air
1316215056336,1801,air
1314213171515,102,air
1314212878704,5,air
1315214124657,16972,air
1320218978334,0,air
1321219603762,0,air
1315214118919,2,air
1316215536347,116,air
1315214036319,89,air
1318217144815,0,air
1315213841923,0,air
1316214954416,227,air
1323223208758,19995,air
1324222645715,208,air
1321220452445,293,air
1320218694178,0,air
1314212507103,0,air
1316215016039,0,air
1319218456580,0,air
1322221497340,32,air
1316215454152,4717,air
1315214256430,1620,air
1315214345744,0,air
1315217543863,65,air
1314212500730,2,air
1320219172400,406,air
1324222705434,372,air
1321220512406,88,air
1320218749632,15340,air
1319218437034,36,air
1317216633065,112,air
1317216075388,29187,air
1321220028462,0,air
1321219801228,0,air
1322221253432,25,air
1322220660462,63,air
1323221700370,0,air
1315213670920,899,air
1315213788983,402,air
1322221106634,3,air
1322220948691,2,air
1324222432801,0,air
1318217480767,582,air
1315213825375,17250,air
1316215205170,23064,air
1319218258287,22434,air
1316215588575,0,air
1320218659314,1452,air
1315213702741,2,air
1324223139686,1099,air
1322220720522,0,air
1323221967932,0,air
1324222876233,0,air
1321219683822,755,air
1322220907000,2,air
1316218606895,0,air
1315213752660,32,air
1323221541333,1846,air
1323222160259,2,air
1314213092099,0,air
1314212793588,250,air
1322220870873,46,air
1320219275866,0,air
1319218561280,89,air
1319218289344,0,air
1324222476083,1,air
1324222521623,1,air
1315213924020,993,air
1315213698931,1,air
1318217531603,8,air
1318216837587,0,air
1314212775643,0,air
1317215838804,0,air
1320219266398,741,air
1314212581197,3,air
1321219725494,369,air
1317215915556,12100,air
1316217720388,0,air
1316215208861,0,air
1324222891816,0,air
1323221742644,139,air
1324222784264,2040,air
1320218845776,151,air
1321220152247,2448,air
1315214042475,16160,air
1323222068948,41,air
1314211910411,110,air
1315213718861,2520,air
1322220645725,250,air
1322220694475,0,air
1322220749978,2,air
1320219443266,1,air
1324222517613,0,air
1317216133734,677,air
1318217469307,255,air
1318217590847,2652,air
1315214441661,500,air
1321220357812,0,air
1324223007004,0,air
1316215054281,255,air
1321219972662,0,air
1318217760634,10,air
1324223120650,0,air
1320219307764,0,air
1323221958236,0,air
1317216457996,84,air
1322220830778,0,air
1318217240783,62,air
1324223063734,0,air
1315213844222,0,air
1316215018957,7,air
1314212748293,0,air
1323222499713,0,air
1318216910303,0,air
1316216622389,1519,air
1316214928018,168775,air
1314212800066,4798,air
1318217218662,12178,air
1315214363943,0,air
1318216995225,0,air
1318216762435,255,air
1315214451698,0,air
1316215562315,31,air
1316215381789,8008,air
1323221584360,755,air
1315213962350,2383,air
1322221431303,3,air
1321220915490,0,air
1320218713067,11251,air
1319218480883,899,air
1317216607388,637,air
1317216611487,0,air
1314212579433,0,air
1315213615343,142,air
1324222900488,1,air
1323222034530,16121,air
1324222483719,0,air
1314213048770,4685,air
1321219751676,155,air
1320218845636,10499,air
1321220058869,0,air
1321220682292,0,air
1316215158763,15,air
1320218806774,0,air
1316214995704,113,air
1314214366130,379,air
1317216427904,250,air
1319217874003,13,air
1319218488942,0,air
1322220697320,0,air
1316215530977,7,air
1314212695264,1,air
1319217718903,456,air
1315213797273,7750,air
1314212449680,0,air
1324222852978,201,air
1320219001219,7,air
1315213228416,0,air
1324222712212,1162,air
1316215646605,3407,air
1323222338016,500,air
1322221338799,1,air
1316215455585,1388,air
1316214954012,0,air
1319218454054,2,air
1318218523595,0,air
1319218342537,10,air
1320219362175,0,air
1317216597878,25,air
1321220432708,0,air
1314212861660,0,air
1315213637871,0,air
1316215092065,12000,air
1324223096520,0,air
1317216611982,0,air
1324222467351,373,air
1319217658816,0,air
1314213000577,3,air
1318217430673,21,air
1319218044699,0,air
1319219407032,129699,air
1315213778374,0,air
1322220656538,21,air
1315213921719,1232,air
1321220314215,0,air
1319218504381,0,air
1324222965699,0,air
1323222175325,24,air
1324222671137,0,air
1322221286267,1990,air
1316215390257,1543,air
1317219424948,16000,air
1323221752470,0,air
1320218819112,34001,air
1319217724210,1000,air
1323221586896,0,air
1318217396643,0,air
1320218673440,1,air
1314212775629,500,air
1320218814034,2655,air
1321220392765,98,air
1317216283059,1407,air
1317216549206,282,air
1322220757316,423,air
1315213913369,0,air
1323222202133,0,air
1314212572123,0,air
1314212786356,0,air
1315214296117,12,air
1320218835270,160,air
1319218260596,255,air
1318217398395,46,air
1317216266977,29173,air
1314212797272,556,air
1314212986069,0,air
1315213726348,0,air
1314212674891,2,air
1324223010606,0,air
1322221025556,13707,air
1323221726476,0,air
1322220645547,279,air
1320219394261,295,air
1315213703008,1000,air
1322220795506,9707,air
1323221870064,0,air
1315214218810,0,air
1316215232240,22204,air
1316214961272,0,air
1319219408299,0,air
1324222540193,1215,air
1324222987000,118,air
1315216631352,1,air
1317215852409,322,air
1317216902736,0,air
1316215682446,5,air
1314212516746,1,air
1314212666200,1,air
1323222141917,23,air
1323221950330,0,air
1319218435992,0,air
1320219060199,10,air
1316222367841,1,air
1314212943423,5650,air
1315213532563,2435,air
1319218465526,12,air
1316215128113,0,air
1315213901465,8,air
1315214240386,1851,air
1320219375995,25827,air
1318216828881,212,air
1315214288742,500,air
1316214998092,0,air
1321219778444,6,air
1315214063430,175,air
1322221205798,5,air
1322221399759,0,air
1323222277396,5,air
1315214314332,0,air
1317216138608,1275,air
1321220512824,3996,air
1315214279933,29,air
1314212412821,6,air
1316215116524,1,air
1316215466715,3,air
1314212545356,255,air
1319218069476,10,air
1319218079287,0,air
1323222336822,10,air
1314213099625,9,air
1315214377792,35440,air
1314212451660,0,air
1319217961768,1,air
1324223239880,2504,air
1322221360833,7117,air
1317215948302,0,air
1317216139131,46346,air
1315214331504,763,air
1323221543198,0,air
1318216958393,0,air
1314212404228,0,air
1324222666238,0,air
1323221657315,0,air
1324222548834,0,air
1320218971289,0,air
1316215753827,199,air
1323222010252,1213,air
1319218122861,0,air
1320218926347,1771,air
1323222277042,0,air
1321220147856,238,air
1314212510628,113781,air
1324222925366,146,air
1323221590488,1,air
1323221527664,0,air
1314212939363,1000,air
1316215068204,0,air
1314213092188,0,air
1319218468104,684,air
1315213561210,30,air
1319218456313,3455,air
1322220997136,351,air
1324222637631,0,air
1319218113140,124396,air
1321219668264,24,air
1314212573695,0,air
1315214426823,0,air
1321219939547,296,air
1321220205064,1234,air
1318217238031,0,air
1323221790898,0,air
1324222893188,0,air
1316215187042,0,air
1315214009894,17,air
1316215110608,0,air
1323222277384,0,air
1320219196615,11912,air
1319218000824,1,air
1314212440857,0,air
1324222862498,0,air
1322221154913,0,air
1316215390333,71826,air
1323221804762,177,air
1321219601655,34,air
1315214006328,750,air
1322220776583,4425,air
1314212718908,10,air
1316215156670,0,air
1314212980700,0,air
1321220041913,1119,air
1321219981014,0,air
1321220056182,0,air
1317216402608,222,air
1315214432371,0,air
1317216446512,5444,air
1318218520171,3859,air
1321220257099,15768,air
1316215734245,30645,air
1321220274308,255,air
1314213126004,0,air
1324222819753,3514,air
1318217061530,0,air
1317216013692,0,air
1315218588768,9103,air
1324222405348,160,air
1323221752266,6586,air
1322220780415,46,air
1317216130765,8772,air
1321220562488,0,air
1319217694215,0,air
1319217682119,32120,air
1317215931890,14,air
1317216609646,250,air
1318217382415,3322,air
1320218964031,96,air
1318216745911,0,air
1319218160796,0,air
1314212647693,2,air
1321220274144,0,air
1321219893916,0,air
1314212381141,874,air
1314213174345,2312,air
1324222560118,0,air
1316215306236,5205,air
1324222999587,3207,air
1321219702204,660,air
1321220164483,255,air
1315215790775,370,air
1321220065748,9222,air
1318217165048,0,air
1321221565258,52,air
1317216329565,0,air
1319218154716,1447,air
1318217547429,2,air
1319218273605,3959,air
1315214339246,640,air
1316215144736,140,air
1314212695047,5,air
1321219970175,85,air
1322221093216,255,air
1315214292043,0,air
1324222732570,0,air
1314212333544,1713,air
1315214208959,556,air
1315214474660,6794,air
1315213910096,0,air
1314218619346,11751,air
1323221674359,542,air
1320218641595,0,air
1322221214695,0,air
1323221537285,0,air
1316215294099,0,air
1323221592468,0,air
1324222762763,16,air
1316215149055,1008,air
1323222008839,361,air
1319218492243,544,air
1324222614683,18909,air
1322220892677,0,air
1316215797818,1242,air
1314212346973,3,air
1314212904926,0,air
1318217093691,3897,air
1318217123607,7530,air
1318217307216,3912,air
1316215433929,34039,air
1322220749055,500,air
1317216097461,13181,air
1316215731086,0,air
1314213002102,0,air
1320219145796,1174,air
1324223125713,234,air
1320218811370,8804,air
1315214028639,11,air
1320218787644,118,air
1316215782083,1465,air
1323222217491,2,air
1315213872791,107,air
1321219499288,6,air
1320218696211,3,air
1323222346114,10,air
1324222494647,0,air
1316215168206,54,air
1315214299428,326,air
1321220072033,87340,air
1314212634556,500,air
1319218217370,68383,air
1316214941344,16230,air
1314214127209,7510,air
1318217073954,162,air
1315214144026,82,air
1317216433805,1644,air
1324222642985,0,air
1317216138735,29636,air
1320219034295,253831,air
1316215088574,895,air
1316215529847,0,air
1320218888600,0,air
1320218688733,10,air
1315214038731,0,air
1318216776450,271628,air
1316215579881,14,air
1317216592446,176,air
1317216402545,128,air
1319217859824,1498,air
1314212802250,721,air
1314212824054,13676,air
1318216945307,15,air
1314212899064,0,air
1318217268414,6629,air
1314212557526,0,air
1315213230939,0,air
1319217917261,250,air
1318216837880,0,air
1315213867017,580,air
1324223030622,0,air
1323222182608,0,air
1321219715392,21,air
1323221562376,10600,air
1321220430817,0,air
1317216618088,650,air
1321220277418,0,air
1322221581198,4385,air
1321219910179,2019,air
1317216531830,0,air
1319218345609,0,air
1322221136601,10,air
1322221467968,10,air
1323222137717,76,air
1317216315503,325,air
1320218702621,631,air
1315214388872,0,air
1315213752153,0,air
1317216402418,1964,air
1314212396713,98234,air
1321220543829,1967,air
1315213893922,1805,air
1314212881700,255,air
1321219606819,0,air
1316215106764,51307,air
1323221773637,38834,air
1322221058516,0,air
1316215298617,59,air
1321220471647,0,air
1316215591520,1000,air
1314211898085,530,air
1316215446206,3,air
1324222981084,6689,air
1321220613552,17923,air
1323221649433,0,air
1324222498750,0,air
1321219755725,1442,air
1320218645493,500,air
1320219165141,0,air
1316216548533,1152,air
1321219468624,0,air
1316215057858,45600,air
1317216646568,255,air
1319218075671,4,air
1322220892691,7,air
1318217353566,111,air
1323221645094,0,air
1322221021811,1,air
1321221029489,0,air
1324222967642,48135,air
1322220698005,42722,air
1317216279416,0,air
1316216229157,246,air
1315213812062,370,air
1320218674683,0,air
1314211912365,1,air
1324222981058,43,air
1319218377315,0,air
1322220731525,0,air
1323222359731,500,air
1324222685354,66888,air
1315214202665,0,air
1315213999283,461,air
1315214007229,139298,air
1314212956686,20,air
1319217966276,0,air
1315218598934,4150,air
1324222691089,456755,air
1320219126923,537,air
1315213603261,10,air
1321220468110,1,air
1316215166758,250,air
1324222634420,5,air
1322220633907,29677,air
1317215824956,10,air
1323221550229,50,air
1322220731121,338,air
1315214309724,0,air
1321219903578,356,air
1316215668981,0,air
1317215944416,1,air
1315213947373,0,air
1314212320877,0,air
1315214396487,7,air
1315213701143,855,air
1322221465949,0,air
1324223137353,0,air
1319217887177,0,air
1323221747696,460,air
1318217455258,255,air
1320219029749,0,air
1316216902686,0,air
1323222331391,0,air
1315214335539,715,air
1315214339259,485,air
1319217831460,248,air
1322220746337,4,air
1317216552582,250000,air
1320218598997,22540,air
1322220749509,0,air
1321219919026,0,air
1318217129093,7,air
1320218747968,250,air
1320219216379,4079,air
1322221350150,23583,air
1320218645238,196,air
1314212321638,0,air
1317215813460,0,air
1322220679993,2,air
1324222967630,13766,air
1315214339297,321,air
1316215286966,35256,air
1314212804088,0,air
1314212321879,0,air
1314212835476,8,air
1317215959368,810,air
1314212478453,0,air
1314212521064,0,air
1314213195567,0,air
1316217643372,0,air
1319218078309,0,air
1317216067189,0,air
1317216295030,250,air
1317216135640,157290,air
1324222442042,0,air
1314212400978,0,air
1319217861222,5,air
1314212390456,43,air
1318217240744,10,air
1319217937616,21,air
1316215156617,0,air
1324222736340,0,air
1318217231505,0,air
1321220362952,136,air
1322220794580,0,air
1319217791286,346,air
1324222943363,353,air
1324222813026,4946,air
1323223208618,7025,air
1316215055916,1599,air
1317216566467,0,air
1321219797762,0,air
1324222903926,7968,air
1321220357418,96,air
1319217928199,3060,air
1317216495578,0,air
1323221805714,0,air
1314212859019,9256,air
1315214308470,947,air
1320219409416,0,air
1319217808233,5,air
1315213753205,126,air
1315214410033,10,air
1317215925660,860,air
1316215432701,0,air
1323222063719,0,air
1322220783575,90333,air
1315213716184,6889,air
1322220831174,886,air
1320219230772,0,air
1318217201312,2337,air
1315213686672,75,air
1315214236919,5808,air
1315213972146,0,air
1315214410021,5,air
1315214067326,0,air
1316215128760,0,air
1322220698361,0,air
1322220812337,500,air
1324222411997,0,air
1318217011915,0,air
1323221653595,0,air
1321219645088,1500,air
1316215133024,0,air
1314212422341,1468,air
1323222219798,0,air
1321220551408,0,air
1318216752838,0,air
1319218000065,1,air
1324222783514,10,air
1321219967268,0,air
1317215805868,0,air
1321220319519,0,air
1324222851329,0,air
1314212500995,4134,air
1315214067884,210000,air
1319217605979,0,air
1315213197027,0,air
1314212491233,64586,air
1323222361255,0,air
1320218835128,0,air
1321219898386,3,air
1323221898164,9527,air
1316215384850,0,air
1315213681974,0,air
1314212940478,3727,air
1315215406947,0,air
1319217714411,3032,air
1317215876766,12130,air
1318217169515,0,air
1314212426581,1918,air
1314213126927,0,air
1324223091909,34,air
1317216230603,30,air
1324222507915,2,air
1319218645075,0,air
1315214215271,3113,air
1321220544415,1013,air
1314212525707,0,air
1314212586604,0,air
1321219790108,5701,air
1322221069875,0,air
1323221565361,250,air
1317216517730,9807,air
1314212478198,1224,air
1316215015417,6,air
1320218717371,500,air
1315213694995,451,air
1315214203503,106,air
1322221276177,2264,air
1317215810336,673,air
1321219805393,3950,air
1317216003929,3205,air
1317216309777,320,air
1318217432119,250,air
1314213002126,0,air
1314212393680,0,air
1316215663016,0,air
1317215905252,1594,air
1324222868085,5882,air
1319217666647,250,air
1323221601875,0,air
1318216753982,0,air
1315213696685,5907,air
1315213903709,0,air
1318217511031,1940,air
1321220076931,376,air
1319217963848,10,air
1315214098206,0,air
1316215102512,0,air
1323222258889,15597,air
1315213558238,2874,air
1320219245091,0,air
1322221467347,10,air
1321220162630,0,air
1321220173862,18282,air
1317216007740,0,air
1315213559432,0,air
1315213883871,6830,air
1316215233420,336,air
1323221982109,3199,air
1317216369494,0,air
1317216029621,1,air
1321220154645,1766,air
1314216437943,46022,air
1316214983595,4360,air
1324222442459,0,air
1314212405512,64,air
1321219469499,0,air
1321220009219,0,air
1315213721691,1684,air
1318216925711,500,air
1319217781994,2685,air
1321220357329,3620,air
1315214255604,15,air
1314212461988,2205,air
1318217047721,10,air
1323221549759,0,air
1315214502421,0,air
1316215116450,1,air
1318217240769,0,air
1315213227325,0,air
1316215166745,250,air
1322220778803,27,air
1314212339004,920,air
1315214305486,20,air
1322221223718,255,air
1316214961688,8,air
1321219711417,38,air
1322220755146,5,air
1318216893370,1042,air
1317215852587,0,air
1314212459438,0,air
1321219630744,0,air
1318217483736,0,air
1319217828134,0,air
1321219972914,0,air
1324222585756,54,air
1321219630771,0,air
1317218630402,0,air
1314212481915,0,air
1317216369518,6556,air
1317216566479,652,air
1323221976766,250,air
1322220948436,4071,air
1322221110859,98,air
1315213857865,500,air
1316215434061,5262,air
1316215522347,19771,air
1324223084702,1167,air
1322220955280,0,air
1323221728532,7912,air
1319221498165,2,air
1324222690810,6141,air
1314212779577,0,air
1315214146553,38622,air
1316215317342,21,air
1316215364631,34996,air
1314212303198,0,air
1317216468658,0,air
1320219231343,11,air
1314212687444,755,air
1322220813923,0,air
1324222494712,1969,air
1324222569663,10,air
1320218800009,0,air
1324222813002,377,air
1315214288704,10,air
1315214911669,28939,air
1315213704366,255,air
1319217694203,0,air
1324223208366,5,air
1314211935263,11563,air
1315213610367,0,air
1322220687863,0,air
1318218634032,6150,air
1316215063532,11254,air
1315214264273,13,air
1315213240930,22602,air
1316215015355,0,air
1315215766650,0,air
1320219213333,250,air
1314212464592,0,air
1321220412795,2308,air
1316215190873,15,air
1316215569500,26,air
1320218845788,217,air
1321220042915,6770,air
1319217824477,0,air
1315214169613,1,air
1315214184778,0,air
1315213841265,38464,air
1316215711274,0,air
1318217093689,33,air
1321219627748,0,air
1315213891272,0,air
1319217928175,460,air
1314213044124,206,air
1314212703704,0,air
1316214935734,389969,air
1314212359780,10,air
1321220076210,22,air
1318217457833,36819,air
1322220797310,0,air
1319217820758,2640,air
1319217963851,0,air
1316215045345,0,air
1318216947933,0,air
1316215497494,10,air
1316215067618,42845,air
1322221385418,250,air
1316215197157,2,air
1319218233839,0,air
1322221422076,500,air
1320218623712,13640,air
1323221558897,481,air
1315213243660,21000,air
1315213706031,170,air
1314212554606,255,air
1316215616261,2284,air
1318217101575,118,air
1322221112396,121,air
1314212404026,653,air
1319217666623,0,air
1322220921100,132,air
1317215900806,0,air
1321219944586,72790,air
1321219949233,635,air
1314212392839,1,air
1315214277129,0,air
1319217761752,767,air
1323222259398,1009,air
1319218032454,0,air
1316215598816,1000,air
1320218825356,0,air
1322221312566,159,air
1315214343410,0,air
1315214006342,4400,air
1316215464761,1596,air
1323222343358,0,air
1314212324192,0,air
1315214381446,0,air
1314212555965,0,air
1318217157015,14,air
1316215010467,307,air
1321219529169,7203,air
1318216914832,0,air
1314212843421,500,air
1323221614528,0,air
1323221849235,11426,air
1320219174760,0,air
1315213743836,8,air
1315213583925,3,air
1319218527517,165,air
1323221681529,48271,air
1324223062629,4,air
1315219435219,0,air
1316215136235,1,air
1314212308961,0,air
1318217083649,0,air
1323221527878,0,air
1321219800063,14414,air
1314212378374,135,air
1320219281716,24,air
1317215845773,16,air
1322221205836,0,air
1321219694092,0,air
1324222492466,0,air
1316215364656,9269,air
1320218765927,5,air
1322221025644,0,air
1321222393050,352,air
1320219247451,0,air
1314214973479,2185,air
1318216698821,258538,air
1317216168512,0,air
1321219447036,5,air
1321219721444,0,air
1314213065269,500,air
1314212801106,4042,air
1315213968249,164,air
1314212900195,255,air
1315213975156,3,air
1315213850670,802,air
1319217883053,16980,air
1322220981132,12784,air
1324222721223,11633,air
1324222727392,0,air
1322221500465,0,air
1319217919772,19776,air
1319218198947,2959,air
1315214412342,116,air
1320219316484,250,air
1320219386315,159,air
1320218733119,1605,air
1314212728505,11713,air
1314212777801,3,air
1318216855926,0,air
1318217160353,10,air
1317215909526,0,air
1316215461676,2,air
1314212390443,323,air
1316215590074,0,air
1315213826819,19180,air
1316214972337,0,air
1314212553503,0,air
1320219210236,255,air
1314212428573,123,air
1314213044062,732,air
1321220471662,5288,air
1314213076870,2,air
1314213133515,0,air
1314212389720,0,air
1323221765581,0,air
1316215168927,0,air
1322221587367,255,air
1320219176753,0,air
1315213805979,1,air
1314213174562,10937,air
1323222333647,500,air
1321220568404,0,air
1315213779135,0,air
1317216256521,500,air
1314212774412,1974,air
1314212764690,10,air
1315213791167,500,air
1314212402642,0,air
1315214025456,0,air
1319218464891,0,air
1320221547882,52,air
1315214073532,402965,air
1323221629494,840,air
1314212626954,11669,air
1320218944243,307,air
1314213070966,10,air
1321220205025,55,air
1315214305601,10,air
1316215146883,1,air
1323221613122,0,air
1323222314813,0,air
1320219268341,0,air
1316215065982,0,air
1316215131614,0,air
1316215451699,1079,air
1316215462134,2522,air
1318217152420,0,air
1322220722755,2,air
1316215065513,0,air
1322221164371,0,air
1314215788403,17405,air
1314212962207,3,air
1321219776592,10,air
1324222712438,0,air
1319218273516,27588,air
1317216340822,1466,air
1324222538821,22763,air
1320218909582,23,air
1319218307510,2444,air
1317215914235,376,air
1314212770251,1140,air
1315214288692,500,air
1324222950141,0,air
1320218700250,0,air
1316218615185,0,air
1324222539239,0,air
1322221300179,1327,air
1315213874567,500,air
1316216652382,556329,air
1314211886522,0,air
1321219863267,5,air
1319218210185,0,air
1314212321830,0,air
1315213921164,346,air
1316215162862,0,air
1323221967223,0,air
1319218238374,14000,air
1320219370970,188,air
1316215049471,0,air
1324222545194,0,air
1324222577114,0,air
1324222925190,20,air
1323221590906,5,air
1323221664701,14,air
1323221736313,1129,air
1324222601510,2,air
1315214032740,803,air
1314212536775,0,air
1315213578661,0,air
1323221539582,0,air
1315213629633,0,air
1316215470992,0,air
1320218855029,10,air
1314212648683,0,air
1315213716208,1,air
1322221035405,255,air
1318216912283,0,air
1320218845838,0,air
1323221649419,0,air
1321219857632,591,air
1316215541715,0,air
1317216146100,2160,air
1321220238024,25,air
1315214189072,0,air
1321220313365,0,air
1319218225720,97140,air
1322223217136,693,air
1317216165353,3,air
1322220839361,0,air
1320218645517,500,air
1315214201838,1,air
1315214073520,255,air
1318216834679,7200,air
1322220969303,22947,air
1324222673865,0,air
1314213036534,0,air
1317216322281,2,air
1324222598169,0,air
1320219000371,366,air
1316215150261,1,air
1315214250122,1700,air
1314212353003,0,air
1315213831961,3737,air
1316215342837,8740,air
1316215039912,2,air
1318217447871,1,air
1315214346393,21032,air
1323221681467,10222,air
1317215835695,1,air
1321219678442,13,air
1322220969467,203,air
1323221734650,11,air
1322220978163,0,air
1316215284985,0,air
1324222823597,0,air
1322220726778,0,air
1322220722490,0,air
1323221741325,0,air
1317216464406,0,air
1319218326635,3,air
1324222835187,0,air
1320219349127,20,air
1319218291969,296,air
1322220900474,500,air
1322220761656,0,air
1323222023994,0,air
1319218198986,0,air
1320219383231,5,air
1322221561374,0,air
1319218263604,40,air
1322220969455,5279,air
1314212614414,74,air
1314212410308,0,air
1316215290178,6,air
1324222967655,10149,air
1317215987948,0,air
1322220768030,196,air
1321220454730,14,air
1316215655212,250,air
1322220763371,24,air
1321219630795,5,air
1320218760078,2,air
1322221016203,873,air
1315214381295,3,air
1316215197219,16011,air
1323221607183,63688,air
1315213717426,0,air
1314212985168,0,air
1315213223441,1857,air
1314211914318,0,air
1315213700747,11,air
1320219343769,0,air
1323222387084,45,air
1323221564735,50,air
1322220853826,1661,air
1314212959136,134273,air
1315213848260,0,air
1319217978067,2063,air
1320218575443,118,air
1316215216021,250,air
1314212781177,0,air
1314212862496,32751,air
1321219695956,0,air
1316214985259,20,air
1320219305760,0,air
1314212403543,0,air
1316215624154,0,air
1323221637059,250,air
1319217997321,8188,air
1322220642211,8429,air
1322221415045,2542,air
1323221532878,0,air
1314213115328,38393,air
1316215328725,6533,air
1317215906936,0,air
1318216905087,32143,air
1319217740962,6,air
1323222141929,752,air
1316215697653,8695,air
1323221642743,2,air
1314212472498,0,air
1322220922571,2,air
1314212345336,17527,air
1322220984367,13,air
1314212759841,66719,air
1320218844672,87,air
1320218705717,0,air
1324223089119,0,air
1315214277143,0,air
1318217432994,0,air
1323221638277,26,air
1322221235993,0,air
1323222077137,0,air
1321220313833,16,air
1322220984785,4779,air
1316215455609,10,air
1322220680045,0,air
1321220337861,1123,air
1314212689261,0,air
1322221043755,0,air
1319218454167,0,air
1323221753938,0,air
1323221536701,201,air
1322221212463,0,air
1321219616935,0,air
1315214243002,1,air
1317216438921,7988,air
1314212545406,2382,air
1314212560320,59,air
1319217766397,0,air
1317215842295,1063,air
1321220412757,4694,air
1314212624973,64,air
1314212665145,0,air
1315214107361,29,air
1316215554407,0,air
1315213999244,6357,air
1318217661317,11,air
1319218298418,1500,air
1319218346500,7111,air
1320218607087,0,air
1318216718837,145,air
1318217167345,34800,air
1323222346138,10,air
1319218271827,0,air
1324222736338,0,air
1322221467537,1592,air
1321220562730,0,air
1317215867856,2408,air
1316215413232,0,air
1320221534454,232,air
1321220188027,778,air
1324223002837,500,air
1319218090254,750,air
1321220473110,0,air
1316215162847,0,air
1321220163000,12,air
1323222163697,133,air
1316215258486,2,air
1314212573226,108,air
1323221596543,1,air
1321220007189,5514,air
1320219123751,3,air
1321219852377,4498,air
1324223141969,5,air
1318216905846,0,air
1324222561678,21140,air
1320219381656,0,air
1318216680114,995,air
1322221016165,361,air
1323221749738,5,air
1319218488500,1440,air
1316215150133,0,air
1318216924542,0,air
1316215325604,4195,air
1317216539142,67474,air
1323221586908,0,air
1324222848552,87,air
1323221603057,15,air
1321219910116,17059,air
1316215760188,1,air
1322220747760,2320,air
1314212543882,2923,air
1316215055904,4091,air
1314212584217,1,air
1315214156832,3293,air
1323222022271,0,air
1322221337304,6036,air
1316215127337,0,air
1321220277457,0,air
1315214329548,0,air
1319217915293,27,air
1314211928320,1,air
1321220026999,418650,air
1324222481537,46250,air
1319217817790,0,air
1315213225295,24,air
1316215580162,0,air
1317216249209,0,air
1319218342564,0,air
1315214457766,0,air
1316215044126,0,air
1315214065803,0,air
1318217271701,95,air
1314211928332,1,air
1316215023464,42,air
1320219192921,0,air
1320219358658,790,air
1319218365207,0,air
1314212876344,6078,air
1323222093383,38,air
1324223181494,0,air
1324222594842,12,air
1322220951180,10,air
1316215016611,0,air
1323221950948,0,air
1320219252374,3662,air
1319218481327,129,air
1321220153771,27,air
1322221484898,0,air
1324222570297,151813,air
1314213128010,1000,air
1317216496529,3363,air
1319220592909,15,air
1316215033681,0,air
1319217825847,0,air
1321219900988,0,air
1319222367839,1,air
1315214030936,1474,air
1323222166795,0,air
1318217423680,0,air
1315213745146,12552,air
1315213766102,0,air
1314212716219,399,air
1324222558013,0,air
1315213866940,1000,air
1321220195768,0,air
1315213857408,6,air
1323221743750,0,air
1321220544098,6,air
1324222434538,536,air
1315213200330,0,air
1315213940493,0,air
1321219692908,0,air
1324222405779,0,air
1315214295141,255,air
1315217687817,0,air
1318217280573,2,air
1316215168408,12340,air
1316215717253,0,air
1315213753320,1020,air
1322220823241,1640,air
1317216010280,45,air
1320219234539,111,air
1324223030913,250,air
1315213603525,5,air
1324222892768,0,air
1320218705705,0,air
1317216591558,1688,air
1315213711664,0,air
1319217883584,0,air
1318217248107,0,air
1323221674486,0,air
1315214355404,0,air
1315213775998,2,air
1315214030924,1500,air
1316215724117,5,air
1320219359395,50,air
1314212333506,0,air
1317216201640,0,air
1315214416315,6360,air
1314212884112,84,air
1316215616487,9009,air
1319217615020,19,air
1320219232497,36,air
1320219414707,5230,air
1315213703388,0,air
1322221444894,10,air
1314212321196,16940,air
1321220000994,0,air
1322220660144,500,air
1314212333304,255,air
1314212352470,0,air
1319217827563,31,air
1323222227593,11,air
1316215298124,0,air
1317217566215,715978,air
1316215760190,0,air
1314212471433,0,air
1314212943676,1257,air
1322221159092,10,air
1316215086214,2,air
1320219156003,0,air
1317216376626,1648,air
1321220327668,13786,air
1315214052122,555,air
1318217149208,2818,air
1323221607878,296,air
1319217813690,0,air
1316215329588,0,air
1317216222202,11353,air
1323221543046,1342,air
1324222676456,92,air
1324222520227,16005,air
1321219625163,255,air
1320218653564,0,air
1318216989715,0,air
1323221775505,0,air
1324222682472,18,air
1320218655621,255,air
1314212975902,4,air
1324222528123,0,air
1321219664455,14,air
1321220147829,1044,air
1317216076986,0,air
1321220331831,3,air
1317217558713,0,air
1317215819071,7,air
1314212780148,149,air
1314213105671,67,air
1319217735289,1376,air
1316215187764,800,air
1315213720295,38950,air
1323221533565,0,air
1323222180073,0,air
1323222243800,0,air
1314212841480,0,air
1322220764536,51,air
1322221506316,10059,air
1322221006240,7562,air
1322221011719,16068,air
1322221227352,10,air
1314212979405,78,air
1322221172467,0,air
1320218842514,0,air
1315215179235,137600,air
1316215717000,0,air
1322221497441,0,air
1316215745629,146550,air
1316215208885,0,air
1317216466779,37,air
1319218289357,0,air
1323221748128,39,air
1324222418220,0,air
1316215620814,979,air
1319218063079,510,air
1316217730910,14159,air
1321219456062,0,air
1318216843262,27310,air
1322220754307,10,air
1324222964013,4,air
1314212325183,0,air
1315213648874,0,air
1315214430997,4960,air
1320219214119,255,air
1319217826041,14805,air
1322221429537,0,air
1324222961625,0,air
1314213004195,15584,air
1315213894948,11137,air
1316215129851,500,air
1314212355566,0,air
1323221835453,5512,air
1318217079565,0,air
1314212388615,521,air
1315219722105,14,air
1322221021886,1,air
1319218088348,0,air
1316215316783,0,air
1318217398496,3,air
1322221322530,12523,air
1315214019705,2,air
1320218700286,0,air
1321219898362,16,air
1322220797791,360,air
1321219914140,0,air
1316215052768,0,air
1316215768779,0,air
1321220354157,6153,air
1314212765503,67240,air
1315213984279,29,air
1322220948588,530,air
1318217361652,296,air
1319217971769,3483,air
1315216627935,255,air
1324222434375,1054,air
1322220745451,106,air
1322220946014,0,air
1320218727067,0,air
1324222579017,0,air
1314212916682,3849,air
1323221728809,54787,air
1323221950518,0,air
1323221532928,500,air
1316215232253,5772,air
1319218134688,0,air
1324222559751,152,air
1324222577951,12,air
1314211950961,26876,air
1318216935128,3162,air
1314213237579,0,air
1322220766430,255,air
1324222993976,17211,air
1317215956855,25786,air
1317216246278,0,air
1324223067188,13,air
1324222675175,273,air
1314212653808,10,air
1323221559634,8387,air
1321219814151,0,air
1314212466243,8738,air
1316215555590,0,air
1316215682081,0,air
1318217071846,7460,air
1317216239261,1,air
1318218342475,114934,air
1314212684688,459,air
1323222366128,0,air
1324223106737,500,air
1318217021854,0,air
1314212793778,81,air
1317216422903,35,air
1315213957083,1,air
1318216857882,3634,air
1318216872871,7622,air
1314212801308,38,air
1323221663988,0,air
1322221317264,5,air
1324222840427,0,air
1321219783406,254,air
1314212943361,0,air
1321219634250,886,air
1322221025493,5443,air
1317216612008,0,air
1318216839567,666,air
1319218202632,0,air
1324223060664,20857,air
1322220921478,10,air
1322221324231,255,air
1324222411884,0,air
1323222001620,980,air
1324222471702,1027,air
1323221824218,0,air
1324222748574,0,air
1317216597397,16428,air
1314212557577,12446,air
1320219182615,62909,air
1318217685864,11,air
1315214371561,500,air
1314212638631,1382,air
1314212302614,4660,air
1314212914509,497,air
1314212945113,0,air
1315214074128,0,air
1321220076917,336,air
1315213244611,0,air
1319218239352,0,air
1322220830804,0,air
1318217282399,0,air
1314212518219,0,air
1320218764393,0,air
1315214136222,0,air
1321220544946,0,air
1317216479663,1093,air
1322220941809,0,air
1324222733040,14370,air
1315214161580,3,air
1317216204279,0,air
1315214387060,1,air
1316215491503,0,air
1317216499994,0,air
1321219625326,152760,air
1321219615770,0,air
1316215166834,5,air
1321220167466,188,air
1315214431328,2,air
1321220034060,1000,air
1315213643923,0,air
1318216700435,0,air
1318217221492,0,air
1324222673840,0,air
1316215174640,0,air
1314212855872,105,air
1317216514341,84599,air
1324223223746,0,air
1321220109045,190,air
1320218577029,0,air
1323222044075,9,air
1315213537210,6996,air
1321220042016,0,air
1314212943474,545,air
1314212501050,0,air
1315214050142,50,air
1316215477504,0,air
1314213115518,250,air
1315213629417,0,air
1318217056858,0,air
1318217345786,0,air
1316215460585,150,air
1316215367905,0,air
1314212479606,13800,air
1322221199565,10,air
1316215325628,1824,air
1316215399698,0,air
1316215143595,85,air
1316215030925,0,air
1315213615356,97,air
1316215056591,5,air
1317216044572,0,air
1319217859204,255,air
1324222438398,9,air
1316215118011,1330,air
1314212622207,44048,air
1316215535170,350,air
1324222515304,3300,air
1314212447546,745,air
1318216985438,5073,air
1316215103565,4976,air
1316214983494,0,air
1322220769436,79,air
1323221681051,0,air
1322220767418,0,air
1324222642858,0,air
1317218523569,0,air
1317216604862,9226,air
1321219810660,10,air
1323221737582,500,air
1318218622102,0,air
1322220937282,0,air
1315214221828,181,air
1317216129369,64,air
1322220899470,7919,air
1315214441899,3080,air
1323221549658,0,air
1320219228208,0,air
1324222779225,3361,air
1320219149717,3,air
1323222145207,8420,air
1315213583913,0,air
1314212454654,0,air
1321220452256,199808,air
1314212997151,0,air
1318216742522,76,air
1318216790788,2,air
1316215359732,13,air
1324222746125,1418,air
1317218150682,755,air
1319217852375,0,air
1321219910914,0,air
1319217857059,0,air
1318216738373,0,air
1323222326124,0,air
1319217920317,4,air
1321220174510,2530,air
1322220739128,10,air
1319218562561,2,air
1322220646665,23,air
1320218825483,39298,air
1315213935291,42,air
1323221930035,0,air
1314213062829,2,air
1324222972251,0,air
1315213862903,8074,air
1315213625419,4210,air
1321219843529,3,air
1316215288111,0,air
1316215437690,17680,air
1315213948829,634,air
1324222417560,10,air
1322220662973,4,air
1314212736235,0,air
1315213896133,13,air
1321219653449,62,air
1322220697383,6,air
1324222989358,12461,air
1322220961066,500,air
1320219328919,0,air
1314212534592,14569,air
1316214916518,0,air
1321219702418,0,air
1318216976694,126,air
1321219606821,20,air
1319218032542,0,air
1318217559564,0,air
1317216114241,0,air
1315214453666,0,air
1314212764753,8,air
1315213945583,656,air
1315213950013,1,air
1317216293670,2,air
1315214039861,0,air
1316215028705,1,air
1317216517805,0,air
1317216250908,1783,air
1323222275796,1843,air
1320218982888,0,air
1321220116065,42,air
1322220719355,316,air
1315213632793,10,air
1315214038402,10,air
1320218764140,0,air
1315213749815,10,air
1314212972968,0,air
1317216142380,0,air
1315213766342,543,air
1319218423337,8,air
1314212638035,0,air
1314212778930,45,air
1315213617879,10,air
1316214912913,1336,air
1323222349641,443,air
1316215516509,520,air
1316217695257,219,air
1315213990702,0,air
1315213602016,0,air
1314212897538,10,air
1314212460822,500,air
1319218244642,10,air
1321219716343,31,air
1322220687800,0,air
1322220698423,0,air
1318218549160,0,air
1316215645526,150800,air
1318216847222,0,air
1323221671682,4912,air
1315214422622,1381,air
1314212814584,1874,air
1316215484027,84046,air
1322221201066,24,air
1322221448943,10,air
1323221719038,0,air
1323222369910,5,air
1321219615376,14690,air
1317216433793,14,air
1318217221656,0,air
1318217760709,633192,air
1319217975883,14,air
1323221671047,3,air
1315214148494,1670,air
1315213937269,63,air
1316215479763,0,air
1316215539418,10,air
1317216227316,0,air
1320219012061,500,air
1316215215031,0,air
1322221325943,0,air
1316215373960,0,air
1317216150678,1,air
1314212943551,647,air
1323221664939,0,air
1319217675661,0,air
1323221603071,7,air
1321220513067,87,air
1323221645106,0,air
1323221706361,0,air
1320219210248,755,air
1321220024905,335,air
1322220952574,1517,air
1321219713144,127,air
1316215604707,0,air
1316215782069,1465,air
1319218120867,0,air
1316215236163,9091,air
1314212447460,250,air
1315213832660,0,air
1314212872461,0,air
1324222703555,138,air
1322220649053,14,air
1321219716469,0,air
1320218807838,5,air
1321220015073,22814,air
1320219079872,0,air
1324223163217,12,air
1316215145335,0,air
1316215551692,500,air
1317216023111,1,air
1317215817014,0,air
1319218044840,61000,air
1316215101825,56180,air
1324223030610,750,air
1324222696940,1,air
1323221549746,0,air
1321219926627,293,air
1314212322248,0,air
1318217413133,0,air
1319218409872,6671,air
1321219816840,151,air
1318217547405,0,air
1322221441367,0,air
1317215816644,92,air
1319218515486,34420,air
1315213215167,0,air
1315213694971,3479,air
1315214296206,120,air
1323222333635,1000,air
1320218872859,2,air
1323221648049,303,air
1317216215032,1,air
1319218198885,1672,air
1314211913912,24,air
1320219371503,0,air
1314211952369,220,air
1317216376638,34009,air
1319218333983,239,air
1318216691497,992,air
1315214503815,34,air
1320219176726,54,air
1321219811256,0,air
1317216122667,4,air
1314212481675,10,air
1322221340793,2,air
1314212494090,750,air
1316215006521,0,air
1316215765684,0,air
1321219846413,0,air
1315213641929,4,air
1321220310989,0,air
1317215940735,0,air
1314211901463,3250,air
1314212728683,0,air
1315213984281,4,air
1315214406656,170,air
1314213045471,1000,air
1323222047274,67991,air
1321219752173,0,air
1315213766367,866,air
1320219381694,0,air
1322220834980,1,air
1322220917886,0,air
1319218365219,0,air
1319217934506,0,air
1320219025754,255,air
1323221724937,5510,air
1323221727290,17,air
1316214927067,8585,air
1316215319144,1023,air
1315214406389,896,air
1316215837372,5,air
1319217794217,0,air
1315213929084,4980,air
1317216090163,613,air
1322221249446,0,air
1314212321614,0,air
1316215460561,3756,air
1323221535697,250,air
1315213538287,8,air
1314211925437,13851,air
1314213072667,622,air
1315214388858,24,air
1323221724949,7526,air
1314213027459,10960,air
1316215655198,250,air
1324222568659,0,air
1315214313583,243,air
1315213704974,19,air
1322220887588,144893,air
1314213104680,0,air
1321220619706,0,air
1323221875279,9006,air
1317216193540,0,air
1316215218013,7435,air
1315214266037,10,air
1314212558959,460,air
1314212334395,0,air
1317215803786,278018,air
1314215788631,0,air
1317216592776,30,air
1318216885501,996,air
1316215692373,233,air
1322220892689,34,air
1318217438466,0,air
1314212652642,0,air
1324222750960,276,air
1315213564545,10,air
1316218588743,8529,air
1319218503631,1,air
1317218630453,0,air
1321220452561,24,air
1316215120066,40,air
1314212881698,10,air
1315214136335,0,air
1324222592848,0,air
1319217707672,0,air
1314211916313,0,air
1316214964999,0,air
1314211901549,519,air
1316215320401,26,air
1323221814852,0,air
1317216454847,5,air
1317216214926,1,air
1318217495997,152,air
1314212865063,0,air
1314212900260,138,air
1314212904888,3,air
1314212929436,10,air
1316214994497,6801,air
1319217884283,0,air
1324222418333,0,air
1320218839900,0,air
1314212578367,0,air
1315214099121,0,air
1324222671099,0,air
1314213057060,72876,air
1319218140438,1000,air
1319217961515,105,air
1322220651071,0,air
1316215205485,29,air
1315213926886,0,air
1316215162823,9,air
1316215014681,5,air
1316215162811,1846,air
1321219658008,1458,air
1323221828395,0,air
1315213781279,148,air
1321220205013,1316,air
1316215083852,0,air
1314212516722,1,air
1315213791849,1614,air
1315214442737,33,air
1314212322390,0,air
1317216264046,0,air
1318217095759,0,air
1318217218231,8423,air
1319218166027,0,air
1315213196862,2,air
1322221402389,215,air
1317216425595,6,air
1314212750057,0,air
1316215446170,2735,air
1322220679322,0,air
1319217959511,4,air
1317215851686,27339,air
1323222350896,0,air
1316215044189,31,air
1317216025128,0,air
1315214339172,10,air
1317216117034,0,air
1316215575515,117802,air
1316215394887,328,air
1318217588134,10,air
1319219044512,5,air
1323222229647,315373,air
1324222502534,0,air
1316215738636,0,air
1324223229562,5,air
1320218829339,377,air
1323221860024,26515,air
1317216584995,255,air
1322222301855,0,air
1316215506318,1,air
1320219275878,0,air
1314212688194,1,air
1314211904661,2,air
1314212342911,16851,air
1321219751245,250,air
1324222924401,2916,air
1322221261530,0,air
1316215080134,2848,air
1315215804509,89582,air
1314212572109,0,air
1315213605544,8760,air
1314212347710,0,air
1314212746832,12885,air
1324222992164,38,air
1321219704614,84,air
1316215615384,750,air
1315214191722,0,air
1320218707281,25,air
1317216580757,4,air
1316215232289,96,air
1317216402622,855,air
1315213800143,2910,air
1320218813982,0,air
1319218082788,10,air
1315214295180,255,air
1317216488371,0,air
1314211899810,0,air
1315213727922,0,air
1321219910193,247,air
1319217963089,41,air
1314212322337,0,air
1320219374776,0,air
1320219360094,10,air
1314212595829,17821,air
1317216591255,10,air
1315214294314,3208,air
1319218193629,0,air
1320218886416,20444,air
1317216486213,0,air
1318216983510,254228,air
1320219337728,599,air
1324222770380,0,air
1320219126962,965,air
1315213962347,0,air
1322220680058,0,air
1315214492961,11377,air
1318217152432,41,air
1319218377531,0,air
1322221008865,0,air
1320218832436,576200,air
1320218981278,386,air
1324222518793,55119,air
1318218342499,362,air
1322221202219,1,air
1324222803708,1165,air
1319218197539,18038,air
1321220432684,10,air
1320218659302,4608,air
1321219769092,0,air
1318217031739,1,air
1319217970134,370,air
1323222333027,1,air
1316215256862,4,air
1314212399669,0,air
1314212481030,0,air
1322220686479,0,air
1318217149133,142,air
1315213949997,1,air
1317216269528,2600,air
1315213195617,44840,air
1315214032726,213,air
1320218813994,783,air
1320219137890,3082,air
1315213745969,7152,air
1321220485357,10,air
1315214240350,2966,air
1322220877435,157,air
1323221710130,6,air
1321220188039,0,air
1323221555168,0,air
1314212797385,0,air
1323222043996,0,air
1315213782838,21,air
1323221684715,3008,air
1317216010266,0,air
1324223038771,0,air
1314212603207,14242,air
1318217181371,16,air
1320219337680,0,air
1318217322484,6,air
1314212541066,0,air
1323221870052,23,air
1321219615933,0,air
1322220741197,0,air
1315214218784,0,air
1314212498253,10,air
1316215101849,17,air
1322220824445,0,air
1322220899215,0,air
1315214403192,750,air
1323222068936,4,air
1314212654293,10,air
1317215941826,0,air
1323221611332,0,air
1316215329879,60,air
1317215812456,9324,air
1317216517452,4,air
1317216895514,18,air
1318217393762,559,air
1315215179680,0,air
1315214215321,0,air
1319218284471,4845,air
1316215514959,1000,air
1324222776751,0,air
1321219788609,0,air
1323222077214,19907,air
1319218482432,11,air
1320219305291,363,air
1315213751718,0,air
1322220646982,0,air
1320218596462,3834,air
1321219995824,15104,air
1318216747170,0,air
1323221899279,6470,air
1315214324725,5421,air
1323222109035,68,air
1317216495566,0,air
1319218486746,0,air
1324222947069,2,air
1314212652681,10,air
1315213755491,37,air
1323221843600,0,air
1320219283470,0,air
1314212322301,0,air
1319218252928,2812,air
1316215193855,2,air
1317215871839,473,air
1317215816620,173,air
1317216146819,0,air
1315214331441,108,air
1317215940762,0,air
1321219686197,2683,air
1316217692767,17636,air
1322221556982,0,air
1319218303283,562,air
1317216013021,0,air
1314212340172,10,air
1315214247088,0,air
1321220591034,5,air
1315214144406,275,air
1316215477617,50,air
1317216315097,15588,air
1323222338840,57,air
1319217908538,3700,air
1316215628090,5,air
1319217830684,11000,air
1322220838142,18,air
1316215544901,32,air
1321219469739,1,air
1320220657492,560,air
1317216000430,0,air
1315213965876,50,air
1316215037843,5,air
1323222337990,10,air
1323221975903,0,air
1319217730720,198,air
1320219242649,29033,air
1321220302335,10,air
1324222853436,0,air
1323221548629,0,air
1314212878526,0,air
1318219430927,0,air
1322221112319,5,air
1314212501047,130,air
1323222295228,445,air
1314213121813,0,air
1315213962398,0,air
1314213104781,5,air
1318217139411,67200,air
1314212322349,0,air
1314213183888,255,air
1315214459113,322,air
1316214987442,10970,air
1323222381915,137,air
1323222092470,2345,air
1321220512394,0,air
1320218679330,1596,air
1322221188600,3437,air
1320218865842,58,air
1315213629621,0,air
1322222301830,410,air
1314212847899,2637,air
1316215200116,1731,air
1317215942335,0,air
1321220140887,52459,air
1316215027095,41792,air
1315214509263,0,air
1323221751403,239,air
1324222473706,1,air
1314212390001,0,air
1323221538756,0,air
1324223141957,87000,air
1321220257137,10444,air
1318216786994,31,air
1321220627069,10,air
1322221046788,0,air
1324222720753,0,air
1323221954997,30566,air
1314212906440,0,air
1314212943373,10066,air
1322221449768,2140,air
1315214266013,1000,air
1319218207520,0,air
1315214417127,0,air
1319218529372,13640,air
1322220984811,0,air
1315213962335,2756,air
1324222980878,0,air
1320218667424,0,air
1324222494015,1,air
1315214025468,3491,air
1319217771652,145,air
1316215184300,0,air
1315214277117,0,air
1316215114846,2,air
1316215161530,0,air
1319218353009,0,air
1314212803643,1000,air
1317216579944,57102,air
1314212937965,0,air
1324222522106,29546,air
1317216251470,1783,air
1319217971771,2290,air
1315213858018,0,air
1321220641221,0,air
1324222757294,0,air
1317216433779,264,air
1318217149119,12,air
1319218454205,12052,air
1317215831367,0,air
1323221534050,0,air
1317216335113,0,air
1315214264780,2773,air
1321219688672,3263,air
1323221644279,3258,air
1320218653069,5,air
1321220542791,267,air
1320219001120,0,air
1316215289733,11739,air
1314212932406,2412,air
1324222856318,0,air
1322220779882,0,air
1322221371382,786,air
1320218932388,109,air
1316215534696,1,air
1321220562868,0,air
1315213700735,5,air
1319217848567,0,air
1324222673954,0,air
1319217666650,0,air
1315213969090,0,air
1318217383342,9217,air
1318217402585,0,air
1314212647731,2,air
1324222598106,80756,air
1318216675165,128,air
1318217282387,2,air
1314212646715,0,air
1320219001548,1,air
1314213031622,613,air
1314212322251,0,air
1315213615786,2065,air
1323222070892,3,air
1320218624854,680,air
1317215820616,0,air
1320219374752,7,air
1316215023526,210,air
1314212647756,5,air
1314212900068,0,air
1317216454850,0,air
1316215015342,130,air
1322221434739,13,air
1317216117200,6294,air
1323223208733,16705,air
1317216369049,0,air
1316218598833,850,air
1320219295639,1,air
1318216858732,206,air
1317216010936,20,air
1318216725566,0,air
1321219610348,0,air
1314212877308,341,air
1315214006379,5,air
1315214203491,1,air
1316215205422,1622,air
1324222879280,1410,air
1321219985569,933,air
1320218750178,0,air
1324222902785,1949,air
1315213689336,0,air
1316215034226,0,air
1322221338801,0,air
1323221674765,0,air
1314212335931,0,air
1316215362157,51059,air
1324222982252,0,air
1322221339930,1,air
1315214203465,2,air
1316214926964,1,air
1324222603969,0,air
1322221396447,0,air
1319218449078,15883,air
1315213557679,10,air
1321221534579,41,air
1314213072539,57,air
1322221059912,178,air
1316215462730,0,air
1321220390443,0,air
1316214971879,0,air
1321219812272,3092,air
1319218110260,7,air
1320219394259,443,air
1319217968205,3154,air
1322220705673,23659,air
1317215970652,0,air
1324222681619,4495,air
1317215943251,0,air
1324223034657,0,air
1317215842081,2,air
1320219391719,0,air
1314214919060,2,air
1317216373884,0,air
1315213210154,294920,air
1314212427138,323,air
1323221983063,611,air
1315213617564,0,air
1320219054222,19,air
1322220687990,0,air
1320218619195,13,air
1321220325714,0,air
1319217861537,5,air
1324222800486,250,air
1316214898114,1468,air
1321220425401,10,air
1315213633264,14700,air
1324222594816,0,air
1320218813970,2486,air
1317216402661,42,air
1318217074069,250,air
1317216234272,9,air
1314212694766,0,air
1323221544327,0,air
1323222078800,0,air
1315214112056,0,air
1314212576514,2450,air
1314212488237,237,air
1315213772888,10,air
1316215742077,8,air
1323221821426,36,air
1321220490268,500,air
1315213841897,7,air
1316215362169,11,air
1315213791775,1957,air
1315213926088,470,air
1315214381737,0,air
1317216129407,0,air
1323221534542,500,air
1315214257026,0,air
1320218831586,0,air
1314212368563,14665,air
1316215092572,255,air
1319218300402,10,air
1321219468814,85,air
1321219529171,53701,air
1319218011017,295,air
1321219919469,250,air
1315214357550,500,air
1319218576852,0,air
1314213021328,0,air
1318217630021,292,air
1314213076868,40,air
1323221747708,117,air
1320219170747,1119,air
1314212637995,1,air
1317216269718,0,air
1320219212750,250,air
1322220732453,28,air
1321219673732,0,air
1315213557655,10,air
1324222851432,0,air
1323221550825,250,air
1323221664636,315,air
1321220452635,260,air
1324222411098,1692,air
1315214059990,255,air
1324222563645,0,air
1323221824156,0,air
1324222578989,0,air
1316215474127,620,air
1323221650512,0,air
1320218750154,0,air
1314214973378,14204,air
1314212920666,13600,air
1324223106042,18305,air
1314212943462,17,air
1318218636835,1,air
1317216604900,0,air
1320219374788,0,air
1314212551372,0,air
1314212555977,2031,air
1316214978658,0,air
1316215027006,250,air
1324222473516,2237,air
1319217966973,0,air
1322220663429,0,air
1321219600362,21,air
1316215201839,0,air
1320219109749,9580,air
1324222423345,0,air
1321220452650,6767,air
1315214015315,0,air
1314212674129,416,air
1317216208746,458,air
1315214256467,214,air
1315214357648,10,air
1314212471940,10,air
1316215390814,0,air
1321219815800,6,air
1320219134665,4591,air
1320219140086,266,air
1314212325132,10,air
1319218588756,31212,air
1319217791627,378,air
1316215719737,0,air
1324222598219,8275,air
1315213847864,1,air
1320219342894,4660,air
1316215390511,74374,air
1314212858791,5,air
1323221629025,0,air
1324222858223,0,air
1321219654288,0,air
1323222286041,40,air
1320219002730,85,air
1324222469088,4248,air
1316215534658,0,air
1322220935997,0,air
1315214009969,0,air
1315214191886,0,air
1322220799617,609,air
1324222453969,2,air
1324222848929,0,air
1315214417230,5,air
1319217782147,0,air
1320218781591,14,air
1324222750958,20785,air
1324222712198,5652,air
1320218734871,0,air
1321220297725,14,air
1318220625990,0,air
1323222395384,52,air
1318217199557,2248,air
1316215549128,0,air
1316215023476,148,air
1323221836404,0,air
1318217444936,15,air
1318218160315,5,air
1320218787846,1000,air
1316215054519,11638,air
1314212386686,10207,air
1314212549190,10,air
1316214977934,23,air
1316215531029,27,air
1324222602260,0,air
1324222675454,25,air
1319218313474,0,air
1320219268606,0,air
1322221467006,9225,air
1324222430795,4275,air
1324222561615,4,air
1314212320853,0,air
1315213762343,30,air
1314212498517,0,air
1324222987087,509,air
1315213643063,6,air
1324223153800,0,air
1320219224185,1369,air
1321220554087,0,air
1318217091178,0,air
1322220707537,0,air
1315214061069,1592,air
1324223010404,1,air
1322220677759,0,air
1316215044227,284,air
1324222910770,17,air
1315213839133,8042,air
1323222273652,22436,air
1323222221602,232,air
1323223228317,0,air
1320219290057,82,air
1321222524201,500,air
1321220443550,755,air
1321219719414,0,air
1316215018932,0,air
1321219762945,0,air
1320218885046,43,air
1315214390270,0,air
1314213027446,1964,air
1315214331530,774,air
1319218236887,0,air
1315214089017,0,air
1315214436711,255,air
1318216777971,24500,air
1318216830063,12800,air
1316215552163,10,air
1321220027419,533,air
1316215205410,603,air
1323221540040,111,air
1315214250286,0,air
1315214147896,142,air
1324222835338,500,air
1323221714619,250,air
1316214908764,10,air
1314211899214,0,air
1314213104843,0,air
1323221684158,0,air
1319218562508,0,air
1319218398651,0,air
1314212342947,0,air
1314212679726,12734,air
1324223134836,0,air
1317220606507,1075,air
1323222103362,17,air
1324222583231,0,air
1315214278018,17474,air
1321222083925,0,air
1315213873262,4701,air
1324222437853,0,air
1322221082276,0,air
1317216031690,0,air
1319218350561,100,air
1324222416378,111,air
1323221846759,20600,air
1324222734055,0,air
1317216058610,771,air
1315214106484,10,air
1315213732290,114650,air
1314212364741,1217,air
1316215587256,0,air
1315214105025,1000,air
1322221336959,0,air
1314212528069,42,air
1317216895490,19,air
1322221155118,1514,air
1322220969481,15301,air
1314212391763,88,air
1314212862991,718,air
1315213900273,752867,air
1316215554217,9100,air
1316215604733,87,air
1315215827686,37342,air
1314213025897,16993,air
1316214954455,226,air
1322220841466,0,air
1321219879210,10,air
1324222980322,3648,air
1324223165958,0,air
1314212630394,37696,air
1315213984154,102,air
1324222578991,0,air
1315214247266,9,air
1316214917926,500,air
1314212666212,0,air
1314212674131,26,air
1320218624068,3100,air
1314213100009,0,air
1316215321771,4758,air
1320219341068,10,air
1315213678269,2,air
1316215065210,0,air
1317215957263,49,air
1320218865792,391,air
1322220978516,0,air
1324223058518,0,air
1323221668926,15,air
1318217152471,4,air
1315213699123,0,air
1321220222323,5,air
1320219203849,352,air
1324222437093,10060,air
1314212953956,0,air
1316215016015,17474,air
1315215827585,30519,air
1315214425872,5,air
1314212696316,21044,air
1317216289482,0,air
1315215075781,0,air
1315213962386,14,air
1321220660955,61601,air
1314212426389,0,air
1314212641688,200208,air
1316215694821,10,air
1314212637944,5,air
1321219783798,4,air
1318217060235,0,air
1314212403291,0,air
1318216912838,0,air
1318216747182,0,air
1319217629120,12891,air
1314212440263,15,air
1324222682142,2298,air
1314212878730,5,air
1322221371370,269,air
1323221609860,0,air
1322221399746,3,air
1318216709788,255,air
1322220656540,155,air
1314213003736,0,air
1316214949188,3,air
1321219577804,535,air
1318216926182,500,air
1314212942054,0,air
1322220732818,255,air
1315213716259,269,air
1315213950153,1,air
1323221944313,15,air
1317216539128,0,air
1324222986996,1328,air
1314212779589,0,air
1314212829206,123,air
1321220607182,1414,air
1321219857366,52441,air
1315213716374,8565,air
1316215079904,10,air
1321220041937,0,air
1323222346672,0,air
1314212499723,16580,air
1321219931589,0,air
1314212881458,46,air
1321219601945,10,air
1320219236674,7390,air
1324222746226,4,air
1321220552828,2953,air
1320218825444,15707,air
1314212932230,6969,air
1320218906182,0,air
1320219146267,1982,air
1321219662640,0,air
1322221479355,250,air
1320222367272,1,air
1319217825355,0,air
1315214006330,5,air
1316215401694,1,air
1316215709902,10,air
1316215251505,13072,air
1317216013829,268,air
1322220674194,0,air
1324223228495,1,air
1314212679361,6188,air
1315213645017,4356,air
1314212670273,2,air
1314212669384,0,air
1324222413597,0,air
1323221681517,41915,air
1324223165147,0,air
1321219984186,5881,air
1320218888307,35,air
1315214367447,3746,air
1322221384579,3151,air
1322220663239,0,air
1321219728072,51977,air
1316214900019,271632,air
1322221441328,4167,air
1320219278138,40,air
1320219386291,10,air
1318217218647,2834,air
1314211928270,1,air
1316215290747,1880,air
1321219935830,98,air
1315214184780,10,air
1317215972504,0,air
1323221823937,0,air
1315213904093,39,air
1317215988700,15,air
1318217505698,81,air
1322221155169,5162,air
1323221816717,0,air
1321219704626,104,air
1320218863330,0,air
1315214314736,18,air
1323221651868,147,air
1315213592571,4,air
1316215120318,1000,air
1323222070880,4348,air
1323221577099,1,air
1323221772015,0,air
1322220803783,262,air
1314212556029,5,air
1323222354452,255,air
1315213937295,1999,air
1316215310335,255,air
1314212712549,22,air
1324222418182,0,air
1324222808887,0,air
1321220282382,15,air
1321221498088,3,air
1319218244592,255,air
1323221537273,0,air
1317216148763,514,air
1315214384758,332,air
1317215973191,0,air
1315214074130,20,air
1315213661996,20,air
1324222458731,0,air
1321220259978,255,air
1323222044048,1,air
1321219853417,0,air
1323221900766,1,air
1321220660930,4,air
1322221433598,11,air
1319218454039,9,air
1319218344998,922,air
1316215253206,691,air
1322220920425,55317,air
1315214392627,22,air
1314212695403,0,air
1319218395960,0,air
1314212330322,377,air
1322220639722,0,air
1320219343629,5,air
1316215782071,255,air
1322221349576,77,air
1316215020456,0,air
1320222370621,0,air
1316215454570,0,air
1315214356711,233,air
1317215918576,0,air
1318216913855,11464,air
1314212772293,0,air
1316218160291,5,air
1316215102536,0,air
1321220091464,0,air
1322220830172,7,air
1323222154460,408,air
1319218206694,3,air
1315213907393,500,air
1315215816455,1152,air
1317215971324,17,air
1314212724468,0,air
1318216867667,0,air
1324222704114,5,air
1321221565272,44,air
1315213979774,43,air
1316215027032,500,air
1319217769165,250,air
1322220858221,509,air
1324222677268,0,air
1322221058668,115,air
1315214339285,1704,air
1314212542296,1,air
1315213672862,0,air
1314212711838,15312,air
1321219469018,5000,air
1324222972376,2,air
1316214922130,13632,air
1315214112068,72,air
1321220015477,0,air
1323221821465,0,air
1324222671152,1,air
1322221307349,10248,air
1314212777611,15641,air
1321219969704,0,air
1317216382150,32,air
1321219817285,82,air
1323221587328,1143,air
1321219864269,0,air
1321220109033,14,air
1323221642945,0,air
1315213624291,0,air
1314212687469,1808,air
1314212536799,0,air
1318217185053,21,air
1316215027044,12179,air
1315213241728,0,air
1314212944437,6066,air
1316215413220,0,air
1319218532176,3100,air
1315214104919,500,air
1314212536383,0,air
1319217707912,341,air
1314212478224,23,air
1314212637957,5,air
1314214937512,62846,air
1320218778569,324,air
1315213921176,0,air
1320218784647,0,air
1323222350884,0,air
1318217592157,6075,air
1322221126865,20170,air
1323221605177,1504,air
1318217450206,81,air
1318216954432,9,air
1322220780884,3787,air
1319217707924,8752,air
1317216380194,0,air
1318216835900,0,air
1319218206706,26,air
1317216440370,2277,air
1324223230879,0,air
1322221328091,35,air
1319218295727,8,air
1315214174411,775,air
1317215984117,0,air
1320218957037,1566,air
1316215037856,13,air
1316215477555,28945,air
1324222560082,342,air
1324223044494,0,air
1319218127987,1,air
1320218694192,1,air
1319218515536,79,air
1320218704688,0,air
1323221815400,10891,air
1324222502496,3,air
1322220917948,3,air
1319218474260,3244,air
1315213696659,2845,air
1324223047352,153,air
1324222469090,0,air
1323222198549,750,air
1315215179678,0,air
1319218051934,0,air
1317215995263,5,air
1320218873572,27,air
1321219892066,0,air
1319218058446,4040,air
1318216944999,2,air
1314212749218,1779,air
1318217630019,1235,air
1320218962722,2224,air
1315214361533,42871,air
1320218768214,1000,air
1316215094499,250,air
1317215808938,0,air
1320219072232,0,air
1317215923727,29002,air
1315213741681,150,air
1314212322364,0,air
1315214245918,0,air
1320218724591,0,air
1316215541069,0,air
1320218759330,50039,air
1314212471383,661,air
1318216687362,0,air
1320219159959,2360,air
1314212737643,2632,air
1319218003566,0,air
1314212589915,41,air
1315213705623,5,air
1315214382451,5641,air
1321220377170,1,air
1320218834529,40,air
1322220715054,419,air
1321219820305,0,air
1323222286003,10,air
1322221273701,500,air
1322221327986,0,air
1319218346536,117548,air
1321219708221,0,air
1322221460177,0,air
1319219469463,0,air
1317216297438,156,air
1324222924211,34,air
1316215067620,16783,air
1315214061095,17531,air
1320218865653,558,air
1318217353616,5294,air
1319218244578,0,air
1321219454319,0,air
1315213874593,1500,air
1319218120246,1251,air
1318216928251,0,air
1318217442565,0,air
1315214464962,0,air
1315213704947,0,air
1324222715094,0,air
1323222351571,0,air
1314211959440,1897,air
1315214235386,0,air
1323222318420,0,air
1321219596754,936,air
1321220473704,2,air
1320219176979,3621,air
1322221447687,12244,air
1315213731425,1009,air
1320219174784,0,air
1316216640779,0,air
1319218198962,245,air
1314212453070,1324,air
1315214006165,10,air
1320219214145,255,air
1318216952693,32,air
1322220678635,13,air
1319218270142,5,air
1315214420806,0,air
1324222784276,3755,air
1320219380185,0,air
1316215761293,0,air
1317216601967,180,air
1323221686759,0,air
1316215020049,0,air
1320218704308,2,air
1323221841834,1,air
1314212608424,0,air
1315213656251,0,air
1317216435774,0,air
1315214155590,500,air
1322221018310,255,air
1314212573671,0,air
1314212933283,46,air
1321220659534,10,air
1315214223455,96,air
1321220316020,0,air
1318216786602,1,air
1324222962490,0,air
1322221380658,3731,air
1317215815541,8842,air
1317215988698,2,air
1315214193094,25,air
1315213880990,1267,air
1323222432243,20729,air
1314212698423,1,air
1317215931902,5,air
1324223052883,61,air
1314212335766,10,air
1316215074232,255,air
1315214249930,5,air
1322221115470,10089,air
1322220969505,335,air
1324222913838,68,air
1320218784635,0,air
1316215394913,0,air
1324222981286,0,air
1321220163772,0,air
1323222345819,0,air
1322221565880,0,air
1317215830353,250,air
1322221336148,27516,air
1316217685472,0,air
1319219407119,9144,air
1320219396847,0,air
1321219667882,4,air
1316215032222,2127,air
1322220749992,92,air
1314218588681,34465,air
1316215087925,667,air
1319217814300,1,air
1317216458366,17129,air
1316215136211,1,air
1316215368616,1,air
1317216513198,0,air
1324222576542,0,air
1315218523506,0,air
1317216138368,0,air
1324222459087,14,air
1314212860783,225,air
1320218899957,0,air
1324222980866,962,air
1314212547246,11806,air
1322221111634,0,air
1320218802460,0,air
1315215310970,692,air
1314212396473,6453,air
1314213019538,1,air
1314213971599,6,air
1318217209838,0,air
1323221535139,5,air
1318217137456,10,air
1321220412720,908,air
1322220978199,3,air
1315213736768,0,air
1315214029605,0,air
1314212702652,0,air
1315213632779,255,air
1317216068419,10,air
1321220523385,10,air
1323222170589,183,air
1316215007220,41844,air
1324222911048,2,air
1323221713441,8,air
1314211931480,12800,air
1315213701600,881,air
1314212728493,617,air
1320218865780,464,air
1315214385306,0,air
1323221648052,49600,air
1323221959873,7684,air
1318217454572,0,air
1316215472679,9900,air
1319218273439,4769,air
1317215809765,0,air
1322220806943,1,air
1320218637130,17048,air
1315214110710,250,air
1323222154559,15,air
1321220468716,0,air
1316215381411,22,air
1316215580123,48,air
1323221624113,0,air
1319217965654,0,air
1316215366206,16065,air
1320218865691,5659,air
1314212718112,0,air
1314212873335,1336,air
1315213992136,63,air
1322220854754,0,air
1324223199656,2790,air
1315214418737,0,air
1314212545343,274,air
1315213857410,261,air
1319218014468,337,air
1321219468826,35,air
1317215813407,35,air
1320218655304,0,air
1319217909252,974,air
1322221083684,0,air
1321220008852,0,air
1315213604489,0,air
1322221395674,650,air
1314212887020,0,air
1315214406353,1103,air
1315213962412,239601,air
1317216498511,0,air
1322220666301,237,air
1322221461674,10270,air
1323221626258,0,air
1319218273124,3,air
1316215689961,670,air
1319218330330,0,air
1315217700160,0,air
1315215827700,23736,air
1323222333799,6,air
1320219226685,190,air
1324222893012,1,air
1320219275942,0,air
1314212369870,10,air
1323221596392,10540,air
1319218069490,10,air
1321220101986,0,air
1321220490751,839,air
1314211917113,2,air
1314212497414,5,air
1315214015479,5627,air
1315213235548,0,air
1315213940378,31960,air
1315213857372,7725,air
1314212859324,579,air
1316215044203,272,air
1322221294061,844,air
1323222011862,0,air
1315213861519,138,air
1323221643911,0,air
1323222239232,0,air
1321219767783,154,air
1322220861239,0,air
1322221461635,1650,air
1322221286065,165,air
1321220082388,33865,air
1315213193776,10,air
1321219515386,28800,air
1324223132147,64,air
1318216807812,0,air
1314212911667,531,air
1316215352725,0,air
1321219756994,500,air
1314212481042,27,air
1315213682281,8982,air
1319218574426,3035,air
1315213850023,500,air
1314212527143,0,air
1316215303583,0,air
1315214339234,121,air
1314212303693,3,air
1314212900144,849,air
1314213020338,10,air
1314213961865,0,air
1317216256545,250,air
1321219779117,0,air
1322221060395,11651,air
1322221100593,0,air
1317218456147,0,air
1324222746214,11,air
1323222387122,991,air
1315214412571,500,air
1314212498810,1,air
1319218066304,27,air
1315214260313,76,air
1320219054196,500,air
1321219919483,250,air
1321220520163,0,air
1321220291189,1,air
1321219779410,0,air
1317216385664,84,air
1319217838743,20,air
1317216458493,5,air
1318217280597,7209,air
1316215530989,20250,air
1316215586088,5722,air
1316215598830,1000,air
1314212663708,0,air
1319217611565,20414,air
1315213225269,3,air
1320218852263,12,air
1322221461561,0,air
1323221768839,0,air
1314212881522,28,air
1315213999218,825,air
1316215043504,0,air
1314212496780,0,air
1319218027009,3633,air
1320218819530,88488,air
1320219246093,0,air
1324222986921,2670,air
1320218599001,28708,air
1315214422255,30,air
1315214264246,320000,air
1315214027765,0,air
1320218813968,1204,air
1318217009479,250000,air
1314212428027,0,air
1315213640244,1,air
1320218765550,1,air
1314212555953,1085,air
1315213207475,3,air
1319218259760,10,air
1315214031914,111,air
1317216402685,18,air
1321220024917,167,air
1314212525695,0,air
1314212940480,2349,air
1319218032441,0,air
1323222137287,4,air
1323222228102,0,air
1316215727569,0,air
1323222258509,46,air
1321220494619,1672,air
1315217548890,5396,air
1314212916744,10920,air
1314212757583,9736,air
1314212414787,0,air
1315213872740,602,air
1315214456319,0,air
1317215816719,5,air
1315213533540,18188,air
1320219172259,618,air
1319218048003,0,air
1320219115589,13080,air
1317216466793,4045,air
1317216057063,0,air
1319218029902,0,air
1315214114795,39,air
1317215988066,524,air
1318216829349,6,air
1316215022690,58784,air
1324222514097,255,air
1316215442563,1039,air
1317216573600,0,air
1316215731047,0,air
1319218288153,954,air
1314212434219,35602,air
1318216834642,21600,air
1324222533921,12623,air
1319217740315,5,air
1315214432989,0,air
1317216438907,895,air
1318217507045,370,air
1314212530568,18361,air
1318216748741,0,air
1314212479188,23920,air
1323221710142,6,air
1324222620510,0,air
1314212803593,33800,air
1322221071499,0,air
1319217757513,5,air
1322220639847,0,air
1316214950469,1,air
1316215191851,9,air
1314211900915,0,air
1320219249481,0,air
1322221298856,0,air
1314212638922,14,air
1323222158560,0,air
1319217975820,10,air
1319218193302,1977,air
1315213184916,10,air
1315214256442,68,air
1315214006381,78,air
1316215224902,2,air
1318216980363,500,air
1320219270105,10,air
1324222437067,6564,air
1323222163685,142,air
1321219906435,160,air
1322221236019,0,air
1314212560181,36315,air
1320218732131,0,air
1316215089018,15375,air
1315213969102,0,air
1314212793780,255,air
1322221575083,0,air
1318222391486,27,air
1321219700150,0,air
1320218955639,1142,air
1320219394285,1110,air
1321219811419,110740,air
1314212321867,0,air
1314215788670,0,air
1324222468694,0,air
1324222868097,4003,air
1324222521611,451,air
1314212303871,5,air
1323221621079,0,air
1315214107664,1,air
1317215936117,24137,air
1315214401655,0,air
1321220389795,0,air
1315214394506,404,air
1321220116483,8581,air
1322220742415,385,air
1317215848363,147,air
1316215052731,0,air
1315214500910,250,air
1318216983508,29690,air
1319217898663,750,air
1315213831973,111,air
1314212557553,0,air
1322220870861,4,air
1320218776262,0,air
1323221712096,3750,air
1323221628884,271,air
1317215812470,49798,air
1317216163117,312520,air
1315213735653,13022,air
1316215028717,2,air
1321220135204,0,air
1314212505162,250,air
1315213619392,4529,air
1316215116688,220,air
1315214182673,3600,air
1315214189007,9064,air
1323221626688,9849,air
1324222542159,0,air
1321220520062,10,air
1322220703932,525,air
1316217712710,0,air
1317216289557,447,air
1319217851955,0,air
1314212763559,1681,air
1319217794369,0,air
1319218528610,10,air
1321219631429,2,air
1316216348843,11965,air
1315214091062,1399,air
1317215805829,0,air
1316215409133,8000,air
1316214972325,0,air
1315214009235,2280,air
1314214388795,21,air
1324222503551,11827,air
1323221643935,0,air
1318216705715,0,air
1315214213530,1,air
1319218504355,0,air
1321219677085,0,air
1317216279430,0,air
1323221974140,2587,air
1321220542803,10,air
1314212305015,2,air
1314212325334,5937,air
1314212553731,172,air
1315213230915,0,air
1315214006417,14,air
1314212786040,6,air
1319218261271,0,air
1317216017400,50926,air
1318216776310,0,air
1315214220954,22,air
1316215328752,0,air
1322220816007,0,air
1316215445901,33079,air
1323222170591,72,air
1315214272700,1220,air
1317219407083,14782,air
1314212902581,0,air
1320219097351,17750,air
1314212826299,0,air
1314212979785,1,air
1314212655359,3101,air
1319217758578,6736,air
1319218210173,0,air
1317215820806,10,air
1319217809502,1,air
1319217828146,0,air
1320218998134,0,air
1324223174487,32541,air
1319217750367,140,air
1323222190567,0,air
1316215217833,2479,air
1324223166719,104695,air
1317215945369,0,air
1315213665211,0,air
1318217511207,34099,air
1315214341152,0,air
1314213071196,119,air
1314212974733,76,air
1315214048199,844,air
1321220300053,0,air
1321219828581,6,air
1317215933286,0,air
1320219296504,0,air
1320219337781,5,air
1317216432447,0,air
1320219112556,0,air
1314212886853,0,air
1318217339884,2,air
1316215219546,0,air
1316215491491,336,air
1316215342407,0,air
1322221032283,125,air
1320219375817,0,air
1321220277420,0,air
1323222004362,0,air
1323222271266,1726,air
1318217252586,373,air
1318216798076,1072,air
1322221420654,0,air
1321219635404,12,air
1315213685276,12740,air
1317216568889,7,air
1322220996413,13423,air
1322221441239,0,air
1322220794034,5,air
1322220830160,0,air
1323222348726,3005,air
1324222697082,500,air
1316215039850,0,air
1322220942965,240,air
1315213982174,10,air
1323221677343,10,air
1315213959517,10750,air
1314212450353,10,air
1314211928318,1,air
1323221623554,0,air
1317216616449,0,air
1317216464418,0,air
1315214252963,5,air
1314211883513,5,air
1315213701865,47225,air
1323221787854,69,air
1314212749345,0,air
1318217283581,255,air
1322220781330,0,air
1322220793780,1211,air
1320219258670,5,air
1322220982161,0,air
1321220389959,1848,air
1321220102572,10,air
1322220697332,47,air
1324222899510,366,air
1320218798421,46,air
1319218612238,2,air
1318217170950,10,air
1324222444566,14,air
1322220732224,3,air
1322220779399,10,air
1314212655258,10,air
1316215355417,0,air
1323222139937,42,air
1316215205509,0,air
1318216743157,49050,air
1320219168820,0,air
1318217282348,0,air
1316215128758,0,air
1317216270759,0,air
1316215075793,0,air
1323222044164,0,air
1323221988633,7505,air
1314213174547,13688,air
1322220640585,5,air
1320218736736,648,air
1322221071830,0,air
1322221380266,3620,air
1324222736528,6731,air
1323221664624,389,air
1317216425037,0,air
1318216788493,38482,air
1323221984343,1802,air
1319218573487,174,air
1323222175921,73436,air
1314212881926,0,air
1322220951457,0,air
1315213197270,338780,air
1318217181357,1507,air
1321219610312,0,air
1323221660513,2,air
1322221008143,0,air
1321219670674,0,air
1317216513174,0,air
1321220473779,0,air
1324223039811,0,air
1319217902814,0,air
1317216601500,0,air
1321219639679,0,air
1316215031131,3040,air
1315213743077,0,air
1315214187104,0,air
1322221461585,0,air
1314212962169,1500,air
1314213045483,1965,air
1317216617860,10,air
1317215882604,0,air
1316215531068,8,air
1314212601583,455,air
1322220765477,0,air
1322220851695,309271,air
1321220661666,0,air
1322221267077,0,air
1314212639494,350,air
1315213557010,0,air
1314212492324,0,air
1314212350829,0,air
1324222710319,0,air
1320218719906,0,air
1323221835438,507,air
1314213065028,0,air
1322220636676,0,air
1314212385153,25,air
1322221328026,0,air
1324222899231,152,air
1314212462319,4,air
1322221268105,3,air
1321220041875,5743,air
1321220142261,250,air
1317215930734,5368,air
1315214343422,0,air
1315213688169,6750,air
1314212634644,26910,air
1323221850415,0,air
1324222558076,5,air
1322221243456,11297,air
1323222011571,12,air
1324222418814,0,air
1315215653953,302,air
1319218412118,157,air
1321220301764,8846,air
1321219903566,0,air
1314212584205,0,air
1321219893575,77,air
1314213065168,255,air
1316215037159,1680,air
1324222567707,16,air
1322221390899,1600,air
1316215549155,5,air
1317216230476,45,air
1323221950342,1500,air
1319218044713,0,air
1321220375051,28,air
1320219234150,32895,air
1314212507139,5853,air
1319218481594,0,air
1322220810865,5,air
1314212996274,14,air
1322221237504,0,air
1314212943524,3732,air
1317216214460,1,air
1314212332670,5253,air
1316215044102,99,air
1317216122655,250,air
1318216790865,35880,air
1317216306757,4583,air
1314212446684,5901,air
1315214432953,2360,air
1321219666625,250,air
1318217021411,44,air
1322220669004,4965,air
1316215108717,0,air
1314212876888,1500,air
1324222584132,1,air
1322220650547,10,air
1321220015200,0,air
1319218031856,0,air
1322221139797,13091,air
1319218225706,0,air
1323221788250,107800,air
1315214298921,3210,air
1321219689991,5704,air
1314212776355,0,air
1324222963706,8842,air
1320218739478,14284,air
1323222430403,39535,air
1317216075376,250,air
1314212453334,0,air
1321220277469,1,air
1321220316018,0,air
1324222988572,12353,air
1315214370355,0,air
1321220471611,0,air
1315214393353,498,air
1317216247876,5,air
1315213231172,8424,air
1320218865665,3079,air
1315213969049,0,air
1320218845752,1235,air
1315214272686,12,air
1315213668318,17120,air
1317216549269,3603,air
1314212585057,0,air
1316215547643,7504,air
1321220395673,1,air
1315213865052,82,air
1322221080169,0,air
1319217962152,0,air
1314212909004,0,air
1319218491064,0,air
1315215179666,191,air
1314212543805,10,air
1322220765465,0,air
1317216499968,10,air
1321219975137,0,air
1314212620443,4152,air
1315213965849,0,air
1315214215562,11,air
1317215812468,3035,air
1315213841772,2261,air
1314212498303,0,air
1314212555092,1379,air
1324222414486,0,air
1322220996514,40150,air
1323221729635,7157,air
1317216346104,2187,air
1315213736832,0,air
1315213819814,339,air
1314212428585,0,air
1314212850743,0,air
1315213874579,150,air
1319218052886,3980,air
1322220817112,0,air
1320219212762,0,air
1314212488605,6127,air
1316214979344,11,air
1319218496192,1031,air
1321219659947,13455,air
1315213807163,0,air
1322220810220,0,air
1321220238188,25,air
1322221223860,0,air
1317215965524,5445,air
1319218395921,0,air
1314212428635,9,air
1320218865741,0,air
1314211938220,0,air
1319217735277,0,air
1322221008891,5,air
1317216010254,7,air
1317216268476,0,air
1318216920835,793,air
1321220257063,39301,air
1318216808853,0,air
1314212823266,16000,air
1317216402646,5,air
1324223097181,57908,air
1314212428039,0,air
1314212439107,1,air
1315214314724,0,air
1322220834360,11340,air
1316215470509,27,air
1322220832861,5575,air
1324222567695,262,air
1316215353184,0,air
1315214321539,0,air
1316215471754,55,air
1315213593888,0,air
1319218140352,10,air
1314212975888,10,air
1318217283833,2946,air
1316215534672,11,air
1317215922966,0,air
1316215545043,2687,air
1321219695931,0,air
1323222367815,0,air
1324222521231,0,air
1320219229325,5,air
1314213237581,0,air
1318217159514,3,air
1318216910455,0,air
1324222528085,1,air
1315214204000,0,air
1321219448382,132000,air
1316217623519,5,air
1314212786368,178,air
1314212790760,0,air
1324223165135,0,air
1314212549202,10,air
1314212876155,0,air
1316215673070,0,air
1321220015465,0,air
1323222255984,10381,air
1318217338526,302,air
1319218206720,14,air
1315215827609,10809,air
1321220041901,0,air
1323221763156,0,air
1317219442896,0,air
1314212541104,0,air
1324222411100,61,air
1322220660120,10,air
1324223047453,25096,air
1316215640614,359,air
1324222641526,27232,air
1324222943351,52,air
1318217507084,163,air
1315214339196,110,air
1323221581325,4337,air
1316215677194,5,air
1321219911981,174,air
1316215424197,27280,air
1318217074057,5,air
1324223023906,1499,air
1324222646679,1500,air
1317216089425,5,air
1321220069379,3,air
1323222238976,0,air
1324222704292,3,air
1314213043918,0,air
1318217398445,1571,air
1318216750164,5,air
1320218674695,0,air
1323222329625,0,air
1314212368524,5,air
1314212443218,35,air
1324222734067,0,air
1314212541080,5,air
1314212638011,5,air
1320219169873,0,air
1321219905130,88850,air
1316215539774,0,air
1319218026971,17163,air
1319217629613,324,air
1320219294408,0,air
1319217798685,6631,air
1322221332644,4863,air
1317216617605,0,air
1320219123876,11771,air
1314212682571,0,air
1314212797260,582,air
1324222588687,181,air
1318218234235,10,air
1320219037785,24,air
1323221667138,0,air
1319218082826,6,air
1320219303258,8757,air
1321219631431,2,air
1317216498497,0,air
1322221218718,77675,air
1320218694180,227,air
1318219407107,16989,air
1315215278742,0,air
1324223120092,0,air
1321219452632,840,air
1324222974560,4950,air
1314212822377,5675,air
1316215037514,0,air
1317216376640,71,air
1315214137147,30,air
1315214368185,71,air
1318216889182,0,air
1315213804723,0,air
1322221066665,3,air
1324222668535,439,air
1315213720624,5281,air
1321220382295,0,air
1315213934639,0,air
1315214331302,271,air
1314213106053,10,air
1318217080466,1458,air
1321220184028,0,air
1317216237242,361,air
1324222848564,40,air
1315214062566,5471,air
1324222821581,1120,air
1318217238765,402,air
1314212412439,0,air
1318220596528,15,air
1323222137895,341,air
1316215294986,17,air
1317216491492,182,air
1322220751491,0,air
1323221642186,1803,air
1323222180275,50,air
1317216778011,0,air
1320219358633,3,air
1314213045368,500,air
1316215766991,0,air
1316215449909,10,air
1321220372383,0,air
1321219601477,14,air
1323221948553,124,air
1314212560306,205,air
1318217538356,5,air
1320219010485,6768,air
1322221371154,103,air
1320219277605,2,air
1323221949629,0,air
1315213882691,22529,air
1314212321766,0,air
1314212892069,4108,air
1320218693113,11,air
1324223160742,0,air
1316215066895,0,air
1322221431051,26306,air
1321219468612,0,air
1320218578096,2,air
1319218139297,908,air
1318217322496,1,air
1321220163620,2,air
1314212551156,0,air
1314212983441,10,air
1316214966451,28179,air
1322220941330,500,air
1322221441355,0,air
1321220032561,0,air
1315214252761,0,air
1315213906466,0,air
1322221467335,0,air
1317216191369,620,air
1318217022603,0,air
1322220740094,1736,air
1314212352850,0,air
1320219291960,7,air
1318219028255,0,air
1314212509727,0,air
1315214357600,0,air
1315213196013,1660,air
1323221626664,0,air
1316215580061,122,air
1318216910291,7,air
1324222851836,227,air
1315213673104,15246,air
1314212324457,5,air
1324222577963,61,air
1318217137468,10,air
1316215493901,1375,air
1319218487801,0,air
1324223012612,14196,air
1324222518856,401,air
1315213249562,1,air
1317216293643,260,air
1324222987063,1447,air
1323222346126,10,air
1322220750475,0,air
1320218593693,215365,air
1324223091644,539,air
1315214213579,108,air
1314212512925,2,air
1315213993102,12661,air
1322220766455,10,air
1316215191800,2891,air
1319218032237,0,air
1316215446218,10,air
1315213716362,0,air
1316215045333,500,air
1318217398407,3200,air
1323221556069,0,air
1314213028020,12038,air
1316215127186,25192,air
1323221677356,4,air
1315213684576,6700,air
1319218549564,9035,air
1315213805967,0,air
1316215630575,246,air
1315214417115,0,air
1314213018930,10,air
1317216424960,3440,air
1315214264350,170000,air
1314212860771,4,air
1324223092824,0,air
1318217337373,10803,air
1320218764746,0,air
1324222895702,0,air
1323222044024,0,air
1320219226584,0,air
1323222265542,0,air
1317215909932,24063,air
1315218636811,1,air
1316218654604,52,air
1322221324217,500,air
1323221566173,218,air
1322220805725,24635,air
1318216983445,0,air
1321219774484,250,air
1319217710161,24,air
1319218092005,10,air
1322220679346,0,air
1324222418509,0,air
1321222574345,0,air
1317216573612,0,air
1322220756757,0,air
1315213967641,0,air
1323221720129,0,air
1314215804497,101110,air
1323222378972,27196,air
1319217777630,250,air
1319218212557,0,air
1317216245175,156,air
1315214379758,76091,air
1314212682102,0,air
1323222422572,0,air
1315214006443,22000,air
1315214438246,0,air
1315213903572,2100,air
1317216617302,0,air
1321220477400,4079,air
1316215706476,0,air
1323222277030,0,air
1321220471623,1370,air
1319217981315,2986,air
1319217819426,632,air
1315213959606,4254,air
1314212304998,39732,air
1314219435272,106,air
1321219469727,79,air
1316215588587,45,air
1314212790758,0,air
1318217149184,35,air
1317216110041,5,air
1316215288390,0,air
1324222833461,2722,air
1317215868050,1140,air
1315214428435,212,air
1316215260187,11732,air
1315213662000,0,air
1315214331466,2,air
1324222706943,1,air
1323221628175,5232,air
1314215376753,7756,air
1317215931888,19,air
1317216464014,2945,air
1315214445417,0,air
1315214457792,0,air
1317216191320,6560,air
1319218205944,0,air
1320218723500,276,air
1314213106634,1170,air
1314212919144,0,air
1324223108756,13,air
1317215967910,1,air
1323222060725,5800,air
1314212659650,0,air
1323222164372,19105,air
1316215381219,13882,air
1321220516355,0,air
1315213983810,358,air
1314212566564,32,air
1315213896525,4028,air
1316215081860,5,air
1321219926639,0,air
1319218504203,0,air
1316215676952,5,air
1323221596556,0,air
1324223203807,67,air
1319218157384,350,air
1314212311500,271160,air
1315214896401,583,air
1315213706017,15,air
1314212890913,0,air
1323222196899,0,air
1317216707846,0,air
1321220555650,28956,air
1323222277016,0,air
1321220516189,159,air
1322221543162,0,air
1324222583268,0,air
1324222746113,594,air
1320218726634,0,air
1314212556740,0,air
1324223048671,0,air
1322220845022,12763,air
1315213766393,5574,air
1316215444136,23,air
1323221611320,11,air
1314212611634,15214,air
1320219216381,14214,air
1324222518072,0,air
1314212318341,302,air
1316215146059,0,air
1316215577255,2960,air
1314212907366,174,air
1315213853563,1,air
1320219289889,0,air
1324223005479,0,air
1314212450771,500,air
1324222630321,41,air
1314212748709,57341,air
1314211927468,2995,air
1316215545450,28000,air
1323221748130,1120,air
1323221790672,0,air
1317216618090,500,air
1324222986135,257,air
1316215604772,0,air
1322221461623,6000,air
1315213760477,5,air
1321220024893,1234,air
1314212823254,0,air
1323222343840,0,air
1323221925807,0,air
1323221571399,0,air
1319217782135,21616,air
1322220660132,10,air
1314212893022,0,air
1314211925084,218,air
1321219891850,11263,air
1323221713427,1,air
1318217033240,4511,air
1316215544937,1440,air
1318216834768,34000,air
1322220781328,0,air
1323221546928,4115,air
1324222732327,0,air
1318216981819,1599,air
1324222588598,21,air
1324222765416,0,air
1324222997722,0,air
1319217746890,91,air
1318217014632,63,air
1316215445747,331,air
1320219197136,5984,air
1317216114811,1199,air
1318216924555,0,air
1314213144835,6205,air
1322222549901,207,air
1319218203851,250,air
1314212383071,5228,air
1316215694819,255,air
1316215362144,0,air
1317216190049,0,air
1315214033680,370867,air
1315214043527,2819,air
1322220764765,12136,air
1320218769572,1064,air
1319217661077,10,air
1317216229575,0,air
1316215462742,0,air
1323222285975,5,air
1317215945332,0,air
1324222910984,149,air
1314212654166,0,air
1324222849489,0,air
1316215066364,5,air
1318217735529,0,air
1320219393372,0,air
1319218261939,0,air
1318216912651,0,air
1318217307406,1302,air
1314212783169,41,air
1318217176775,0,air
1315214277105,76,air
1316215076439,0,air
1322220857181,0,air
1317216607376,56,air
1316215373022,604,air
1316215373059,7930,air
1314212396574,0,air
1317215909589,0,air
1322220648113,555,air
1320220657478,47,air
1324223119633,0,air
1320218648095,5,air
1318217153598,0,air
1315214223238,2,air
1321220041990,0,air
1315214040178,0,air
1320219065962,1,air
1315214222681,155456,air
1322220997175,1508,air
1321220041976,231,air
1317216425571,0,air
1321219529118,1166,air
1315213810916,86,air
1317216606172,202,air
1316215000694,656,air
1314212991386,0,air
1323222329308,0,air
1323222337988,10,air
1321219923671,289,air
1314219435260,0,air
1320219217205,0,air
1317216207629,6,air
1323221605532,0,air
1323221771191,10,air
1316215035433,241,air
1319218133597,1871,air
1316215682079,12,air
1315214135295,0,air
1316215328788,1655,air
1315213889658,364,air
1317216219295,5496,air
1314211894706,0,air
1324222690822,1986,air
1322222500732,0,air
1322220794630,0,air
1315214433258,464,air
1314212813962,1500,air
1314213112028,12250,air
1314212735221,0,air
1315214102333,0,air
1322220997124,350,air
1316215702313,18352,air
1320218721025,0,air
1324222711412,0,air
1321220602926,0,air
1314212613665,1876,air
1317216616452,18800,air
1323221826201,5,air
1322220670347,0,air
1318217411824,242,air
1321220142172,0,air
1319218184012,1489,air
1321219721560,0,air
1314212976462,2,air
1314212873487,12,air
1322221148760,0,air
1320218841435,58378,air
1315214038440,250,air
1319218525222,3,air
1314212349676,0,air
1317216262156,5045,air
1316215291651,0,air
1318216947921,259,air
1324222603971,8,air
1320219184936,0,air
1322220790164,18,air
1317216527465,23,air
1322220690123,0,air
1322221293754,824,air
1315213766330,128,air
1323221950951,0,air
1323221910755,142,air
1316215288109,0,air
1322220701092,0,air
1314211915119,5,air
1318217149121,19,air
1314212378424,1228,air
1324223160654,39317,air
1324222524783,0,air
1324222710853,0,air
1320219112570,0,air
1315213797107,8870,air
1316214923169,7326,air
1314212943334,6384,air
1323222345973,0,air
1314212568051,21,air
1323221554557,1,air
1320218774673,0,air
1318217307204,26228,air
1318217539550,0,air
1315213965864,0,air
1319217685318,500,air
1316215031321,278,air
1320219246889,1536,air
1324223089107,0,air
1323221818937,330,air
1316215288630,5,air
1316215269515,2,air
1314211946963,14800,air
1316215781143,0,air
1323222313999,10831,air
1324223121207,10,air
1320218863342,0,air
1318217507250,0,air
1317216276814,0,air
1321219910256,35,air
1321220412631,13,air
1322220931125,11,air
1314212317061,0,air
1323222292322,0,air
1318216991758,0,air
1315214189021,0,air
1318216834111,5,air
1315213624303,387,air
1317216135602,23,air
1316215074345,3425,air
1322222500377,0,air
1318216837904,0,air
1320218774216,1,air
1318217547417,48,air
1321220606103,0,air
1317215830252,8610,air
1315214038414,5,air
1315213945607,520,air
1318217139397,2131,air
1316215274628,8205,air
1315214166872,2,air
1322220984912,1,air
1324222947071,6,air
1314212728719,0,air
1314213122765,0,air
1314212918989,123,air
1316215361369,72,air
1321220100630,10351,air
1318219044524,5,air
1321219613460,7165,air
1314212750044,0,air
1321220037511,10,air
1319217671268,120,air
1314212623716,0,air
1314212829271,6330,air
1315214469811,10,air
1324223181898,0,air
1315214142628,3,air
1315214215168,286,air
1317216180772,4810,air
1315214241186,22078,air
1314212512937,34496,air
1315213822226,0,air
1324222899243,307,air
1319218225718,9880,air
1315213764549,0,air
1324222495653,26,air
1323222255566,3060,air
1320219209614,10,air
1323221626536,379,air
1323221837139,4514,air
1323222338612,437,air
1322220852723,10,air
1322220752036,0,air
1315214399812,125,air
1316215116599,718,air
1315214073835,0,air
1321220001073,8,air
1314212659763,37,air
1315213948262,50,air
1317216135588,2495,air
1317216244828,10,air
1322221365404,0,air
1314212681199,0,air
1318217647508,10,air
1323221871837,9,air
1320219034319,0,air
1320219236953,0,air
1315214331516,287,air
1317218613709,25,air
1316215442118,0,air
1319217656418,40363,air
1322221519061,3990,air
1323221609872,0,air
1316215574361,1085,air
1316214982605,14937,air
1319217854809,8119,air
1315213658937,12,air
1315214162240,0,air
1322221401197,10028,air
1321220054985,14636,air
1324223149663,10,air
1322220703920,26,air
1323221560030,6482,air
1315213637539,211,air
1314211923267,1675,air
1316215399472,500,air
1323221664004,0,air
1323221839285,0,air
1322220877462,1,air
1316215486109,1,air
1314212943548,741,air
1315218588679,34434,air
1320218853024,2397,air
1322221324205,15,air
1322220937294,0,air
1321220091476,0,air
1322221441241,0,air
1323222361230,0,air
1319218515548,74,air
1315214079826,541,air
1318217197704,350,air
1323222282651,250,air
1319217685611,500,air
1314212349892,66,air
1317216762409,1307,air
1317215919147,10,air
1315214117828,0,air
1324222997847,0,air
1322220810891,0,air
1318217042567,103556,air
1315214331478,100,air
1316214983506,0,air
1322221445315,0,air
1322221498417,383,air
1316215722594,825,air
1315213217918,10,air
1314212856645,0,air
1322220836478,7810,air
1316215184805,3,air
1315214213581,387,air
1316215020443,0,air
1315213971005,2,air
1316215626728,0,air
1316214982074,154000,air
1317215934504,10,air
1318216992899,161,air
1323222025722,810,air
1318218481190,8914,air
1314218160303,5,air
1315213935289,116,air
1324223010618,0,air
1314212886903,19,air
1315214338701,11981,air
1316215010505,9,air
1315214349146,0,air
1317217672563,383,air
1315214250300,5,air
1315213201460,0,air
1316215051285,433,air
1314212753368,10,air
1314213010958,0,air
1322221434917,8,air
1322221156312,214,air
1316215166733,500,air
1321219782671,17596,air
1321220540963,10,air
1316215050194,0,air
1324222500617,2064,air
1322221433840,3234,air
1317216539104,158449,air
1322220749980,0,air
1321219824190,11,air
1321220120861,5536,air
1323222044000,1511,air
1314211931249,172,air
1321220164990,196,air
1314212797346,255,air
1323222398760,0,air
1322221445000,310,air
1320218590952,0,air
1315214049367,0,air
1319217893407,0,air
1322222301842,10,air
1323221686761,0,air
1321219676754,240,air
1317215996517,3537,air
1323221950278,0,air
1314212427239,0,air
1318216865966,0,air
1320219034321,5276,air
1319217820986,10,air
1322220864817,67946,air
1319218291971,2373,air
1319218272793,0,air
1322220918825,0,air
1314212997199,0,air
1319217836752,3255,air
1323222137883,72,air
1317215841230,500,air
1315213629165,255,air
1314212456305,3578,air
1316215287463,17940,air
1315214116547,247,air
1318216789937,0,air
1323221681493,5676,air
1323221780657,2772,air
1315214412280,27,air
1324222986984,173,air
1314213246578,11,air
1317216260051,0,air
1323222143000,0,air
1324223018589,750,air
1321219651039,255,air
1321220128514,2928,air
1320221547868,442,air
1321219800760,631,air
1321220540975,0,air
1321219684800,0,air
1322221401173,0,air
1315213941673,233649,air
1317216402521,84,air
1317216585000,255,air
1319217761384,12018,air
1314212718959,250,air
1314212378400,975,air
1317216135626,0,air
1319218526212,0,air
1320218674214,42040,air
1318216845228,1461,air
1321220091274,150,air
1320218575328,0,air
1322221403342,150,air
1324222890129,0,air
1315213962424,2420,air
1321220042939,0,air
1317216466781,1724,air
1315214388908,89,air
1315214425884,0,air
1315213208921,226,air
1320218741306,0,air
1315213208919,4,air
1315214384543,500,air
1323221995323,175,air
1317216306771,11559,air
1317216138370,255,air
1315214045977,436,air
1315214277030,15377,air
1317216407003,0,air
1315213721285,0,air
1316215626730,100,air
1315213815424,0,air
1316214978025,0,air
1324222594273,0,air
1318216782399,3,air
1314212507622,35,air
1323221609807,0,air
1322220810574,10,air
1315213849730,7294,air
1322221024300,6,air
1314214069849,0,air
1323221563303,25588,air
1323222043008,5688,air
1315213585033,2899,air
1319217976289,0,air
1314212796041,10,air
1317216138723,22668,air
1324222448678,5081,air
1323222282663,0,air
1320219260496,210,air
1314213022027,2058,air
1315214135319,0,air
1321219630757,5,air
1322221333293,0,air
1322220835627,340806,air
1322220978187,1,air
1321220454728,6,air
1324222409334,0,air
1324222421745,4,air
1315213910476,783,air
1317215866260,0,air
1318217149160,1202,air
1319218206718,1,air
1314212476941,0,air
1315214269108,110,air
1314212437444,0,air
1315213240866,46,air
1318217266675,0,air
1321219699461,1904,air
1320218796480,4,air
1314212338305,0,air
1319217870068,1,air
1314211913924,2230,air
1324222411086,1028,air
1321219493917,172,air
1318217539612,27,air
1316215019175,270,air
1320218725974,883,air
1323222300244,0,air
1321220607764,2,air
1314212785404,0,air
1317216479485,0,air
1320218770143,1,air
1315214215586,51589,air
1319221476221,250,air
1316215211715,0,air
1314212943435,104867,air
1316215264007,498,air
1316215383100,4900,air
1317216294494,0,air
1321220175689,128,air
1324222750984,3070,air
1315213688183,0,air
1317216392807,15,air
1319218524561,0,air
1322221733342,0,air
1318216753970,0,air
1317216135222,1,air
1314212427999,0,air
1322221433218,171,air
1314212580967,1442,air
1322220978567,0,air
1324222825960,0,air
1322220703944,5,air
1324222435719,255,air
1319218166407,5,air
1322221145574,3680,air
1322220786178,2110,air
1322220827404,32,air
1321220508485,2911,air
1317216494815,0,air
1321219743806,0,air
1322220633743,5,air
1314213174257,5286,air
1316215341684,500,air
1316215554419,0,air
1316215353234,1596,air
1316215523477,0,air
1320218695981,25,air
1314212943385,716,air
1323221691429,0,air
1314212444158,15,air
1314212629556,64,air
1314212647198,16,air
1316215623846,69,air
1315213959570,1895,air
1317216241517,10,air
1315216737027,3656,air
1315213984103,4547,air
1321219853025,0,air
1315214249904,38,air
1320218973271,62,air
1321220042004,3033,air
1323221643947,0,air
1314212605885,13222,air
1315214279376,118,air
1318217428578,5,air
1316215744994,10,air
1315213186719,2,air
1315213716018,25,air
1322221294073,414,air
1315213983366,0,air
1323221615154,14981,air
1324222844351,827,air
1323221618655,0,air
1321219962521,12417,air
1322221468212,0,air
1319217791300,229,air
1324222646705,1500,air
1318217268248,691,air
1319218036604,3924,air
1315214379760,241,air
1317215879178,3,air
1317216135614,15,air
1320218887115,0,air
1314211935174,0,air
1317216252229,1618,air
1321219664758,8550,air
1321219738871,0,air
1318217420367,1,air
1318217518036,874,air
1314213072515,1,air
1315213541838,114,air
1324222524365,0,air
1321219916234,109,air
1324222835403,0,air
1321220142297,4640,air
1317216382162,6345,air
1322220917912,0,air
1318217307382,13502,air
1322221014386,862,air
1317216591267,0,air
1316215448085,0,air
1321219830647,0,air
1315213899521,0,air
1316215364617,14,air
1322220803795,54700,air
1316215357637,0,air
1317215974282,0,air
1315213908256,5,air
1317216402709,843,air
1324223105394,10,air
1317216457984,209,air
1324222559611,308,air
1324222466548,0,air
1324222678777,131,air
1317216607592,0,air
1315214159814,163,air
1321220267900,716,air
1316217645124,0,air
1315214270819,0,air
1314212555902,430,air
1323221704303,0,air
1323222349843,0,air
1315214343978,29410,air
1319217930130,0,air
1316215114885,0,air
1316215464367,0,air
1323222360099,250,air
1318217558725,20,air
1314212748192,5685,air
1315214158370,36,air
1320218762348,7280,air
1321219466962,6,air
1315214006355,2,air
1315213836822,0,air
1316215434059,68,air
1321220046864,101,air
1315214269084,15,air
1319218480844,0,air
1322220969380,9291,air
1323221636830,329,air
1324222729004,255,air
1319218480857,78,air
1324222744462,34000,air
1320218863177,0,air
1324222913840,5,air
1323222076251,117,air
1316214956652,35500,air
1318217344858,0,air
1317216669465,995,air
1316215205473,0,air
1322220679334,0,air
1315213965837,11,air
1316215063316,8,air
1323221626702,0,air
1320218936704,0,air
1318216857906,16559,air
1322221010806,0,air
1315213545662,0,air
1315214011280,0,air
1314212656375,0,air
1315213923865,755,air
1323221988393,41,air
1314212509261,5,air
1315213936139,32,air
1321220150876,0,air
1324222423535,10,air
1314212382143,0,air
1317216584983,255,air
1315214339184,2260,air
1323222376220,0,air
1316217707468,289,air
1317216317368,0,air
1314212321754,0,air
1316215684376,0,air
1316215005012,0,air
1324222667115,1,air
1323221596253,0,air
1315213576174,10,air
1318217537543,105,air
1314212622423,28,air
1314213071184,88,air
1315214331288,180,air
1315214272763,10,air
1314212430591,0,air
1321220284234,1611,air
1318217541111,0,air
1318216917120,0,air
1315214123869,0,air
1315213222110,0,air
1324222629382,5,air
1314212653012,18263,air
1314212530594,8200,air
1321219642600,0,air
1317216402533,124,air
1321220206054,0,air
1320219275916,0,air
1323222270872,5,air
1315213962741,255,air
1319217841410,180,air
1314212598155,0,air
1318216792693,0,air
1321220187518,0,air
1315213832684,5,air
1319218273365,34,air
1322220876508,0,air
1318217149145,112,air
1323221604414,2,air
1318216798064,1880,air
1322220876890,4,air
1321220266555,0,air
1321219910229,26893,air
1322221317718,2422,air
1315214098218,0,air
1321219606934,38121,air
1316215008119,0,air
1315213756517,0,air
1316215768781,0,air
1320219276110,0,air
1320218737397,14650,air
1321219683556,6171,air
1321219967282,0,air
1314213079433,0,air
1321219780727,183,air
1320218618965,0,air
1324222678043,0,air
1321219622584,7,air
1324223127515,23,air
1319218067662,30,air
1323222320917,0,air
1320219046505,10,air
1314212537702,0,air
1314212710913,3359,air
1323221532892,0,air
1315213535471,16161,air
1317219425030,1700,air
1316215334121,7265,air
1324222838310,0,air
1322220672760,1160,air
1319217611868,0,air
1321219995673,0,air
1322221112345,35,air
1323222256000,1,air
1324222517346,0,air
1316215531031,7,air
1320219393143,255,air
1321220391510,527,air
1322220921466,255,air
1317216363895,740,air
1321219468648,0,air
1323222258891,4388,air
1315214238887,1097,air
1319218416194,11730,air
1321221489368,0,air
1322221814914,0,air
1316215592407,0,air
1323222082087,1,air
1316215198387,545,air
1315213904663,0,air
1317216433716,13,air
1314212882791,77,air
1316215538935,1,air
1316215551680,0,air
1322221557503,0,air
1323221832052,3618,air
1314213002746,14,air
1318217104177,1551,air
1316215089475,1,air
1320219239035,0,air
1323221629266,0,air
1316214973822,1,air
1320219362050,0,air
1321219910155,526,air
1317215971348,1049,air
1317216631251,16,air
1322220824534,45689,air
1322220787408,0,air
1319218258325,56169,air
1321221359452,148,air
1316214985261,165,air
1322221216548,0,air
1320218651634,0,air
1322221351986,39523,air
1322220771897,0,air
1324222762787,0,air
1316215816428,0,air
1320219049158,500,air
1322221043781,0,air
1316215539331,755,air
1316215606955,1492,air
1321219980808,1144,air
1319217914670,1,air
1317216113670,0,air
1317216557456,28641,air
1317216376689,1296,air
1318217241696,1219,air
1319217953342,7395,air
1314212837114,0,air
1314212750032,0,air
1315214065839,0,air
1314212944502,5,air
1314212797082,0,air
1314212804658,781,air
1314212629505,4263,air
1315214359818,46640,air
1321219935855,50,air
1318217194339,500,air
1319217771500,0,air
1323221713454,6,air
1315214326872,76545,air
1318217342474,0,air
1320219329657,149,air
1318217373707,10,air
1315213607967,11798,air
1324222542173,1,air
1318216831368,23912,air
1321219700515,0,air
1321220253278,0,air
1317216039735,5480,air
1321219630769,0,air
1318217683438,20,air
1318217417068,0,air
1316215163724,46460,air
1318216813117,0,air
1323221925819,0,air
1318216846598,0,air
1317216413056,825,air
1315214203984,0,air
1318217123405,151,air
1320220657516,101,air
1314216476224,363222,air
1314212952675,10,air
1314214461295,0,air
1314212993430,691,air
1316215717620,0,air
1315213676719,0,air
1314212567299,3523,air
1318217274087,26373,air
1315214113488,1,air
1315214417925,18600,air
1317216244576,0,air
1316218623270,0,air
1320219266400,113,air
1321219812486,0,air
1314212476131,1500,air
1318216850356,2,air
1323222314787,500,air
1316215238231,1,air
1317216367060,0,air
1316215107828,750,air
1321219458662,1629,air
1320218891481,3457,air
1319218082776,10,air
1320219342906,5,air
1323222304293,529,air
1324222844375,416,air
1319218213268,0,air
1324223116878,500,air
1314212776342,0,air
1318217073624,0,air
1315214291609,0,air
1316215688351,0,air
1323222163709,380,air
1323222334791,1,air
1318217033950,5,air
1324222678981,33,air
1316215286954,40315,air
1315213654419,3,air
1316214982098,0,air
1323221653619,28,air
1323221967134,5,air
1322221399734,0,air
1318217546441,1655,air
1316215303850,64,air
1321220360768,29670,air
1320218854103,0,air
1324222524377,0,air
1316215303809,0,air
1318216970398,11691,air
1319218627661,372,air
1319218199053,1226,air
1317216420822,7,air
1315214104960,500,air
1316218600803,9705,air
1317216424933,3355,air
1318216813687,796,air
1317216129395,132,air
1323222091670,10557,air
1314212378715,4585,air
1317218552610,89,air
1318217187083,47,air
1315214410019,10,air
1314212696342,4298,air
1317216126452,9150,air
1316216553560,10,air
1321219805571,366,air
1319217848542,6609,air
1315213776204,77,air
1318216834109,120,air
1319218014811,0,air
1320219208737,956,air
1316215576695,107902,air
1317215906951,4774,air
1322221203096,5,air
1323222354449,255,air
1319217994894,1,air
1320218660189,1202,air
1314213081882,0,water
1314212738215,0,water
1316215573700,0,water
1323222021444,0,water
1324222409688,0,water
1317216111411,0,water
1316215544988,0,water
1321219614260,0,water
1314212322224,0,water
1315214343675,0,water
1314212390710,0,water
1318216747333,0,water
1316215150741,0,water
1324223050206,0,water
1322220742819,0,water
1316215795232,0,water
1319218116693,0,water
1315214339208,0,water
1321220041887,0,water
1319217694191,0,water
1316215589538,0,water
1317215842271,0,water
1323221955418,3,water
1324223196546,5,water
1323221982111,0,water
1322221311323,0,water
1319218448759,0,water
1318217221605,0,water
1324223092356,0,water
1319217835418,0,water
1318216880803,34,water
1316215234574,0,water
1318217224625,0,water
1317216206235,0,water
1323221943970,0,water
1314211898693,0,water
1320219396835,0,water
1314213149913,0,water
1317215867882,0,water
1315214453615,0,water
1319218140832,0,water
1317216400337,3,water
1316215636109,0,water
1317216138774,0,water
1320219034307,0,water
1320219049121,0,water
1320219241888,0,water
1321220405068,0,water
1321220209086,0,water
1314212689804,0,water
1323221914157,0,water
1315213974417,0,water
1320218950741,0,water
1320219270749,0,water
1317216138709,0,water
1317216604898,0,water
1319218350559,0,water
1317216217733,0,water
1320218888319,0,water
1318217466820,0,water
1318217285131,0,water
1317215946118,0,water
1314212555926,0,water
1322220660245,0,water
1322221346226,0,water
1315213716071,0,water
1315214245894,4826,water
1314212881421,0,water
1315214325159,72,water
1319218260560,5,water
1319217630161,0,water
1319217852348,1,water
1322221698576,0,water
1315214357865,0,water
1321220027270,0,water
1324222431684,0,water
1314212703767,0,water
1315213803517,0,water
1314212560294,0,water
1316215044090,0,water
1317215906948,0,water
1316215087584,0,water
1317216592752,0,water
1318216727723,0,water
1324222509806,0,water
1315214215283,77,water
1320219064348,0,water
1318217181433,0,water
1316215087519,0,water
1315214330538,0,water
1315214028336,0,water
1323221978606,0,water
1318216846105,0,water
1317216200079,14,water
1320219090370,0,water
1315214050155,0,water
1324222876524,0,water
1322221260526,0,water
1315214191900,0,water
1319218389777,0,water
1315214240374,0,water
1316215007295,0,water
1314213013461,0,water
1317216614596,1,water
1318216983433,45,water
1322221434741,368,water
1314212637920,0,water
1317215976768,0,water
1316215116625,0,water
1322220875138,0,water
1324222645691,0,water
1320220657480,0,water
1316215374036,0,water
1314211929827,0,water
1318216679276,0,water
1317216052682,0,water
1315213688157,0,water
1315213702754,3,water
1321219997715,0,water
1320218865867,0,water
1314212604868,0,water
1314212748329,0,water
1324222714457,0,water
1316215544925,1700,water
1324222893190,8,water
1315213766405,5,water
1314212558934,263,water
1316215592926,0,water
1315214394494,0,water
1324222480675,1189,water
1319218027290,0,water
1315213207487,0,water
1314213002936,0,water
1324222559799,0,water
1324222998460,7,water
1324222898013,0,water
1323221875661,0,water
1321219640000,0,water
1321219810571,0,water
1316214985222,0,water
1322221083696,0,water
1320218929255,8,water
1323221660525,0,water
1324222873782,0,water
1322221441316,0,water
1320219357478,115,water
1315214102360,0,water
1316215015381,0,water
1319218411938,0,water
1319217665862,0,water
1316215493343,0,water
1319218273415,0,water
1315214295115,0,water
1315214339160,0,water
1315214361545,0,water
1315213694045,0,water
1316215640448,0,water
1314212626927,0,water
1323222044012,0,water
1323221806425,0,water
1321219596259,0,water
1316214989826,0,water
1314211916919,0,water
1315213655069,0,water
1320219217484,23,water
1322221141753,0,water
1314212659270,0,water
1320218836183,0,water
1315213211562,0,water
1322220732349,0,water
1320218732408,0,water
1324223153533,0,water
1323222379796,0,water
1315214475764,0,water
1314213117866,0,water
1324222438893,0,water
1317215996149,0,water
1318216708014,0,water
1318217672308,0,water
1320219274901,0,water
1315214428777,0,water
1316215027018,0,water
1316215745670,0,water
1322221102320,0,water
1316215394899,0,water
1324222893024,0,water
1320219359926,0,water
1321220097366,0,water
1320219319769,0,water
1314212382713,0,water
1316215127313,0,water
1324222565259,0,water
1323222353815,0,water
1322221199084,0,water
1315213707514,0,water
1317216501193,0,water
1315214436735,0,water
1316215120357,0,water
1317216464432,0,water
1324222691091,0,water
1324222432813,0,water
1315213846583,0,water
1316215168675,0,water
1321219800772,4,water
1322220959151,0,water
1320219287036,0,water
1314213089954,0,water
1314212512495,0,water
1322220635421,0,water
1317215820642,0,water
1315216737054,0,water
1318217659477,0,water
1316215553316,0,water
1320218885642,0,water
1324223184868,0,water
1315213721665,0,water
1323221791039,0,water
1315213727148,0,water
1320219349103,0,water
1322221002153,0,water
1317215977428,0,water
1316215605712,0,water
1318217149158,3,water
1316216252231,0,water
1316215668056,0,water
1315213610722,0,water
1317216284772,0,water
1321220139568,0,water
1322221144746,0,water
1316215798529,0,water
1315214007231,0,water
1315213207261,0,water
1314211909724,0,water
1316215277474,0,water
1321220650776,0,water
1324222712224,0,water
1321219708183,0,water
1321219720556,0,water
1314213022179,0,water
1315213968112,0,water
1316215161098,0,water
1321219944485,0,water
1314212734747,3,water
1314212963425,0,water
1314212804518,0,water
1324222598157,0,water
1324222638278,0,water
1324222448654,0,water
1316215102498,0,water
1315213896145,0,water
1319218496178,0,water
1315214215232,0,water
1320219185699,0,water
1314212350300,0,water
1321219828466,0,water
1314212365795,0,water
1324223063761,5,water
1315213806007,0,water
1315214144139,0,water
1315214157036,0,water
1315214381384,0,water
1319218213039,0,water
1315214295836,5,water
1317216583613,0,water
1314212573683,0,water
1315214157024,0,water
1316216293682,0,water
1317216335176,0,water
1324222800361,0,water
1322221293487,0,water
1321219705480,0,water
1322221036585,0,water
1316215132198,0,water
1322221475559,0,water
1319218515359,0,water
1323221569458,0,water
1319217987407,0,water
1317216255152,0,water
1321220310977,0,water
1323222021469,0,water
1314212388185,0,water
1322220982173,0,water
1323221684739,0,water
1320219118344,0,water
1319218045387,0,water
1323221590033,0,water
1323221774019,0,water
1323221966930,0,water
1324223005467,0,water
1318218613750,0,water
1321219775968,0,water
1321221489370,0,water
1315213975067,0,water
1318217044799,0,water
1316215128745,0,water
1316215573712,2,water
1318217398458,0,water
1316215619800,0,water
1319218156293,0,water
1323221894443,35,water
1321219625377,0,water
1314213077148,0,water
1318216994398,0,water
1317216547238,0,water
1318217057823,0,water
1314212786343,0,water
1315213901453,0,water
1316215238243,0,water
1315214376105,0,water
1316215089436,0,water
1314212501023,0,water
1314212321804,0,water
1320218952897,0,water
1323222379289,0,water
1323222215737,0,water
1324222899559,0,water
1314212772800,0,water
1324223120674,0,water
1322221135041,0,water
1314213103385,21,water
1314212748267,0,water
1315214355873,0,water
1323221621485,0,water
1321219898374,0,water
1316215181049,0,water
1319217965666,0,water
1321219707003,0,water
1315213658913,0,water
1314212852899,0,water
1315214331415,0,water
1315214372359,0,water
1316215728433,0,water
1323221790886,0,water
1323222387058,0,water
1322221194398,0,water
1319217961604,162,water
1315213901440,0,water
1314212876890,0,water
1316215161744,0,water
1316215101801,0,water
1317216376614,660,water
1315213925910,0,water
1324223089044,0,water
1314213056777,0,water
1324222914867,0,water
1321219680636,0,water
1323221611294,0,water
1315214202398,0,water
1318217123393,0,water
1320219428923,0,water
1321219618865,0,water
1318216822015,0,water
1321220319533,0,water
1314212793602,0,water
1317216419212,0,water
1318216854202,0,water
1314212887210,0,water
1319217956768,0,water
1322220763039,0,water
1320218731608,28,water
1316215536309,0,water
1321219969577,0,water
1320220640039,0,water
1319217972619,0,water
1316215763347,0,water
1314212430464,0,water
1318217324603,0,water
1315213666961,0,water
1314212920829,0,water
1315213965445,0,water
1321219698382,0,water
1314212942799,0,water
1319217764721,0,water
1316215216476,0,water
1315214273512,1,water
1321219744582,0,water
1316217858885,0,water
1314212402248,0,water
1314212344966,452202,water
1318217150869,0,water
1322221265782,0,water
1324222616563,0,water
1314212841478,0,water
1321219614296,0,water
1321219755408,0,water
1323222090298,0,water
1314212997009,0,water
1323221835440,0,water
1320218768188,0,water
1322221253420,0,water
1317216559068,0,water
1320219256435,0,water
1319218146330,0,water
1319218352995,5,water
1314213031432,0,water
1314212509739,0,water
1321220593964,0,water
1315214409993,0,water
1315213701079,0,water
1314212977351,0,water
1317215816632,0,water
1320219179544,0,water
1324223131943,0,water
1318219424874,79,water
1323221713439,0,water
1314212405260,0,water
1316215477338,0,water
1319218368393,0,water
1323221663457,0,water
1314212777647,0,water
1320218860789,0,water
1324222758880,0,water
1324222918195,0,water
1314212959961,0,water
1318217452655,0,water
1323221870076,0,water
1324222554507,0,water
1323221538224,0,water
1324222776763,0,water
1315214025470,0,water
1315214493278,0,water
1322220980231,0,water
1320218814010,0,water
1316215585997,154,water
1320219054234,5,water
1314212770681,0,water
1314212887071,0,water
1323222063909,0,water
1316215364668,250,water
1314213136765,0,water
1316215023514,5,water
1317215944149,0,water
1314213106622,0,water
1315214456067,0,water
1317216060590,0,water
1314212402251,0,water
1315213573811,0,water
1316215596711,0,water
1319218184873,0,water
1322220736351,0,water
1320218865778,1,water
1317216069827,0,water
1314213144847,0,water
1315213211612,0,water
1323222247304,0,water
1324222944187,0,water
1320218746384,0,water
1320218997839,0,water
1319218044687,0,water
1322220646588,0,water
1324222911935,202,water
1321220140863,0,water
1314213152717,0,water
1323221730411,0,water
1320219297177,0,water
1321220161501,0,water
1319217852336,0,water
1318216949952,0,water
1317216222188,0,water
1315214272698,0,water
1318216911154,0,water
1318217385018,0,water
1315214185720,5,water
1319217684962,0,water
1324222800474,0,water
1320218983880,0,water
1322220823759,0,water
1322221112321,0,water
1315214452866,0,water
1315213624327,0,water
1317216607578,0,water
1323221663444,0,water
1314213044100,0,water
1316216650820,0,water
1323221769969,0,water
1315213694983,0,water
1324222629394,0,water
1323221532474,0,water
1316214936270,5,water
1318217547393,7,water
1314212908988,0,water
1323221539911,0,water
1318216764720,76,water
1314212460582,0,water
1324222602447,0,water
1321219716356,0,water
1323221642756,2424,water
1323223208745,0,water
1323221735107,0,water
1314212792749,0,water
1321220222335,0,water
1324222452409,0,water
1324222711893,0,water
1318216859025,0,water
1319217761396,0,water
1315213625712,0,water
1317216234284,0,water
1319217629637,69,water
1322221025339,0,water
1316215205408,0,water
1322220663850,4,water
1324222559736,0,water
1320219075710,0,water
1315213847876,1,water
1320219191400,91,water
1324222848576,6,water
1316215205497,0,water
1321220296228,0,water
1316215004755,0,water
1319218131581,0,water
1319218034318,0,water
1317216368264,0,water
1315213536218,0,water
1318216960260,0,water
1315215788694,0,water
1318218605564,0,water
1321219778558,0,water
1317216051779,0,water
1314212631143,0,water
1324222650943,0,water
1324222665349,0,water
1314212503231,0,water
1320218742942,0,water
1323222404586,0,water
1322221043452,0,water
1319218588667,0,water
1323222275671,0,water
1316215701297,0,water
1314212555989,0,water
1314213065170,11498,water
1315218523532,0,water
1324222461295,0,water
1315214223467,0,water
1322220764827,0,water
1323222077289,0,water
1323222309914,500,water
1316215458314,0,water
1314212753242,5,water
1324223159753,0,water
1314212996262,0,water
1315213758004,0,water
1322220667289,0,water
1315214349173,0,water
1317216306934,0,water
1317216243131,0,water
1314213046028,0,water
1315213645411,0,water
1323221572199,0,water
1314213240524,0,water
1324222750945,0,water
1314212442925,0,water
1314212777736,989,water
1316215137985,0,water
1315213753179,0,water
1316215052794,0,water
1316215151438,0,water
1316215791219,0,water
1316215127453,0,water
1314212902516,0,water
1314212841492,0,water
1318216969244,0,water
1322221565551,0,water
1321219689977,0,water
1317218615146,0,water
1315214217263,0,water
1314212996300,0,water
1314212313934,5,water
1322221148479,0,water
1315215310994,0,water
1319218390654,0,water
1321219926615,0,water
1314213061916,0,water
1322221274261,5,water
1314212891598,0,water
1320219337300,0,water
1319218044675,0,water
1323221570841,0,water
1320218748453,5,water
1315213820424,0,water
1316215159536,0,water
1321220123158,0,water
1321219933379,0,water
1322220742163,0,water
1314211948765,50,water
1322220955292,0,water
1314211938218,0,water
1315213894835,0,water
1315214361899,0,water
1314212802540,0,water
1320218748008,0,water
1318216798013,0,water
1323221727706,0,water
1317215820604,0,water
1321220442281,0,water
1315214452512,0,water
1319218162283,0,water
1321220197216,0,water
1317216382224,0,water
1321219677010,0,water
1324223124088,0,water
1323221735780,61,water
1316217664414,0,water
1315213629405,2,water
1323222167850,0,water
1314217031309,0,water
1315214288716,0,water
1322220630812,0,water
1319217770433,0,water
1323221821414,0,water
1321219569946,0,water
1323222284604,0,water
1322221030529,0,water
1317216010278,0,water
1321220163808,0,water
1321219665421,0,water
1317216432411,0,water
1317216015685,0,water
1315213661034,5,water
1320219393384,0,water
1314212322299,0,water
1317216422939,1,water
1314213016456,0,water
1314212416566,0,water
1315213606421,0,water
1316215264159,0,water
1314211915234,0,water
1315213996667,0,water
1324222582431,0,water
1323221967211,0,water
1314212945493,0,water
1321219854611,0,water
1322221498470,5,water
1324222594804,0,water
1314213057033,0,water
1315213731591,0,water
1318217021435,0,water
1323222323368,0,water
1319222394621,230,water
1320218888333,0,water
1315214067872,0,water
1314213010679,3,water
1317216017145,0,water
1314212857698,0,water
1317216100812,0,water
1315213191861,0,water
1315214272813,0,water
1322221218706,0,water
1320219305152,0,water
1318216865978,0,water
1316215579855,0,water
1317216433755,25,water
1320218865677,0,water
1316216627962,0,water
1323222044152,0,water
1324222893152,0,water
1315218552608,0,water
1320218964548,0,water
1318217049927,2,water
1316214959278,0,water
1316215352891,0,water
1314211926771,0,water
1314212874945,0,water
1314212996286,0,water
1321220420095,0,water
1317216126173,0,water
1316217695143,0,water
1317216200117,0,water
1317216068395,0,water
1321219630403,0,water
1320221515719,0,water
1324222542538,0,water
1319218212569,0,water
1319217959790,342,water
1323222068987,19,water
1315214215345,0,water
1314212641676,0,water
1315214084067,0,water
1323222063911,24,water
1317216057036,0,water
1321219611415,0,water
1315214215358,0,water
1324223163229,0,water
1320219089327,0,water
1315214406365,0,water
1321219882471,250,water
1316215435165,0,water
1315213944770,2,water
1315214111751,0,water
1320219220542,0,water
1315214463061,0,water
1324222569992,0,water
1317215804257,0,water
1317215804826,0,water
1316215579828,0,water
1321219994860,0,water
1316214978672,0,water
1323221781521,0,water
1316215635398,0,water
1314212679385,0,water
1315213713035,4,water
1316215054964,5,water
1320219319771,0,water
1321220642666,0,water
1321220142398,0,water
1316214978660,0,water
1323221547274,0,water
1322221697257,0,water
1315214277055,0,water
1322221098597,0,water
1318217254705,0,water
1314212623615,0,water
1314212444893,0,water
1314212789491,0,water
1319218198772,0,water
1317216589693,0,water
1322220694564,5,water
1316215232277,0,water
1315213619378,0,water
1324222878910,5,water
1321219773886,0,water
1315214412328,0,water
1324222684375,0,water
1324222560094,0,water
1322221441227,0,water
1314212469910,0,water
1314212321590,0,water
1314212524932,0,water
1314212585083,0,water
1316215711627,0,water
1319218199077,2,water
1315214032714,0,water
1314214388821,2,water
1314213253747,0,water
1314212861809,0,water
1324222868186,0,water
1323221955255,0,water
1318216694265,0,water
1322220669131,503,water
1315213962374,0,water
1319217666662,0,water
1323221705748,0,water
1323221571110,0,water
1323221535127,0,water
1324222408674,0,water
1321220545368,0,water
1321220553174,0,water
1315214048225,0,water
1318217415999,0,water
1324222861611,0,water
1320218605780,0,water
1314212321816,0,water
1316215132147,0,water
1316215710815,0,water
1316215084536,0,water
1314212575219,0,water
1316218552572,0,water
1317216637835,0,water
1319217795184,0,water
1315214180376,0,water
1322221295797,0,water
1314212453587,0,water
1314212588812,0,water
1315213571817,0,water
1322220955304,0,water
1315214145435,0,water
1319218514507,0,water
1314212342137,0,water
1319217849987,0,water
1322220746325,0,water
1316215764352,0,water
1318217007386,0,water
1321220477362,0,water
1323221988660,0,water
1321219893563,5,water
1314212463867,0,water
1317216057012,0,water
1320218653640,0,water
1314212944464,0,water
1315216627947,0,water
1323222363071,0,water
1319217915317,0,water
1320219303219,0,water
1322220672493,0,water
1316215231111,0,water
1322221626753,0,water
1316215372121,0,water
1319218146191,0,water
1320219028267,0,water
1314212767949,0,water
1316215797008,0,water
1317216564791,0,water
1323221931672,0,water
1316215487253,0,water
1315214319410,3,water
1317216217707,0,water
1320218728398,0,water
1314212426338,0,water
1316215625880,0,water
1324222878946,3,water
1324222899561,0,water
1323223117108,0,water
1323222332049,0,water
1323221594017,0,water
1314212437798,0,water
1320218865689,0,water
1314212345779,0,water
1323222314801,0,water
1317215991795,0,water
1316215167848,0,water
1323221603804,0,water
1321219612177,0,water
1314211948740,1115,water
1322220799908,0,water
1320218758023,0,water
1314212647717,0,water
1322220668545,0,water
1322220830792,0,water
1320218638599,0,water
1319217827930,0,water
1320219275892,3,water
1324222560258,0,water
1315214215598,3,water
1315213788476,0,water
1318216823690,0,water
1320219220276,0,water
1316215436268,0,water
1319217698416,0,water
1314213072655,0,water
1322221360858,0,water
1316215039138,0,water
1324222732339,0,water
1314212943397,0,water
1322220846810,0,water
1314212893705,0,water
1324223139306,0,water
1323221649460,0,water
1316215048430,276545,water
1318217457858,0,water
1324222733572,0,water
1314212434714,5,water
1316214961652,65,water
1320219177108,0,water
1321219847934,0,water
1315213777042,0,water
1320218723512,1,water
1322220647907,0,water
1314212459440,0,water
1317216306744,0,water
1317218613711,0,water
1321219661055,8,water
1316215370317,0,water
1315214388910,5,water
1314212718910,0,water
1317217732395,10,water
1324223044633,0,water
1323221776875,0,water
1321219709375,0,water
1322220831616,0,water
1314212826046,0,water
1315213828751,0,water
1317215855521,0,water
1314212789503,0,water
1324222579815,0,water
1314213105101,0,water
1321219882735,0,water
1315214206993,0,water
1314212403315,1,water
1318217088006,0,water
1314213022167,17,water
1318222367880,0,water
1324222825616,0,water
1316215558848,1,water
1320219259215,0,water
1322221384718,0,water
1315214299695,0,water
1315213731437,0,water
1316215766522,0,water
1315215827559,3,water
1315213584675,0,water
1316215164993,0,water
1321220399087,0,water
1315214118933,0,water
1323222137743,11,water
1314213237593,0,water
1319217822143,0,water
1318217735517,0,water
1322220910107,0,water
1323222021457,0,water
1324222800359,0,water
1316215045319,0,water
1318216827459,0,water
1314212358927,0,water
1315213798251,0,water
1323222218289,0,water
1322220670487,0,water
1315213714431,0,water
1319218385019,0,water
1319218636583,0,water
1322221426101,0,water
1321219827730,0,water
1324222762751,0,water
1320218717369,0,water
1321220522852,0,water
1314212822389,0,water
1314212992287,0,water
1324222780429,0,water
1315213825146,0,water
1317215820895,0,water
1322220749497,0,water
1320219391012,0,water
1315219461151,0,water
1315214280772,0,water
1321219702382,0,water
1322220766570,0,water
1316215655186,0,water
1320219034170,0,water
1320218774786,0,water
1324222496301,0,water
1322220761365,0,water
1314215201803,0,water
1317216854048,0,water
1314212366660,93503,water
1323221915655,0,water
1321223210131,0,water
1316215553850,0,water
1314213099637,1,water
1315214251946,0,water
1316215268929,0,water
1315214365114,0,water
1316215117211,0,water
1319217887456,0,water
1314212900082,0,water
1314212321855,0,water
1321219625365,0,water
1324223159765,0,water
1319218072674,0,water
1316215745631,0,water
1314212396358,0,water
1316215052770,0,water
1318216812824,0,water
1323221648367,0,water
1322220807337,0,water
1320220592493,0,water
1320219337779,0,water
1324223030925,0,water
1322220696797,0,water
1314211934310,0,water
1324222560233,0,water
1319218044752,0,water
1315215311008,0,water
1322221247745,0,water
1314212357216,0,water
1324222579005,0,water
1315213207501,0,water
1316215460597,0,water
1315214371712,0,water
1314212322325,0,water
1321220007037,0,water
1321220188344,26,water
1320218750141,0,water
1315213896119,0,water
1318217218674,0,water
1314212545432,0,water
1323221555004,0,water
1321220587012,0,water
1320219232535,0,water
1322221175615,0,water
1320219278684,0,water
1324222582443,0,water
1314212379818,0,water
1316215596356,0,water
1323221734953,0,water
1321219509472,0,water
1314212909321,0,water
1314212891143,0,water
1316215127477,0,water
1320218999175,0,water
1316215231147,5,water
1320218684672,0,water
1321220522940,0,water
1324223044227,0,water
1322221375759,0,water
1314213104856,0,water
1316215300916,0,water
1324222426862,0,water
1316215731213,0,water
1320218765903,0,water
1314213563719,4,water
1318217305705,0,water
1319217705045,0,water
1316215046208,0,water
1317218160289,0,water
1319217629652,128,water
1319217738780,0,water
1319217710185,0,water
1314213022193,0,water
1324222711881,0,water
1314212312526,0,water
1314212423937,0,water
1314215788314,0,water
1322220641334,0,water
1320218616009,0,water
1322220800825,0,water
1314212313872,0,water
1314212804645,0,water
1323221677432,0,water
1315213940190,0,water
1319217707571,0,water
1322220666059,0,water
1324222413813,0,water
1322220697318,0,water
1316215559889,0,water
1316215713102,0,water
1317216566455,0,water
1318216958672,5,water
1319218238386,0,water
1314212985992,0,water
1320219089315,0,water
1314212980712,0,water
1321219602594,0,water
1316218617037,3,water
1318216708026,0,water
1314212406250,0,water
1323221987023,0,water
1317219298383,2380457,water
1321220642209,0,water
1314212442937,0,water
1320219275955,10,water
1322221016191,0,water
1319218192615,0,water
1321220153579,0,water
1321219715707,0,water
1314212891117,0,water
1320219199662,0,water
1314212757278,0,water
1318217041589,0,water
1320219209715,0,water
1319218632230,0,water
1316215342813,0,water
1322221032194,0,water
1317215909553,0,water
1321220471674,0,water
1321220499469,0,water
1322221433105,0,water
1314212975926,0,water
1314213084205,0,water
1314212377624,0,water
1315215827635,0,water
1315213926850,0,water
1320219382936,0,water
1317217672272,0,water
1316215584881,0,water
1322221058478,0,water
1324222938627,0,water
1321220593040,0,water
1318218071278,0,water
1321220041988,0,water
1315213701889,0,water
1319218184000,3,water
1323222137756,0,water
1315214399851,0,water
1316214998142,0,water
1317215909591,0,water
1316215711641,0,water
1318217139385,2,water
1324222776686,0,water
1316215573015,0,water
1314212846493,0,water
1319217841206,0,water
1316215370281,0,water
1314212345348,0,water
1314212737581,1,water
1317218588705,0,water
1323222364693,0,water
1318217457821,0,water
1321221498330,1,water
1315218598908,0,water
1316215167812,34,water
1315213684638,0,water
1321219645518,0,water
1316215205384,0,water
1314212390429,0,water
1319218556761,0,water
1324222949923,0,water
1315214331340,0,water
1315214264362,150,water
1318221497973,0,water
1324222893137,0,water
1318216679264,0,water
1322220684967,0,water
1317215947300,0,water
1315213673054,0,water
1315214371914,0,water
1314212545331,0,water
1319218160339,0,water
1319218358442,0,water
1322221369085,0,water
1324222770859,0,water
1315214339145,0,water
1316215006230,0,water
1314212846772,0,water
1314212652933,0,water
1316215770431,0,water
1315214291611,0,water
1314211925134,0,water
1318217108505,0,water
1321221471927,0,water
1314212684652,0,water
1323221530052,0,water
1322221062868,0,water
1322220898807,0,water
1324223018603,0,water
1322222381713,0,water
1321220116166,0,water
1322220636361,0,water
1323221539986,0,water
1314212558136,0,water
1321220277432,0,water
1322220642060,0,water
1323221626548,0,water
1314213627680,0,water
1317216421457,0,water
1321220471635,0,water
1318217316456,0,water
1317215828106,0,water
1317215852031,0,water
1314212310748,0,water
1316215574359,0,water
1323222022434,0,water
1322220648125,0,water
1324222514580,0,water
1321219630819,0,water
1321220303693,65,water
1318216947945,0,water
1318217187107,0,water
1318218367528,0,water
1320219244682,0,water
1322220776823,0,water
1314212782787,7615,water
1315213581337,0,water
1324222469114,0,water
1324222681951,0,water
1323221623705,0,water
1319218138028,0,water
1322220898771,0,water
1322221467994,0,water
1315213995261,0,water
1319217984929,0,water
1324222878934,0,water
1322221071855,0,water
1321219860259,0,water
1322220933079,0,water
1316215297298,0,water
1314212841795,0,water
1319218089151,0,water
1314212490647,0,water
1319218115436,0,water
1316215668094,0,water
1318217282363,0,water
1321219613837,0,water
1322221113160,0,water
1317215899485,0,water
1321220660942,0,water
1316215774884,0,water
1317216499982,5,water
1322220824419,0,water
1315213572100,0,water
1324222559623,0,water
1323221560384,0,water
1317216293872,0,water
1323222044149,0,water
1324222940342,0,water
1324223145513,0,water
1314212501011,339,water
1316215754250,0,water
1319217978079,0,water
1323221997378,13,water
1321219890365,0,water
1321220187367,0,water
1316218598922,0,water
1323222228025,0,water
1322221441254,0,water
1321219770765,0,water
1320219055100,0,water
1323222341556,0,water
1321219773557,0,water
1323221580830,0,water
1315213732252,0,water
1323221933450,0,water
1324222679007,2,water
1323221664612,5,water
1316215671367,0,water
1314212727022,0,water
1315214229193,0,water
1314213029477,0,water
1323221724952,0,water
1314212440073,0,water
1316215381397,0,water
1318217336243,2804864,water
1314212403303,0,water
1322221261720,0,water
1314213125990,0,water
1318216946703,0,water
1323221821438,0,water
1320218682856,0,water
1315213666175,0,water
1318217183019,5,water
1314212372369,0,water
1324222576579,0,water
1315214052324,0,water
1321220140065,0,water
1314214973428,0,water
1319218568121,0,water
1320221489483,0,water
1320218847477,0,water
1319218268959,0,water
1319218276412,0,water
1315213860380,0,water
1319218447201,0,water
1322221384581,0,water
1319218326623,0,water
1324223206184,0,water
1314212953881,0,water
1315213716095,0,water
1323222329082,0,water
1323222136828,0,water
1318216727711,0,water
1320218940587,0,water
1320219359181,0,water
1319218378533,0,water
1318217041045,0,water
1322221468236,0,water
1318217383355,0,water
1317216114809,0,water
1314212703716,0,water
1314212324370,0,water
1315213950177,2,water
1316215544949,0,water
1315214339158,0,water
1324222759084,0,water
1324223123769,0,water
1316215117906,0,water
1321219601008,0,water
1316215129913,14,water
1315214423319,0,water
1322220787396,0,water
1315213641816,0,water
1317215948593,0,water
1320219395997,0,water
1321219680624,0,water
1315214416036,0,water
1315213984141,0,water
1320219171461,0,water
1321219697923,2453,water
1315214104996,0,water
1324222650741,0,water
1322221507445,0,water
1321220116521,0,water
1324222800649,0,water
1319217968801,2,water
1317215997875,0,water
1319218082790,0,water
1316215390547,0,water
1321219644679,0,water
1316215023488,5,water
1320220217929,0,water
1323221628542,0,water
1315213819889,0,water
1314212321273,0,water
1318220606988,0,water
1316215670643,0,water
1324222553125,0,water
1324222851622,0,water
1324222424347,0,water
1323221844816,5,water
1317216234714,0,water
1319218069502,0,water
1320218958066,0,water
1322220838155,0,water
1315213696646,0,water
1314212637526,0,water
1319217760584,0,water
1321220167769,0,water
1314212504486,0,water
1318217819438,0,water
1317216180822,0,water
1314212943409,0,water
1314212997579,0,water
1324222899522,0,water
1314212993808,0,water
1315213701675,0,water
1315214067314,0,water
1322221467350,0,water
1317222367892,0,water
1314212434702,5,water
1314213022142,0,water
1322220634909,0,water
1315213554874,0,water
1318217221252,38,water
1323221558529,0,water
1314212551511,0,water
1314212423281,0,water
1318217419617,0,water
1318216958405,0,water
1315214496578,0,water
1315213984293,0,water
1320218720466,0,water
1316215553811,0,water
1315213200316,0,water
1314212684676,0,water
1314212543829,0,water
1321219529120,0,water
1321219720428,0,water
1316215036082,0,water
1314212823304,0,water
1314212543856,0,water
1324222932612,0,water
1324222813495,0,water
1318216884496,0,water
1320219037874,0,water
1321219816182,0,water
1317220637300,0,water
1324222720765,0,water
1319217942147,0,water
1315214198564,0,water
1314212881914,0,water
1318217073877,0,water
1322221325881,0,water
1316215582483,0,water
1321220378083,0,water
1315213774680,0,water
1323222219115,0,water
1321220442267,0,water
1323221663596,0,water
1321219681160,0,water
1319218431892,0,water
1319218383901,0,water
1322220650550,0,water
1323221708682,0,water
1319218447199,0,water
1315213668268,0,water
1319218623837,0,water
1319217975895,0,water
1317215912027,37,water
1322220779401,0,water
1322220803151,12,water
1323222022269,0,water
1315213819865,0,water
1315214278549,0,water
1315214288730,0,water
1316215342181,0,water
1317215820200,0,water
1314212942270,0,water
1314212892107,0,water
1324222743128,0,water
1319218525246,1673,water
1319218333944,0,water
1314212469478,0,water
1322220992869,29950,water
1319218193290,175,water
1320219247057,0,water
1321220412783,0,water
1314212690337,0,water
1322221144254,0,water
1322220732352,0,water
1322221058656,24,water
1323221628908,0,water
1314211918685,0,water
1314212501062,0,water
1324222709115,0,water
1314213122411,0,water
1323221714797,0,water
1319218029914,0,water
1317215988573,0,water
1318216694479,0,water
1321219448394,0,water
1316214961613,0,water
1322220828673,0,water
1317216089983,0,water
1321219898398,0,water
1319218523468,98,water
1315213686936,0,water
1314213076882,0,water
1314212845566,0,water
1316215538986,7,water
1322220814786,4099,water
1323222163723,0,water
1314212748331,0,water
1316215163421,0,water
1314212444145,0,water
1314213174218,5,water
1321219676172,0,water
1321219744568,0,water
1316214979371,0,water
1316214986008,0,water
1323221898327,0,water
1321220355263,0,water
1322221300167,0,water
1320219126950,0,water
1315214308734,0,water
1316215545563,0,water
1322221220484,0,water
1317216196004,0,water
1324223047349,0,water
1321219785173,0,water
1321219676741,0,water
1322220783563,0,water
1318217035536,1,water
1321220152250,1,water
1321220165260,0,water
1322220732960,0,water
1321220518068,0,water
1318217217405,0,water
1318217282336,0,water
1324222971929,1,water
1315214331439,0,water
1314212936773,0,water
1315213202474,0,water
1315213658925,0,water
1315214325526,0,water
1316215033945,0,water
1323221648645,0,water
1315213929134,5,water
1319218503492,0,water
1320219372404,0,water
1320219320874,0,water
1316219408287,0,water
1315213832672,0,water
1314212953917,0,water
1319218491052,0,water
1323221636828,0,water
1315217687831,0,water
1321219811229,0,water
1322220673483,0,water
1323222224281,0,water
1315214097887,642,water
1315213592583,0,water
1320219292315,67,water
1317216482087,0,water
1321219615768,0,water
1315214357232,0,water
1315214117905,0,water
1314212823645,0,water
1314212632083,0,water
1321219790692,0,water
1314212503268,0,water
1315214236857,0,water
1320219275841,0,water
1322220763344,0,water
1319218044725,0,water
1320222385650,0,water
1321219926072,0,water
1319218456325,0,water
1323221539404,0,water
1319218325241,0,water
1321220071284,0,water
1324223229497,0,water
1323222176479,2,water
1318216983472,0,water
1317215940572,0,water
1315213951369,0,water
1317216462352,0,water
1316214956409,0,water
1323222155347,0,water
1323221543200,0,water
1319218088363,0,water
1316216491959,0,water
1318218606123,0,water
1320219184948,0,water
1321219456086,0,water
1316215516473,5600,water
1320219202684,0,water
1321220274296,0,water
1314212526848,65,water
1315214128605,0,water
1314212792612,0,water
1314213090549,0,water
1324222987012,0,water
1316215576719,0,water
1324223007360,0,water
1323221571603,0,water
1315213992504,0,water
1316215305160,0,water
1315214229472,0,water
1314212960037,0,water
1315214272825,0,water
1317216135576,0,water
1315213557667,0,water
1315214343651,0,water
1320219112289,0,water
1316215055892,0,water
1320218718157,0,water
1315213554886,0,water
1315214232744,0,water
1315214237099,1334,water
1316215770417,0,water
1315214024150,0,water
1317216458479,0,water
1322221350907,0,water
1323222031433,0,water
1323221977655,0,water
1314212966307,0,water
1319218061810,0,water
1319218429569,0,water
1315213891827,0,water
1319218514014,0,water
1314212605909,0,water
1314213032319,0,water
1317216345710,0,water
1323221819194,0,water
1323221612361,0,water
1322220904433,0,water
1321219968839,0,water
1316215701246,0,water
1315213591528,0,water
1319218199065,0,water
1323222384721,0,water
1314212380265,0,water
1315214097913,138678,water
1314212873311,0,water
1316215298908,0,water
1316215516725,3,water
1323221534555,0,water
1323221649496,0,water
1314212533261,0,water
1315214005922,0,water
1319218486734,0,water
1321220452421,0,water
1322220670158,0,water
1316215475017,0,water
1321220477386,0,water
1317216090249,0,water
1323221994751,2,water
1324222438386,0,water
1323221690074,0,water
1324222434920,0,water
1321220646160,0,water
1321219677337,0,water
1314212944425,0,water
1322221229356,0,water
1315214425896,0,water
1318216767564,0,water
1318217423742,0,water
1317216424958,0,water
1314212844714,0,water
1323221674397,0,water
1319218524039,0,water
1322221395445,0,water
1319218496673,0,water
1322220650562,0,water
1315214048439,0,water
1314212980229,0,water
1317215908637,0,water
1323222149116,3,water
1315213574116,0,water
1314212684649,0,water
1322220962450,0,water
1324223230931,0,water
1320219290398,0,water
1318217642735,0,water
1314211915261,0,water
1316215771421,0,water
1314212776722,0,water
1315213629429,0,water
1321219984325,0,water
1321220091399,0,water
1316215464355,0,water
1319217671674,0,water
1322221044365,0,water
1323222139305,0,water
1315213614112,0,water
1316215765862,0,water
1315214038438,0,water
1323221846734,0,water
1315214427092,0,water
1324222514111,0,water
1314212682850,0,water
1314212338444,0,water
1322220777231,0,water
1322220816437,0,water
1318216983484,0,water
1315214155576,0,water
1323221848144,0,water
1324222466536,0,water
1316215750175,0,water
1314212350817,0,water
1320219123825,0,water
1320218930194,0,water
1316215536830,0,water
1321219921879,0,water
1324222559787,0,water
1316215019199,0,water
1317216015646,0,water
1315214279388,0,water
1314212843369,0,water
1324223117185,0,water
1316215187840,0,water
1320219126125,0,water
1321219640543,0,water
1317216501167,0,water
1317216129357,2,water
1323221641071,97,water
1316215531017,2,water
1319217968078,0,water
1314214247292,2,water
1314212895421,0,water
1323221615798,0,water
1314212902555,0,water
1315213630318,0,water
1315214335022,0,water
1315214160929,0,water
1316215283286,0,water
1315214027435,0,water
1323222301525,0,water
1318216771838,0,water
1324222535270,0,water
1321220512836,0,water
1314213003662,0,water
1315213200328,2,water
1315213203514,0,water
1322220969000,0,water
1322221445327,0,water
1315214162226,41,water
1317216256519,0,water
1315214276875,0,water
1319219430915,205905,water
1322220961041,0,water
1318217268681,0,water
1315218634463,0,water
1314212556753,0,water
1315214215319,0,water
1316215694062,4,water
1323222157327,8,water
1320219403476,0,water
1317216315111,3464,water
1322221427065,0,water
1320218656167,1510,water
1324223001900,0,water
1318216946715,0,water
1321219810064,0,water
1323221628326,0,water
1317216217719,0,water
1317216304384,0,water
1314214466726,0,water
1323222059786,0,water
1319218342525,376,water
1314212818025,0,water
1323221829690,0,water
1320219181068,0,water
1322220799997,0,water
1322220636637,0,water
1314212545204,265917,water
1314213125988,1,water
1316215580109,0,water
1315213735640,0,water
1324222681316,6,water
1317217693516,157474,water
1324222587851,0,water
1321219744570,0,water
1318217126681,0,water
1324222475295,0,water
1322220668053,0,water
1320219266424,0,water
1322220767166,0,water
1320219275930,0,water
1321219923683,18,water
1322221307352,0,water
1321219925029,5,water
1315213231463,0,water
1316215154877,0,water
1315213624315,0,water
1315213686924,0,water
1316215211614,1,water
1314212986424,0,water
1317215884533,0,water
1316215481452,0,water
1314212992919,0,water
1315213666163,0,water
1314213104805,0,water
1316215040712,0,water
1324222615953,0,water
1324222731147,2,water
1324223196078,0,water
1324222512954,0,water
1315214440962,0,water
1314212779096,0,water
1314213083064,0,water
1314212545329,0,water
1314212368979,0,water
1321219933292,0,water
1319218003578,0,water
1322220938601,0,water
1323221787132,0,water
1318217178286,0,water
1315214068328,0,water
1318217301670,0,water
1317216649032,0,water
1323221676947,0,water
1315214046017,0,water
1322221401476,0,water
1315214466777,0,water
1316215428638,0,water
1318217307394,0,water
1317216138634,0,water
1315214445809,0,water
1324223159245,67,water
1322221380114,0,water
1323223228545,0,water
1324222899573,0,water
1314212889380,0,water
1322221369097,0,water
1320219135807,0,water
1318219408275,0,water
1320218732143,0,water
1316215381385,0,water
1315213681998,0,water
1315214052704,0,water
1323221994522,0,water
1320219216468,2160,water
1319218186029,5,water
1318216867388,0,water
1314212461533,0,water
1316215559319,0,water
1323221755390,0,water
1315213959582,10,water
1315214144014,0,water
1323221910767,0,water
1321220522825,0,water
1321219759192,1,water
1321219870348,0,water
1318216827093,0,water
1314212974024,0,water
1319218178756,0,water
1324223196066,0,water
1320219141722,0,water
1315214432142,0,water
1315214341101,0,water
1320219089341,0,water
1320218811180,0,water
1319218341891,5,water
1319217685369,0,water
1323221879164,0,water
1319217949611,0,water
1324222844437,0,water
1315213541939,336,water
1317216181747,0,water
1314212892158,0,water
1320219356425,0,water
1316219407095,0,water
1319218298711,0,water
1321219759988,0,water
1316215529468,0,water
1315213894936,0,water
1316215236175,0,water
1314211948068,0,water
1315213205964,0,water
1319218465540,0,water
1316215552744,0,water
1319218071456,0,water
1314212685263,0,water
1324222498824,0,water
1322221401779,0,water
1315214344006,0,water
1314212737670,2,water
1322220719342,0,water
1318218588717,0,water
1316215068519,0,water
1314213138860,0,water
1317215921127,0,water
1316215785332,0,water
1320218661573,0,water
1322220746921,0,water
1322220685679,0,water
1321220162616,0,water
1324222678031,0,water
1320218728804,0,water
1320218835080,0,water
1321220520074,0,water
1314212723326,0,water
1321220142374,0,water
1314212410195,0,water
1322220849792,5,water
1317215830340,0,water
1317216182889,0,water
1314212322275,0,water
1317216122642,0,water
1316214983239,0,water
1315214429247,0,water
1318216890741,0,water
1314212748281,0,water
1314212584736,0,water
1317216433767,420,water
1319218212571,0,water
1316214978633,0,water
1316215571845,39,water
1324222910996,0,water
1324223057237,0,water
1315214363638,0,water
1323221786712,0,water
1323223208620,0,water
1320219256524,0,water
1315214399798,0,water
1318217251925,0,water
1316215381183,0,water
1315214500922,0,water
1321220489785,0,water
1314212553301,0,water
1314212569127,0,water
1321220317883,0,water
1323221650500,0,water
1316215335757,0,water
1315213896107,0,water
1316215168939,0,water
1322220740120,0,water
1317216250225,0,water
1316214988343,0,water
1315215816442,227261,water
1315214341125,0,water
1323221770934,0,water
1316215656430,0,water
1318217626112,0,water
1322221565765,0,water
1314212321602,0,water
1314212728695,0,water
1321220412769,0,water
1314212638009,0,water
1318216705552,0,water
1319218524003,0,water
1324222907608,0,water
1324222584563,0,water
1317216458202,0,water
1323221745363,0,water
1322220765010,0,water
1324222715183,0,water
1316215023538,5,water
1314212748228,0,water
1314212584460,0,water
1314212550471,4,water
1320219175357,0,water
1315213733165,0,water
1323221878491,0,water
1314215816430,208854,water
1317216293860,0,water
1316215553797,0,water
1318216974915,0,water
1317216494803,0,water
1321220392777,4,water
1324222799165,0,water
1318217512072,0,water
1319218209068,0,water
1314212305003,0,water
1322220740106,0,water
1323221670387,0,water
1323221816061,0,water
1321220513079,0,water
1316215172370,0,water
1323221715257,0,water
1321219897283,0,water
1321220650081,0,water
1314212408456,0,water
1315214277016,1,water
1321219738883,0,water
1320219318918,0,water
1323222076248,0,water
1322221339815,0,water
1315214134292,0,water
1320218728350,0,water
1324222832610,0,water
1323221570005,0,water
1314212741300,0,water
1324222435822,0,water
1322220780961,0,water
1323222111460,0,water
1321220522914,0,water
1323221645082,0,water
1319218352211,0,water
1320218672374,0,water
1317218613673,0,water
1324222530913,0,water
1314212748230,0,water
1321220331779,1,water
1324222918207,0,water
1316215770393,0,water
1321219853049,0,water
1320219013428,0,water
1314212918991,243,water
1318216859052,0,water
1318216991772,0,water
1318217301617,0,water
1316215167798,0,water
1315213776192,1,water
1315213798275,0,water
1318217262361,0,water
1323221690441,0,water
1321220038549,0,water
1322220898783,0,water
1324222553885,0,water
1321219800784,2,water
1315214025936,0,water
1323222309926,24,water
1324222504159,0,water
1316215542604,13,water
1320218748325,0,water
1320221547906,0,water
1321220084279,0,water
1321220606899,0,water
1321219753910,0,water
1323222176455,6,water
1316215489244,0,water
1315214065827,250,water
1324222980702,107204,water
1316215367881,0,water
1318216876072,0,water
1321219956529,147,water
1320219275904,0,water
1315213987757,0,water
1319217671179,0,water
1315214277042,0,water
1314212447472,5,water
1314212472474,0,water
1316215801212,0,water
1321220383792,0,water
1319218198707,0,water
1317215941954,0,water
1314212556043,0,water
1314212433940,0,water
1315213969076,0,water
1317216057087,0,water
1322221232616,0,water
1320218996573,0,water
1324222855710,0,water
1321219676487,10,water
1321219904568,0,water
1314212509400,0,water
1317216005874,0,water
1321219767807,0,water
1321220544795,0,water
1318219273923,0,water
1322221025618,19,water
1323221690062,0,water
1315213604491,0,water
1320218929267,0,water
1315213997568,0,water
1322221401185,0,water
1315219435221,0,water
1324222574105,0,water
1318217055399,0,water
1317216021283,0,water
1321220127613,0,water
1319217666611,0,water
1319218377644,0,water
1321219755055,124,water
1315213557287,0,water
1314212378398,5,water
1316215504984,0,water
1318217139373,0,water
1321220153047,0,water
1315213778083,0,water
1315214216362,0,water
1316215588601,0,water
1315213890080,0,water
1318216818310,0,water
1318217316443,0,water
1319217818071,5,water
1315214279390,0,water
1319218466706,0,water
1321220477374,0,water
1317216623658,0,water
1317219408388,0,water
1322221278031,0,water
1316215167863,4,water
1314212610859,0,water
1322220779262,0,water
1316215026814,0,water
1323221823659,0,water
1323221982097,0,water
1315213753229,6,water
1317215842067,0,water
1321219695929,0,water
1321219702420,0,water
1315214406377,0,water
1315213923939,0,water
1314212655411,0,water
1316215450089,0,water
1315213959467,0,water
1315213752912,0,water
1317216234548,0,water
1315213984180,0,water
1319218252070,227,water
1319218265510,0,water
1320219302256,0,water
1320218768226,1,water
1315213624277,0,water
1317215915543,0,water
1314212626915,0,water
1321219647171,0,water
1314212412415,0,water
1318217245164,0,water
1319218057711,0,water
1316215066616,0,water
1321219738869,0,water
1316215232707,0,water
1319217801113,0,water
1324222422634,0,water
1323222008841,0,water
1324223071224,0,water
1317216583144,0,water
1316215756370,0,water
1317215816671,0,water
1316215588892,2,water
1319218090936,0,water
1322221150093,0,water
1315213899709,0,water
1314212654178,0,water
1318217166495,0,water
1314212536282,0,water
1319218516882,0,water
1314212807440,0,water
1319217894714,0,water
1322221163660,0,water
1324223044088,0,water
1319217649019,5,water
1318216902128,0,water
1319217984917,0,water
1320218648057,0,water
1318216893368,0,water
1317216227684,0,water
1322221361468,0,water
1314212385278,0,water
1314213027980,0,water
1318217335280,0,water
1323222341531,0,water
1314212448637,0,water
1324222592634,27387,water
1324222620270,41,water
1323221950266,0,water
1323221565183,0,water
1319218352983,5,water
1314213104692,0,water
1314211934967,0,water
1320218967824,495,water
1314212509374,0,water
1320218626760,0,water
1322220668065,0,water
1318217450244,61,water
1318217672296,0,water
1315213574926,0,water
1315213197015,0,water
1318218342513,0,water
1319218067650,0,water
1318216709269,0,water
1314212655120,0,water
1314211883463,0,water
1314212574913,0,water
1315214043477,0,water
1319217801101,0,water
1321220645941,0,water
1315213851898,0,water
1316215232265,0,water
1315213587797,0,water
1316215286042,0,water
1316215305158,0,water
1319218212532,0,water
1316215477581,0,water
1315214102372,0,water
1314212942837,0,water
1324222515710,0,water
1324222890788,0,water
1319217946969,0,water
1315213785239,0,water
1314212375531,1,water
1323221563719,0,water
1320219079819,0,water
1315214230753,1,water
1315214390938,0,water
1319218447415,0,water
1321220370617,0,water
1316215390535,0,water
1317216279404,0,water
1322221403328,0,water
1317216245249,0,water
1318216958696,34,water
1323221704265,0,water
1323221699907,0,water
1322220959175,0,water
1320219028990,0,water
1319218213852,0,water
1324222501278,0,water
1323222354437,0,water
1323221825692,0,water
1318217440775,0,water
1314212792903,0,water
1319218199038,4,water
1315213670906,0,water
1314212412441,0,water
1322221487489,0,water
1315213795432,0,water
1314212321842,0,water
1318216726998,0,water
1317215900150,0,water
1321219669710,0,water
1317216373959,0,water
1315214184830,0,water
1315213538527,0,water
1314212946127,0,water
1322220753937,0,water
1319218160810,0,water
1321220591022,0,water
1321219987524,0,water
1321221489394,0,water
1315213925884,6700,water
1319217799865,0,water
1324222588600,7,water
1315214011823,0,water
1323222013738,0,water
1324222981033,0,water
1314212309544,0,water
1316215436344,0,water
1317215830225,0,water
1323222070955,0,water
1323222059329,0,water
1319218325254,0,water
1317216380182,0,water
1322221249511,63,water
1317216592422,0,water
1317215857816,0,water
1319218273492,0,water
1319218273555,119,water
1321219680131,0,water
1314212551004,0,water
1324222760478,0,water
1314212983439,0,water
1316215731163,0,water
1318216878773,0,water
1321220069381,0,water
1314212475925,0,water
1322220780757,0,water
1324222449922,0,water
1316215588613,0,water
1314212734750,1,water
1316215558293,0,water
1316215442548,0,water
1315213965041,0,water
1315213968175,0,water
1322220836783,0,water
1314212579510,0,water
1315213874605,0,water
1323221536269,0,water
1315213690478,0,water
1316215689771,0,water
1314211914472,0,water
1323221675541,0,water
1321219680117,0,water
1324223215714,0,water
1316215036258,0,water
1314212971232,0,water
1315213702499,0,water
1322220776835,0,water
1323221550231,0,water
1320218748022,0,water
1315213721018,0,water
1316215673068,0,water
1314212916326,0,water
1317216637823,0,water
1319218395958,0,water
1315214146021,0,water
1315214161628,0,water
1316215159296,0,water
1316215558180,0,water
1319218071316,0,water
1317216591279,0,water
1323221774045,0,water
1320218865828,0,water
1320219275928,0,water
1324222857789,617,water
1320218865766,0,water
1323221991680,0,water
1316215382211,0,water
1317216245199,0,water
1314213043983,0,water
1316215035609,0,water
1316215131929,0,water
1317216895502,0,water
1315213696661,0,water
1317216013932,0,water
1314217790803,92,water
1316215352459,0,water
1319217998879,0,water
1321220586806,0,water
1324222735944,0,water
1321220513081,0,water
1324223163193,0,water
1323221630686,0,water
1324222992176,0,water
1316214948984,0,water
1316215530991,1,water
1318216771865,0,water
1315214429262,0,water
1314213018892,0,water
1314213715523,0,water
1317216346991,0,water
1314213116167,0,water
1314211888882,0,water
1314211948310,0,water
1324222712539,0,water
1315213624341,0,water
1320218885008,0,water
1315214159838,0,water
1321221498660,5,water
1322221275365,0,water
1319217839923,0,water
1323221566348,0,water
1314211928078,0,water
1315213238064,0,water
1323221982123,0,water
1318217683426,2959,water
1323221732478,0,water
1321219934775,0,water
1315214124176,0,water
1322221268081,0,water
1316215573054,0,water
1322221236021,0,water
1318217033099,0,water
1322220769463,0,water
1315213238278,0,water
1320218870626,0,water
1321219944598,0,water
1314212647729,0,water
1324223120662,0,water
1318216983496,0,water
1316215711615,0,water
1321219646837,0,water
1324222463729,0,water
1317216281410,0,water
1315214187128,0,water
1316214915314,0,water
1322221450632,0,water
1321219910965,0,water
1320218865727,6,water
1320219328907,98,water
1323222241008,0,water
1324222910731,0,water
1316214978645,0,water
1314212404230,0,water
1317216425583,0,water
1320218747994,0,water
1316215765379,0,water
1315214272736,0,water
1317216126312,0,water
1315214040608,0,water
1314212736843,0,water
1319218193326,10,water
1320219015070,0,water
1315214073847,0,water
1315214217275,0,water
1318216834414,5,water
1322221292776,0,water
1316215761343,0,water
1318217399601,0,water
1322220915627,0,water
1320219210224,5,water
1317216335190,0,water
1321219995584,0,water
1314214388807,4,water
1321219595648,0,water
1314212449122,1,water
1314212900094,0,water
1315213221233,0,water
1322220866863,0,water
1314212795900,0,water
1314212804520,0,water
1318216958658,0,water
1316215662836,0,water
1317215971336,0,water
1322221430313,0,water
1321220184016,0,water
1314213026723,0,water
1317216592410,0,water
1315214089435,289,water
1315214015000,0,water
1318216790600,0,water
1323221755402,0,water
1320221547894,0,water
1320219259203,0,water
1324222505380,0,water
1315213679564,0,water
1317216234361,0,water
1316215497482,0,water
1318218611440,0,water
1323221988621,0,water
1321220420069,0,water
1315214384733,0,water
1319217794938,0,water
1320219089339,0,water
1316215364593,0,water
1314212613640,0,water
1321219950007,0,water
1320219007921,36385,water
1314212454957,0,water
1320218575987,0,water
1319218198808,0,water
1322221339928,0,water
1324222825046,0,water
1319217753363,0,water
1321220454716,5,water
1317216607364,0,water
1318217298518,0,water
1321220145419,0,water
1317216433730,38,water
1322221048073,0,water
1320221484292,0,water
1314212828242,0,water
1317216329538,2,water
1321221498355,5,water
1324222436267,0,water
1314212872725,0,water
1315213624265,0,water
1315214214544,0,water
1316215394901,394,water
1317216582282,0,water
1321220443218,0,water
1314212407643,0,water
1317216438919,0,water
1316215120344,0,water
1317215977556,0,water
1323221649510,0,water
1323221654407,0,water
1316215161732,0,water
1324222410490,0,water
1322220830234,0,water
1323222182610,0,water
1318216923058,0,water
1324223038757,0,water
1321219452962,0,water
1321219900317,0,water
1314212811350,0,water
1316215397047,0,water
1317216227987,0,water
1320218632560,0,water
1315213564471,0,water
1322220680033,0,water
1318217469509,0,water
1324222750236,3,water
1317216482075,0,water
1324222535229,0,water
1316215497468,0,water
1320219145291,0,water
1323221769971,0,water
1321220274120,0,water
1316215579867,0,water
1317215867894,140234,water
1314212482513,14,water
1317216290369,0,water
1315214240398,0,water
1323221648633,0,water
1323221758853,0,water
1315214117867,0,water
1315214154320,0,water
1321219456112,0,water
1321220041964,13,water
1316215175718,0,water
1315214331338,0,water
1315214264335,0,water
1323221899281,0,water
1315213885371,0,water
1318217181460,7,water
1316215205461,0,water
1318218456135,0,water
1324222987051,0,water
1323222112447,0,water
1321220279968,0,water
1320219029004,102,water
1321219758202,0,water
1314214004780,0,water
1320219275854,0,water
1323221772635,0,water
1319217718550,0,water
1315213716032,0,water
1315214032334,0,water
1321219479211,0,water
1323221758042,0,water
1322220831655,0,water
1316215006533,0,water
1320218704296,0,water
1319218261927,0,water
1319218456212,0,water
1319218496750,0,water
1323222349502,0,water
1323222376156,0,water
1315214422610,0,water
1314212472486,0,water
1315213685732,0,water
1317216402584,0,water
1315214180604,0,water
1315214339210,0,water
1320218973283,0,water
1319218532265,0,water
1323221682483,0,water
1320219362047,0,water
1314212469656,4,water
1324222848549,0,water
1316215523251,0,water
1315214464529,0,water
1314212450795,0,water
1320219171485,0,water
1317216307708,0,water
1314212797967,0,water
1314212489064,0,water
1323221628035,0,water
1316215060260,0,water
1315213984255,0,water
1321220087934,0,water
1315214245971,0,water
1322220711978,0,water
1314212703728,0,water
1322221210800,0,water
1316214941609,0,water
1314213039581,0,water
1319218069413,0,water
1315214161604,0,water
1316215155755,0,water
1322220683078,0,water
1323221664016,0,water
1321219967270,0,water
1323221803164,0,water
1314212374817,0,water
1323221565334,0,water
1322220718910,0,water
1315214247254,0,water
1314212846430,0,water
1317218606857,0,water
1316214964708,0,water
1319217841408,0,water
1320219112327,0,water
1315214161770,0,water
1319218258299,0,water
1314212390468,0,water
1320219126099,0,water
1323221806449,0,water
1318217400934,26,water
1314212383323,0,water
1315213570676,0,water
1315214136208,0,water
1320218726230,0,water
1315218160327,0,water
1323221947981,0,water
1324222585770,0,water
1319218082764,0,water
1315213975802,164,water
1317215909577,0,water
1314212368548,0,water
1316215066022,0,water
1314212439323,0,water
1318216770281,0,water
1322220660118,0,water
1316215701261,0,water
1314212428041,0,water
1314212478186,0,water
1322220648683,0,water
1318216911558,0,water
1316215115801,0,water
1320218833731,0,water
1315213197041,0,water
1320218906358,0,water
1316215216716,0,water
1321220142160,0,water
1320219374802,0,water
1320221547870,0,water
1320219132762,0,water
1322221222704,0,water
1315214387122,0,water
1322221340680,0,water
1324223229459,0,water
1314212688218,0,water
1315214390650,0,water
1317216295105,0,water
1314212620429,0,water
1316215253360,16,water
1314212516696,0,water
1315213682242,0,water
1316215523491,0,water
1322221275264,0,water
1315213588270,0,water
1315214218796,0,water
1316215044138,0,water
1319217709601,0,water
1318217547431,0,water
1315214331377,0,water
1319218238335,0,water
1319218574263,0,water
1322220999609,0,water
1321219601782,0,water
1322221261718,0,water
1318217079538,0,water
1321220153795,0,water
1319219028279,0,water
1320219033495,0,water
1321220143919,2,water
1322221207071,0,water
1320219504925,0,water
1322221073733,0,water
1315214250312,0,water
1316215505049,0,water
1315213690466,0,water
1320218684633,0,water
1315213701612,0,water
1315213629619,0,water
1315214343295,0,water
1318217541770,0,water
1316215505064,0,water
1321220164394,0,water
1323221606609,0,water
1319218215756,0,water
1315213731401,0,water
1314212803605,0,water
1316215044076,0,water
1320218747929,0,water
1322220712273,0,water
1318216782019,0,water
1321219699321,4,water
1314213045469,0,water
1320219129549,0,water
1323222284705,0,water
1320219336094,0,water
1314214247278,0,water
1314214069837,0,water
1316215626716,0,water
1316215044239,0,water
1320218599013,0,water
1322220875595,0,water
1322220925693,0,water
1323221769995,0,water
1314212362115,0,water
1323221625546,0,water
1322221284197,0,water
1316216622415,0,water
1323222386765,0,water
1319218071280,0,water
1319218464903,0,water
1315213906985,0,water
1316215023502,5,water
1314212500399,250,water
1316215328687,0,water
1316215615345,0,water
1316215197056,0,water
1315213792690,0,water
1315213805993,0,water
1316215136146,1,water
1317216209635,0,water
1318216958684,0,water
1315214264309,220,water
1314213000502,5,water
1317216458897,0,water
1324223047364,1728,water
1315214308494,0,water
1316215445735,0,water
1318217000102,0,water
1317216583171,0,water
1319218036097,0,water
1319217942301,0,water
1322220991665,0,water
1321220442230,0,water
1314212590020,0,water
1321219742780,0,water
1321219621950,0,water
1318216849051,33947,water
1317216309233,0,water
1320218702645,4,water
1321220464109,0,water
1321219923695,1,water
1323221641905,0,water
1322221400765,239,water
1323221695909,0,water
1315213945619,0,water
1317216335152,0,water
1318217022615,0,water
1314212826022,0,water
1314212714479,0,water
1314212522609,0,water
1318216923401,0,water
1318217018961,0,water
1314212450579,0,water
1315215441256,0,water
1314212991350,0,water
1315213926847,0,water
1316214897365,0,water
1323222386221,0,water
1322220645269,0,water
1316215629801,0,water
1316215139635,0,water
1317219407020,0,water
1315213857396,13,water
1324222774592,0,water
1315213581578,0,water
1317219407057,0,water
1316215198399,0,water
1314212516708,3,water
1316214979635,0,water
1314211902162,0,water
1314213221411,0,water
1316215253257,0,water
1314212584748,0,water
1320218668111,0,water
1315213895586,0,water
1318217026335,0,water
1319217786906,0,water
1315214046169,0,water
1322221025998,0,water
1315214113476,0,water
1323221624505,0,water
1316216622391,0,water
1315213776990,0,water
1314213002138,0,water
1314212407617,0,water
1320218672970,0,water
1320218964575,0,water
1317218150694,0,water
1314212428229,0,water
1319218032567,0,water
1324222612158,0,water
1324222615597,0,water
1315214277156,0,water
1322220870479,0,water
1316215179223,0,water
1319217607062,0,water
1319217908553,0,water
1319218399640,0,water
1324222426557,0,water
1314213018928,0,water
1319217726710,0,water
1322220865303,0,water
1321220420071,0,water
1322220991677,0,water
1315213564533,0,water
1323221948540,0,water
1321220142931,0,water
1322220636258,0,water
1320218820189,0,water
1322220904902,0,water
1323221558885,0,water
1324222829400,0,water
1319218617621,0,water
1320219261310,0,water
1320218879373,0,water
1323222301653,0,water
1315214036903,0,water
1320219209766,0,water
1315213593890,0,water
1314212555914,0,water
1316215150727,0,water
1316215786120,0,water
1314212962979,0,water
1316215353792,0,water
1319218377430,0,water
1319218005940,0,water
1320218962328,0,water
1314211917618,0,water
1323222297463,1,water
1319218067647,0,water
1315213661022,0,water
1317215971387,0,water
1317216616464,0,water
1314213149014,0,water
1320219410115,0,water
1322221000666,0,water
1320218888295,0,water
1322220722870,5,water
1321219811231,0,water
1317216129371,1,water
1317216135638,0,water
1322221210875,235,water
1314212841771,0,water
1322220663898,0,water
1324222893149,0,water
1321219666599,0,water
1324222712895,0,water
1315213804949,0,water
1316218623268,0,water
1316215566605,0,water
1320218897700,0,water
1319218418972,0,water
1321219776566,0,water
1317216129597,0,water
1314212682355,0,water
1315214381663,0,water
1315213198171,0,water
1315214162303,264598,water
1323221675349,0,water
1319218154730,0,water
1314212714620,5,water
1321220371987,0,water
1316214979357,0,water
1324222551172,0,water
1322220662985,0,water
1314212654560,0,water
1316215446232,0,water
1324223114202,0,water
1319218499224,0,water
1316215538911,0,water
1317216424921,0,water
1321220161499,0,water
1315214276887,0,water
1316215384595,10,water
1316215193842,0,water
1322220945986,178,water
1315214104984,0,water
1323222194084,0,water
1314212782825,0,water
1323222275834,0,water
1322221062704,1,water
1323222164182,5,water
1322220679928,0,water
1320218889828,0,water
1320219050960,0,water
1324222987048,1,water
1324222418523,0,water
1324222419374,0,water
1315214178687,0,water
1316215527666,0,water
1314212652958,8,water
1320218723740,0,water
1324222845758,0,water
1321219729629,1,water
1314212478465,0,water
1318217333398,13,water
1324222598043,0,water
1320219234515,0,water
1315213950001,0,water
1321220001059,0,water
1321220034072,5,water
1319218335279,0,water
1322221114580,0,water
1315214277093,0,water
1314212937953,0,water
1317216438869,0,water
1314212321792,0,water
1321220001097,0,water
1321219738503,0,water
1314212624997,0,water
1315213672215,10,water
1322221144823,0,water
1322220639482,0,water
1315214325045,0,water
1321219954411,0,water
1318217021474,0,water
1317216267942,0,water
1317215900325,0,water
1321220720561,0,water
1316215167394,0,water
1319217965932,5,water
1315213207499,0,water
1322221279110,0,water
1315214396184,0,water
1319218529360,0,water
1322221059924,0,water
1318217000001,0,water
1320219027644,0,water
1315219431160,0,water
1324222724256,0,water
1316215532476,0,water
1317215831975,0,water
1321220291177,0,water
1321219632407,0,water
1320219051000,0,water
1314212543868,0,water
1324223229473,0,water
1318216829806,0,water
1318216873253,0,water
1318216798165,0,water
1314212469617,0,water
1314212881445,0,water
1314213012139,0,water
1314213174396,7,water
1320218835092,0,water
1315213926811,0,water
1319217927413,0,water
1324223047061,0,water
1319218071431,0,water
1315214320335,0,water
1315214438261,0,water
1314212390761,0,water
1317215838792,0,water
1316215051451,0,water
1319217851904,0,water
1322220629051,0,water
1315213962436,250,water
1321220422909,0,water
1320219216342,0,water
1323221533805,0,water
1314213115532,0,water
1314213126764,0,water
1315213731387,0,water
1318217206806,0,water
1316215784380,0,water
1316215136437,0,water
1315214236818,0,water
1315214107866,0,water
1319218313486,0,water
1319218524015,0,water
1317216216820,0,water
1323222104390,0,water
1321219905041,0,water
1320218595066,0,water
1322221181946,0,water
1320219313881,0,water
1317216235097,3,water
1323222132882,0,water
1322220671515,0,water
1316215495449,0,water
1322222404624,0,water
1323221837596,0,water
1314212550418,0,water
1314212904965,0,water
1323221844830,0,water
1317216558496,0,water
1316215116676,0,water
1317215876069,0,water
1315214275859,0,water
1321219775133,0,water
1323222075828,0,water
1315214132932,0,water
1315214048237,0,water
1315214039859,0,water
1315214309371,0,water
1323222077226,0,water
1320218575429,0,water
1316215747371,0,water
1324222862714,0,water
1323221837228,0,water
1319218024267,0,water
1321220170462,0,water
1324223112448,0,water
1315213948274,0,water
1316215044114,0,water
1320221472259,0,water
1314212549188,0,water
1318216862312,0,water
1317216293884,0,water
1317216335149,0,water
1317216260048,0,water
1321220362127,0,water
1322220978884,0,water
1322220795114,0,water
1314212721308,0,water
1318217398510,0,water
1323221665185,0,water
1314213128768,0,water
1321219742778,0,water
1320219404098,0,water
1323222086403,0,water
1321219529132,0,water
1324223091834,5,water
1322221463490,0,water
1315213846569,0,water
1314212649610,0,water
1324222825059,1,water
1324223018223,0,water
1322220852471,0,water
1316215203353,0,water
1321220047221,0,water
1324222416873,0,water
1324222851444,0,water
1321219648348,0,water
1322221441330,0,water
1320218957025,0,water
1323221663560,0,water
1314212890875,0,water
1320218660696,0,water
1322220904977,0,water
1322221106750,0,water
1319217928201,0,water
1320218684660,0,water
1322220830222,0,water
1314212324230,0,water
1314212412478,2,water
1314212345161,0,water
1314213008283,0,water
1321219905092,139203,water
1320218696995,1,water
1322220930768,0,water
1315213968264,0,water
1315214006431,4,water
1314212368536,0,water
1316215115837,0,water
1314212541116,0,water
1316215253218,0,water
1323221675554,0,water
1314212321741,0,water
1323221855873,0,water
1315213604402,0,water
1318217301643,0,water
1314212409205,0,water
1318216862336,0,water
1318217669872,0,water
1314212647743,0,water
1323221753890,0,water
1322220722868,5,water
1319218456085,0,water
1321220583025,0,water
1317216260137,0,water
1321219722776,0,water
1317215949266,0,water
1315217687829,0,water
1320218639250,0,water
1319218494591,0,water
1319218059703,0,water
1316214928160,0,water
1319218044737,0,water
1314212392536,0,water
1323221889355,0,water
1314212428623,0,water
1324222726628,0,water
1320218605968,0,water
1318217073636,0,water
1315213238482,0,water
1315213701877,0,water
1321219919014,0,water
1320219055819,0,water
1318217033238,0,water
1316215171000,0,water
1315213971601,0,water
1314214481436,0,water
1322220887576,0,water
1315213880166,0,water
1316215236466,45,water
1321219666841,0,water
1316215648458,0,water
1317216382147,2,water
1319218154692,0,water
1314213105923,0,water
1323221591047,0,water
1318217131604,0,water
1318217305731,0,water
1321219914696,21,water
1314212497402,0,water
1322221237631,0,water
1322221001326,0,water
1315213937687,0,water
1314211912530,0,water
1314214193587,0,water
1319217865880,0,water
1314212490650,0,water
1316214977744,0,water
1319218495291,0,water
1321220484012,0,water
1320218642484,0,water
1318218732004,0,water
1322220849778,0,water
1318216835999,0,water
1315219435233,0,water
1320218774774,0,water
1320219003237,0,water
1319218335812,0,water
1322221145562,0,water
1324222601484,0,water
1324222560132,0,water
1323221939717,0,water
1323221563618,0,water
1320218644856,0,water
1314212825893,0,water
1320218858936,0,water
1315214105001,0,water
1323222154801,0,water
1314212615569,0,water
1324222586644,0,water
1314212682862,0,water
1314212539946,0,water
1314211914270,0,water
1317216057075,0,water
1314212613653,0,water
1318217450194,1,water
1320219146014,0,water
1314211933813,0,water
1320218973232,0,water
1316215303900,0,water
1320218863189,0,water
1314212814230,0,water
1324222981223,0,water
1315213693183,0,water
1322221497492,0,water
1323222044051,0,water
1323221527777,0,water
1315213216916,0,water
1314212943563,0,water
1324223118047,0,water
1323221552540,0,water
1318217143078,0,water
1320219301328,0,water
1319218342552,3205672,water
1324222483885,0,water
1320218842526,0,water
1321220140875,89,water
1319218193276,107,water
1320218873293,0,water
1318216696575,0,water
1315214351975,2,water
1314212793335,0,water
1315213755515,0,water
1324222601205,0,water
1318217074071,0,water
1321219822715,0,water
1323223208760,0,water
1314212748343,0,water
1314212519490,0,water
1318216748475,0,water
1321220381230,0,water
1315219435245,0,water
1322221158595,0,water
1317216385676,0,water
1321219822537,0,water
1322220861114,0,water
1314211919814,0,water
1320219243969,0,water
1314212996298,0,water
1318217021462,0,water
1314212509499,0,water
1324222637530,0,water
1319218403929,0,water
1319217761358,0,water
1314212462028,0,water
1314212872535,0,water
1318216752889,0,water
1315213798263,0,water
1317215816606,0,water
1314212462016,0,water
1317216217214,0,water
1316215772930,0,water
1320218839470,0,water
1320219342882,0,water
1314212615025,0,water
1314212914485,0,water
1317216198820,48,water
1316215352915,0,water
1316215295926,3,water
1322220877450,0,water
1314212679359,0,water
1319218669063,0,water
1323221837610,0,water
1321220238036,0,water
1314213010263,0,water
1321220412922,2,water
1323221559964,0,water
1320219347198,0,water
1322221436886,0,water
1324222462475,0,water
1319218576849,0,water
1314213130913,0,water
1323222301640,0,water
1316215442575,0,water
1320218831271,0,water
1324223165034,0,water
1315213207513,0,water
1320218591182,0,water
1321220357343,0,water
1318219429937,0,water
1324222457905,1,water
1320219342680,645,water
1321219829266,0,water
1315214406340,0,water
1318217021423,0,water
1320218890022,0,water
1315213735638,0,water
1315213616927,0,water
1316215305172,0,water
1317216614572,0,water
1317215808849,0,water
1324222682890,0,water
1322221456864,0,water
1318217695384,4,water
1319218395059,0,water
1319218120234,0,water
1318217038583,0,water
1315214203515,0,water
1323221659523,0,water
1324222517854,0,water
1319217950260,0,water
1321220333619,0,water
1314212459150,0,water
1322220861254,0,water
1316215365925,0,water
1321221534567,0,water
1322220810877,0,water
1320218952404,0,water
1316215344490,0,water
1319218447252,0,water
1321220303679,0,water
1318217463342,0,water
1315214236820,0,water
1318217074083,0,water
1318217124282,0,water
1317216138659,0,water
1320218756753,0,water
1319217981291,0,water
1322221058427,0,water
1321219807486,0,water
1318217301896,8682,water
1321220313858,0,water
1319218399626,0,water
1314212943346,0,water
1322220670451,0,water
1316215019187,0,water
1317216308902,0,water
1321219935842,0,water
1321220659458,0,water
1323222255693,0,water
1314212321881,0,water
1324222798961,0,water
1314211909712,0,water
1315214231591,3,water
1318217426283,0,water
1321219676552,3,water
1316215573078,0,water
1318217480755,0,water
1323221563620,0,water
1324223228444,5,water
1321219762958,0,water
1322220697371,0,water
1323222335061,0,water
1318216890893,0,water
1314213189069,0,water
1314213233822,5,water
1314212901045,0,water
1315213752672,0,water
1315214191850,0,water
1319218139309,0,water
1320219047255,0,water
1314212748216,0,water
1314212443194,0,water
1324222585768,0,water
1324222409272,0,water
1315214458919,0,water
1315214007318,0,water
1315214197699,0,water
1316215026826,0,water
1321220135180,0,water
1315213929110,0,water
1317216100026,0,water
1314212491423,0,water
1316215084664,0,water
1322221110000,0,water
1314212931721,0,water
1318217142140,0,water
1321220412896,0,water
1315213919121,0,water
1317215997863,0,water
1316215162633,124692,water
1316214944567,0,water
1318217139803,0,water
1316215683451,0,water
1321219921867,0,water
1316215288667,0,water
1323221954694,0,water
1322221008194,0,water
1318217152469,0,water
1314212805129,0,water
1314213581073,0,water
1319218073827,0,water
1320219359066,0,water
1320219009065,487,water
1320218595078,0,water
1321219914660,0,water
1324222661365,0,water
1323222048441,2,water
1323221644875,0,water
1316215357625,0,water
1316215137492,202034,water
1322220969277,0,water
1315213894595,0,water
1321219738907,0,water
1315214191658,24,water
1320218595179,0,water
1315213738913,0,water
1314212433357,0,water
1315213624366,0,water
1324222587836,0,water
1323221770009,0,water
1322221020872,0,water
1319217987991,0,water
1317216034785,0,water
1319217799218,0,water
1319217791274,0,water
1319218468458,0,water
1314213531472,0,water
1316215012384,0,water
1322220994469,0,water
1319218113708,0,water
1323221768841,0,water
1320219374410,0,water
1314212882981,0,water
1324223041548,0,water
1314213111976,0,water
1323221594029,0,water
1321219630821,0,water
1320218865816,0,water
1320218869220,0,water
1314212917660,0,water
1314212699096,0,water
1315214213631,1225,water
1317219425244,0,water
1318217152457,0,water
1317216309803,0,water
1314212900132,380,water
1324222639181,0,water
1321220443547,5,water
1319218470122,0,water
1314211909662,0,water
1319218247169,0,water
1315213606940,0,water
1316214986527,0,water
1318216743310,0,water
1324223205016,0,water
1315217720364,0,water
1319218300770,0,water
1314211886977,0,water
1321220452318,0,water
1323222086415,0,water
1316215435316,0,water
1321220142309,0,water
1317216402659,0,water
1323221659600,0,water
1324222620522,0,water
1324222645703,0,water
1321220253292,580,water
1320218962227,0,water
1314212948133,0,water
1322221059951,0,water
1323221944299,0,water
1317215977543,0,water
1314211913948,0,water
1314212690390,0,water
1324223043454,0,water
1320219191386,0,water
1319218504379,0,water
1318217137532,0,water
1314212378436,5,water
1321219616505,0,water
1322220668279,8,water
1322221025620,3,water
1320219337692,0,water
1322221534011,0,water
1316214947867,0,water
1314212634341,0,water
1318217302177,0,water
1321219731054,0,water
1316215127275,0,water
1319218350650,0,water
1317216216008,0,water
1324222925378,5,water
1321220518070,0,water
1322220985459,0,water
1316215535168,250,water
1315218476594,0,water
1323221998952,0,water
1324222912774,1,water
1321220542930,0,water
1318217079627,0,water
1318216704371,0,water
1314213002140,0,water
1316215466311,0,water
1321219751664,0,water
1323221704289,0,water
1323221548009,0,water
1323222042881,0,water
1318217336229,96,water
1314212779767,0,water
1317216027577,0,water
1318217592346,0,water
1317216075349,0,water
1322221320789,0,water
1317215809397,0,water
1315214215550,3,water
1323221810637,0,water
1322220858385,0,water
1319218032391,0,water
1322221218783,0,water
1314212962967,0,water
1321219633690,0,water
1321219921246,0,water
1319218252930,0,water
1321220568416,0,water
1314212313959,5,water
1315213945532,0,water
1314212737631,0,water
1320220710711,0,water
1317216614584,0,water
1318217037910,0,water
1322221452699,0,water
1314213144823,0,water
1324223055928,0,water
1324222545206,0,water
1321219725951,0,water
1318217411180,0,water
1319218032631,0,water
1314212825095,0,water
1316215159322,0,water
1315214229496,0,water
1314212737682,0,water
1323221531801,0,water
1324222461865,0,water
1324222980310,0,water
1316215167824,1,water
1321220153769,17,water
1315213983378,0,water
1316215468570,0,water
1319218034306,0,water
1317216246254,0,water
1315213722313,0,water
1314212568063,0,water
1321219901168,0,water
1322220765554,0,water
1322221320575,0,water
1314212943411,0,water
1316215003854,0,water
1315213735626,0,water
1315214220941,0,water
1315213836238,0,water
1324222989345,0,water
1320218825368,0,water
1321219740608,0,water
1323221628011,0,water
1315218634487,0,water
1323221539012,0,water
1315214272724,0,water
1323221565979,0,water
1315214259158,0,water
1316215327851,0,water
1318218637698,0,water
1323222286130,0,water
1314212588230,0,water
1320218761183,0,water
1321219450917,0,water
1323222286027,0,water
1317216076998,0,water
1319217909441,0,water
1317216309563,0,water
1324222474633,0,water
1316215162379,0,water
1314214944819,0,water
1318216727836,0,water
1315213755275,0,water
1320218868053,0,water
1321219659998,0,water
1315213766355,5,water
1315214340162,0,water
1324222914412,0,water
1322220917874,0,water
1324223165046,0,water
1321220157539,0,water
1317216428375,0,water
1317215942323,0,water
1320218814022,0,water
1319217852399,0,water
1314212663658,0,water
1323222210724,0,water
1318217419415,0,water
1322220756860,0,water
1316215604822,17,water
1316217695218,0,water
1316215256835,0,water
1319218025548,0,water
1319218481202,0,water
1321219443850,0,water
1317216194821,0,water
1323223215789,0,water
1315214396196,0,water
1323222275808,29,water
1319218165239,4,water
1315213973629,0,water
1322220670335,0,water
1318217423843,0,water
1315213726110,250,water
1322221357003,0,water
1315214176149,0,water
1317215932942,0,water
1322220879415,0,water
1316215007372,1,water
1319217705019,0,water
1314212852937,0,water
1317216213468,0,water
1315214457780,0,water
1320219381682,0,water
1320218865715,0,water
1319218044701,0,water
1317216217760,0,water
1316215390067,0,water
1322221401146,0,water
1314212423875,0,water
1317216604850,0,water
1319218273353,0,water
1317216041285,0,water
1319217801137,0,water
1316215587116,16453,water
1322220719241,0,water
1322221248356,0,water
1317216100798,0,water
1321219965819,0,water
1322220880619,0,water
1315213937636,0,water
1317215940747,0,water
1315213817467,0,water
1316215115825,0,water
1317216432260,0,water
1314211941467,0,water
1314212630622,0,water
1323221963301,0,water
1316215170046,0,water
1317216234296,0,water
1318216913158,0,water
1315213833989,0,water
1319217963053,0,water
1324222438905,0,water
1314212695023,0,water
1322222395333,0,water
1317216141743,0,water
1319218039360,0,water
1324222904435,0,water
1318217538343,0,water
1320218732422,0,water
1319218193314,937,water
1321220434361,0,water
1316215057845,0,water
1316218378521,0,water
1324222895714,0,water
1314212655409,0,water
1318216934036,0,water
1323222354425,0,water
1324222559801,0,water
1314212315865,0,water
1314212536561,0,water
1317216147809,0,water
1322220919219,0,water
1315214215333,0,water
1322221298829,0,water
1322221188511,0,water
1315213874581,0,water
1315214308431,0,water
1316215802909,0,water
1317216488395,0,water
1317216059790,0,water
1315215127390,100887,water
1316215366194,0,water
1315214256101,0,water
1316215208909,0,water
1315214162238,0,water
1315213857384,651,water
1324223035306,0,water
1316215544990,112,water
1320219123748,0,water
1324222500706,0,water
1320220599892,0,water
1323221676582,0,water
1320219219906,0,water
1324222784252,0,water
1320218818312,0,water
1322221071828,0,water
1321219785247,0,water
1314213103462,0,water
1319218089148,0,water
1318216858757,0,water
1314213012115,0,water
1320218818223,0,water
1316215160021,0,water
1314211923216,0,water
1316215606967,0,water
1317216420303,0,water
1316215373984,0,water
1316215766647,0,water
1321219639263,0,water
1322220626891,0,water
1315214441875,0,water
1315214019630,0,water
1315214356091,0,water
1318217740721,0,water
1323221596669,0,water
1315213541840,0,water
1315213696697,0,water
1319218199014,4,water
1315214118844,0,water
1324222676470,0,water
1324222807657,0,water
1324222602637,0,water
1317216499970,94,water
1314212554416,0,water
1323222323545,0,water
1317215828296,0,water
1322220688648,0,water
1319217909670,0,water
1317215951587,0,water
1320219409428,0,water
1314212900171,0,water
1319218495289,0,water
1322220787687,0,water
1316215217201,0,water
1321220029565,0,water
1322220852469,0,water
1324223202375,0,water
1315214276812,0,water
1314212412427,0,water
1315214425908,0,water
1317215816657,0,water
1316215089499,0,water
1323221710128,0,water
1323222137729,0,water
1322220898112,2011,water
1319217812989,0,water
1317216135665,250,water
1323222217515,0,water
1314212840084,0,water
1317216245225,0,water
1322220791279,0,water
1324222576567,0,water
1323221921517,0,water
1322220955520,0,water
1319217816444,0,water
1315214291989,0,water
1320219246865,0,water
1316215655200,0,water
1319218031843,0,water
1319217827928,0,water
1316215684743,0,water
1318216843565,0,water
1320219275827,0,water
1317216473912,0,water
1315214500934,0,water
1315214201497,0,water
1314212500627,0,water
1315213218062,0,water
1314212450783,0,water
1315214203770,0,water
1316215037122,0,water
1324223050547,0,water
1316215765381,0,water
1321220420158,0,water
1315214124137,0,water
1315213733443,0,water
1314212516684,6,water
1319217978081,0,water
1318216970400,0,water
1315213663786,0,water
1320219024270,32,water
1324222417774,0,water
1317216057051,0,water
1316214979369,0,water
1324222588016,0,water
1314212943904,9,water
1318217282351,0,water
1324222634747,0,water
1317216015697,0,water
1323221624226,0,water
1322220998696,0,water
1320218739771,0,water
1322220647010,0,water
1319217705033,0,water
1314212520403,0,water
1316215744374,0,water
1323222218897,0,water
1317216138661,0,water
1316215534660,0,water
1321220462790,1,water
1322220826162,0,water
1315213719406,0,water
1323221940392,0,water
1316215457932,0,water
1316215406505,0,water
1316215187307,0,water
1316215072733,1,water
1320218657361,0,water
1317216057024,0,water
1316215205434,0,water
1317219408349,0,water
1319217806595,0,water
1316215023870,0,water
1322220733063,0,water
1322220772127,0,water
1320218689750,0,water
1320218756993,0,water
1321219829518,0,water
1323222327658,0,water
1324222452880,0,water
1324222803696,0,water
1323221930910,1,water
1314212536559,0,water
1323221950520,0,water
1318216914919,0,water
1319218369787,0,water
1314213836240,0,water
1314212481663,0,water
1318217123417,0,water
1318217398419,0,water
1317216126185,0,water
1324222530887,0,water
1314212782369,1,water
1315213938261,933,water
1323221684386,0,water
1316215704014,0,water
1317216506752,448,water
1324223206196,0,water
1317215995782,0,water
1314212505135,0,water
1323221611318,0,water
1321219752161,0,water
1314211922669,0,water
1320218764138,0,water
1315213546169,0,water
1315213681986,0,water
1316215686763,0,water
1315213659461,0,water
1316215503083,0,water
1324222608604,0,water
1322221441379,7,water
1316215015379,0,water
1322221205851,0,water
1314212552665,0,water
1319218208686,0,water
1315213876941,0,water
1314212337226,0,water
1314212556031,0,water
1314212808570,0,water
1315214212476,0,water
1319217980034,0,water
1317216208304,0,water
1318217021447,0,water
1323221614338,0,water
1317216013336,0,water
1319218046845,0,water
1319218440004,0,water
1319218075644,0,water
1319218003539,0,water
1315213920491,0,water
1314212878615,1,water
1315213658521,0,water
1315213243417,0,water
1315214062578,0,water
1320218796819,0,water
1316214961118,0,water
1322221415716,0,water
1315214080158,0,water
1324222616575,0,water
1322220650523,0,water
1321220324040,0,water
1322220892665,0,water
1315218696843,0,water
1321219666587,0,water
1321220087997,0,water
1323222322378,0,water
1322220904965,0,water
1320219273606,0,water
1314213548922,0,water
1322220877498,0,water
1318216874901,0,water
1320218648083,0,water
1324223039809,0,water
1324223121183,0,water
1319218364747,0,water
1319217824541,0,water
1321220517460,0,water
1317216097194,0,water
1315214410007,0,water
1321220164406,12,water
1314212400396,0,water
1324223083573,0,water
1320218625630,0,water
1323222028742,2255,water
1314212932798,0,water
1315214313975,0,water
1320218728006,0,water
1319218383899,0,water
1323221549645,0,water
1324223208240,0,water
1318217434570,294,water
1324223071301,0,water
1319218067635,5,water
1317215940584,0,water
1321220403240,0,water
1323221811490,0,water
1321219679204,0,water
1322221349347,0,water
1316215689769,0,water
1322220797789,0,water
1323221914690,0,water
1314212555674,0,water
1318217385020,0,water
1314212549176,0,water
1319218262677,0,water
1314211941923,0,water
1322221094814,3,water
1316215394812,0,water
1324222527119,0,water
1315214131789,0,water
1322220997151,0,water
1319217978004,0,water
1321219507365,0,water
1322221043779,0,water
1322221065687,0,water
1321219739149,1,water
1320219259227,0,water
1319217757576,0,water
1316215047958,0,water
1321219725482,0,water
1318217377985,0,water
1314213051636,0,water
1315214038756,0,water
1315214438398,0,water
1314213174434,5,water
1322220993861,0,water
1315214053062,0,water
1320219175332,0,water
1321220041863,12,water
1321220159267,0,water
1316215045550,0,water
1320219197124,0,water
1318216798102,0,water
1319217843426,2340,water
1316215010758,0,water
1314212779781,0,water
1317215914704,5,water
1315213703174,0,water
1320219357338,0,water
1323221836531,0,water
1324222418586,0,water
1316214948972,0,water
1317216289506,0,water
1316215162835,0,water
1319218556912,0,water
1317216390587,74690,water
1316215477605,104,water
1323222124024,0,water
1318217149210,3,water
1314212618793,0,water
1322221174307,13,water
1317216435014,0,water
1322221415250,0,water
1320218737272,0,water
1318219433101,0,water
1314212514044,0,water
1315213635511,0,water
1317215816683,0,water
1317216479651,0,water
1322220757328,0,water
1319218532188,18,water
1314211886953,0,water
1314212342950,0,water
1320218684658,0,water
1315213605948,0,water
1315213736844,0,water
1320218806406,0,water
1317216583070,0,water
1315215788338,0,water
1314211904735,0,water
1314212315319,0,water
1316215469762,0,water
1317216260113,0,water
1315213844210,0,water
1314213098458,33,water
1319217915331,0,water
1323221824612,0,water
1315214240323,0,water
1316215554306,0,water
1321219663061,0,water
1314212558581,0,water
1314212619264,5,water
1315214345480,3189,water
1323222258497,0,water
1314212660765,0,water
1314212451292,0,water
1322220899393,0,water
1315213969064,0,water
1318217197728,0,water
1315214203489,0,water
1314212465621,0,water
1316215530371,0,water
1319218183933,0,water
1323221603032,0,water
1321219943925,0,water
1324222914982,0,water
1324223038769,0,water
1323222255857,7,water
1317216593804,0,water
1324222969901,3,water
1316214982720,0,water
1320218979134,0,water
1323221897743,0,water
1316218588693,0,water
1317216432435,0,water
1323221966765,0,water
1320218596791,0,water
1317216553471,0,water
1319218165254,3,water
1322220788943,0,water
1322221450051,0,water
1320219029016,4765781,water
1320219216951,0,water
1323222239218,0,water
1316217604901,1304,water
1314212630281,0,water
1315214331326,0,water
1316215559853,0,water
1314212882955,0,water
1317216166191,0,water
1314213104831,0,water
1317216422891,0,water
1323222165108,0,water
1315214189843,0,water
1316214922128,0,water
1319218268961,0,water
1315213959796,0,water
1321220682304,0,water
1314212441341,0,water
1320218993107,0,water
1319218399665,0,water
1317215841596,0,water
1316215767664,0,water
1316215655224,0,water
1321220376115,0,water
1317218600827,0,water
1323221696091,0,water
1323222137921,0,water
1322220936963,0,water
1323221844828,1,water
1319217960525,0,water
1319217819147,0,water
1316215076593,0,water
1322220641854,0,water
1324222794935,0,water
1316215164981,0,water
1323222162923,0,water
1315213703515,0,water
1317215910023,0,water
1322220849994,0,water
1317216212910,0,water
1316214986945,0,water
1317216093789,0,water
1316215012877,0,water
1318217507728,0,water
1323223239930,0,water
1323221768649,0,water
1316215359858,1,water
1324222614012,0,water
1324222517789,0,water
1321219882659,0,water
1322220969430,0,water
1324222467716,0,water
1321220442634,0,water
1324223039393,0,water
1316215594247,0,water
1318217027717,0,water
1320218756637,0,water
1322221360845,0,water
1314212774463,0,water
1316215232911,0,water
1316215513565,0,water
1314212500742,0,water
1321221534581,0,water
1320219214133,0,water
1314212799365,0,water
1316215107792,0,water
1319218075669,0,water
1319218082814,0,water
1324222590390,0,water
1314211953411,0,water
1322221070093,0,water
1322220752265,0,water
1317216014858,0,water
1322220795088,0,water
1314213016443,0,water
1319218365512,0,water
1318217044787,0,water
1315214288728,3,water
1314212543831,0,water
1316215271077,0,water
1314212960571,0,water
1315216649323,0,water
1315214102220,0,water
1315214299707,0,water
1316215218153,0,water
1324222665770,0,water
1323222387894,0,water
1321219670914,135,water
1317215833373,0,water
1316214933475,0,water
1321219664822,0,water
1323222326112,0,water
1321220274284,0,water
1318217027729,0,water
1317215931914,0,water
1322221194400,0,water
1319217782008,0,water
1319218047886,0,water
1321219853052,0,water
1323221679727,0,water
1314212833798,0,water
1317216408423,0,water
1315213896160,1,water
1321220027003,136215,water
1322221428826,0,water
1315213745197,4,water
1321219851401,0,water
1314212442964,0,water
1315213854666,15,water
1314213178116,0,water
1324222690327,0,water
1316214985246,0,water
1322221031329,0,water
1324222684336,0,water
1316215101561,0,water
1316215499524,0,water
1317215894306,0,water
1324222901771,0,water
1315213593433,0,water
1324222449201,0,water
1314212804660,0,water
1320218649984,0,water
1318216954420,17,water
1323222157404,0,water
1320218669051,0,water
1315214105013,0,water
1318217365889,0,water
1319218431916,0,water
1323221976626,0,water
1319217825215,0,water
1322220966408,0,water
1314212611394,0,water
1320219126947,0,water
1322221112333,0,water
1323222239206,0,water
1320218804173,0,water
1324223118631,0,water
1316215694807,0,water
1320219099239,7,water
1317216135564,46,water
1323222135170,0,water
1316215045396,0,water
1315214343980,0,water
1322220693295,0,water
1318216834705,0,water
1322220988048,0,water
1319218289332,0,water
1323222343372,1,water
1318217164209,0,water
1321219867013,5,water
1314213126067,0,water
1322220776595,0,water
1323222271886,0,water
1323222084915,0,water
1322221228632,12191515,water
1315214181671,0,water
1319218480717,0,water
1315213223439,0,water
1324222527208,0,water
1315214191405,0,water
1316214986768,0,water
1320219026438,0,water
1316214979332,0,water
1314211936125,0,water
1318217195534,0,water
1314212390470,0,water
1315214324713,0,water
1322220700379,0,water
1323221913852,0,water
1316215666049,0,water
1314212792752,0,water
1320218616276,0,water
1320218684645,0,water
1315213968795,0,water
1314212389706,5,water
1320218819631,5,water
1314212665436,0,water
1314212872737,0,water
1321219468889,0,water
1316215057973,0,water
1316215697828,0,water
1314212937940,0,water
1318217087004,0,water
1318216788606,0,water
1323221611344,0,water
1315218623256,0,water
1323221548504,1128,water
1323222395396,0,water
1315213984267,0,water
1317216097788,0,water
1319218494577,0,water
1321219776123,0,water
1321219468636,302036,water
1319218334009,0,water
1324223229485,0,water
1315214339222,0,water
1321220142196,0,water
1314212887083,0,water
1314212566463,0,water
1314212893010,0,water
1320218857377,0,water
1321220303705,0,water
1315214240400,0,water
1320218922538,0,water
1324223196231,0,water
1322220955518,0,water
1317216045625,0,water
1315213794783,0,water
1323222149092,1,water
1324222553240,0,water
1323221616093,0,water
1324223181482,0,water
1316215080894,1,water
1319218069488,0,water
1317216538153,0,water
1314212713061,0,water
1320219054362,0,water
1314216076190,0,water
1314212500401,0,water
1322220885115,512998,water
1323221611357,0,water
1314212908952,0,water
1314212501163,0,water
1315213550318,0,water
1320219404086,0,water
1315214198576,24,water
1320219031186,0,water
1317215816707,0,water
1317215880612,0,water
1321220188054,10,water
1324222550360,0,water
1321219631645,0,water
1322221249117,0,water
1314212925224,0,water
1322221065675,0,water
1314212959821,0,water
1319218556619,0,water
1316215087913,0,water
1317217774823,0,water
1322222299772,0,water
1321220222347,0,water
1317216245201,0,water
1316215676115,0,water
1322220927368,0,water
1315214460368,0,water
1324222407064,0,water
1314212653063,0,water
1315214125650,0,water
1320219274899,0,water
1314211917570,0,water
1314213076654,0,water
1324222407102,0,water
1315213926823,0,water
1315213738800,0,water
1314212461521,0,water
1316215184060,0,water
1320219026440,0,water
1316215364629,0,water
1317216484129,0,water
1315213935277,0,water
1321219704552,0,water
1324222468605,0,water
1321219758315,0,water
1315213896121,0,water
1320218865739,0,water
1321220323986,0,water
1316215039280,0,water
1315213890270,0,water
1317216464394,0,water
1321219892039,0,water
1318217457845,0,water
1315214121699,0,water
1314212953968,0,water
1318217053937,0,water
1322221375761,0,water
1320220606851,0,water
1320218962696,0,water
1322221465697,0,water
1321221489382,0,water
1321221320827,0,water
1320218873305,0,water
1316215180757,0,water
1323221573734,0,water
1323222012852,0,water
1323222343360,26,water
1315214193082,161,water
1315213645260,0,water
1314213237617,0,water
1322220782775,0,water
1320219342870,0,water
1318216834717,0,water
1317216563914,126,water
1318217323171,0,water
1314213027535,0,water
1323221663572,0,water
1317216057632,0,water
1323221674409,0,water
1316215052806,0,water
1315213977972,0,water
1317216391060,0,water
1316215342801,0,water
1314212594877,0,water
1316215052782,0,water
1314212460808,0,water
1314211941479,0,water
1317216592434,0,water
1315214464810,5,water
1316214897011,0,water
1321220308946,0,water
1323221815970,0,water
1321220371999,0,water
1320219395480,0,water
1316215673132,361529,water
1321219729910,0,water
1316215390244,0,water
1322220836466,0,water
1323221835681,0,water
1317216433781,59,water
1319218252839,0,water
1324222583256,0,water
1320219185701,0,water
1317216015798,0,water
1324222607121,0,water
1321220001123,0,water
1315213770148,0,water
1321220313845,0,water
1322221059963,0,water
1323221648090,0,water
1323221660018,0,water
1317216589782,0,water
1315214386866,0,water
1321219622103,0,water
1317215844438,0,water
1320218605588,0,water
1320221534427,0,water
1316215205459,0,water
1316215384583,0,water
1315213922014,0,water
1318217217417,0,water
1317215814272,0,water
1316215162850,0,water
1317216604975,0,water
1317215895259,3,water
1322220726184,0,water
1314212478200,0,water
1323221648456,0,water
1318217335088,0,water
1321219961822,0,water
1319217963065,0,water
1316215640653,0,water
1316215289683,0,water
1318217149196,0,water
1315214344234,0,water
1314212690453,0,water
1321219821004,0,water
1321220238048,0,water
1315213611369,0,water
1319218145175,844,water
1320218777656,0,water
1316215690189,0,water
1315213231160,0,water
1314212992592,0,water
1319218560009,0,water
1314212419372,0,water
1323221755236,0,water
1315213959442,0,water
1323221532500,0,water
1323221700127,0,water
1324222519377,0,water
1318217403486,0,water
1319217961390,200,water
1317216100800,0,water
1314214503118,0,water
1315214311209,0,water
1317216432462,0,water
1314212927420,41,water
1314212956674,0,water
1322220756872,0,water
1315213751720,0,water
1323221637782,0,water
1320218944256,0,water
1320218775258,0,water
1315214356661,1,water
1315214185492,0,water
1317218606945,0,water
1319217821368,0,water
1315214191898,0,water
1320219174733,0,water
1315213966169,0,water
1316215298112,0,water
1314212684664,0,water
1315213213958,0,water
1315213729926,0,water
1321219697796,0,water
1321220146221,0,water
1324222759096,0,water
1321219890377,0,water
1316215306919,0,water
1323221549470,0,water
1323222047944,0,water
1323221706373,0,water
1324222735072,0,water
1324222539013,0,water
1321220007203,0,water
1320219305277,0,water
1315213690480,0,water
1315213737947,0,water
1318216912648,12,water
1314212556005,0,water
1315214196204,0,water
1318217541782,0,water
1317216114797,0,water
1315214390902,0,water
1322220974149,5,water
1317218637650,0,water
1316215644333,0,water
1320218814008,0,water
1317215908928,0,water
1315214245906,0,water
1314212393058,0,water
1321219693379,0,water
1320218977080,0,water
1324222774655,0,water
1322222388946,0,water
1321219933280,0,water
1315214087660,0,water
1321219792811,0,water
1317216603050,0,water
1315214163192,0,water
1322221298831,78,water
1314212385189,0,water
1324222762700,0,water
1314212989634,0,water
1320219034345,0,water
1315213637667,0,water
1316217492988,0,water
1317216508554,0,water
1322221205800,0,water
1314212404343,0,water
1321219667464,0,water
1314212401537,0,water
1320219434141,132,water
1314212926998,0,water
1320219239023,0,water
1316215519113,0,water
1314212704858,0,water
1322221007610,0,water
1315214024162,0,water
1314212551143,0,water
1319217615362,0,water
1316215365863,0,water
1315214412443,0,water
1323222067656,0,water
1319218465856,0,water
1317216135590,0,water
1314212302917,0,water
1317216402610,0,water
1320218585418,0,water
1319218352223,0,water
1322220921706,0,water
1316215132135,0,water
1316215136223,0,water
1318216757056,0,water
1319218147561,0,water
1319219434242,44000,water
1315213576186,0,water
1324222987669,0,water
1323221784111,0,water
1316215437132,0,water
1318217338072,0,water
1317215959331,0,water
1320218973257,0,water
1319217799194,0,water
1320218766222,0,water
1323221646399,0,water
1320219172436,0,water
1322220744662,0,water
1314212855807,0,water
1322221563024,0,water
1316215439365,0,water
1323222157442,19,water
1322221135445,0,water
1315214127161,0,water
1324222660514,0,water
1314212823506,0,water
1321220342517,0,water
1322221016189,0,water
1322220697991,0,water
1315214013652,0,water
1321220172098,3,water
1316215101864,422,water
1323221626676,0,water
1317216619421,0,water
1317216547240,0,water
1318216952705,0,water
1316215136247,2,water
1314211904697,0,water
1322220851707,0,water
1315214346619,1370000,water
1316215451915,0,water
1314212482970,0,water
1314212829232,0,water
1324222853576,0,water
1317215868086,0,water
1315213766379,5,water
1314212659748,0,water
1316215377538,0,water
1314212480230,0,water
1316215074257,0,water
1317216619445,0,water
1319218030738,0,water
1320219261144,0,water
1322221572959,0,water
1317215835909,0,water
1317215874165,0,water
1318216985770,0,water
1324222866978,0,water
1314211914320,267,water
1320218806596,0,water
1322221427077,0,water
1323221585526,0,water
1317216245148,0,water
1319218240291,0,water
1324222583243,0,water
1321220483147,0,water
1318217413145,0,water
1316215101876,10,water
1322220628693,0,water
1319218518583,0,water
1316215742812,0,water
1314212345351,0,water
1322221155183,0,water
1318217152444,0,water
1318216746521,0,water
1322220715736,0,water
1315214191912,0,water
1322220865291,0,water
1323221538743,0,water
1314212333557,0,water
1317215971351,0,water
1315213706005,0,water
1324222911051,0,water
1318216834628,0,water
1319217799826,0,water
1321219828579,0,water
1318218528230,0,water
1315218606921,0,water
1314212404242,0,water
1315214154332,0,water
1321219972460,0,water
1317219425206,0,water
1317216527477,0,water
1316215349806,0,water
1322221008889,0,water
1319217980743,20,water
1318217683414,0,water
1316215694833,0,water
1321219670229,0,water
1314212507115,1,water
1320219291907,0,water
1320219622053,0,water
1315215278730,0,water
1319217836321,0,water
1315213675109,0,water
1316215460650,0,water
1319218340495,0,water
1319217992130,0,water
1320218676601,0,water
1320218942631,0,water
1319218484032,0,water
1317215963962,0,water
1314216041552,0,water
1323221882006,0,water
1314212772863,0,water
1314212848941,0,water
1314212789150,0,water
1316215365558,0,water
1322221371394,0,water
1322220745145,0,water
1315213766381,5,water
1322220749485,0,water
1322220983908,0,water
1318217260088,0,water
1323222361242,0,water
1315214122436,0,water
1319218193288,732,water
1315214341149,0,water
1320218800201,0,water
1320219347566,0,water
1315213702739,0,water
1314212428003,0,water
1314212887057,0,water
1314212808784,0,water
1314212673836,0,water
1315214104972,0,water
1320219026794,0,water
1317216074120,0,water
1317216510774,0,water
1315214116600,0,water
1318217260494,0,water
1321220172086,0,water
1315213984166,146013,water
1317216597866,5,water
1316215682030,0,water
1322220679310,40,water
1314212730422,25,water
1323221601863,0,water
1314212959884,0,water
1317215830365,0,water
1321219625187,0,water
1318217142138,0,water
1322220942977,0,water
1323221846746,0,water
1319218447225,0,water
1321220041952,0,water
1317215947856,0,water
1316215015367,0,water
1323221545066,0,water
1318216910428,0,water
1323221639622,0,water
1314213167962,0,water
1315214313619,0,water
1321220661577,0,water
1323221721487,0,water
1320218642712,0,water
1323222044036,1,water
1324222703542,0,water
1323221875483,0,water
1319218494692,0,water
1319217756612,0,water
1315213937675,0,water
1315214385433,0,water
1314212687457,250,water
1314212466217,0,water
1314212646653,0,water
1322221446406,0,water
1319218024255,0,water
1322221340779,0,water
1319217858075,0,water
1314212750160,0,water
1314213002114,0,water
1316215289339,0,water
1314211915210,0,water
1314212792636,0,water
1316215115852,0,water
1316215327329,0,water
1318217137470,0,water
1318217221617,4,water
1316215365901,0,water
1322221151424,0,water
1316215586532,0,water
1315213851886,0,water
1319218285435,0,water
1317216335164,0,water
1319217778024,0,water
1323221753270,0,water
1322220763332,0,water
1316215769694,0,water
1320218700262,0,water
1316215710029,0,water
1318217383328,0,water
1316215092089,0,water
1314212443206,0,water
1317216614622,0,water
1315213664461,0,water
1316215761305,0,water
1315214137869,10,water
1314212383994,0,water
1320219035793,0,water
1317216369037,0,water
1319217961592,0,water
1324222684348,0,water
1315213666124,0,water
1319217791298,0,water
1315213700750,0,water
1322221155120,0,water
1316215091048,0,water
1316215744398,0,water
1324222917130,0,water
1319217660669,0,water
1322220830780,0,water
1323221983190,0,water
1317215988054,0,water
1318216903676,0,water
1315213721273,0,water
1318217425887,9,water
1319218388231,0,water
1322220793804,0,water
1314212516734,0,water
1315214006429,2,water
1314212353573,0,water
1316215176379,0,water
1316215357753,0,water
1317216293858,0,water
1319218269761,0,water
1315214272748,0,water
1314211923519,0,water
1314212778880,2,water
1314212695338,0,water
1315214051575,0,water
1315214404509,0,water
1314212587505,0,water
1319218075721,0,water
1321220078214,0,water
1322220843155,0,water
1315213781661,231,water
1324222530901,0,water
1322221504677,0,water
1323222174981,0,water
1315218623320,0,water
1318216750859,0,water
1323221817911,0,water
1314212384491,0,water
1316217712518,0,water
1314217595899,0,water
1320218954840,0,water
1314212878894,0,water
1322221461433,0,water
1322220763320,0,water
1314212319990,0,water
1322221144203,0,water
1324222474001,0,water
1322220961080,0,water
1314212849273,0,water
1319217827498,0,water
1315213919893,0,water
1321219644251,0,water
1323222255578,0,water
1314213100668,0,water
1323222166959,0,water
1323222387514,0,water
1314212655462,250,water
1316215519671,0,water
1314212975890,0,water
1320219212634,0,water
1324223191851,0,water
1322220712184,0,water
1314212489049,0,water
1314212400218,0,water
1317216010304,0,water
1320219050933,0,water
1319218032629,1,water
1320218845802,0,water
1323221784186,0,water
1317216342117,0,water
1316215711300,0,water
1318219407018,0,water
1314212632119,0,water
1319218416170,0,water
1316214979205,0,water
1322221243734,0,water
1322221008877,0,water
1319218020663,0,water
1320219461908,0,water
1316215788656,0,water
1316215342799,0,water
1318217276738,0,water
1314212540684,0,water
1314212385052,0,water
1322221308380,0,water
1323221937636,0,water
1322220780290,0,water
1320218595003,0,water
1319218133609,0,water
1317216053847,0,water
1316215040534,0,water
1316215193564,0,water
1320219349091,0,water
1315213679576,1,water
1314212743619,0,water
1322220876092,0,water
1319217997410,0,water
1322220733529,0,water
1320218879361,0,water
1320219333768,0,water
1316217672310,0,water
1318216798025,0,water
1321219754254,0,water
1317215971375,0,water
1316215133810,0,water
1316215128733,0,water
1316215697879,0,water
1315213722554,0,water
1315214264830,0,water
1320218684696,0,water
1322221223136,0,water
1314212478212,0,water
1316215446182,0,water
1315214387464,0,water
1317216081051,0,water
1318216942716,0,water
1318217381173,0,water
1323221886411,15,water
1324222565309,0,water
1314213072857,0,water
1319218526224,0,water
1319217838162,0,water
1321222393047,0,water
1314212774487,0,water
1322220751883,0,water
1317217644715,0,water
1322221467513,0,water
1323222309332,0,water
1316215364581,0,water
1316215656758,0,water
1317216321657,0,water
1322220937534,0,water
1321219616493,0,water
1318221471939,0,water
1321219785161,0,water
1319218071292,0,water
1315214231805,0,water
1317216306656,0,water
1324222439630,0,water
1322220951279,0,water
1321220489809,0,water
1320218684684,0,water
1319217803182,29898,water
1317216289532,0,water
1315216643294,0,water
1322220741906,0,water
1314211953474,1,water
1315213944782,0,water
1315213585387,0,water
1316215181013,966,water
1322220785467,0,water
1324222765442,0,water
1320219278126,0,water
1320218604751,0,water
1321220089763,0,water
1320218576825,0,water
1316215364605,0,water
1317216563751,0,water
1321220401929,0,water
1315214356697,0,water
1316215538962,0,water
1322220786368,0,water
1319217870056,0,water
1323223236858,0,water
1315214245870,117,water
1315214272751,0,water
1322221078215,0,water
1318217448745,0,water
1315213984127,299,water
1323221978911,0,water
1323222023982,0,water
1320218661130,0,water
1318217012689,0,water
1314213237605,0,water
1322221016114,0,water
1316215059231,0,water
1322221445758,0,water
1318216894980,0,water
1321219757806,36,water
1320218595054,0,water
1323221539962,0,water
1315213945658,28,water
1315213980651,0,water
1314212782849,0,water
1315214189856,0,water
1323221625369,0,water
1321220163632,0,water
1322220824914,0,water
1319217721214,0,water
1322221465685,0,water
1324222521977,250,water
1323221638289,0,water
1318217260482,0,water
1318216863199,0,water
1317216315061,515,water
1318216983522,0,water
1321220376154,0,water
1321220391546,0,water
1322220832303,0,water
1322221311311,0,water
1322220693269,0,water
1320218733069,0,water
1320218717407,0,water
1320219337312,0,water
1322221498431,5,water
1314213125964,0,water
1321219602099,0,water
1317216406975,0,water
1322220817124,0,water
1324223007372,0,water
1315213962400,0,water
1319218273454,0,water
1316215411190,0,water
1314212557565,0,water
1323221585716,0,water
1321219676499,0,water
1316215076302,0,water
1320218747044,0,water
1322220969416,0,water
1324223208202,0,water
1322220660106,0,water
1324222533919,0,water
1323222258865,0,water
1314212322402,0,water
1316215067909,0,water
1321219447048,0,water
1322220835870,0,water
1320219383142,0,water
1314212950265,0,water
1319217928187,0,water
1318216726923,0,water
1320218950739,0,water
1321219774445,0,water
1324222737544,0,water
1321219871213,0,water
1322221380393,0,water
1315213588306,442380,water
1321219677046,3,water
1324222418218,5,water
1320218700274,0,water
1324222868109,0,water
1322220915072,0,water
1315213937840,0,water
1316215075856,0,water
1315213968353,0,water
1314212343471,0,water
1314212345324,0,water
1316215058280,0,water
1317216009199,0,water
1314213189311,0,water
1322221316654,0,water
1324222590388,0,water
1314212878906,0,water
1317215884560,0,water
1319217938947,0,water
1314212402263,0,water
1315213235536,0,water
1316215059229,0,water
1316215619178,0,water
1314213001860,0,water
1315213715624,0,water
1320219197340,0,water
1319219407069,0,water
1320218885539,0,water
1316215192725,0,water
1319217666635,0,water
1319218508517,0,water
1318216766360,0,water
1317215913498,0,water
1314212748279,0,water
1317216569311,0,water
1315214331276,0,water
1322220764512,0,water
1323221765377,0,water
1323221769983,0,water
1316215674882,0,water
1321220353496,0,water
1321220443220,0,water
1320219380565,0,water
1315218633889,0,water
1315214412292,0,water
1314212985182,0,water
1321219721558,0,water
1321219845979,0,water
1319217978016,0,water
1320219256512,0,water
1322221534290,0,water
1320218966568,0,water
1318217228156,0,water
1317216385435,61,water
1317216222226,0,water
1318217299419,1,water
1315213965852,0,water
1321220147110,0,water
1315213669512,0,water
1315213791231,0,water
1321220027268,0,water
1322220732465,0,water
1322220762823,0,water
1317216044709,0,water
1320218934798,0,water
1319217778341,0,water
1322220700126,1283,water
1323221672025,0,water
1316215682434,0,water
1314211886991,0,water
1316214969495,0,water
1321219743554,0,water
1324222406567,0,water
1319221498241,5,water
1317216138685,0,water
1317216332902,0,water
1319218198137,0,water
1316215271166,0,water
1315213578216,0,water
1321219851247,0,water
1321220472361,0,water
1320219368281,0,water
1315214424968,0,water
1315213219571,0,water
1317218574251,0,water
1319218322699,0,water
1324223006091,0,water
1315213697511,0,water
1318217149172,0,water
1314212428433,0,water
1323222012864,0,water
1321219702370,0,water
1314212495980,0,water
1314212682569,0,water
1315214215257,0,water
1318217058674,0,water
1320218576585,0,water
1316215673144,0,water
1314213199110,0,water
1322221209695,0,water
1317216437350,0,water
1314212985663,0,water
1315213804750,0,water
1323222139949,0,water
1322221212905,0,water
1320219325103,0,water
1324222883757,0,water
1317216330860,0,water
1321220122168,0,water
1318216762447,0,water
1321220420107,0,water
1314212588572,0,water
1314213104829,0,water
1315213984204,0,water
1323222174322,241,water
1321220175677,0,water
1323221606763,0,water
1319218157396,0,water
1318217135678,0,water
1316218617025,104,water
1322220997148,0,water
1314212881686,0,water
1324222585440,0,water
1324222676468,0,water
1316215217100,0,water
1315213681962,0,water
1314213104387,0,water
1317215803863,0,water
1317216622860,0,water
1319217610361,0,water
1322221433257,0,water
1323221950936,0,water
1316215438514,0,water
1314214496566,0,water
1316215773995,0,water
1316215606664,0,water
1317216010948,0,water
1324223180718,0,water
1319218193656,0,water
1315213572074,0,water
1321220659510,0,water
1319217680065,0,water
1319217801620,0,water
1322220768523,0,water
1315214043515,0,water
1315213685720,0,water
1324222554747,0,water
1321220586604,0,water
1314212378386,5,water
1322221169663,0,water
1323222188637,12,water
1315213992237,0,water
1321219916614,0,water
1314212377636,0,water
1318217419290,0,water
1314211917719,0,water
1324222592836,0,water
1323221648126,0,water
1315214155588,0,water
1320218758872,0,water
1318217455272,0,water
1314212816678,0,water
1320219157397,0,water
1316214986010,0,water
1314213004118,0,water
1319218397848,9161,water
1322220783955,0,water
1314212428015,0,water
1316215093194,0,water
1316215682055,0,water
1315214235412,0,water
1317215885880,0,water
1319218504215,0,water
1320219201757,0,water
1318216981757,0,water
1317216437451,0,water
1323222015873,0,water
1322221498468,5,water
1316215029291,0,water
1316215300512,0,water
1318217042579,0,water
1315214215600,36,water
1317216592788,0,water
1321219828480,0,water
1315213572922,0,water
1315214451700,0,water
1321219624071,0,water
1314212944211,0,water
1315213829409,0,water
1322221294085,0,water
1316215365913,0,water
1316215469952,0,water
1324222911036,0,water
1314212692584,0,water
1324222737189,0,water
1322221371141,0,water
1317216283061,0,water
1323222257560,0,water
1324222482681,0,water
1322220938575,0,water
1317216571873,0,water
1324222542161,0,water
1314212522270,0,water
1322220640940,0,water
1323221706385,0,water
1322221267964,0,water
1317216280406,0,water
1319218495315,0,water
1321219931591,0,water
1316215072721,0,water
1315214393326,0,water
1324222667065,0,water
1315214039354,0,water
1320218979716,0,water
1315213704063,0,water
1322221300445,0,water
1321219595410,0,water
1320219400417,0,water
1321220657050,0,water
1320218713461,0,water
1315213971498,0,water
1314212335929,0,water
1316215493178,0,water
1316215357361,0,water
1324223153596,0,water
1317216057048,0,water
1314212394454,0,water
1319218496180,0,water
1315213761911,0,water
1315213910514,0,water
1317216377388,0,water
1319218394272,0,water
1324222989333,0,water
1318217345723,0,water
1318217217393,0,water
1319217742117,0,water
1322220981346,0,water
1323222175364,83,water
1314212414799,0,water
1316215710017,0,water
1322221114059,0,water
1322221221043,0,water
1315214006456,0,water
1322220732337,0,water
1318216769366,0,water
1314212322313,0,water
1315213792827,0,water
1315214011278,0,water
1319218069452,0,water
1319218265395,0,water
1316215662812,0,water
1320218687352,0,water
1322221502281,0,water
1317216234322,0,water
1319218340065,0,water
1316215329095,0,water
1320219333919,0,water
1315213673609,0,water
1316215104769,0,water
1319218636191,0,water
1323222249930,0,water
1324222444996,0,water
1319217809678,0,water
1318217174465,0,water
1317215905504,0,water
1316215352939,0,water
1323222043123,0,water
1317216200105,0,water
1315213978024,0,water
1317216296970,0,water
1318217071834,0,water
1322221060623,0,water
1316215364579,0,water
1316215640640,0,water
1318217283593,0,water
1320218879385,0,water
1321220275212,0,water
1323222019489,0,water
1315214344691,0,water
1324223202449,0,water
1324223165150,99,water
1319218515474,0,water
1323221542994,0,water
1321220142208,0,water
1321219702368,0,water
1318217262017,0,water
1316214992632,1,water
1314212647566,0,water
1315213581580,0,water
1318217021450,0,water
1323221713353,0,water
1314212779793,0,water
1318217447008,0,water
1315214218808,0,water
1324222530899,0,water
1323221724925,81,water
1324222596037,0,water
1318217534282,1546,water
1319218098869,5,water
1322221388972,0,water
1319218335166,0,water
1324223058797,0,water
1324222898001,0,water
1316215295914,0,water
1315213217161,0,water
1314212976563,0,water
1315214235400,0,water
1318217501358,5,water
1315214160917,0,water
1323221828383,0,water
1314212303705,0,water
1314212345476,0,water
1314212517510,7,water
1315218623306,0,water
1315213663709,0,water
1314212919005,126,water
1323221534528,0,water
1314212347708,0,water
1317216318776,0,water
1321220042941,0,water
1317215973951,0,water
1314212941381,0,water
1321219990773,0,water
1324223041284,0,water
1320218717357,0,water
1324223091721,19,water
1317216320667,0,water
1314212723338,0,water
1315213223454,0,water
1315214385282,0,water
1319218134601,0,water
1322220734038,0,water
1316215232291,0,water
1322220635433,0,water
1322221218720,0,water
1317216229195,0,water
1314212759690,0,water
1320218833337,6,water
1314212655447,0,water
1315214170502,0,water
1317216424972,0,water
1323221788247,0,water
1314212718922,0,water
1324222550218,0,water
1315214381307,0,water
1317215892249,0,water
1314212786899,0,water
1318217511447,0,water
1317216315059,0,water
1318216879193,0,water
1319217746116,0,water
1324223240603,0,water
1317216421521,0,water
1321219974565,0,water
1316215105204,0,water
1316215741378,0,water
1321220163784,2,water
1322221218670,0,water
1323222340743,0,water
1324222971917,1,water
1323221635891,250,water
1315214329536,0,water
1322221021835,2,water
1322220716447,0,water
1323222349728,0,water
1318217057835,0,water
1316215117173,0,water
1324222838334,0,water
1322220958425,5,water
1321222524213,0,water
1322220682645,0,water
1316215448844,0,water
1318217113760,0,water
1322220746919,0,water
1316215666583,0,water
1321219910181,0,water
1318217280585,0,water
1322221522840,0,water
1323222053872,0,water
1323222067668,0,water
1323221544430,0,water
1319218215806,0,water
1316215750151,0,water
1317216306769,0,water
1322220660486,0,water
1314212543817,0,water
1317216352308,0,water
1320218765939,0,water
1316215559307,0,water
1320218950754,0,water
1322221592708,0,water
1319218198859,0,water
1316215290723,0,water
1314212349904,113,water
1319218454181,0,water
1314212465328,133,water
1315214088623,0,water
1316215291648,0,water
1323221758980,0,water
1316215197207,0,water
1317216548420,110,water
1314212631131,0,water
1315213984242,0,water
1314212310585,0,water
1317216057099,0,water
1316215120080,0,water
1323222393237,0,water
1319217959838,0,water
1323221803428,0,water
1324222449910,0,water
1323222333662,0,water
1322220848675,0,water
1322220705685,0,water
1322221155195,0,water
1316215431204,0,water
1319217709613,0,water
1323221532486,0,water
1320218933695,0,water
1322221299391,0,water
1320219343365,0,water
1315213804735,0,water
1323221649421,0,water
1315213569724,0,water
1314212388678,0,water
1322220887739,0,water
1316215349477,0,water
1320218905952,0,water
1317216234260,0,water
1318217463367,0,water
1315213717440,5,water
1324222897997,0,water
1321220482412,0,water
1319217799257,0,water
1316215605938,0,water
1315214381422,4,water
1314212876712,0,water
1315214043491,0,water
1319218130134,0,water
1314212551384,0,water
1318217411127,0,water
1317215818547,250,water
1314212321626,0,water
1319217978030,0,water
1317216600825,0,water
1319217698861,0,water
1322220770731,0,water
1314211926389,0,water
1320219033507,0,water
1314212574469,0,water
1315214457778,0,water
1319218365599,0,water
1321219715745,0,water
1323222275846,0,water
1321219461744,0,water
1318217181472,0,water
1321219989009,0,water
1316215471727,0,water
1318217455260,0,water
1321219553690,0,water
1323221818901,0,water
1323221608324,0,water
1324222878959,5,water
1324222770392,0,water
1322221266075,0,water
1321220352037,0,water
1318217186889,0,water
1321219790096,0,water
1323221636513,0,water
1314212605897,0,water
1319218189393,0,water
1314212322287,0,water
1316214948960,0,water
1320218740936,0,water
1315213720651,0,water
1316215342825,0,water
1320219414974,2650,water
1314213000565,0,water
1323221713819,0,water
1316215241833,0,water
1323221818242,0,water
1321219783394,0,water
1320218653653,0,water
1314212302160,0,water
1321219881214,0,water
1322220662720,0,water
1314212759664,184,water
1323222387060,0,water
1319218322244,0,water
1322220717274,0,water
1314212818037,0,water
1315213894773,0,water
1314212639482,250,water
1322221106659,0,water
1318217282591,4,water
1315214076539,0,water
1320218701249,0,water
1322220997163,0,water
1320218897662,0,water
1324223047440,0,water
1315214128670,114,water
1314212953893,0,water
1318216874608,0,water
1323222124012,0,water
1314211916352,0,water
1323222137299,0,water
1315213585363,0,water
1318217126782,0,water
1319218050553,0,water
1316214986349,0,water
1314213079155,0,water
1316215756382,0,water
1315213541826,0,water
1323221741313,0,water
1319218415267,0,water
1315214335818,5,water
1318217416635,0,water
1315214215511,0,water
1321220412934,11,water
1324222423473,2780,water
1324222961930,0,water
1318217055413,0,water
1314212394288,0,water
1324222848537,0,water
1322220807958,0,water
1314212390708,0,water
1322220880595,0,water
1323222041978,0,water
1314212960025,1,water
1318216952679,0,water
1315213716234,0,water
1318216694467,0,water
1318217040082,0,water
1323222307439,0,water
1321219792557,0,water
1319218532164,0,water
1319218503718,0,water
1318217440787,0,water
1316215374289,0,water
1317215813472,0,water
1314212863296,0,water
1317216113757,0,water
1320219221621,0,water
1319217665811,0,water
1321219829823,0,water
1320219414719,0,water
1323222314799,255,water
1320218811343,0,water
1324223191762,0,water
1322221503889,0,water
1322221021823,7,water
1323221878489,0,water
1319219302876,0,water
1321220076929,0,water
1314212423343,0,water
1317215909615,0,water
1323221775909,0,water
1317216053672,0,water
1322220796775,0,water
1314212607713,0,water
1320218801379,0,water
1314212556765,0,water
1320218747917,0,water
1321219719491,0,water
1317216376665,0,water
1315214109415,0,water
1315214111736,0,water
1314212845857,0,water
1319218486759,0,water
1319221472006,0,water
1319218515524,0,water
1321219785755,0,water
1324223082165,0,water
1315213891260,185,water
1315214170591,0,water
1323222044137,0,water
1323221556044,0,water
1322221283157,384916,water
1319218412993,0,water
1323221636552,0,water
1323221684398,0,water
1317215830389,0,water
1317216513186,0,water
1324222862450,1,water
1314213044074,0,water
1319217869926,0,water
1317216317851,9,water
1320218674986,0,water
1317215919123,0,water
1314212501377,0,water
1318216818219,0,water
1322221472347,0,water
1319218263616,1,water
1316216972113,0,water
1318217301605,0,water
1316214979318,0,water
1316215455597,1,water
1318217159502,0,water
1314213011859,0,water
1322220766137,0,water
1314212509018,0,water
1324222772319,0,water
1320218908073,0,water
1319217836093,42,water
1320218825457,0,water
1316215067632,0,water
1322220911491,0,water
1317216255125,0,water
1321219828744,0,water
1317216373605,0,water
1316215446220,0,water
1317217545971,0,water
1316215033857,0,water
1316215769062,0,water
1314212918953,0,water
1314212737884,0,water
1314213031863,0,water
1315213909308,0,water
1324223159803,0,water
1324222681607,0,water
1318216984791,0,water
1317215995275,0,water
1315214193070,250,water
1315213760515,0,water
1319218289306,0,water
1320219279193,0,water
1324222813483,0,water
1320219224906,0,water
1315213929108,0,water
1314213104375,0,water
1322221016177,0,water
1315214227629,0,water
1320218962710,0,water
1324222555688,0,water
1321220082376,0,water
1324222800346,0,water
1316216627974,0,water
1317216117061,0,water
1321220348205,0,water
1314212514754,0,water
1319220607081,0,water
1314212322414,0,water
1324222410502,0,water
1319217757525,0,water
1318216911533,1,water
1322221071842,0,water
1320218674202,0,water
1316215381195,0,water
1316214998383,0,water
1321220164382,5,water
1321219668656,0,water
1322221469707,0,water
1315213930656,0,water
1324223023108,0,water
1322221328038,0,water
1322221434754,6006,water
1316215771181,0,water
1318217158930,5,water
1321220015364,0,water
1318218642763,0,water
1322220729887,0,water
1324222559825,9,water
1319217933112,22,water
1323222116131,0,water
1323222149104,0,water
1319217848555,0,water
1320220589713,0,water
1323221560319,0,water
1314212451761,0,water
1319218307039,0,water
1314211924117,0,water
1322221504830,0,water
1323222338663,0,water
1316215298910,0,water
1314212555938,0,water
1314213079130,0,water
1315214203477,0,water
1316215040546,0,water
1315213839121,0,water
1318217493206,0,water
1315213983380,0,water
1314212652693,0,water
1323221625371,0,water
1317216138356,0,water
1314212347785,0,water
1314212610885,1,water
1315213685629,0,water
1316215176342,0,water
1318218071266,0,water
1323222574333,0,water
1323221823949,0,water
1318217420342,0,water
1323222062299,0,water
1321220284246,0,water
1319217837400,0,water
1321220109058,30,water
1321222367789,0,water
1321220516088,0,water
1323221895168,0,water
1320218840116,0,water
1318217331038,5,water
1323221642109,0,water
1315214230765,5,water
1319217978055,0,water
1324222987099,1,water
1324223120039,0,water
1322221322542,0,water
1322220765616,0,water
1323221649472,0,water
1316214965004,0,water
1319217950144,0,water
1321220552816,0,water
1314212927216,0,water
1323221768904,0,water
1315214449819,0,water
1321219880073,0,water
1317216149435,0,water
1316215390220,0,water
1315214161111,0,water
1317216433742,56,water
1321219839824,0,water
1324222981882,0,water
1314212465140,0,water
1316215662824,0,water
1315213940253,0,water
1315213984139,0,water
1324222496489,0,water
1321220123133,0,water
1323222137768,1,water
1318217547381,0,water
1320218747956,0,water
1320218887002,0,water
1319218263628,0,water
1323222323558,0,water
1315214442535,0,water
1319218206670,0,water
1323221916950,0,water
1317216318764,0,water
1316215384569,0,water
1317216385690,0,water
1315213592569,0,water
1318216910430,0,water
1314213027461,0,water
1316214963579,0,water
1314212551093,0,water
1316215394851,0,water
1317216254704,0,water
1324222711234,0,water
1322221355872,0,water
1321220463121,0,water
1315213230927,0,water
1324222856647,0,water
1322220697369,0,water
1320218609574,0,water
1319218467583,0,water
1323221560218,0,water
1316215717442,0,water
1315214249916,0,water
1314212536294,0,water
1314212491322,0,water
1316215005366,0,water
1317216129585,0,water
1316215539406,0,water
1322220898795,0,water
1318217305681,0,water
1321219750167,250,water
1315214308482,0,water
1317216601221,0,water
1315214215182,0,water
1319217772348,0,water
1319218464725,7,water
1314213006493,0,water
1315214377867,0,water
1314212324469,0,water
1314212848939,0,water
1317215934124,0,water
1324222473528,0,water
1320218964056,0,water
1314212471395,0,water
1319217705514,0,water
1317216009163,0,water
1316215295142,0,water
1315213753193,3,water
1314212786091,0,water
1324222923029,0,water
1314212535266,0,water
1321221489204,0,water
1317215881739,8,water
1317216637811,0,water
1314212610935,0,water
1317216435800,0,water
1317216279442,0,water
1318217449014,0,water
1314212636676,0,water
1314212437279,0,water
1314212797296,0,water
1318217760610,0,water
1319218059350,0,water
1319217760572,0,water
1316215753334,0,water
1319217825227,0,water
1323222104402,0,water
1315213895600,0,water
1321220387967,0,water
1322221342037,0,water
1324222585453,0,water
1323222016089,0,water
1316215325630,0,water
1323221681760,0,water
1320219123787,0,water
1324222667053,0,water
1318216771410,0,water
1318217041793,0,water
1318219408352,0,water
1314212871747,0,water
1318217227038,0,water
1314212521963,0,water
1314212900157,0,water
1316215600368,0,water
1318216952681,0,water
1322221515467,0,water
1319218119473,0,water
1314212543781,0,water
1322221367129,0,water
1315214148506,0,water
1316215727280,0,water
1314212846442,0,water
1317216435798,0,water
1316215251481,0,water
1317216448795,0,water
1314211894718,0,water
1322220650535,0,water
1316215167875,0,water
1315213743711,0,water
1316215004742,0,water
1322220905552,0,water
1318217034115,0,water
1320219160052,0,water
1317216592737,0,water
1314212399479,0,water
1319217862426,829,water
1317215943248,0,water
1320218765915,0,water
1321219629413,0,water
1322221406364,0,water
1322221058643,5,water
1322221072135,0,water
1319218032403,0,water
1316215217302,0,water
1320218956732,0,water
1320219216316,0,water
1319217905342,0,water
1316215408182,0,water
1319217768365,0,water
1324222736353,0,water
1323221932787,0,water
1319217849025,0,water
1319217864091,0,water
1321219767795,0,water
1316215362118,5,water
1323222031205,0,water
1316215410996,0,water
1314213029580,0,water
1324222651743,0,water
1315214286130,0,water
1317216589818,0,water
1315214365126,0,water
1316215202767,0,water
1316215751405,0,water
1318218447427,0,water
1319218154704,0,water
1315216736963,0,water
1316215191331,0,water
1323222068963,0,water
1324222944985,0,water
1317216260087,1,water
1320219432200,0,water
1316214954810,0,water
1316215018159,0,water
1323222145942,0,water
1324222762748,0,water
1322221113982,0,water
1314212584181,0,water
1322221236007,0,water
1316215199441,0,water
1323222030862,0,water
1323222031080,0,water
1320219274875,0,water
1319218276424,0,water
1320218993006,0,water
1321220063681,0,water
1324222762799,53,water
1320219070543,0,water
1315214440935,0,water
1322220839447,0,water
1319217981303,0,water
1318217170339,0,water
1315214141576,0,water
1322221698564,0,water
1314213053945,0,water
1317216116335,0,water
1315214068316,0,water
1317215943200,0,water
1314212941571,1,water
1316215523731,0,water
1320218718144,60,water
1319218556924,0,water
1316215497470,0,water
1318218539068,0,water
1315213576162,0,water
1315216737080,0,water
1315214371825,0,water
1321220069025,0,water
1316215471032,2,water
1317215973936,0,water
1314212322388,0,water
1318218117834,0,water
1323221550243,0,water
1324223181900,0,water
1314211932013,0,water
1324222522942,0,water
1314218588731,0,water
1324222793907,0,water
1323221966777,0,water
1317216571861,0,water
1321220034084,5,water
1322221468224,0,water
1315213969052,0,water
1317216041424,0,water
1322221497353,5,water
1316215310754,0,water
1324222878922,0,water
1315214107260,0,water
1320219230796,0,water
1323222157467,22,water
1314212683876,1,water
1324222987024,0,water
1316215477213,0,water
1317215880459,0,water
1318217184264,0,water
1319218244705,0,water
1315213593167,0,water
1314212407605,0,water
1317216199570,0,water
1321220353472,0,water
1318217132947,0,water
1323222049470,0,water
1314214937575,0,water
1314212996730,0,water
1315214331353,0,water
1321219767771,200,water
1317216114254,0,water
1314212875607,0,water
1315214060814,0,water
1316215538950,0,water
1317216424945,0,water
1314212322376,0,water
1314212881510,0,water
1317216256533,0,water
1323221806704,0,water
1314212569091,0,water
1319218183960,0,water
1317215882174,0,water
1322221048085,0,water
1321219624552,0,water
1319217705021,0,water
1321220086526,0,water
1324223057249,0,water
1324222496174,0,water
1323222346102,0,water
1314212753863,0,water
1315213706029,0,water
1316215288679,0,water
1324222561983,0,water
1315213993088,0,water
1320219236647,0,water
1315213962362,0,water
1318216697209,0,water
1323221735816,0,water
1323222250324,0,water
1324222578371,0,water
1316215010897,0,water
1320219003896,0,water
1324222448680,0,water
1319218289318,0,water
1323222076883,0,water
1324222857397,0,water
1314213026952,0,water
1314212569115,0,water
1314212551360,0,water
1316219407071,0,water
1319218154680,0,water
1324222712376,0,water
1322220670463,0,water
1314212409371,0,water
1320218625426,0,water
1319218411686,0,water
1321220199917,0,water
1317216563852,315,water
1323222166807,0,water
1315214388959,2,water
1316215587179,0,water
1316215770429,0,water
1316215187194,0,water
1317215842283,0,water
1321220124895,0,water
1322221311968,0,water
1314212709481,0,water
1315215788643,0,water
1322221055914,0,water
1324222579118,0,water
1318217538368,0,water
1315214459024,0,water
1316215111675,0,water
1321221498342,1,water
1317216342749,0,water
1314213125976,2,water
1315214237479,0,water
1319218406647,0,water
1324222732568,0,water
1321220142362,0,water
1314213126915,0,water
1322221339551,0,water
1316215554369,0,water
1315214228658,0,water
1318217301656,0,water
1321219918392,0,water
1324223124090,0,water
1324223183563,0,water
1324223121195,0,water
1319218565149,0,water
1314212400980,0,water
1317216432486,0,water
1315213225319,5,water
1316215689757,0,water
1318218571533,152,water
1317216422915,2,water
1314212539314,0,water
1319217802343,0,water
1319218326611,0,water
1315213669664,0,water
1318218552469,0,water
1314212351276,0,water
1316215538885,0,water
1315213959063,0,water
1324222527133,0,water
1320220599880,0,water
1322220769448,0,water
1315213764614,0,water
1322220680348,0,water
1317216135234,0,water
1322221116371,0,water
1317216284505,0,water
1314212427987,0,water
1321220120885,0,water
1314213044290,0,water
1315214331480,0,water
1319218377632,0,water
1318216935116,0,water
1314212792764,0,water
1323222093395,0,water
1317216110054,0,water
1316215740390,0,water
1316215361496,0,water
1317216618835,0,water
1314212369868,0,water
1315214161630,0,water
1319217885452,0,water
1317216260101,0,water
1316215503893,0,water
1321219700857,0,water
1314212574317,1820,water
1314212747392,0,water
1315214394482,0,water
1314213015290,0,water
1321220659522,0,water
1317216217721,0,water
1317215816669,0,water
1317215830377,0,water
1320219337742,0,water
1315213804444,0,water
1324223044090,0,water
1320218650202,0,water
1321220243176,0,water
1316215715069,0,water
1321220001111,0,water
1321219516554,0,water
1322220685756,0,water
1323221628516,0,water
1316215166683,0,water
1321220187898,0,water
1323221749031,5,water
1324222859252,0,water
1323222201600,0,water
1324222408458,0,water
1315213672924,0,water
1321220014284,0,water
1319217865120,0,water
1322220647578,0,water
1322220685782,0,water
1317216117073,0,water
1322221025657,37,water
1320218724209,0,water
1321219788015,0,water
1314212468654,0,water
1314212578660,0,water
1324222774580,0,water
1314212400206,0,water
1324223184843,0,water
1319217663412,0,water
1319217757588,0,water
1322220969493,0,water
1315213926862,0,water
1317215941788,0,water
1320218692871,0,water
1321219735913,0,water
1318217403498,0,water
1319217803143,0,water
1322221251008,0,water
1315213857877,0,water
1324223030800,0,water
1314212460594,0,water
1318217335607,0,water
1315214424931,0,water
1317216065007,0,water
1314213041787,0,water
1314212543146,0,water
1321219774623,299,water
1322221057161,0,water
1314211912478,250,water
1320218964068,0,water
1319217865106,0,water
1323222157226,0,water
1318217141997,0,water
1315214427270,0,water
1318216806012,0,water
1315214073809,0,water
1324222987036,1,water
1316215188943,0,water
1320218806420,0,water
1324222800373,0,water
1319217991482,0,water
1319218071429,0,water
1320220589725,0,water
1322221223858,0,water
1323221965876,0,water
1314212914701,1277,water
1317216548519,0,water
1316215116474,0,water
1316215656733,0,water
1320218886909,0,water
1323221720218,0,water
1315214384531,0,water
1315213727934,0,water
1324222905150,0,water
1317216072912,0,water
1315213646502,0,water
1314212797284,0,water
1314212673711,0,water
1324222762775,0,water
1324222822835,0,water
1314212975914,0,water
1315214157012,0,water
1317216009187,0,water
1318216842031,0,water
1314213018942,0,water
1316214949190,0,water
1315213615368,0,water
1317216039774,0,water
1314212675060,2,water
1314212309785,0,water
1314212588533,0,water
1320219219831,0,water
1314212637058,0,water
1316215040522,0,water
1316215471006,0,water
1322220906111,0,water
1323221950506,0,water
1320218865754,0,water
1321219921259,0,water
1316215117918,0,water
1322221218769,0,water
1318217819503,0,water
1317215988686,0,water
1323221653583,0,water
1320219252335,0,water
1316215394875,305,water
1319218465490,4,water
1324222434817,0,water
1317215943628,0,water
1323222387045,0,water
1322220662252,0,water
1323221540053,0,water
1322220874857,0,water
1319218044749,0,water
1322221436898,0,water
1322220730687,0,water
1324222934731,0,water
1315213612118,0,water
1322220945846,0,water
1323221896931,0,water
1322221085881,0,water
1321219603659,0,water
1324222453425,0,water
1319217827500,0,water
1323222333650,5,water
1323221705751,1,water
1314212709404,3,water
1315214120723,0,water
1315213194982,0,water
1319218273466,0,water
1321219942707,0,water
1323221745375,0,water
1323221720004,0,water
1315214191494,0,water
1321220586705,0,water
1314212528121,0,water
1324222924413,0,water
1323221551536,0,water
1321221299504,0,water
1315214423271,0,water
1317216080820,0,water
1322220781850,0,water
1318219434255,46000,water
1316215444148,0,water
1322221340781,0,water
1321219923707,0,water
1324222925618,0,water
1314212688574,0,water
1320219401472,0,water
1323221681657,0,water
1319217699089,0,water
1322220702753,0,water
1316215432788,0,water
1317216122628,0,water
1319217934280,0,water
1315214215574,0,water
1316215283336,0,water
1315214054203,0,water
1314213071208,0,water
1323221926660,0,water
1323222228114,0,water
1314212671046,0,water
1324223089095,0,water
1315214188979,0,water
1320218796795,0,water
1314212775631,0,water
1316215319702,0,water
1316215203391,0,water
1315213884529,0,water
1322220997187,0,water
1318217413754,0,water
1314212955571,0,water
1322220997201,0,water
1322220670475,0,water
1321220310991,0,water
1319218166371,0,water
1315214279402,0,water
1324223008184,0,water
1324222432825,0,water
1314212683458,0,water
1322221044213,0,water
1324223212616,0,water
1320218750180,0,water
1320218733943,0,water
1315213594462,0,water
1318218533077,0,water
1324222500694,0,water
1316215298896,0,water
1323221567035,0,water
1323222176442,0,water
1314213108400,0,water
1317220639215,0,water
1316214963175,0,water
1314213081894,0,water
1315213945633,0,water
1315213946179,0,water
1315214420782,0,water
1320218806432,0,water
1323221836392,0,water
1321219639503,0,water
1318217447857,0,water
1320218831651,0,water
1319218175798,0,water
1318217150857,0,water
1315213923889,0,water
1323221538515,0,water
1319218082802,0,water
1324223031853,1,water
1319218273530,0,water
1318217417094,0,water
1321219770753,0,water
1324222736732,0,water
1316215288655,0,water
1314212379174,0,water
1317216637847,0,water
1318217666167,0,water
1314211959453,0,water
1314212496778,0,water
1315214264222,930,water
1320219333770,0,water
1321220370629,0,water
1317217672322,0,water
1315214331403,0,water
1321219802269,0,water
1323222288021,2,water
1320219232511,0,water
1316215772171,0,water
1317215844604,0,water
1315214264285,0,water
1314212797955,0,water
1316215138126,0,water
1323221559646,0,water
1321220140216,0,water
1318216829960,0,water
1323222338004,0,water
1314212352468,0,water
1319219416967,0,water
1323221611369,0,water
1324223108768,0,water
1322221320587,0,water
1321220370631,0,water
1318217345735,0,water
1314212779591,0,water
1314212436087,0,water
1319218067445,0,water
1316215522350,0,water
1315214293146,0,water
1316215692789,0,water
1321219713120,1,water
1321220023598,0,water
1316215127325,0,water
1322221461369,0,water
1323222345884,0,water
1321220468666,0,water
1315213901477,0,water
1323221528096,0,water
1319218495303,0,water
1324222993964,0,water
1316214912925,0,water
1321220163796,0,water
1314212321640,0,water
1317216190052,0,water
1315213783828,0,water
1316215319132,0,water
1321219680129,0,water
1319218524027,0,water
1319217675711,59,water
1315214331389,0,water
1321220041899,0,water
1317217179098,0,water
1314212404255,0,water
1317216146201,0,water
1317216563902,333,water
1314212802247,0,water
1315214041093,0,water
1314212321778,0,water
1317216018097,0,water
1314212465583,0,water
1314212709416,3,water
1323221638568,0,water
1324222439477,0,water
1314212572097,0,water
1317216592396,0,water
1320218695359,0,water
1314212856847,0,water
1314212501074,0,water
1324222974228,0,water
1315214272662,0,water
1316215639206,1,water
1315213581313,0,water
1315214187787,0,water
1314213128022,0,water
1320219363936,0,water
1322221466535,0,water
1314212959973,0,water
1324222784480,0,water
1314212503270,0,water
1317216435786,0,water
1319217960552,0,water
1318217324591,0,water
1321220619682,0,water
1320218814046,0,water
1322220836480,0,water
1316215162809,0,water
1314212431074,0,water
1322220997199,0,water
1318217061542,0,water
1315214276317,0,water
1319217841701,0,water
1315214006367,750,water
1314212809560,0,water
1316215156629,0,water
1323221770011,54,water
1318218522858,0,water
1321219652854,0,water
1320219324872,0,water
1315213716044,0,water
1316214952792,0,water
1323222323836,0,water
1316215077292,0,water
1316215195696,0,water
1323221653571,0,water
1323222249942,0,water
1316215112412,0,water
1324223123771,0,water
1322221254194,0,water
1323221689856,0,water
1316217785296,0,water
1314212695682,0,water
1314212387955,0,water
1324222681684,0,water
1316215366927,0,water
1315214120988,0,water
1314213011861,0,water
1319218209637,1,water
1320219278874,0,water
1319218265407,0,water
1319217963077,0,water
1314212496350,0,water
1318216837462,5,water
1316215397035,0,water
1319218430609,0,water
1314212659751,0,water
1316215460573,0,water
1316215545536,250,water
1318217026347,0,water
1322220978302,0,water
1321220007191,0,water
1314212684690,0,water
1314212735106,0,water
1314212489761,0,water
1314212558124,0,water
1324222637340,0,water
1322221163052,0,water
1314212585626,0,water
1324222981134,0,water
1316215303862,0,water
1320219332943,0,water
1316215765696,0,water
1317215989359,0,water
1317216259580,0,water
1318216983460,0,water
1314211932025,0,water
1314212552715,0,water
1315213587328,0,water
1315213625421,0,water
1316215215056,70,water
1324223117856,250,water
1314212543894,0,water
1322220763369,0,water
1315213832569,5,water
1314212665778,0,water
1322221401159,0,water
1315214191862,0,water
1323221623097,0,water
1319217758667,0,water
1314212625038,0,water
1320218976088,0,water
1320219328895,70,water
1316215269527,0,water
1316215117716,0,water
1324223230943,0,water
1317220639090,0,water
1316215113059,0,water
1318217463355,0,water
1315215290180,1,water
1314212774400,0,water
1315213979329,0,water
1314212417618,0,water
1323221678889,0,water
1320218888321,0,water
1318217294343,0,water
1317215981806,0,water
1316215366170,0,water
1323222068951,100,water
1323222282701,0,water
1316215167887,0,water
1314212417796,0,water
1319218069449,0,water
1320218870640,0,water
1316215328764,0,water
1316215072758,0,water
1317216600849,0,water
1318216934048,0,water
1319217726862,0,water
1321219975125,0,water
1319217790625,0,water
1319217724234,0,water
1323221716196,0,water
1324222833459,0,water
1316215362359,1,water
1315214078065,0,water
1321219919471,0,water
1324222453045,0,water
1322221154103,0,water
1317216433728,4,water
1318216953594,0,water
1318217389737,0,water
1318216711287,0,water
1314212545444,0,water
1319217820760,0,water
1315214386967,0,water
1318217301631,0,water
1317216563888,0,water
1317216082382,0,water
1321220420119,0,water
1314212809545,0,water
1315213707526,0,water
1314212900183,77,water
1315214235069,0,water
1321219851399,0,water
1320219278076,0,water
1320218732410,0,water
1315213774553,10016,water
1322221362369,0,water
1318216911166,0,water
1318216828905,0,water
1316215359934,0,water
1322221472816,12,water
1319217757537,0,water
1321219794411,0,water
1315213846571,0,water
1320218864914,0,water
1314212881433,0,water
1318217320720,0,water
1315214126916,0,water
1314212918965,247,water
1322221226196,5,water
1321220116089,0,water
1321220188825,0,water
1315213965902,0,water
1324222460305,0,water
1323222289858,0,water
1316215025495,0,water
1319217831357,0,water
1316215033958,0,water
1316215115357,0,water
1319218274367,0,water
1322220770616,0,water
1319218108330,0,water
1321219689989,0,water
1314212481055,0,water
1321220009221,0,water
1321220020465,0,water
1320218773772,0,water
1316215662848,0,water
1317215996137,0,water
1317216245151,0,water
1314212636726,0,water
1314212567554,0,water
1315214038426,0,water
1323221701600,0,water
1321219604814,0,water
1321219509460,0,water
1321220659546,0,water
1319217968155,0,water
1318217056845,0,water
1322221288754,0,water
1322221056029,0,water
1316215219318,0,water
1320218886974,0,water
1318217187095,0,water
1314212921340,0,water
1315213720244,0,water
1316215247711,0,water
1316215278755,0,water
1315214046005,0,water
1315213850959,0,water
1319218289282,0,water
1316215390523,0,water
1321219848658,5,water
1322221367877,0,water
1322220680351,0,water
1320218888358,0,water
1316215131602,0,water
1314214451647,0,water
1322220648758,0,water
1323221963364,0,water
1323223228558,0,water
1324222502181,0,water
1315213978695,0,water
1316215533807,0,water
1321219623067,0,water
1322221268093,0,water
1315213929159,88,water
1321220100960,0,water
1323221549189,0,water
1320219279231,0,water
1317216580492,0,water
1319217852387,0,water
1315213563760,0,water
1315214422242,0,water
1315214363994,0,water
1321219917337,0,water
1316215361357,0,water
1321220314227,158,water
1316215607615,0,water
1315217687843,0,water
1314212516254,1,water
1316215673094,0,water
1324222463566,0,water
1316215670656,0,water
1314212872473,0,water
1315214272674,0,water
1317216402673,0,water
1318216823258,0,water
1321219879703,0,water
1316215115849,0,water
1316215470168,32,water
1315213207463,0,water
1314212758130,0,water
1315214288007,5,water
1319217662168,0,water
1321219725761,0,water
1321220357317,0,water
1316218574200,0,water
1315213243672,0,water
1314212505174,0,water
1323222175349,33,water
1323221978618,0,water
1319217825330,0,water
1319218069425,0,water
1316214907519,0,water
1323222388605,0,water
1315213813520,0,water
1324222426013,0,water
1323221749334,0,water
1323221611306,0,water
1324222424107,0,water
1314212584270,0,water
1314212378412,5,water
1317216589907,0,water
1314212964252,0,water
1322220961078,0,water
1318216846586,0,water
1321220007811,0,water
1318216858744,0,water
1315213624354,0,water
1317216233369,1,water
1316214941611,0,water
1324222893000,2,water
1314212943498,0,water
1315214244992,0,water
1319218036111,0,water
1315214441851,0,water
1315214137109,0,water
1317215838816,0,water
1321219702406,0,water
1323221606597,0,water
1318216783237,0,water
1322220748014,0,water
1315213896158,1,water
1324222507889,0,water
1315215788391,0,water
1322220796902,0,water
1318216854570,0,water
1316215454568,0,water
1316215309612,0,water
1316215328612,1,water
1316215553847,0,water
1324222966741,0,water
1315214308746,0,water
1324222972352,0,water
1320219232509,1,water
1316215040559,0,water
1316215579893,0,water
1314212792889,0,water
1315213230941,0,water
1317216448504,0,water
1320218705491,0,water
1315214240362,0,water
1322221001302,0,water
1320218646762,0,water
1314212598167,0,water
1320218604662,0,water
1324222473504,0,water
1314212647705,0,water
1322221135054,0,water
1323221978909,0,water
1323221668938,0,water
1323221560028,0,water
1318216816013,0,water
1317216047187,0,water
1323222307124,0,water
1317216276131,0,water
1315213650827,0,water
1324222722617,0,water
1322220838573,0,water
1316215539368,0,water
1322221441342,0,water
1315215388733,0,water
1315213205014,0,water
1316215701172,0,water
1324222427054,0,water
1322220952244,0,water
1315214025126,0,water
1322221364072,0,water
1317215915885,0,water
1315214412417,0,water
1324222832420,0,water
1318216913160,0,water
1316215432725,0,water
1318217301682,0,water
1322220636664,0,water
1316215167851,6,water
1324222458996,0,water
1320218981266,0,water
1314212404002,0,water
1314212619718,0,water
1324223089121,0,water
1315213965888,0,water
1315213710243,5,water
1318217592613,0,water
1320218733778,0,water
1322220937953,5,water
1322220790974,0,water
1323221749498,0,water
1322220833192,0,water
1315213221928,4,water
1320218857668,0,water
1314212942888,0,water
1314212476129,0,water
1316215575491,0,water
1316215373972,0,water
1322220888186,0,water
1316215103425,0,water
1317216402697,0,water
1315214272650,0,water
1323221678891,0,water
1323221707704,0,water
1316214963112,0,water
1318217155656,0,water
1323221737442,0,water
1314211923228,0,water
1314212715383,0,water
1314216627897,0,water
1314212646703,0,water
1318216761813,0,water
1314212753875,0,water
1324222660540,0,water
1315214080172,0,water
1319218154742,0,water
1317216039747,0,water
1316215572951,0,water
1316215205446,0,water
1321220588115,0,water
1323221844855,6,water
1322220864829,0,water
1320219241890,0,water
1323221694882,0,water
1314212960569,0,water
1315214105847,0,water
1318217428186,0,water
1316215643469,0,water
1320218841233,0,water
1316215036245,0,water
1318216828917,0,water
1314213031356,0,water
1314213044047,0,water
1318218071254,0,water
1314212390583,0,water
1323221650411,0,water
1314212403998,0,water
1319218479069,0,water
1316219407006,0,water
1314212679409,0,water
1321219580469,0,water
1324223152683,0,water
1321220162628,0,water
1316215575200,0,water
1319218048888,0,water
1323221726033,0,water
1323222343523,0,water
1324223042019,0,water
1317215857828,0,water
1315213791965,0,water
1318217465564,0,water
1320218609586,0,water
1316215150246,0,water
1314212823405,0,water
1318217294331,0,water
1315214393391,0,water
1315215778820,0,water
1318217463379,0,water
1319218518912,0,water
1320219291933,71,water
1321219844584,0,water
1324222854972,43,water
1321220147831,2,water
1320218596803,0,water
1324222501266,0,water
1318217109089,0,water
1319217878661,0,water
1324222789493,1,water
1315214385268,344,water
1323222053860,2,water
1317216539116,0,water
1322221273725,0,water
1323222022257,0,water
1324222846596,0,water
1321220140432,0,water
1316214963567,0,water
1322220969428,0,water
1317216382135,0,water
1314213002684,0,water
1324222671125,0,water
1320218990962,0,water
1315213956461,0,water
1317216566481,0,water
1319218157360,0,water
1318217041324,0,water
1324222725689,0,water
1316215318801,0,water
1314212863144,0,water
1316215442789,0,water
1316214960890,0,water
1316215549407,41,water
1314212518551,0,water
1314212969315,0,water
1315218634475,0,water
1321219464551,0,water
1320219176740,0,water
1321219579481,0,water
1314212690301,0,water
1317217721063,0,water
1321220420121,0,water
1315213950165,0,water
1320218806394,0,water
1314212501098,0,water
1324223047489,0,water
1320219131277,0,water
1320219186208,0,water
1321220454742,5,water
1317216402572,0,water
1323221758055,0,water
1314212803629,0,water
1317216018109,0,water
1316215044153,0,water
1314212328506,0,water
1317215902420,0,water
1315214425910,0,water
1321219988995,0,water
1322221445366,0,water
1319218383949,454952,water
1317216527453,0,water
1314215790751,0,water
1323222130813,0,water
1324223151059,338,water
1314213134113,0,water
1324222585630,0,water
1324222517334,0,water
1315214006393,2,water
1316215070095,0,water
1314213111293,0,water
1316215027020,0,water
1319217603517,0,water
1319218011880,0,water
1314212321828,0,water
1314212981207,0,water
1317216250237,0,water
1316215701222,0,water
1322221223148,0,water
1314212893034,0,water
1319217731482,0,water
1322220674954,0,water
1316215144116,0,water
1317216068217,0,water
1324222731073,0,water
1317216203000,0,water
1320219141734,0,water
1314212515074,0,water
1314212396360,0,water
1316215719030,0,water
1321219744760,0,water
1314212500728,0,water
1324222892301,0,water
1319218154755,0,water
1322220946002,84,water
1320219072651,0,water
1321219905054,0,water
1321219695943,0,water
1316215481223,0,water
1319218514519,0,water
1316215531005,0,water
1319217917323,0,water
1322221041496,0,water
1321219491216,0,water
1316215328737,0,water
1316214959189,0,water
1324222670679,0,water
1324222679021,38,water
1322220825943,0,water
1320218885010,0,water
1323221880952,212,water
1314212974063,0,water
1315214258814,0,water
1314212529580,0,water
1316214937928,0,water
1316215118023,0,water
1321219638715,0,water
1319218265371,0,water
1321220319521,0,water
1314213056474,0,water
1314212496792,0,water
1315214023133,0,water
1322221274273,0,water
1323221663990,0,water
1315214272775,0,water
1324222681708,0,water
1314212758561,0,water
1322221325931,0,water
1315214335907,0,water
1324222474571,0,water
1322221205848,0,water
1319218154728,0,water
1322221072008,0,water
1314212794554,0,water
1324222924223,0,water
1319217947961,0,water
1316215321593,0,water
1314212536611,0,water
1314212900258,1,water
1320218727042,0,water
1319217928249,0,water
1322220636690,0,water
1315213959430,0,water
1323222249575,0,water
1323222285963,0,water
1322221299377,103,water
1324222981045,13,water
1315213769639,0,water
1314213145269,0,water
1315213978707,0,water
1316215465129,0,water
1323221785951,0,water
1315213983327,0,water
1318216753208,2232,water
1314211935832,0,water
1314212773586,0,water
1322220920351,0,water
1316215159260,0,water
1320219183290,0,water
1324223208632,0,water
1316215364643,0,water
1316214922116,0,water
1317216670962,0,water
1322221462219,0,water
1322221291457,0,water
1314212948362,0,water
1322221338205,0,water
1324222606903,0,water
1324223034632,0,water
1322221115191,0,water
1324222482895,0,water
1319217773744,0,water
1322221090347,0,water
1317216234765,0,water
1324222892770,0,water
1322221269234,310,water
1319218454179,0,water
1317216405151,0,water
1319218289268,0,water
1319218247207,0,water
1324222783526,0,water
1314212649711,0,water
1314212321780,0,water
1314212902934,0,water
1316215289315,0,water
1314212442949,0,water
1316215573698,1,water
1316215023490,5,water
1315213922065,0,water
1316215352129,0,water
1323221550369,0,water
1314213152566,48,water
1323221897717,5,water
1318217127339,0,water
1315214136210,0,water
1316215765355,0,water
1314212552653,0,water
1320219003910,0,water
1322220813240,0,water
1323221642174,0,water
1316215002205,0,water
1317216479648,0,water
1321219792696,0,water
1320218974451,0,water
1323222277408,0,water
1316215315425,0,water
1320219360474,0,water
1324222443879,0,water
1318216750152,0,water
1319217671662,0,water
1317216368718,0,water
1317215809385,0,water
1315214349223,0,water
1320218819542,0,water
1316215460609,0,water
1323221860796,0,water
1324222920845,0,water
1315213805981,0,water
1314212778928,0,water
1315214277081,0,water
1318217581661,0,water
1322221260449,0,water
1318217096039,0,water
1323221625395,0,water
1321219716887,0,water
1320218723880,0,water
1321220023648,0,water
1316215771510,0,water
1319217880689,0,water
1314213039466,0,water
1314212664080,0,water
1317215945813,0,water
1321220153581,0,water
1319217987460,0,water
1322220898769,0,water
1315213701067,0,water
1320219115641,0,water
1323222042158,0,water
1322221253444,0,water
1316215141565,0,water
1316215362171,14,water
1324222747432,0,water
1324222824753,0,water
1314212351264,0,water
1320218748010,0,water
1321220660928,0,water
1318217512553,0,water
1324222823609,0,water
1316215489939,0,water
1318217223736,0,water
1319218495327,0,water
1322221498429,5,water
1314212454918,0,water
1316215450560,0,water
1316214937916,0,water
1316217672260,0,water
1315214028348,0,water
1317216260099,0,water
1319217695372,2,water
1321220210342,0,water
1319217959648,0,water
1316215273487,0,water
1323221879253,0,water
1324222424119,0,water
1321219814528,5,water
1322220670145,0,water
1318216910442,0,water
1318216864037,0,water
1314212325157,0,water
1316215615129,0,water
1322221429196,0,water
1323222124479,0,water
1321219811217,0,water
1322221043742,0,water
1319217994906,0,water
1321220587683,0,water
1324222678056,0,water
1322220654444,0,water
1322220830044,0,water
1318216944429,0,water
1318217345711,162,water
1322220869566,250,water
1320218835825,0,water
1323222144471,0,water
1323222265454,0,water
1322220876332,0,water
1320218605982,3,water
1318217944988,0,water
1319217841699,0,water
1314212881484,0,water
1319218507008,0,water
1321219469487,0,water
1315214215170,1752,water
1315214128148,0,water
1315213819877,0,water
1323222387033,0,water
1315214102550,0,water
1316215539457,0,water
1316215765367,0,water
1323221681505,0,water
1315214399925,0,water
1316214954428,0,water
1316215538974,0,water
1316215740010,5,water
1317216016891,0,water
1315213795127,7,water
1315214412266,0,water
1315214440024,0,water
1314211942507,0,water
1324222446775,0,water
1318217087156,4,water
1315213894785,0,water
1322220697989,0,water
1322221307806,0,water
1316214954442,0,water
1315213734813,0,water
1322220812349,0,water
1315213839145,0,water
1322221401211,6,water
1324222980854,0,water
1319218069464,0,water
1322220997112,0,water
1324223073370,0,water
1315213632781,0,water
1314212681833,0,water
1314212916858,0,water
1316215362409,0,water
1318219469513,0,water
1317216010292,1,water
1320219374790,0,water
1314212589713,0,water
1314212954046,0,water
1320219149729,3,water
1319218477228,0,water
1321219631443,5,water
1322221309901,0,water
1318216771408,0,water
1318217549361,1,water
1320219052014,0,water
1319219434230,3900,water
1321220162996,0,water
1321220511277,0,water
1316215655236,0,water
1323223208772,0,water
1320219050996,0,water
1321220642197,0,water
1315215771128,0,water
1314213071172,0,water
1316215708114,0,water
1316215136159,0,water
1321220442293,0,water
1316215545056,0,water
1322220805485,0,water
1316215060955,0,water
1314212503243,0,water
1317215905492,0,water
1315213591757,0,water
1315214292284,0,water
1314214295139,0,water
1323221624745,0,water
1324222635777,0,water
1319218193338,5,water
1318217079704,0,water
1322221055751,0,water
1315214327049,0,water
1315214385256,0,water
1319217710173,0,water
1314212475483,0,water
1316215513363,0,water
1322220838015,0,water
1317216402596,0,water
1323221937648,0,water
1318216983458,0,water
1315214045991,0,water
1316215037868,0,water
1318216834097,0,water
1316215063138,0,water
1315213937283,0,water
1323221872955,0,water
1314212840920,0,water
1324222718013,0,water
1324222507079,0,water
1323221549482,0,water
1317216051375,0,water
1314212942852,0,water
1324222463743,0,water
1314212824039,0,water
1320218623700,0,water
1318217537048,14795,water
1321219954423,0,water
1315214365708,0,water
1323221829702,0,water
1317216042604,0,water
1314212916225,0,water
1315213988710,0,water
1317219408313,0,water
1315214451801,0,water
1314212715510,0,water
1318216798114,0,water
1314212953879,0,water
1324222681621,0,water
1319218047583,0,water
1324223165123,0,water
1321220253280,0,water
1324222776888,0,water
1323221761810,0,water
1322221025632,168,water
1322221388426,0,water
1319218427894,0,water
1320218856767,0,water
1321220383665,0,water
1318217463633,0,water
1320219254695,0,water
1321220274157,0,water
1322220775201,0,water
1314212765515,0,water
1320218720074,0,water
1318217558749,250,water
1323221643923,0,water
1323222520405,0,water
1323221755388,0,water
1322221155171,0,water
1318217130982,0,water
1324222469102,0,water
1316215088295,0,water
1321219690005,0,water
1321220165005,0,water
1319217717329,0,water
1317219442833,0,water
1320219224209,0,water
1319218365498,0,water
1319217959853,165,water
1317215816695,0,water
1321220001008,0,water
1314212318950,0,water
1317215971286,0,water
1318216972063,0,water
1322221235981,0,water
1318217240276,0,water
1320219034333,0,water
1319218289320,0,water
1315213747215,0,water
1322220679981,0,water
1316215367893,0,water
1314212675033,364,water
1323221740044,0,water
1324222627756,0,water
1315213550977,0,water
1314212322263,0,water
1314212809558,0,water
1314212779108,0,water
1317216604342,0,water
1315213753167,0,water
1318217169756,0,water
1316215426091,0,water
1316215158751,0,water
1320219232485,0,water
1314212637971,0,water
1314212977817,0,water
1314212442952,0,water
1322220697344,0,water
1321220009423,0,water
1318217323207,0,water
1324222687966,0,water
1318217630817,0,water
1315214332847,0,water
1321221431570,0,water
1317216482099,0,water
1315214468466,0,water
1322220780744,0,water
1314212802223,0,water
1314212804633,0,water
1316215676964,0,water
1321220594028,0,water
1317216117085,0,water
1317216498509,20,water
1320219347592,0,water
1315214272585,0,water
1321219970567,0,water
1320218999187,0,water
1316215683448,0,water
1315214205686,0,water
1315214357624,0,water
1316215047592,147,water
1316218623231,0,water
1316215334691,0,water
1321220522837,0,water
1322221002140,5,water
1322221031394,0,water
1324223123821,0,water
1323222323533,0,water
1323222392363,0,water
1324222813014,0,water
1322220715635,0,water
1316215471905,0,water
1320218747943,0,water
1316215645831,0,water
1320219391024,0,water
1322221155094,0,water
1314212753154,0,water
1323222107587,0,water
1316215588563,0,water
1318217348592,0,water
1324222987075,1,water
1322221205786,0,water
1315214160804,0,water
1316215075161,0,water
1321219704549,0,water
1317216552428,0,water
1317215947298,0,water
1315214453211,0,water
1314212390482,0,water
1324223116462,0,water
1315214090110,0,water
1315214331391,0,water
1315213711260,0,water
1316215604745,0,water
1319218273579,0,water
1316215466727,0,water
1315214295178,0,water
1323221844842,0,water
1318217135666,0,water
1318217156342,0,water
1324222588220,0,water
1315213984178,0,water
1322221346455,0,water
1324223093636,0,water
1316215081112,0,water
1316215673106,0,water
1316215465699,0,water
1322220854525,0,water
1314212942282,0,water
1314212644328,0,water
1316215193917,0,water
1320218913996,0,water
1317216368934,0,water
1322223214901,0,water
1317216091443,0,water
1323221549734,0,water
1321219935754,0,water
1321219708233,0,water
1316215623962,0,water
1318217055387,0,water
1322221426404,0,water
1321220299465,0,water
1319217994918,0,water
1317216515445,0,water
1315214309662,10286,water
1314212646828,0,water
1316215095985,11,water
1318217542846,0,water
1314212503256,0,water
1316215198375,0,water
1314212936153,0,water
1322221390115,0,water
1314212918977,21,water
1319217925078,0,water
1321220303667,11,water
1321219702394,0,water
1318217156785,0,water
1322220749473,0,water
1323222063923,0,water
1321220188320,25,water
1316215295155,0,water
1314212572046,0,water
1315214031332,0,water
1314212783904,0,water
1316215232315,0,water
1314212311118,0,water
1316214966463,0,water
1317216089413,0,water
1321220343711,0,water
1315214225462,0,water
1318217430685,0,water
1315214295851,5,water
1318217113063,0,water
1318216995757,0,water
1319218454041,0,water
1320218841423,0,water
1324222561995,0,water
1319218532277,0,water
1315214353967,0,water
1319217859180,0,water
1322220764524,0,water
1315214060838,0,water
1323222338624,0,water
1314212954275,0,water
1319218206682,0,water
1314212421251,0,water
1314213105036,0,water
1314212419408,0,water
1318217337106,0,water
1317215817026,0,water
1317216341848,0,water
1314212749600,0,water
1316215166721,0,water
1320218759328,0,water
1316215466689,0,water
1314212564987,0,water
1319217915255,0,water
1319217959497,1,water
1319217959636,0,water
1314212402275,0,water
1317215870787,0,water
1316215135029,0,water
1321220419194,0,water
1321220559241,0,water
1323221706397,0,water
1323221533108,0,water
1316215541552,0,water
1316215673056,133,water
1319218195497,0,water
1323221642162,0,water
1324222916684,5,water
1321219687086,0,water
1315214371585,0,water
1316215081340,0,water
1314212321893,0,water
1316214982617,0,water
1316215003702,0,water
1315214458869,0,water
1317216065680,0,water
1319217629649,1792,water
1320218733020,263,water
1320218575431,0,water
1316215139054,0,water
1321220027282,0,water
1322220744825,0,water
1323221580842,0,water
1318217208242,0,water
1319218406650,0,water
1322221113172,0,water
1321219973500,0,water
1319217978028,0,water
1318216920862,0,water
1319218108165,0,water
1322221212475,2,water
1322220825956,0,water
1315213947310,0,water
1317216335125,0,water
1321219660798,0,water
1316215747128,0,water
1314212322352,0,water
1319218183958,0,water
1316215028679,0,water
1321220438511,0,water
1315214363929,0,water
1321220143150,0,water
1322220861241,0,water
1322222372928,0,water
1322221098003,1,water
1323221838384,0,water
1315214046702,0,water
1316215381171,0,water
1318217531627,46,water
1314212317768,0,water
1314212401879,0,water
1324222604934,0,water
1316214950127,0,water
1315214452714,0,water
1314212489052,0,water
1319217855978,0,water
1321219796099,0,water
1320219304197,0,water
1318216842474,0,water
1315214308468,0,water
1324222733558,0,water
1315214235374,0,water
1316215180074,0,water
1316215692726,0,water
1315218456236,0,water
1320218624070,0,water
1323222387072,0,water
1315214110722,0,water
1322220718389,0,water
1314212419600,0,water
1316215364567,15,water
1317216028391,0,water
1316214937664,0,water
1316215116652,0,water
1318217401393,0,water
1318217402573,0,water
1314212389682,5,water
1315213607043,0,water
1315214116434,0,water
1315213211915,0,water
1316215670631,0,water
1319218273391,0,water
1323222044063,0,water
1314212806261,0,water
1324222583484,0,water
1322221155132,0,water
1323221905704,0,water
1324222602043,0,water
1324222985261,0,water
1318217218650,0,water
1321220143960,0,water
1324222813507,0,water
1321219700539,0,water
1314212893679,0,water
1320219392432,0,water
1322220938587,0,water
1320218756955,0,water
1317216126197,0,water
1317216129609,0,water
1323222140269,59,water
1314213083355,0,water
1314212475077,0,water
1315213585971,0,water
1321219863750,0,water
1324222822759,0,water
1322220936975,0,water
1316216597284,0,water
1314211959438,0,water
1315214189654,0,water
1316215328749,0,water
1319218244566,5,water
1319218388421,1,water
1314212944452,0,water
1318217320631,0,water
1319218141289,0,water
1321220495840,0,water
1315213206156,0,water
1321220164368,5,water
1316215164892,0,water
1318217142090,0,water
1314212853004,0,water
1317215941358,0,water
1324222519100,0,water
1320218769646,0,water
1321219633702,0,water
1318216707481,0,water
1315213739016,0,water
1318216951943,0,water
1314212322236,0,water
1316215162645,0,water
1314212442976,0,water
1322220660258,0,water
1316215413283,0,water
1314212460834,0,water
1316214913461,0,water
1314213168925,4270,water
1316215579842,0,water
1321220071652,0,water
1315214073328,0,water
1320218639161,0,water
1314213010489,0,water
1322220685224,0,water
1323221862422,0,water
1316215651821,1383,water
1315213684564,0,water
1323221626803,0,water
1321219906981,0,water
1316215554320,0,water
1320218703623,0,water
1316215731136,0,water
1316215531043,2,water
1315213926835,0,water
1316215563634,0,water
1315214191874,0,water
1321220412670,0,water
1322220852432,0,water
1320219232523,1,water
1324223202298,0,water
1321219645520,0,water
1322220726780,0,water
1316215472655,0,water
1323222350492,0,water
1315214050130,0,water
1315214073797,0,water
1324222432837,0,water
1321219631633,0,water
1315214277168,0,water
1322221253673,0,water
1318216957910,0,water
1316215031509,0,water
1316215505013,0,water
1322221147010,0,water
1315214295848,5,water
1319217671167,0,water
1318217062811,0,water
1319217874015,0,water
1315213693815,0,water
1316215156668,0,water
1314212501035,0,water
1323222019503,0,water
1315214083685,0,water
1316215435355,0,water
1321219457862,0,water
1316215519467,0,water
1316215686724,0,water
1315213705876,0,water
1321219696061,0,water
1316215110863,0,water
1319217761408,0,water
1323221933462,0,water
1315214162265,0,water
1317216583169,0,water
1322221436900,0,water
1317216229183,0,water
1322220697357,0,water
1322220768826,0,water
1319218514990,0,water
1316215788629,0,water
1315214296244,0,water
1315214025482,0,water
1316215091721,0,water
1321220516316,0,water
1320218858951,0,water
1314212530772,250,water
1315213690225,0,water
1315214331252,0,water
1324222495739,0,water
1315213999271,0,water
1317215900352,0,water
1317216335137,0,water
1321221565260,0,water
1318216828893,0,water
1316215328636,0,water
1314212899049,0,water
1322221025442,0,water
1315213956954,0,water
1316215276472,0,water
1314212748305,0,water
1324222731806,0,water
1317216217758,0,water
1315214412316,0,water
1321220450908,0,water
1318217419771,0,water
1316217802382,0,water
1324222892996,0,water
1322220706941,0,water
1319217745823,0,water
1322221025669,0,water
1317216057164,0,water
1321219634033,0,water
1316215682117,0,water
1316214984662,0,water
1323222043111,8,water
1314213042979,0,water
1316215325616,0,water
1314212636587,229,water
1319218454130,0,water
1322220654824,0,water
1320219054246,0,water
1314212873323,0,water
1323222153470,0,water
1321220042927,0,water
1314212426086,0,water
1316215640451,0,water
1321219659986,0,water
1323221651680,0,water
1321220420133,0,water
1314212823684,0,water
1322221328077,0,water
1319217978042,0,water
1321220153783,83,water
1320219343338,0,water
1316215119443,0,water
1318216764744,0,water
1316214948996,0,water
1316215492467,0,water
1318218523583,150,water
1322220740118,0,water
1322220965786,0,water
1320219275967,0,water
1320219415003,0,water
1315213903800,0,water
1319218270066,0,water
1314212971307,0,water
1322220635027,0,water
1318217425899,0,water
1316215295938,0,water
1322220662098,0,water
1324222682888,16,water
1324222938387,0,water
1316215445610,0,water
1324223184856,0,water
1314213213580,0,water
1314213102748,0,water
1315213670781,0,water
1315213736756,0,water
1315213755503,0,water
1314212313415,0,water
1322220852420,0,water
1315214452070,0,water
1319218073524,0,water
1315213813025,0,water
1324222410514,0,water
1321219447657,0,water
1320218942973,0,water
1314214917369,0,water
1323222180554,0,water
1324222588612,24,water
1320219349139,0,water
1315213970991,0,water
1317216491528,0,water
1317216667410,0,water
1324223230867,0,water
1323221594272,0,water
1316215704329,0,water
1314212867725,0,water
1323222180414,0,water
1324223160641,0,water
1314213072630,0,water
1315214343663,0,water
1322221417494,0,water
1324222851394,0,water
1314212378448,5,water
1320218576813,0,water
1321219600715,0,water
1321219601489,0,water
1317216437374,0,water
1318217447869,0,water
1320218874737,0,water
1315213722337,0,water
1320218727055,0,water
1315216768554,0,water
1321220264345,0,water
1324222868123,0,water
1314212973200,0,water
1322220930832,0,water
1315214456269,0,water
1318217186865,0,water
1324222967693,0,water
1317216418475,0,water
1323222403305,0,water
1322220969366,0,water
1315216650945,0,water
1321219912817,0,water
1316215114758,5,water
1317218604496,0,water
1320220592479,0,water
1316215609975,0,water
1317215960345,0,water
1323221966740,0,water
1316215362346,0,water
1319218244667,0,water
1315213700723,0,water
1315214937676,0,water
1321219702192,0,water
1321220169914,0,water
1321219933367,0,water
1320218733970,0,water
1319218091332,0,water
1314212635989,0,water
1315213865037,1,water
1314213019526,0,water
1318217060223,0,water
1314212785493,0,water
1319217757564,0,water
1318216755215,0,water
1316215004159,0,water
1321220299604,0,water
1314212878553,0,water
1317216382174,0,water
1317216354454,0,water
1317215965106,0,water
1323221670817,0,water
1321219756400,0,water
1315214006405,2,water
1321219792672,0,water
1318217301629,0,water
1315213841784,0,water
1324222530774,0,water
1316215010493,0,water
1318217255177,26,water
1324223023110,0,water
1322220969517,0,water
1315214365090,1,water
1322221530924,0,water
1320218906333,0,water
1314212318529,0,water
1324222714875,0,water
1323221559659,0,water
1315214246516,0,water
1322220679056,0,water
1320219054259,6,water
1320218642775,0,water
1319218273403,0,water
1320219224211,0,water
1316215519618,0,water
1323222284693,0,water
1314212942890,0,water
1324222923878,0,water
1315214465369,0,water
1324222533907,0,water
1314212931315,0,water
1317216402634,0,water
1316215477593,0,water
1316215587027,3739,water
1314213035138,63,water
1315214331427,0,water
1323222068975,0,water
1324222639650,0,water
1321219623218,0,water
1322220826402,0,water
1319217761410,0,water
1323222137919,0,water
1314211943980,0,water
1315214339261,0,water
1323222326403,0,water
1319217771450,0,water
1320218687186,0,water
1319218353011,5,water
1320219246877,0,water
1314213032713,0,water
1320219263035,0,water
1314212687723,0,water
1320219346018,6841,water
1314212778841,0,water
1315214097937,0,water
1316215545462,170,water
1320218727814,0,water
1315214341099,0,water
1319217980770,5,water
1314213114224,0,water
1317216605497,0,water
1317216435812,0,water
1315213760883,1,water
1317216403802,0,water
1315214331365,0,water
1316215109822,0,water
1315214264259,0,water
1322220969529,0,water
1314213116864,0,water
1316215249069,0,water
1319218517744,0,water
1315214331314,0,water
1315214356545,0,water
1314213040951,0,water
1315213619315,0,water
1315214429223,0,water
1322220796155,0,water
1322221468919,0,water
1324222446953,0,water
1323221748116,0,water
1318216983534,119,water
1314212643389,0,water
1315214943969,0,water
1315215827611,0,water
1324223016926,0,water
1321220302665,0,water
1314212576488,0,water
1314212889214,0,water
1315213999232,0,water
1320218775284,0,water
1324222802845,0,water
1318216995795,5,water
1319218437287,0,water
1319217777667,0,water
1323221530722,0,water
1322220977490,2,water
1320220592481,0,water
1322220677254,0,water
1316215530318,0,water
1314211905563,0,water
1315213903646,0,water
1318216850622,0,water
1315213610710,0,water
1321219730862,0,water
1323222228759,0,water
1322220636688,0,water
1321219918404,0,water
1316215096571,0,water
1316215317355,0,water
1324222477655,0,water
1315214252342,0,water
1314212690325,0,water
1315214159612,6,water
1318217035524,1,water
1320221498126,0,water
1316215167836,0,water
1318217301668,0,water
1315214135333,0,water
1324222502371,0,water
1316215473873,0,water
1323221734647,0,water
1318216857894,0,water
1319217740570,0,water
1314211915222,0,water
1320218770170,0,water
1316215688209,8,water
1317216135653,0,water
1323221732264,0,water
1318216703088,0,water
1324223121043,0,water
1315213947385,0,water
1321220368803,0,water
1322220810889,0,water
1315214191847,0,water
1321219603848,0,water
1319217661065,0,water
1322220740169,0,water
1318217238043,0,water
1317215907332,0,water
1316215218064,0,water
1316215471210,0,water
1314212453967,0,water
1314212464933,0,water
1315213684588,0,water
1315213207525,0,water
1314212688206,0,water
1317215943212,0,water
1316215201815,0,water
1319218277085,0,water
1318217378963,0,water
1320220657504,15,water
1321219666272,0,water
1317216311441,0,water
1320218693378,0,water
1320219395567,0,water
1315213758016,0,water
1314212522421,0,water
1315213896501,0,water
1318216961983,0,water
1316215084500,0,water
1315213888910,0,water
1316215056336,0,water
1314213171515,0,water
1314212878704,0,water
1315214124657,0,water
1320218978334,0,water
1321219603762,0,water
1315214118919,0,water
1316215536347,0,water
1315214036319,0,water
1318217144815,0,water
1315213841923,0,water
1316214954416,0,water
1323223208758,0,water
1324222645715,0,water
1321220452445,0,water
1320218694178,0,water
1314212507103,0,water
1316215016039,0,water
1319218456580,0,water
1322221497340,5,water
1316215454152,0,water
1315214256430,0,water
1315214345744,0,water
1315217543863,0,water
1314212500730,0,water
1320219172400,0,water
1324222705434,0,water
1321220512406,0,water
1320218749632,0,water
1319218437034,0,water
1317216633065,0,water
1317216075388,0,water
1321220028462,0,water
1321219801228,0,water
1322221253432,0,water
1322220660462,0,water
1323221700370,0,water
1315213670920,0,water
1315213788983,0,water
1322221106634,0,water
1322220948691,0,water
1324222432801,0,water
1318217480767,0,water
1315213825375,0,water
1316215205170,0,water
1319218258287,0,water
1316215588575,0,water
1320218659314,0,water
1315213702741,0,water
1324223139686,0,water
1322220720522,5,water
1323221967932,0,water
1324222876233,0,water
1321219683822,0,water
1322220907000,0,water
1316218606895,0,water
1315213752660,0,water
1323221541333,0,water
1323222160259,0,water
1314213092099,0,water
1314212793588,0,water
1322220870873,0,water
1320219275866,0,water
1319218561280,0,water
1319218289344,0,water
1324222476083,0,water
1324222521623,0,water
1315213924020,0,water
1315213698931,0,water
1318217531603,5,water
1318216837587,0,water
1314212775643,0,water
1317215838804,0,water
1320219266398,0,water
1314212581197,0,water
1321219725494,0,water
1317215915556,0,water
1316217720388,0,water
1316215208861,0,water
1324222891816,0,water
1323221742644,0,water
1324222784264,0,water
1320218845776,0,water
1321220152247,13,water
1315214042475,0,water
1323222068948,2,water
1314211910411,0,water
1315213718861,0,water
1322220645725,0,water
1322220694475,0,water
1322220749978,0,water
1320219443266,0,water
1324222517613,0,water
1317216133734,0,water
1318217469307,0,water
1318217590847,0,water
1315214441661,0,water
1321220357812,0,water
1324223007004,0,water
1316215054281,0,water
1321219972662,0,water
1318217760634,0,water
1324223120650,0,water
1320219307764,0,water
1323221958236,0,water
1317216457996,0,water
1322220830778,0,water
1318217240783,82,water
1324223063734,5,water
1315213844222,0,water
1316215018957,0,water
1314212748293,0,water
1323222499713,0,water
1318216910303,1,water
1316216622389,0,water
1316214928018,0,water
1314212800066,73,water
1318217218662,0,water
1315214363943,0,water
1318216995225,0,water
1318216762435,0,water
1315214451698,0,water
1316215562315,1,water
1316215381789,0,water
1323221584360,0,water
1315213962350,0,water
1322221431303,0,water
1321220915490,0,water
1320218713067,0,water
1319218480883,0,water
1317216607388,0,water
1317216611487,0,water
1314212579433,0,water
1315213615343,0,water
1324222900488,0,water
1323222034530,0,water
1324222483719,0,water
1314213048770,0,water
1321219751676,0,water
1320218845636,0,water
1321220058869,0,water
1321220682292,0,water
1316215158763,0,water
1320218806774,0,water
1316214995704,0,water
1314214366130,0,water
1317216427904,250,water
1319217874003,0,water
1319218488942,0,water
1322220697320,0,water
1316215530977,0,water
1314212695264,0,water
1319217718903,0,water
1315213797273,0,water
1314212449680,0,water
1324222852978,0,water
1320219001219,0,water
1315213228416,0,water
1324222712212,0,water
1316215646605,0,water
1323222338016,0,water
1322221338799,0,water
1316215455585,0,water
1316214954012,0,water
1319218454054,0,water
1318218523595,0,water
1319218342537,0,water
1320219362175,0,water
1317216597878,5,water
1321220432708,0,water
1314212861660,0,water
1315213637871,0,water
1316215092065,0,water
1324223096520,0,water
1317216611982,0,water
1324222467351,0,water
1319217658816,0,water
1314213000577,0,water
1318217430673,0,water
1319218044699,0,water
1319219407032,0,water
1315213778374,0,water
1322220656538,0,water
1315213921719,0,water
1321220314215,0,water
1319218504381,0,water
1324222965699,0,water
1323222175325,74,water
1324222671137,0,water
1322221286267,1428,water
1316215390257,0,water
1317219424948,0,water
1323221752470,0,water
1320218819112,0,water
1319217724210,0,water
1323221586896,0,water
1318217396643,0,water
1320218673440,0,water
1314212775629,0,water
1320218814034,0,water
1321220392765,0,water
1317216283059,0,water
1317216549206,0,water
1322220757316,0,water
1315213913369,1,water
1323222202133,0,water
1314212572123,0,water
1314212786356,0,water
1315214296117,19,water
1320218835270,40,water
1319218260596,5,water
1318217398395,0,water
1317216266977,0,water
1314212797272,0,water
1314212986069,0,water
1315213726348,0,water
1314212674891,0,water
1324223010606,0,water
1322221025556,10,water
1323221726476,0,water
1322220645547,0,water
1320219394261,0,water
1315213703008,0,water
1322220795506,0,water
1323221870064,0,water
1315214218810,0,water
1316215232240,0,water
1316214961272,0,water
1319219408299,0,water
1324222540193,0,water
1324222987000,0,water
1315216631352,0,water
1317215852409,0,water
1317216902736,0,water
1316215682446,0,water
1314212516746,1,water
1314212666200,0,water
1323222141917,0,water
1323221950330,0,water
1319218435992,0,water
1320219060199,0,water
1316222367841,0,water
1314212943423,0,water
1315213532563,0,water
1319218465526,4,water
1316215128113,0,water
1315213901465,0,water
1315214240386,0,water
1320219375995,0,water
1318216828881,0,water
1315214288742,0,water
1316214998092,0,water
1321219778444,0,water
1315214063430,0,water
1322221205798,0,water
1322221399759,0,water
1323222277396,0,water
1315214314332,0,water
1317216138608,0,water
1321220512824,0,water
1315214279933,0,water
1314212412821,0,water
1316215116524,0,water
1316215466715,0,water
1314212545356,0,water
1319218069476,0,water
1319218079287,0,water
1323222336822,0,water
1314213099625,0,water
1315214377792,0,water
1314212451660,0,water
1319217961768,0,water
1324223239880,0,water
1322221360833,141,water
1317215948302,0,water
1317216139131,45,water
1315214331504,0,water
1323221543198,0,water
1318216958393,0,water
1314212404228,0,water
1324222666238,0,water
1323221657315,0,water
1324222548834,0,water
1320218971289,0,water
1316215753827,22,water
1323222010252,37,water
1319218122861,1,water
1320218926347,4,water
1323222277042,0,water
1321220147856,0,water
1314212510628,0,water
1324222925366,0,water
1323221590488,0,water
1323221527664,0,water
1314212939363,0,water
1316215068204,0,water
1314213092188,0,water
1319218468104,0,water
1315213561210,0,water
1319218456313,0,water
1322220997136,0,water
1324222637631,0,water
1319218113140,0,water
1321219668264,0,water
1314212573695,0,water
1315214426823,0,water
1321219939547,0,water
1321220205064,160,water
1318217238031,0,water
1323221790898,0,water
1324222893188,0,water
1316215187042,0,water
1315214009894,0,water
1316215110608,0,water
1323222277384,0,water
1320219196615,0,water
1319218000824,0,water
1314212440857,0,water
1324222862498,0,water
1322221154913,0,water
1316215390333,0,water
1323221804762,0,water
1321219601655,0,water
1315214006328,0,water
1322220776583,0,water
1314212718908,0,water
1316215156670,0,water
1314212980700,0,water
1321220041913,0,water
1321219981014,0,water
1321220056182,0,water
1317216402608,0,water
1315214432371,0,water
1317216446512,0,water
1318218520171,0,water
1321220257099,0,water
1316215734245,0,water
1321220274308,0,water
1314213126004,0,water
1324222819753,0,water
1318217061530,0,water
1317216013692,0,water
1315218588768,0,water
1324222405348,0,water
1323221752266,0,water
1322220780415,6,water
1317216130765,0,water
1321220562488,0,water
1319217694215,3,water
1319217682119,0,water
1317215931890,0,water
1317216609646,0,water
1318217382415,0,water
1320218964031,0,water
1318216745911,0,water
1319218160796,0,water
1314212647693,0,water
1321220274144,0,water
1321219893916,0,water
1314212381141,14,water
1314213174345,5,water
1324222560118,0,water
1316215306236,250,water
1324222999587,0,water
1321219702204,0,water
1321220164483,5,water
1315215790775,0,water
1321220065748,0,water
1318217165048,0,water
1321221565258,0,water
1317216329565,1,water
1319218154716,0,water
1318217547429,0,water
1319218273605,0,water
1315214339246,0,water
1316215144736,0,water
1314212695047,0,water
1321219970175,0,water
1322221093216,5,water
1315214292043,0,water
1324222732570,0,water
1314212333544,0,water
1315214208959,0,water
1315214474660,0,water
1315213910096,0,water
1314218619346,0,water
1323221674359,0,water
1320218641595,0,water
1322221214695,0,water
1323221537285,0,water
1316215294099,0,water
1323221592468,0,water
1324222762763,0,water
1316215149055,0,water
1323222008839,0,water
1319218492243,0,water
1324222614683,0,water
1322220892677,0,water
1316215797818,0,water
1314212346973,0,water
1314212904926,0,water
1318217093691,0,water
1318217123607,0,water
1318217307216,0,water
1316215433929,0,water
1322220749055,1,water
1317216097461,0,water
1316215731086,0,water
1314213002102,0,water
1320219145796,0,water
1324223125713,0,water
1320218811370,0,water
1315214028639,0,water
1320218787644,0,water
1316215782083,0,water
1323222217491,0,water
1315213872791,0,water
1321219499288,0,water
1320218696211,0,water
1323222346114,0,water
1324222494647,0,water
1316215168206,0,water
1315214299428,0,water
1321220072033,8,water
1314212634556,0,water
1319218217370,5,water
1316214941344,0,water
1314214127209,0,water
1318217073954,232,water
1315214144026,0,water
1317216433805,133,water
1324222642985,0,water
1317216138735,0,water
1320219034295,0,water
1316215088574,0,water
1316215529847,0,water
1320218888600,0,water
1320218688733,0,water
1315214038731,0,water
1318216776450,0,water
1316215579881,0,water
1317216592446,0,water
1317216402545,584,water
1319217859824,0,water
1314212802250,0,water
1314212824054,0,water
1318216945307,0,water
1314212899064,0,water
1318217268414,0,water
1314212557526,0,water
1315213230939,0,water
1319217917261,0,water
1318216837880,0,water
1315213867017,0,water
1324223030622,0,water
1323222182608,0,water
1321219715392,0,water
1323221562376,0,water
1321220430817,0,water
1317216618088,0,water
1321220277418,0,water
1322221581198,0,water
1321219910179,0,water
1317216531830,18814,water
1319218345609,0,water
1322221136601,0,water
1322221467968,0,water
1323222137717,0,water
1317216315503,0,water
1320218702621,0,water
1315214388872,5,water
1315213752153,0,water
1317216402418,0,water
1314212396713,0,water
1321220543829,0,water
1315213893922,0,water
1314212881700,0,water
1321219606819,0,water
1316215106764,0,water
1323221773637,0,water
1322221058516,2,water
1316215298617,0,water
1321220471647,0,water
1316215591520,0,water
1314211898085,0,water
1316215446206,0,water
1324222981084,9,water
1321220613552,0,water
1323221649433,0,water
1324222498750,0,water
1321219755725,0,water
1320218645493,0,water
1320219165141,0,water
1316216548533,8272,water
1321219468624,22,water
1316215057858,0,water
1317216646568,0,water
1319218075671,0,water
1322220892691,0,water
1318217353566,0,water
1323221645094,0,water
1322221021811,2,water
1321221029489,0,water
1324222967642,0,water
1322220698005,0,water
1317216279416,0,water
1316216229157,0,water
1315213812062,0,water
1320218674683,249978,water
1314211912365,0,water
1324222981058,1,water
1319218377315,0,water
1322220731525,0,water
1323222359731,0,water
1324222685354,0,water
1315214202665,0,water
1315213999283,0,water
1315214007229,540,water
1314212956686,0,water
1319217966276,0,water
1315218598934,0,water
1324222691089,0,water
1320219126923,0,water
1315213603261,0,water
1321220468110,0,water
1316215166758,0,water
1324222634420,0,water
1322220633907,0,water
1317215824956,0,water
1323221550229,0,water
1322220731121,0,water
1315214309724,1565679,water
1321219903578,0,water
1316215668981,0,water
1317215944416,0,water
1315213947373,0,water
1314212320877,0,water
1315214396487,0,water
1315213701143,0,water
1322221465949,0,water
1324223137353,0,water
1319217887177,0,water
1323221747696,0,water
1318217455258,0,water
1320219029749,0,water
1316216902686,0,water
1323222331391,0,water
1315214335539,0,water
1315214339259,0,water
1319217831460,0,water
1322220746337,0,water
1317216552582,0,water
1320218598997,0,water
1322220749509,0,water
1321219919026,0,water
1318217129093,3,water
1320218747968,0,water
1320219216379,0,water
1322221350150,0,water
1320218645238,0,water
1314212321638,0,water
1317215813460,0,water
1322220679993,0,water
1324222967630,0,water
1315214339297,0,water
1316215286966,0,water
1314212804088,0,water
1314212321879,0,water
1314212835476,4,water
1317215959368,0,water
1314212478453,0,water
1314212521064,0,water
1314213195567,0,water
1316217643372,0,water
1319218078309,0,water
1317216067189,0,water
1317216295030,0,water
1317216135640,0,water
1324222442042,0,water
1314212400978,0,water
1319217861222,0,water
1314212390456,0,water
1318217240744,122,water
1319217937616,0,water
1316215156617,0,water
1324222736340,0,water
1318217231505,0,water
1321220362952,0,water
1322220794580,0,water
1319217791286,0,water
1324222943363,56,water
1324222813026,0,water
1323223208618,0,water
1316215055916,0,water
1317216566467,0,water
1321219797762,0,water
1324222903926,0,water
1321220357418,6,water
1319217928199,0,water
1317216495578,0,water
1323221805714,0,water
1314212859019,0,water
1315214308470,0,water
1320219409416,0,water
1319217808233,0,water
1315213753205,1,water
1315214410033,0,water
1317215925660,3,water
1316215432701,0,water
1323222063719,0,water
1322220783575,8,water
1315213716184,0,water
1322220831174,1,water
1320219230772,0,water
1318217201312,0,water
1315213686672,0,water
1315214236919,0,water
1315213972146,0,water
1315214410021,0,water
1315214067326,0,water
1316215128760,0,water
1322220698361,0,water
1322220812337,0,water
1324222411997,0,water
1318217011915,0,water
1323221653595,0,water
1321219645088,0,water
1316215133024,0,water
1314212422341,0,water
1323222219798,0,water
1321220551408,0,water
1318216752838,0,water
1319218000065,0,water
1324222783514,0,water
1321219967268,0,water
1317215805868,0,water
1321220319519,0,water
1324222851329,0,water
1314212500995,5676,water
1315214067884,0,water
1319217605979,0,water
1315213197027,0,water
1314212491233,0,water
1323222361255,0,water
1320218835128,0,water
1321219898386,0,water
1323221898164,0,water
1316215384850,0,water
1315213681974,0,water
1314212940478,0,water
1315215406947,0,water
1319217714411,0,water
1317215876766,0,water
1318217169515,0,water
1314212426581,0,water
1314213126927,0,water
1324223091909,0,water
1317216230603,0,water
1324222507915,0,water
1319218645075,0,water
1315214215271,77,water
1321220544415,0,water
1314212525707,0,water
1314212586604,0,water
1321219790108,0,water
1322221069875,0,water
1323221565361,0,water
1317216517730,0,water
1314212478198,0,water
1316215015417,0,water
1320218717371,0,water
1315213694995,0,water
1315214203503,0,water
1322221276177,0,water
1317215810336,0,water
1321219805393,0,water
1317216003929,0,water
1317216309777,91,water
1318217432119,0,water
1314213002126,0,water
1314212393680,0,water
1316215663016,0,water
1317215905252,0,water
1324222868085,0,water
1319217666647,0,water
1323221601875,0,water
1318216753982,0,water
1315213696685,0,water
1315213903709,0,water
1318217511031,0,water
1321220076931,0,water
1319217963848,740,water
1315214098206,0,water
1316215102512,0,water
1323222258889,0,water
1315213558238,0,water
1320219245091,0,water
1322221467347,0,water
1321220162630,0,water
1321220173862,0,water
1317216007740,0,water
1315213559432,0,water
1315213883871,0,water
1316215233420,0,water
1323221982109,0,water
1317216369494,0,water
1317216029621,0,water
1321220154645,0,water
1314216437943,1335,water
1316214983595,0,water
1324222442459,0,water
1314212405512,0,water
1321219469499,0,water
1321220009219,0,water
1315213721691,0,water
1318216925711,0,water
1319217781994,0,water
1321220357329,0,water
1315214255604,0,water
1314212461988,0,water
1318217047721,0,water
1323221549759,5,water
1315214502421,0,water
1316215116450,0,water
1318217240769,0,water
1315213227325,0,water
1316215166745,0,water
1322220778803,0,water
1314212339004,0,water
1315214305486,0,water
1322221223718,0,water
1316214961688,0,water
1321219711417,2,water
1322220755146,0,water
1318216893370,0,water
1317215852587,0,water
1314212459438,0,water
1321219630744,0,water
1318217483736,0,water
1319217828134,0,water
1321219972914,0,water
1324222585756,0,water
1321219630771,0,water
1317218630402,0,water
1314212481915,0,water
1317216369518,0,water
1317216566479,0,water
1323221976766,0,water
1322220948436,212,water
1322221110859,6,water
1315213857865,0,water
1316215434061,0,water
1316215522347,0,water
1324223084702,86,water
1322220955280,0,water
1323221728532,0,water
1319221498165,0,water
1324222690810,49,water
1314212779577,0,water
1315214146553,0,water
1316215317342,0,water
1316215364631,0,water
1314212303198,0,water
1317216468658,42427,water
1320219231343,0,water
1314212687444,0,water
1322220813923,0,water
1324222494712,0,water
1324222569663,0,water
1320218800009,0,water
1324222813002,0,water
1315214288704,0,water
1315214911669,9015,water
1315213704366,0,water
1319217694203,4,water
1324223208366,0,water
1314211935263,0,water
1315213610367,0,water
1322220687863,0,water
1318218634032,0,water
1316215063532,0,water
1315214264273,18,water
1315213240930,0,water
1316215015355,1,water
1315215766650,0,water
1320219213333,0,water
1314212464592,0,water
1321220412795,0,water
1316215190873,9280,water
1316215569500,0,water
1320218845788,0,water
1321220042915,381,water
1319217824477,0,water
1315214169613,0,water
1315214184778,0,water
1315213841265,0,water
1316215711274,0,water
1318217093689,0,water
1321219627748,0,water
1315213891272,438,water
1319217928175,0,water
1314213044124,0,water
1314212703704,0,water
1316214935734,250,water
1314212359780,0,water
1321220076210,0,water
1318217457833,101,water
1322220797310,0,water
1319217820758,0,water
1319217963851,36920,water
1316215045345,0,water
1318216947933,0,water
1316215497494,0,water
1316215067618,0,water
1322221385418,0,water
1316215197157,0,water
1319218233839,0,water
1322221422076,19078,water
1320218623712,0,water
1323221558897,0,water
1315213243660,0,water
1315213706031,0,water
1314212554606,0,water
1316215616261,0,water
1318217101575,0,water
1322221112396,0,water
1314212404026,0,water
1319217666623,0,water
1322220921100,1,water
1317215900806,0,water
1321219944586,0,water
1321219949233,0,water
1314212392839,0,water
1315214277129,0,water
1319217761752,0,water
1323222259398,0,water
1319218032454,0,water
1316215598816,0,water
1320218825356,0,water
1322221312566,0,water
1315214343410,0,water
1315214006342,320,water
1316215464761,632,water
1323222343358,0,water
1314212324192,0,water
1315214381446,0,water
1314212555965,0,water
1318217157015,0,water
1316215010467,0,water
1321219529169,0,water
1318216914832,0,water
1314212843421,0,water
1323221614528,0,water
1323221849235,0,water
1320219174760,0,water
1315213743836,3,water
1315213583925,0,water
1319218527517,0,water
1323221681529,0,water
1324223062629,5,water
1315219435219,0,water
1316215136235,3,water
1314212308961,100,water
1318217083649,0,water
1323221527878,0,water
1321219800063,0,water
1314212378374,5,water
1320219281716,0,water
1317215845773,1,water
1322221205836,0,water
1321219694092,0,water
1324222492466,0,water
1316215364656,0,water
1320218765927,0,water
1322221025644,0,water
1321222393050,0,water
1320219247451,1,water
1314214973479,0,water
1318216698821,250,water
1317216168512,0,water
1321219447036,0,water
1321219721444,0,water
1314213065269,0,water
1314212801106,0,water
1315213968249,0,water
1314212900195,0,water
1315213975156,0,water
1315213850670,0,water
1319217883053,0,water
1322220981132,0,water
1324222721223,0,water
1324222727392,0,water
1322221500465,0,water
1319217919772,0,water
1319218198947,2,water
1315214412342,0,water
1320219316484,0,water
1320219386315,0,water
1320218733119,0,water
1314212728505,0,water
1314212777801,0,water
1318216855926,53,water
1318217160353,0,water
1317215909526,0,water
1316215461676,0,water
1314212390443,0,water
1316215590074,0,water
1315213826819,0,water
1316214972337,0,water
1314212553503,0,water
1320219210236,5,water
1314212428573,0,water
1314213044062,0,water
1321220471662,0,water
1314213076870,0,water
1314213133515,0,water
1314212389720,5,water
1323221765581,0,water
1316215168927,0,water
1322221587367,0,water
1320219176753,0,water
1315213805979,0,water
1314213174562,5,water
1323222333647,5,water
1321220568404,0,water
1315213779135,0,water
1317216256521,0,water
1314212774412,750,water
1314212764690,5,water
1315213791167,250,water
1314212402642,0,water
1315214025456,0,water
1319218464891,0,water
1320221547882,0,water
1315214073532,11013,water
1323221629494,0,water
1314212626954,0,water
1320218944243,0,water
1314213070966,0,water
1321220205025,51,water
1315214305601,0,water
1316215146883,0,water
1323221613122,0,water
1323222314813,500,water
1320219268341,0,water
1316215065982,0,water
1316215131614,0,water
1316215451699,0,water
1316215462134,0,water
1318217152420,2,water
1322220722755,0,water
1316215065513,0,water
1322221164371,0,water
1314215788403,0,water
1314212962207,0,water
1321219776592,0,water
1324222712438,0,water
1319218273516,0,water
1317216340822,0,water
1324222538821,0,water
1320218909582,8,water
1319218307510,0,water
1317215914235,0,water
1314212770251,0,water
1315214288692,2,water
1324222950141,0,water
1320218700250,0,water
1316218615185,0,water
1324222539239,0,water
1322221300179,0,water
1315213874567,0,water
1316216652382,0,water
1314211886522,0,water
1321219863267,0,water
1319218210185,0,water
1314212321830,0,water
1315213921164,0,water
1316215162862,0,water
1323221967223,0,water
1319218238374,0,water
1320219370970,0,water
1316215049471,0,water
1324222545194,0,water
1324222577114,0,water
1324222925190,0,water
1323221590906,0,water
1323221664701,0,water
1323221736313,1,water
1324222601510,0,water
1315214032740,0,water
1314212536775,0,water
1315213578661,0,water
1323221539582,0,water
1315213629633,0,water
1316215470992,9,water
1320218855029,0,water
1314212648683,0,water
1315213716208,0,water
1322221035405,0,water
1318216912283,0,water
1320218845838,0,water
1323221649419,0,water
1321219857632,0,water
1316215541715,0,water
1317216146100,0,water
1321220238024,0,water
1315214189072,0,water
1321220313365,0,water
1319218225720,8,water
1322223217136,0,water
1317216165353,0,water
1322220839361,0,water
1320218645517,0,water
1315214201838,2,water
1315214073520,250,water
1318216834679,0,water
1322220969303,0,water
1324222673865,0,water
1314213036534,0,water
1317216322281,0,water
1324222598169,0,water
1320219000371,0,water
1316215150261,0,water
1315214250122,0,water
1314212353003,0,water
1315213831961,0,water
1316215342837,0,water
1316215039912,0,water
1318217447871,0,water
1315214346393,554,water
1323221681467,0,water
1317215835695,0,water
1321219678442,0,water
1322220969467,0,water
1323221734650,0,water
1322220978163,0,water
1316215284985,0,water
1324222823597,0,water
1322220726778,0,water
1322220722490,0,water
1323221741325,0,water
1317216464406,0,water
1319218326635,0,water
1324222835187,0,water
1320219349127,11,water
1319218291969,0,water
1322220900474,0,water
1322220761656,0,water
1323222023994,0,water
1319218198986,0,water
1320219383231,0,water
1322221561374,0,water
1319218263604,1,water
1322220969455,0,water
1314212614414,0,water
1314212410308,0,water
1316215290178,2,water
1324222967655,0,water
1317215987948,0,water
1322220768030,0,water
1321220454730,135,water
1316215655212,0,water
1322220763371,3,water
1321219630795,0,water
1320218760078,0,water
1322221016203,12,water
1315214381295,0,water
1316215197219,0,water
1323221607183,0,water
1315213717426,5,water
1314212985168,0,water
1315213223441,0,water
1314211914318,0,water
1315213700747,0,water
1320219343769,0,water
1323222387084,0,water
1323221564735,0,water
1322220853826,2,water
1314212959136,0,water
1315213848260,0,water
1319217978067,0,water
1320218575443,0,water
1316215216021,5,water
1314212781177,0,water
1314212862496,0,water
1321219695956,0,water
1316214985259,0,water
1320219305760,0,water
1314212403543,0,water
1316215624154,0,water
1323221637059,5,water
1319217997321,0,water
1322220642211,0,water
1322221415045,0,water
1323221532878,0,water
1314213115328,152,water
1316215328725,0,water
1317215906936,0,water
1318216905087,0,water
1319217740962,0,water
1323222141929,0,water
1316215697653,0,water
1323221642743,0,water
1314212472498,0,water
1322220922571,0,water
1314212345336,0,water
1322220984367,0,water
1314212759841,0,water
1320218844672,0,water
1320218705717,0,water
1324223089119,0,water
1315214277143,0,water
1318217432994,0,water
1323221638277,0,water
1322221235993,0,water
1323222077137,0,water
1321220313833,0,water
1322220984785,0,water
1316215455609,2,water
1322220680045,0,water
1321220337861,0,water
1314212689261,0,water
1322221043755,0,water
1319218454167,0,water
1323221753938,0,water
1323221536701,0,water
1322221212463,1,water
1321219616935,0,water
1315214243002,0,water
1317216438921,0,water
1314212545406,0,water
1314212560320,0,water
1319217766397,0,water
1317215842295,0,water
1321220412757,0,water
1314212624973,0,water
1314212665145,0,water
1315214107361,0,water
1316215554407,0,water
1315213999244,0,water
1318217661317,0,water
1319218298418,0,water
1319218346500,0,water
1320218607087,0,water
1318216718837,0,water
1318217167345,0,water
1323222346138,0,water
1319218271827,0,water
1324222736338,0,water
1322221467537,0,water
1321220562730,0,water
1317215867856,0,water
1316215413232,1,water
1320221534454,0,water
1321220188027,5,water
1324223002837,0,water
1319218090254,0,water
1321220473110,0,water
1316215162847,0,water
1321220163000,4,water
1323222163697,0,water
1316215258486,0,water
1314212573226,0,water
1323221596543,0,water
1321220007189,9,water
1320219123751,0,water
1321219852377,0,water
1324223141969,0,water
1318216905846,0,water
1324222561678,0,water
1320219381656,0,water
1318216680114,0,water
1322221016165,0,water
1323221749738,0,water
1319218488500,0,water
1316215150133,0,water
1318216924542,0,water
1316215325604,0,water
1317216539142,0,water
1323221586908,0,water
1324222848552,0,water
1323221603057,0,water
1321219910116,0,water
1316215760188,0,water
1322220747760,0,water
1314212543882,0,water
1316215055904,0,water
1314212584217,0,water
1315214156832,0,water
1323222022271,0,water
1322221337304,0,water
1316215127337,0,water
1321220277457,0,water
1315214329548,0,water
1319217915293,0,water
1314211928320,0,water
1321220026999,6580,water
1324222481537,0,water
1319217817790,0,water
1315213225295,19,water
1316215580162,5,water
1317216249209,0,water
1319218342564,0,water
1315214457766,0,water
1316215044126,0,water
1315214065803,0,water
1318217271701,0,water
1314211928332,0,water
1316215023464,5,water
1320219192921,0,water
1320219358658,0,water
1319218365207,0,water
1314212876344,0,water
1323222093383,0,water
1324223181494,0,water
1324222594842,2,water
1322220951180,0,water
1316215016611,0,water
1323221950948,0,water
1320219252374,0,water
1319218481327,0,water
1321220153771,1,water
1322221484898,0,water
1324222570297,0,water
1314213128010,0,water
1317216496529,0,water
1319220592909,0,water
1316215033681,0,water
1319217825847,0,water
1321219900988,71,water
1319222367839,0,water
1315214030936,0,water
1323222166795,0,water
1318217423680,0,water
1315213745146,40,water
1315213766102,0,water
1314212716219,0,water
1324222558013,0,water
1315213866940,0,water
1321220195768,0,water
1315213857408,53,water
1323221743750,0,water
1321220544098,0,water
1324222434538,0,water
1315213200330,4,water
1315213940493,0,water
1321219692908,0,water
1324222405779,0,water
1315214295141,0,water
1315217687817,0,water
1318217280573,0,water
1316215168408,0,water
1316215717253,0,water
1315213753320,0,water
1322220823241,0,water
1317216010280,13,water
1320219234539,0,water
1324223030913,0,water
1315213603525,0,water
1324222892768,0,water
1320218705705,0,water
1317216591558,0,water
1315213711664,0,water
1319217883584,0,water
1318217248107,0,water
1323221674486,0,water
1315214355404,0,water
1315213775998,0,water
1315214030924,0,water
1316215724117,0,water
1320219359395,0,water
1314212333506,0,water
1317216201640,0,water
1315214416315,0,water
1314212884112,0,water
1316215616487,0,water
1319217615020,18,water
1320219232497,1,water
1320219414707,0,water
1315213703388,0,water
1322221444894,0,water
1314212321196,0,water
1321220000994,0,water
1322220660144,0,water
1314212333304,0,water
1314212352470,0,water
1319217827563,0,water
1323222227593,0,water
1316215298124,0,water
1317217566215,5,water
1316215760190,0,water
1314212471433,0,water
1314212943676,0,water
1322221159092,0,water
1316215086214,0,water
1320219156003,0,water
1317216376626,511,water
1321220327668,0,water
1315214052122,0,water
1318217149208,7,water
1323221607878,0,water
1319217813690,0,water
1316215329588,0,water
1317216222202,0,water
1323221543046,0,water
1324222676456,0,water
1324222520227,0,water
1321219625163,0,water
1320218653564,0,water
1318216989715,0,water
1323221775505,0,water
1324222682472,0,water
1320218655621,0,water
1314212975902,0,water
1324222528123,0,water
1321219664455,0,water
1321220147829,5,water
1317216076986,0,water
1321220331831,0,water
1317217558713,82,water
1317215819071,0,water
1314212780148,0,water
1314213105671,0,water
1319217735289,0,water
1316215187764,0,water
1315213720295,0,water
1323221533565,0,water
1323222180073,0,water
1323222243800,0,water
1314212841480,0,water
1322220764536,0,water
1322221506316,0,water
1322221006240,0,water
1322221011719,0,water
1322221227352,0,water
1314212979405,0,water
1322221172467,0,water
1320218842514,0,water
1315215179235,0,water
1316215717000,0,water
1322221497441,0,water
1316215745629,1,water
1316215208885,0,water
1317216466779,0,water
1319218289357,0,water
1323221748128,0,water
1324222418220,0,water
1316215620814,0,water
1319218063079,0,water
1316217730910,0,water
1321219456062,0,water
1318216843262,0,water
1322220754307,5,water
1324222964013,13,water
1314212325183,0,water
1315213648874,0,water
1315214430997,0,water
1320219214119,0,water
1319217826041,0,water
1322221429537,0,water
1324222961625,0,water
1314213004195,0,water
1315213894948,0,water
1316215129851,52,water
1314212355566,0,water
1323221835453,0,water
1318217079565,0,water
1314212388615,0,water
1315219722105,0,water
1322221021886,0,water
1319218088348,0,water
1316215316783,0,water
1318217398496,0,water
1322221322530,0,water
1315214019705,0,water
1320218700286,0,water
1321219898362,0,water
1322220797791,0,water
1321219914140,0,water
1316215052768,0,water
1316215768779,0,water
1321220354157,0,water
1314212765503,0,water
1315213984279,0,water
1322220948588,0,water
1318217361652,0,water
1319217971769,0,water
1315216627935,0,water
1324222434375,0,water
1322220745451,0,water
1322220946014,0,water
1320218727067,0,water
1324222579017,0,water
1314212916682,0,water
1323221728809,0,water
1323221950518,0,water
1323221532928,0,water
1316215232253,0,water
1319218134688,0,water
1324222559751,0,water
1324222577951,0,water
1314211950961,0,water
1318216935128,0,water
1314213237579,0,water
1322220766430,5,water
1324222993976,0,water
1317215956855,0,water
1317216246278,0,water
1324223067188,0,water
1324222675175,0,water
1314212653808,0,water
1323221559634,0,water
1321219814151,789161,water
1314212466243,0,water
1316215555590,0,water
1316215682081,23,water
1318217071846,0,water
1317216239261,0,water
1318218342475,409,water
1314212684688,0,water
1323222366128,0,water
1324223106737,5,water
1318217021854,0,water
1314212793778,0,water
1317216422903,1,water
1315213957083,0,water
1318216857882,0,water
1318216872871,0,water
1314212801308,0,water
1323221663988,0,water
1322221317264,0,water
1324222840427,0,water
1321219783406,0,water
1314212943361,0,water
1321219634250,0,water
1322221025493,33,water
1317216612008,0,water
1318216839567,0,water
1319218202632,0,water
1324223060664,0,water
1322220921478,5,water
1322221324231,0,water
1324222411884,0,water
1323222001620,0,water
1324222471702,0,water
1323221824218,0,water
1324222748574,2,water
1317216597397,0,water
1314212557577,0,water
1320219182615,0,water
1318217685864,0,water
1315214371561,0,water
1314212638631,0,water
1314212302614,0,water
1314212914509,0,water
1314212945113,0,water
1315214074128,0,water
1321220076917,0,water
1315213244611,0,water
1319218239352,0,water
1322220830804,0,water
1318217282399,0,water
1314212518219,0,water
1320218764393,0,water
1315214136222,0,water
1321220544946,0,water
1317216479663,0,water
1322220941809,0,water
1324222733040,0,water
1315214161580,0,water
1317216204279,0,water
1315214387060,0,water
1316215491503,0,water
1317216499994,2645034,water
1321219625326,0,water
1321219615770,0,water
1316215166834,0,water
1321220167466,0,water
1315214431328,0,water
1321220034060,250,water
1315213643923,0,water
1318216700435,0,water
1318217221492,0,water
1324222673840,0,water
1316215174640,0,water
1314212855872,0,water
1317216514341,0,water
1324223223746,0,water
1321220109045,10,water
1320218577029,0,water
1323222044075,5,water
1315213537210,0,water
1321220042016,0,water
1314212943474,0,water
1314212501050,117743,water
1315214050142,0,water
1316215477504,0,water
1314213115518,0,water
1315213629417,97,water
1318217056858,0,water
1318217345786,528286,water
1316215460585,0,water
1316215367905,0,water
1314212479606,0,water
1322221199565,0,water
1316215325628,0,water
1316215399698,0,water
1316215143595,0,water
1316215030925,0,water
1315213615356,0,water
1316215056591,5,water
1317216044572,0,water
1319217859204,0,water
1324222438398,0,water
1316215118011,0,water
1314212622207,0,water
1316215535170,13,water
1324222515304,0,water
1314212447546,0,water
1318216985438,0,water
1316215103565,0,water
1316214983494,0,water
1322220769436,0,water
1323221681051,0,water
1322220767418,0,water
1324222642858,0,water
1317218523569,306,water
1317216604862,0,water
1321219810660,0,water
1323221737582,0,water
1318218622102,0,water
1322220937282,0,water
1315214221828,0,water
1317216129369,0,water
1322220899470,0,water
1315214441899,0,water
1323221549658,0,water
1320219228208,0,water
1324222779225,500,water
1320219149717,1,water
1323222145207,0,water
1315213583913,1,water
1314212454654,0,water
1321220452256,0,water
1314212997151,0,water
1318216742522,0,water
1318216790788,2,water
1316215359732,0,water
1324222746125,0,water
1317218150682,0,water
1319217852375,0,water
1321219910914,2,water
1319217857059,0,water
1318216738373,0,water
1323222326124,0,water
1319217920317,0,water
1321220174510,0,water
1322220739128,0,water
1319218562561,0,water
1322220646665,0,water
1320218825483,0,water
1315213935291,0,water
1323221930035,0,water
1314213062829,0,water
1324222972251,0,water
1315213862903,0,water
1315213625419,0,water
1321219843529,0,water
1316215288111,0,water
1316215437690,0,water
1315213948829,0,water
1324222417560,0,water
1322220662973,0,water
1314212736235,0,water
1315213896133,0,water
1321219653449,0,water
1322220697383,0,water
1324222989358,0,water
1322220961066,0,water
1320219328919,0,water
1314212534592,0,water
1316214916518,0,water
1321219702418,0,water
1318216976694,0,water
1321219606821,0,water
1319218032542,0,water
1318217559564,0,water
1317216114241,0,water
1315214453666,0,water
1314212764753,7,water
1315213945583,0,water
1315213950013,3,water
1317216293670,0,water
1315214039861,0,water
1316215028705,1,water
1317216517805,0,water
1317216250908,0,water
1323222275796,0,water
1320218982888,0,water
1321220116065,0,water
1322220719355,0,water
1315213632793,0,water
1315214038402,0,water
1320218764140,0,water
1315213749815,0,water
1314212972968,0,water
1317216142380,0,water
1315213766342,5,water
1319218423337,0,water
1314212638035,0,water
1314212778930,254,water
1315213617879,0,water
1316214912913,0,water
1323222349641,0,water
1316215516509,0,water
1316217695257,0,water
1315213990702,230000,water
1315213602016,0,water
1314212897538,0,water
1314212460822,250,water
1319218244642,0,water
1321219716343,0,water
1322220687800,0,water
1322220698423,0,water
1318218549160,0,water
1316215645526,0,water
1318216847222,0,water
1323221671682,0,water
1315214422622,0,water
1314212814584,0,water
1316215484027,0,water
1322221201066,0,water
1322221448943,0,water
1323221719038,5,water
1323222369910,0,water
1321219615376,0,water
1317216433793,0,water
1318217221656,20,water
1318217760709,0,water
1319217975883,3,water
1323221671047,0,water
1315214148494,0,water
1315213937269,0,water
1316215479763,0,water
1316215539418,0,water
1317216227316,0,water
1320219012061,0,water
1316215215031,10,water
1322221325943,0,water
1316215373960,0,water
1317216150678,0,water
1314212943551,0,water
1323221664939,0,water
1319217675661,0,water
1323221603071,0,water
1321220513067,0,water
1323221645106,0,water
1323221706361,0,water
1320219210248,0,water
1321220024905,0,water
1322220952574,0,water
1321219713144,39,water
1316215604707,0,water
1316215782069,0,water
1319218120867,0,water
1316215236163,0,water
1314212447460,5,water
1315213832660,0,water
1314212872461,2,water
1324222703555,0,water
1322220649053,0,water
1321219716469,0,water
1320218807838,0,water
1321220015073,0,water
1320219079872,0,water
1324223163217,0,water
1316215145335,0,water
1316215551692,0,water
1317216023111,0,water
1317215817014,0,water
1319218044840,0,water
1316215101825,750,water
1324223030610,0,water
1324222696940,0,water
1323221549746,0,water
1321219926627,0,water
1314212322248,0,water
1318217413133,0,water
1319218409872,0,water
1321219816840,0,water
1318217547405,0,water
1322221441367,0,water
1317215816644,0,water
1319218515486,0,water
1315213215167,0,water
1315213694971,250,water
1315214296206,0,water
1323222333635,0,water
1320218872859,0,water
1323221648049,0,water
1317216215032,2,water
1319218198885,3,water
1314211913912,0,water
1320219371503,1,water
1314211952369,250,water
1317216376638,660,water
1319218333983,0,water
1318216691497,0,water
1315214503815,0,water
1320219176726,0,water
1321219811256,0,water
1317216122667,0,water
1314212481675,0,water
1322221340793,0,water
1314212494090,0,water
1316215006521,0,water
1316215765684,0,water
1321219846413,3,water
1315213641929,0,water
1321220310989,0,water
1317215940735,0,water
1314211901463,0,water
1314212728683,0,water
1315213984281,0,water
1315214406656,0,water
1314213045471,0,water
1323222047274,0,water
1321219752173,0,water
1315213766367,5,water
1320219381694,0,water
1322220834980,0,water
1322220917886,0,water
1319218365219,0,water
1319217934506,0,water
1320219025754,0,water
1323221724937,0,water
1323221727290,0,water
1316214927067,0,water
1316215319144,0,water
1315214406389,0,water
1316215837372,0,water
1319217794217,0,water
1315213929084,0,water
1317216090163,0,water
1322221249446,0,water
1314212321614,0,water
1316215460561,0,water
1323221535697,0,water
1315213538287,0,water
1314211925437,136,water
1314213072667,0,water
1315214388858,5,water
1323221724949,0,water
1314213027459,0,water
1316215655198,0,water
1324222568659,0,water
1315214313583,0,water
1315213704974,4,water
1322220887588,0,water
1314213104680,0,water
1321220619706,0,water
1323221875279,0,water
1317216193540,0,water
1316215218013,0,water
1315214266037,2,water
1314212558959,12,water
1314212334395,0,water
1317215803786,0,water
1314215788631,0,water
1317216592776,0,water
1318216885501,0,water
1316215692373,0,water
1322220892689,0,water
1318217438466,0,water
1314212652642,0,water
1324222750960,0,water
1315213564545,0,water
1316218588743,0,water
1319218503631,0,water
1317218630453,0,water
1321220452561,0,water
1316215120066,0,water
1314212881698,0,water
1315214136335,0,water
1324222592848,0,water
1319217707672,0,water
1314211916313,0,water
1316214964999,0,water
1314211901549,0,water
1316215320401,0,water
1323221814852,0,water
1317216454847,0,water
1317216214926,0,water
1318217495997,0,water
1314212865063,0,water
1314212900260,0,water
1314212904888,0,water
1314212929436,0,water
1316214994497,0,water
1319217884283,0,water
1324222418333,0,water
1320218839900,0,water
1314212578367,0,water
1315214099121,30,water
1324222671099,0,water
1314213057060,0,water
1319218140438,0,water
1319217961515,46,water
1322220651071,0,water
1316215205485,0,water
1315213926886,0,water
1316215162823,2,water
1316215014681,0,water
1316215162811,0,water
1321219658008,0,water
1323221828395,0,water
1315213781279,55,water
1321220205013,0,water
1316215083852,0,water
1314212516722,2,water
1315213791849,0,water
1315214442737,0,water
1314212322390,0,water
1317216264046,0,water
1318217095759,0,water
1318217218231,0,water
1319218166027,0,water
1315213196862,0,water
1322221402389,0,water
1317216425595,0,water
1314212750057,0,water
1316215446170,0,water
1322220679322,135,water
1319217959511,0,water
1317215851686,0,water
1323222350896,1,water
1316215044189,0,water
1317216025128,0,water
1315214339172,0,water
1317216117034,0,water
1316215575515,0,water
1316215394887,44,water
1318217588134,0,water
1319219044512,0,water
1323222229647,0,water
1324222502534,0,water
1316215738636,0,water
1324223229562,5,water
1320218829339,0,water
1323221860024,0,water
1317216584995,0,water
1322222301855,0,water
1316215506318,0,water
1320219275878,0,water
1314212688194,0,water
1314211904661,0,water
1314212342911,0,water
1321219751245,0,water
1324222924401,0,water
1322221261530,0,water
1316215080134,0,water
1315215804509,0,water
1314212572109,0,water
1315213605544,0,water
1314212347710,0,water
1314212746832,0,water
1324222992164,0,water
1321219704614,0,water
1316215615384,0,water
1315214191722,0,water
1320218707281,0,water
1317216580757,0,water
1316215232289,0,water
1317216402622,0,water
1315213800143,0,water
1320218813982,0,water
1319218082788,0,water
1315214295180,0,water
1317216488371,0,water
1314211899810,0,water
1315213727922,0,water
1321219910193,0,water
1319217963089,0,water
1314212322337,0,water
1320219374776,0,water
1320219360094,0,water
1314212595829,0,water
1317216591255,0,water
1315214294314,0,water
1319218193629,0,water
1320218886416,0,water
1317216486213,0,water
1318216983510,0,water
1320219337728,0,water
1324222770380,0,water
1320219126962,0,water
1315213962347,0,water
1322220680058,0,water
1315214492961,0,water
1318217152432,20,water
1319218377531,0,water
1322221008865,0,water
1320218832436,0,water
1320218981278,0,water
1324222518793,0,water
1318218342499,5,water
1322221202219,0,water
1324222803708,0,water
1319218197539,0,water
1321220432684,0,water
1320218659302,0,water
1321219769092,0,water
1318217031739,0,water
1319217970134,0,water
1323222333027,0,water
1316215256862,0,water
1314212399669,0,water
1314212481030,0,water
1322220686479,0,water
1318217149133,3,water
1315213949997,1,water
1317216269528,0,water
1315213195617,250,water
1315214032726,0,water
1320218813994,0,water
1320219137890,0,water
1315213745969,0,water
1321220485357,0,water
1315214240350,0,water
1322220877435,0,water
1323221710130,0,water
1321220188039,0,water
1323221555168,0,water
1314212797385,0,water
1323222043996,0,water
1315213782838,4,water
1323221684715,0,water
1317216010266,0,water
1324223038771,0,water
1314212603207,0,water
1318217181371,7,water
1320219337680,1,water
1318217322484,0,water
1314212541066,0,water
1323221870052,0,water
1321219615933,0,water
1322220741197,0,water
1315214218784,0,water
1314212498253,0,water
1316215101849,6,water
1322220824445,0,water
1322220899215,0,water
1315214403192,0,water
1323222068936,1,water
1314212654293,0,water
1317215941826,0,water
1323221611332,0,water
1316215329879,0,water
1317215812456,0,water
1317216517452,0,water
1317216895514,0,water
1318217393762,0,water
1315215179680,0,water
1315214215321,10379,water
1319218284471,0,water
1316215514959,0,water
1324222776751,0,water
1321219788609,0,water
1323222077214,0,water
1319218482432,0,water
1320219305291,0,water
1315213751718,0,water
1322220646982,0,water
1320218596462,0,water
1321219995824,0,water
1318216747170,0,water
1323221899279,0,water
1315214324725,0,water
1323222109035,30,water
1317216495566,0,water
1319218486746,8,water
1324222947069,0,water
1314212652681,0,water
1315213755491,0,water
1323221843600,0,water
1320219283470,0,water
1314212322301,0,water
1319218252928,0,water
1316215193855,0,water
1317215871839,0,water
1317215816620,0,water
1317216146819,0,water
1315214331441,0,water
1317215940762,0,water
1321219686197,0,water
1316217692767,0,water
1322221556982,0,water
1319218303283,0,water
1317216013021,0,water
1314212340172,0,water
1315214247088,0,water
1321220591034,0,water
1315214144406,0,water
1316215477617,0,water
1317216315097,5630,water
1323222338840,0,water
1319217908538,0,water
1316215628090,0,water
1319217830684,0,water
1322220838142,0,water
1316215544901,9,water
1321219469739,0,water
1320220657492,0,water
1317216000430,0,water
1315213965876,29,water
1316215037843,0,water
1323222337990,0,water
1323221975903,0,water
1319217730720,0,water
1320219242649,0,water
1321220302335,0,water
1324222853436,0,water
1323221548629,0,water
1314212878526,18,water
1318219430927,342634,water
1322221112319,4,water
1314212501047,452,water
1323222295228,59,water
1314213121813,0,water
1315213962398,0,water
1314213104781,0,water
1318217139411,47,water
1314212322349,0,water
1314213183888,0,water
1315214459113,0,water
1316214987442,0,water
1323222381915,0,water
1323222092470,0,water
1321220512394,0,water
1320218679330,0,water
1322221188600,0,water
1320218865842,0,water
1315213629621,0,water
1322222301830,0,water
1314212847899,0,water
1316215200116,0,water
1317215942335,0,water
1321220140887,432,water
1316215027095,83,water
1315214509263,0,water
1323221751403,0,water
1324222473706,0,water
1314212390001,0,water
1323221538756,0,water
1324223141957,0,water
1321220257137,0,water
1318216786994,15,water
1321220627069,0,water
1322221046788,0,water
1324222720753,0,water
1323221954997,0,water
1314212906440,0,water
1314212943373,0,water
1322221449768,0,water
1315214266013,0,water
1319218207520,0,water
1315214417127,0,water
1319218529372,0,water
1322220984811,0,water
1315213962335,28,water
1324222980878,83,water
1320218667424,0,water
1324222494015,0,water
1315214025468,0,water
1319217771652,0,water
1316215184300,0,water
1315214277117,0,water
1316215114846,0,water
1316215161530,82,water
1319218353009,5,water
1314212803643,0,water
1317216579944,0,water
1314212937965,0,water
1324222522106,0,water
1317216251470,0,water
1319217971771,0,water
1315213858018,0,water
1321220641221,0,water
1324222757294,0,water
1317216433779,0,water
1318217149119,26,water
1319218454205,0,water
1317215831367,0,water
1323221534050,0,water
1317216335113,0,water
1315214264780,0,water
1321219688672,0,water
1323221644279,0,water
1320218653069,0,water
1321220542791,0,water
1320219001120,0,water
1316215289733,0,water
1314212932406,0,water
1324222856318,0,water
1322220779882,0,water
1322221371382,0,water
1320218932388,0,water
1316215534696,0,water
1321220562868,0,water
1315213700735,0,water
1319217848567,0,water
1324222673954,0,water
1319217666650,0,water
1315213969090,0,water
1318217383342,0,water
1318217402585,0,water
1314212647731,0,water
1324222598106,0,water
1318216675165,0,water
1318217282387,0,water
1314212646715,0,water
1320219001548,0,water
1314213031622,0,water
1314212322251,0,water
1315213615786,0,water
1323222070892,0,water
1320218624854,0,water
1317215820616,0,water
1320219374752,0,water
1316215023526,5,water
1314212647756,0,water
1314212900068,0,water
1317216454850,0,water
1316215015342,0,water
1322221434739,62,water
1317216117200,0,water
1323223208733,0,water
1317216369049,0,water
1316218598833,0,water
1320219295639,1,water
1318216858732,0,water
1317216010936,0,water
1318216725566,0,water
1321219610348,0,water
1314212877308,0,water
1315214006379,5,water
1315214203491,0,water
1316215205422,0,water
1324222879280,0,water
1321219985569,0,water
1320218750178,0,water
1324222902785,0,water
1315213689336,0,water
1316215034226,0,water
1322221338801,0,water
1323221674765,2,water
1314212335931,1,water
1316215362157,0,water
1324222982252,0,water
1322221339930,0,water
1315214203465,0,water
1316214926964,0,water
1324222603969,0,water
1322221396447,0,water
1319218449078,0,water
1315213557679,0,water
1321221534579,0,water
1314213072539,0,water
1322221059912,0,water
1316215462730,0,water
1321220390443,0,water
1316214971879,0,water
1321219812272,0,water
1319218110260,0,water
1320219394259,0,water
1319217968205,0,water
1322220705673,0,water
1317215970652,0,water
1324222681619,0,water
1317215943251,0,water
1324223034657,0,water
1317215842081,0,water
1320219391719,0,water
1314214919060,0,water
1317216373884,0,water
1315213210154,5,water
1314212427138,0,water
1323221983063,0,water
1315213617564,0,water
1320219054222,0,water
1322220687990,0,water
1320218619195,0,water
1321220325714,0,water
1319217861537,0,water
1324222800486,0,water
1316214898114,0,water
1321220425401,0,water
1315213633264,0,water
1324222594816,0,water
1320218813970,0,water
1317216402661,0,water
1318217074069,0,water
1317216234272,0,water
1314212694766,0,water
1323221544327,0,water
1323222078800,0,water
1315214112056,0,water
1314212576514,0,water
1314212488237,0,water
1315213772888,0,water
1316215742077,0,water
1323221821426,0,water
1321220490268,0,water
1315213841897,1,water
1316215362169,1,water
1315213791775,0,water
1315213926088,0,water
1315214381737,0,water
1317216129407,1,water
1323221534542,0,water
1315214257026,0,water
1320218831586,14,water
1314212368563,0,water
1316215092572,0,water
1319218300402,0,water
1321219468814,0,water
1321219529171,0,water
1319218011017,0,water
1321219919469,0,water
1315214357550,0,water
1319218576852,0,water
1314213021328,0,water
1318217630021,0,water
1314213076868,0,water
1323221747708,0,water
1320219170747,0,water
1314212637995,0,water
1317216269718,0,water
1320219212750,0,water
1322220732453,0,water
1321219673732,0,water
1315213557655,0,water
1324222851432,0,water
1323221550825,0,water
1323221664636,5,water
1321220452635,0,water
1324222411098,0,water
1315214059990,0,water
1324222563645,0,water
1323221824156,0,water
1324222578989,0,water
1316215474127,0,water
1323221650512,0,water
1320218750154,0,water
1314214973378,2,water
1314212920666,0,water
1324223106042,0,water
1314212943462,0,water
1318218636835,0,water
1317216604900,0,water
1320219374788,0,water
1314212551372,0,water
1314212555977,0,water
1316214978658,0,water
1316215027006,0,water
1324222473516,0,water
1319217966973,0,water
1322220663429,0,water
1321219600362,0,water
1316215201839,0,water
1320219109749,0,water
1324222423345,0,water
1321220452650,0,water
1315214015315,0,water
1314212674129,5,water
1317216208746,0,water
1315214256467,0,water
1315214357648,250,water
1314212471940,0,water
1316215390814,0,water
1321219815800,0,water
1320219134665,0,water
1320219140086,0,water
1314212325132,0,water
1319218588756,0,water
1319217791627,0,water
1316215719737,0,water
1324222598219,0,water
1315213847864,2,water
1320219342894,0,water
1316215390511,0,water
1314212858791,0,water
1323221629025,0,water
1324222858223,0,water
1321219654288,0,water
1323222286041,0,water
1320219002730,0,water
1324222469088,0,water
1316215534658,0,water
1322220935997,0,water
1315214009969,0,water
1315214191886,0,water
1322220799617,0,water
1324222453969,0,water
1324222848929,0,water
1315214417230,0,water
1319217782147,0,water
1320218781591,0,water
1324222750958,0,water
1324222712198,0,water
1320218734871,0,water
1321220297725,0,water
1318220625990,0,water
1323222395384,0,water
1318217199557,0,water
1316215549128,0,water
1316215023476,5,water
1323221836404,0,water
1318217444936,0,water
1318218160315,0,water
1320218787846,0,water
1316215054519,0,water
1314212386686,0,water
1314212549190,0,water
1316214977934,0,water
1316215531029,2,water
1324222602260,0,water
1324222675454,0,water
1319218313474,0,water
1320219268606,0,water
1322221467006,0,water
1324222430795,0,water
1324222561615,0,water
1314212320853,0,water
1315213762343,0,water
1314212498517,0,water
1324222987087,216,water
1315213643063,0,water
1324223153800,0,water
1320219224185,0,water
1321220554087,0,water
1318217091178,0,water
1322220707537,0,water
1315214061069,18,water
1324223010404,0,water
1322220677759,0,water
1316215044227,0,water
1324222910770,0,water
1315213839133,0,water
1323222273652,0,water
1323222221602,0,water
1323223228317,0,water
1320219290057,0,water
1321222524201,0,water
1321220443550,0,water
1321219719414,0,water
1316215018932,0,water
1321219762945,0,water
1320218885046,5,water
1315214390270,0,water
1314213027446,0,water
1315214331530,0,water
1319218236887,19,water
1315214089017,0,water
1315214436711,0,water
1318216777971,0,water
1318216830063,0,water
1316215552163,0,water
1321220027419,0,water
1316215205410,0,water
1323221540040,0,water
1315214250286,0,water
1315214147896,0,water
1324222835338,0,water
1323221714619,0,water
1316214908764,0,water
1314211899214,0,water
1314213104843,0,water
1323221684158,0,water
1319218562508,0,water
1319218398651,18,water
1314212342947,0,water
1314212679726,0,water
1324223134836,0,water
1317220606507,0,water
1323222103362,0,water
1324222583231,0,water
1315214278018,0,water
1321222083925,0,water
1315213873262,0,water
1324222437853,5195,water
1322221082276,0,water
1317216031690,0,water
1319218350561,0,water
1324222416378,0,water
1323221846759,0,water
1324222734055,0,water
1317216058610,0,water
1315214106484,5,water
1315213732290,0,water
1314212364741,0,water
1316215587256,0,water
1315214105025,0,water
1322221336959,0,water
1314212528069,0,water
1317216895490,0,water
1322221155118,0,water
1322220969481,0,water
1314212391763,0,water
1314212862991,0,water
1315213900273,10957,water
1316215554217,0,water
1316215604733,0,water
1315215827686,0,water
1314213025897,0,water
1316214954455,0,water
1322220841466,26,water
1321219879210,0,water
1324222980322,0,water
1324223165958,0,water
1314212630394,0,water
1315213984154,451,water
1324222578991,0,water
1315214247266,2,water
1316214917926,0,water
1314212666212,0,water
1314212674131,0,water
1320218624068,0,water
1314213100009,0,water
1316215321771,0,water
1320219341068,0,water
1315213678269,0,water
1316215065210,0,water
1317215957263,0,water
1320218865792,0,water
1322220978516,0,water
1324223058518,0,water
1323221668926,0,water
1318217152471,78,water
1315213699123,0,water
1321220222323,0,water
1320219203849,0,water
1324222437093,0,water
1314212953956,0,water
1316215016015,0,water
1315215827585,44,water
1315214425872,0,water
1314212696316,25,water
1317216289482,0,water
1315215075781,0,water
1315213962386,0,water
1321220660955,0,water
1314212426389,0,water
1314212641688,0,water
1316215694821,0,water
1314212637944,0,water
1321219783798,0,water
1318217060235,0,water
1314212403291,0,water
1318216912838,0,water
1318216747182,0,water
1319217629120,0,water
1314212440263,0,water
1324222682142,5,water
1314212878730,0,water
1322221371370,0,water
1323221609860,0,water
1322221399746,0,water
1318216709788,0,water
1322220656540,0,water
1314213003736,43608,water
1316214949188,0,water
1321219577804,0,water
1318216926182,0,water
1314212942054,0,water
1322220732818,0,water
1315213716259,0,water
1315213950153,0,water
1323221944313,0,water
1317216539128,0,water
1324222986996,0,water
1314212779589,0,water
1314212829206,0,water
1321220607182,0,water
1321219857366,0,water
1315213716374,0,water
1316215079904,0,water
1321220041937,0,water
1323222346672,0,water
1314212499723,750,water
1321219931589,0,water
1314212881458,0,water
1321219601945,0,water
1320219236674,0,water
1324222746226,0,water
1321220552828,0,water
1320218825444,0,water
1314212932230,0,water
1320218906182,0,water
1320219146267,0,water
1321219662640,0,water
1322221479355,0,water
1320222367272,0,water
1319217825355,0,water
1315214006330,2,water
1316215401694,0,water
1316215709902,0,water
1316215251505,0,water
1317216013829,0,water
1322220674194,1018,water
1324223228495,0,water
1314212679361,64,water
1315213645017,0,water
1314212670273,0,water
1314212669384,0,water
1324222413597,0,water
1323221681517,0,water
1324223165147,0,water
1321219984186,59,water
1320218888307,0,water
1315214367447,1153,water
1322221384579,0,water
1322220663239,0,water
1321219728072,0,water
1316214900019,0,water
1322221441328,0,water
1320219278138,0,water
1320219386291,0,water
1318217218647,0,water
1314211928270,0,water
1316215290747,0,water
1321219935830,0,water
1315214184780,0,water
1317215972504,0,water
1323221823937,0,water
1315213904093,0,water
1317215988700,0,water
1318217505698,0,water
1322221155169,0,water
1323221816717,0,water
1321219704626,0,water
1320218863330,1,water
1315214314736,0,water
1323221651868,0,water
1315213592571,0,water
1316215120318,0,water
1323222070880,0,water
1323221577099,0,water
1323221772015,0,water
1322220803783,0,water
1314212556029,0,water
1323222354452,0,water
1315213937295,0,water
1316215310335,0,water
1314212712549,0,water
1324222418182,0,water
1324222808887,0,water
1321220282382,0,water
1321221498088,0,water
1319218244592,0,water
1323221537273,0,water
1317216148763,0,water
1315214384758,0,water
1317215973191,0,water
1315214074130,0,water
1315213661996,0,water
1324222458731,0,water
1321220259978,0,water
1323222044048,1,water
1321219853417,0,water
1323221900766,0,water
1321220660930,0,water
1322221433598,0,water
1319218454039,0,water
1319218344998,0,water
1316215253206,0,water
1322220920425,0,water
1315214392627,0,water
1314212695403,0,water
1319218395960,0,water
1314212330322,10,water
1322220639722,0,water
1320219343629,0,water
1316215782071,0,water
1322221349576,0,water
1316215020456,0,water
1320222370621,39697,water
1316215454570,0,water
1315214356711,0,water
1317215918576,0,water
1318216913855,0,water
1314212772293,4,water
1316218160291,0,water
1316215102536,5,water
1321220091464,82,water
1322220830172,0,water
1323222154460,0,water
1319218206694,0,water
1315213907393,5,water
1315215816455,1577,water
1317215971324,0,water
1314212724468,0,water
1318216867667,0,water
1324222704114,0,water
1321221565272,0,water
1315213979774,0,water
1316215027032,0,water
1319217769165,0,water
1322220858221,0,water
1324222677268,0,water
1322221058668,2,water
1315214339285,0,water
1314212542296,0,water
1315213672862,0,water
1314212711838,0,water
1321219469018,0,water
1324222972376,2,water
1316214922130,0,water
1315214112068,0,water
1321220015477,0,water
1323221821465,0,water
1324222671152,0,water
1322221307349,0,water
1314212777611,3901,water
1321219969704,0,water
1317216382150,0,water
1321219817285,0,water
1323221587328,0,water
1321219864269,0,water
1321220109033,0,water
1323221642945,0,water
1315213624291,0,water
1314212687469,50,water
1314212536799,0,water
1318217185053,0,water
1316215027044,0,water
1315213241728,0,water
1314212944437,0,water
1316215413220,1,water
1319218532176,1,water
1315214104919,0,water
1314212536383,0,water
1319217707912,0,water
1314212478224,13,water
1314212637957,0,water
1314214937512,6,water
1320218778569,0,water
1315213921176,0,water
1320218784647,0,water
1323222350884,5,water
1318217592157,0,water
1322221126865,0,water
1323221605177,0,water
1318217450206,1,water
1318216954432,7,water
1322220780884,0,water
1319217707924,0,water
1317216380194,0,water
1318216835900,0,water
1319218206706,0,water
1317216440370,0,water
1324223230879,0,water
1322221328091,0,water
1319218295727,0,water
1315214174411,0,water
1317215984117,0,water
1320218957037,0,water
1316215037856,0,water
1316215477555,0,water
1324222560082,0,water
1324223044494,0,water
1319218127987,0,water
1320218694192,0,water
1319218515536,250,water
1320218704688,0,water
1323221815400,0,water
1324222502496,0,water
1322220917948,0,water
1319218474260,0,water
1315213696659,0,water
1324223047352,259,water
1324222469090,0,water
1323222198549,0,water
1315215179678,0,water
1319218051934,0,water
1317215995263,0,water
1320218873572,0,water
1321219892066,0,water
1319218058446,0,water
1318216944999,0,water
1314212749218,4737,water
1318217630019,0,water
1320218962722,0,water
1315214361533,0,water
1320218768214,0,water
1316215094499,0,water
1317215808938,0,water
1320219072232,0,water
1317215923727,0,water
1315213741681,0,water
1314212322364,0,water
1315214245918,17027,water
1320218724591,0,water
1316215541069,0,water
1320218759330,0,water
1314212471383,0,water
1318216687362,5,water
1320219159959,0,water
1314212737643,17,water
1319218003566,0,water
1314212589915,0,water
1315213705623,0,water
1315214382451,0,water
1321220377170,0,water
1320218834529,0,water
1322220715054,0,water
1321219820305,0,water
1323222286003,0,water
1322221273701,5,water
1322221327986,0,water
1319218346536,0,water
1321219708221,0,water
1322221460177,0,water
1319219469463,0,water
1317216297438,20,water
1324222924211,0,water
1316215067620,0,water
1315214061095,18,water
1320218865653,0,water
1318217353616,0,water
1319218244578,1,water
1321219454319,0,water
1315213874593,0,water
1319218120246,0,water
1318216928251,0,water
1318217442565,0,water
1315214464962,0,water
1315213704947,0,water
1324222715094,0,water
1323222351571,0,water
1314211959440,0,water
1315214235386,0,water
1323222318420,0,water
1321219596754,0,water
1321220473704,0,water
1320219176979,0,water
1322221447687,0,water
1315213731425,0,water
1320219174784,0,water
1316216640779,0,water
1319218198962,2,water
1314212453070,0,water
1315214006165,0,water
1320219214145,0,water
1318216952693,0,water
1322220678635,0,water
1319218270142,0,water
1315214420806,0,water
1324222784276,0,water
1320219380185,0,water
1316215761293,0,water
1317216601967,0,water
1323221686759,8,water
1316215020049,38152,water
1320218704308,0,water
1323221841834,0,water
1314212608424,0,water
1315213656251,8000,water
1317216435774,0,water
1315214155590,0,water
1322221018310,0,water
1314212573671,0,water
1314212933283,10200,water
1321220659534,0,water
1315214223455,0,water
1321220316020,0,water
1318216786602,0,water
1324222962490,0,water
1322221380658,0,water
1317215815541,0,water
1317215988698,0,water
1315214193094,0,water
1315213880990,0,water
1323222432243,208,water
1314212698423,0,water
1317215931902,0,water
1324223052883,0,water
1314212335766,0,water
1316215074232,0,water
1315214249930,0,water
1322221115470,0,water
1322220969505,0,water
1324222913838,4,water
1320218784635,0,water
1316215394913,108,water
1324222981286,0,water
1321220163772,0,water
1323222345819,0,water
1322221565880,0,water
1317215830353,0,water
1322221336148,24,water
1316217685472,0,water
1319219407119,0,water
1320219396847,0,water
1321219667882,0,water
1316215032222,250,water
1322220749992,0,water
1314218588681,0,water
1316215087925,0,water
1319217814300,0,water
1317216458366,0,water
1316215136211,0,water
1316215368616,0,water
1317216513198,0,water
1324222576542,0,water
1315218523506,195,water
1317216138368,0,water
1324222459087,0,water
1314212860783,0,water
1320218899957,0,water
1324222980866,0,water
1314212547246,0,water
1322221111634,0,water
1320218802460,0,water
1315215310970,14,water
1314212396473,0,water
1314213019538,0,water
1314213971599,0,water
1318217209838,0,water
1323221535139,0,water
1318217137456,0,water
1321220412720,0,water
1322220978199,0,water
1315213736768,0,water
1315214029605,0,water
1314212702652,0,water
1315213632779,0,water
1317216068419,0,water
1321220523385,0,water
1323222170589,0,water
1316215007220,0,water
1324222911048,0,water
1323221713441,0,water
1314211931480,0,water
1315213701600,0,water
1314212728493,0,water
1320218865780,0,water
1315214385306,254,water
1323221648052,0,water
1323221959873,0,water
1318217454572,0,water
1316215472679,0,water
1319218273439,41,water
1317215809765,167720,water
1322220806943,0,water
1320218637130,0,water
1315214110710,0,water
1323222154559,0,water
1321220468716,0,water
1316215381411,0,water
1316215580123,0,water
1323221624113,0,water
1319217965654,0,water
1316215366206,0,water
1320218865691,11,water
1314212718112,0,water
1314212873335,0,water
1315213992136,0,water
1322220854754,0,water
1324223199656,88,water
1315214418737,0,water
1314212545343,0,water
1315213857410,10,water
1319218014468,0,water
1321219468826,0,water
1317215813407,0,water
1320218655304,0,water
1319217909252,0,water
1322221083684,0,water
1321220008852,0,water
1315213604489,0,water
1322221395674,0,water
1314212887020,1,water
1315214406353,0,water
1315213962412,0,water
1317216498511,0,water
1322220666301,0,water
1322221461674,0,water
1323221626258,0,water
1319218273124,0,water
1316215689961,0,water
1319218330330,0,water
1315217700160,5,water
1315215827700,0,water
1323222333799,0,water
1320219226685,0,water
1324222893012,1,water
1320219275942,0,water
1314212369870,0,water
1323221596392,0,water
1319218069490,0,water
1321220101986,0,water
1321220490751,0,water
1314211917113,0,water
1314212497414,0,water
1315214015479,57,water
1315213235548,0,water
1315213940378,5,water
1315213857372,39,water
1314212859324,0,water
1316215044203,0,water
1322221294061,0,water
1323222011862,0,water
1315213861519,0,water
1323221643911,0,water
1323222239232,0,water
1321219767783,0,water
1322220861239,0,water
1322221461635,0,water
1322221286065,298,water
1321220082388,0,water
1315213193776,0,water
1321219515386,0,water
1324223132147,0,water
1318216807812,0,water
1314212911667,0,water
1316215352725,0,water
1321219756994,0,water
1314212481042,0,water
1315213682281,0,water
1319218574426,0,water
1315213850023,250,water
1314212527143,0,water
1316215303583,0,water
1315214339234,0,water
1314212303693,0,water
1314212900144,0,water
1314213020338,0,water
1314213961865,5,water
1317216256545,0,water
1321219779117,0,water
1322221060395,0,water
1322221100593,0,water
1317218456147,0,water
1324222746214,0,water
1323222387122,0,water
1315214412571,0,water
1314212498810,0,water
1319218066304,0,water
1315214260313,0,water
1320219054196,5,water
1321219919483,0,water
1321220520163,1,water
1321220291189,0,water
1321219779410,0,water
1317216385664,0,water
1319217838743,0,water
1317216458493,0,water
1318217280597,0,water
1316215530989,680,water
1316215586088,0,water
1316215598830,0,water
1314212663708,0,water
1319217611565,0,water
1315213225269,12,water
1320218852263,0,water
1322221461561,0,water
1323221768839,0,water
1314212881522,0,water
1315213999218,0,water
1316215043504,0,water
1314212496780,0,water
1319218027009,0,water
1320218819530,0,water
1320219246093,0,water
1324222986921,165,water
1320218599001,0,water
1315214422255,0,water
1315214264246,0,water
1315214027765,0,water
1320218813968,0,water
1318217009479,0,water
1314212428027,0,water
1315213640244,0,water
1320218765550,0,water
1314212555953,0,water
1315213207475,0,water
1319218259760,0,water
1315214031914,0,water
1317216402685,0,water
1321220024917,0,water
1314212525695,0,water
1314212940480,0,water
1319218032441,0,water
1323222137287,0,water
1323222228102,0,water
1316215727569,0,water
1323222258509,0,water
1321220494619,0,water
1315217548890,0,water
1314212916744,0,water
1314212757583,0,water
1314212414787,0,water
1315213872740,0,water
1315214456319,0,water
1317215816719,0,water
1315213533540,0,water
1320219172259,0,water
1319218048003,0,water
1320219115589,0,water
1317216466793,0,water
1317216057063,0,water
1319218029902,0,water
1315214114795,0,water
1317215988066,0,water
1318216829349,0,water
1316215022690,0,water
1324222514097,0,water
1316215442563,0,water
1317216573600,0,water
1316215731047,0,water
1319218288153,0,water
1314212434219,0,water
1318216834642,0,water
1324222533921,0,water
1319217740315,0,water
1315214432989,0,water
1317216438907,0,water
1318217507045,0,water
1314212530568,0,water
1318216748741,0,water
1314212479188,0,water
1323221710142,0,water
1324222620510,0,water
1314212803593,0,water
1322221071499,0,water
1319217757513,0,water
1322220639847,0,water
1316214950469,0,water
1316215191851,0,water
1314211900915,0,water
1320219249481,0,water
1322221298856,34,water
1314212638922,0,water
1323222158560,0,water
1319217975820,0,water
1319218193302,366,water
1315213184916,0,water
1315214256442,0,water
1315214006381,0,water
1316215224902,0,water
1318216980363,0,water
1320219270105,0,water
1324222437067,0,water
1323222163685,0,water
1321219906435,25,water
1322221236019,0,water
1314212560181,32091,water
1320218732131,0,water
1316215089018,0,water
1315213969102,0,water
1314212793780,0,water
1322221575083,0,water
1318222391486,0,water
1321219700150,0,water
1320218955639,0,water
1320219394285,0,water
1321219811419,0,water
1314212321867,0,water
1314215788670,0,water
1324222468694,0,water
1324222868097,0,water
1324222521611,0,water
1314212303871,0,water
1323221621079,0,water
1315214107664,0,water
1317215936117,0,water
1315214401655,9,water
1321220389795,5,water
1315214394506,0,water
1321220116483,0,water
1322220742415,0,water
1317215848363,0,water
1316215052731,0,water
1315214500910,0,water
1318216983508,0,water
1319217898663,5,water
1315213831973,0,water
1314212557553,0,water
1322220870861,0,water
1320218776262,0,water
1323221712096,0,water
1323221628884,0,water
1317215812470,0,water
1317216163117,0,water
1315213735653,0,water
1316215028717,0,water
1321220135204,0,water
1314212505162,0,water
1315213619392,0,water
1316215116688,0,water
1315214182673,0,water
1315214189007,0,water
1323221626688,0,water
1324222542159,0,water
1321220520062,0,water
1322220703932,5,water
1316217712710,0,water
1317216289557,0,water
1319217851955,0,water
1314212763559,0,water
1319217794369,0,water
1319218528610,0,water
1321219631429,5,water
1316216348843,0,water
1315214091062,0,water
1317215805829,0,water
1316215409133,0,water
1316214972325,0,water
1315214009235,7,water
1314214388795,3,water
1324222503551,0,water
1323221643935,0,water
1318216705715,0,water
1315214213530,0,water
1319218504355,0,water
1321219677085,0,water
1317216279430,0,water
1323221974140,0,water
1321220542803,0,water
1314212305015,0,water
1314212325334,0,water
1314212553731,0,water
1315213230915,0,water
1315214006417,2,water
1314212786040,0,water
1319218261271,0,water
1317216017400,0,water
1318216776310,0,water
1315214220954,0,water
1316215328752,0,water
1322220816007,0,water
1316215445901,0,water
1323222170591,0,water
1315214272700,0,water
1317219407083,0,water
1314212902581,0,water
1320219097351,0,water
1314212826299,0,water
1314212979785,0,water
1314212655359,69,water
1319217758578,0,water
1319218210173,0,water
1317215820806,0,water
1319217809502,1,water
1319217828146,0,water
1320218998134,0,water
1324223174487,0,water
1319217750367,0,water
1323222190567,0,water
1316215217833,0,water
1324223166719,0,water
1317215945369,0,water
1315213665211,0,water
1318217511207,0,water
1315214341152,0,water
1314213071196,0,water
1314212974733,0,water
1315214048199,0,water
1321220300053,0,water
1321219828581,0,water
1317215933286,0,water
1320219296504,0,water
1320219337781,0,water
1317216432447,0,water
1320219112556,0,water
1314212886853,0,water
1318217339884,0,water
1316215219546,0,water
1316215491491,0,water
1316215342407,0,water
1322221032283,0,water
1320219375817,0,water
1321220277420,2,water
1323222004362,0,water
1323222271266,0,water
1318217252586,0,water
1318216798076,0,water
1322221420654,0,water
1321219635404,0,water
1315213685276,0,water
1317216568889,0,water
1322220996413,0,water
1322221441239,0,water
1322220794034,5,water
1322220830160,0,water
1323222348726,0,water
1324222697082,0,water
1316215039850,0,water
1322220942965,0,water
1315213982174,0,water
1323221677343,0,water
1315213959517,250,water
1314212450353,0,water
1314211928318,0,water
1323221623554,0,water
1317216616449,0,water
1317216464418,0,water
1315214252963,0,water
1314211883513,0,water
1315213701865,0,water
1323221787854,0,water
1314212749345,0,water
1318217283581,0,water
1322220781330,0,water
1322220793780,0,water
1320219258670,0,water
1322220982161,0,water
1321220389959,0,water
1321220102572,0,water
1322220697332,0,water
1324222899510,0,water
1320218798421,3,water
1319218612238,0,water
1318217170950,0,water
1324222444566,0,water
1322220732224,0,water
1322220779399,0,water
1314212655258,0,water
1316215355417,0,water
1323222139937,1,water
1316215205509,0,water
1318216743157,0,water
1320219168820,0,water
1318217282348,0,water
1316215128758,0,water
1317216270759,0,water
1316215075793,0,water
1323222044164,0,water
1323221988633,0,water
1314213174547,5,water
1322220640585,0,water
1320218736736,0,water
1322221071830,0,water
1322221380266,0,water
1324222736528,0,water
1323221664624,5,water
1317216425037,0,water
1318216788493,0,water
1323221984343,11,water
1319218573487,0,water
1323222175921,0,water
1314212881926,0,water
1322220951457,0,water
1315213197270,250,water
1318217181357,7,water
1321219610312,0,water
1323221660513,0,water
1322221008143,0,water
1321219670674,0,water
1317216513174,0,water
1321220473779,26,water
1324223039811,0,water
1319217902814,0,water
1317216601500,0,water
1321219639679,4068638,water
1316215031131,0,water
1315213743077,0,water
1315214187104,0,water
1322221461585,0,water
1314212962169,0,water
1314213045483,0,water
1317216617860,0,water
1317215882604,0,water
1316215531068,2,water
1314212601583,0,water
1322220765477,0,water
1322220851695,200,water
1321220661666,0,water
1322221267077,0,water
1314212639494,193,water
1315213557010,0,water
1314212492324,0,water
1314212350829,0,water
1324222710319,0,water
1320218719906,0,water
1323221835438,0,water
1314213065028,0,water
1322220636676,0,water
1314212385153,0,water
1322221328026,0,water
1324222899231,0,water
1314212462319,0,water
1322221268105,0,water
1321220041875,24,water
1321220142261,0,water
1317215930734,0,water
1315214343422,0,water
1315213688169,0,water
1314212634644,0,water
1323221850415,0,water
1324222558076,0,water
1322221243456,0,water
1323222011571,1,water
1324222418814,0,water
1315215653953,1,water
1319218412118,0,water
1321220301764,0,water
1321219903566,0,water
1314212584205,0,water
1321219893575,0,water
1314213065168,250,water
1316215037159,0,water
1324222567707,8,water
1322221390899,0,water
1316215549155,0,water
1317216230476,0,water
1323221950342,0,water
1319218044713,0,water
1321220375051,0,water
1320219234150,0,water
1314212507139,0,water
1319218481594,0,water
1322220810865,0,water
1314212996274,0,water
1322221237504,11776,water
1314212943524,0,water
1317216214460,0,water
1314212332670,0,water
1316215044102,0,water
1317216122655,0,water
1318216790865,0,water
1317216306757,0,water
1314212446684,57,water
1315214432953,0,water
1321219666625,0,water
1318217021411,0,water
1322220669004,0,water
1316215108717,0,water
1314212876888,0,water
1324222584132,0,water
1322220650547,0,water
1321220015200,0,water
1319218031856,0,water
1322221139797,0,water
1319218225706,0,water
1323221788250,0,water
1315214298921,0,water
1321219689991,0,water
1314212776355,0,water
1324222963706,0,water
1320218739478,0,water
1323222430403,0,water
1317216075376,0,water
1314212453334,0,water
1321220277469,8,water
1321220316018,0,water
1324222988572,0,water
1315214370355,0,water
1321220471611,0,water
1315214393353,0,water
1317216247876,0,water
1315213231172,0,water
1320218865665,0,water
1315213969049,0,water
1320218845752,0,water
1315214272686,0,water
1315213668318,0,water
1317216549269,0,water
1314212585057,0,water
1316215547643,0,water
1321220395673,0,water
1315213865052,2,water
1322221080169,0,water
1319217962152,0,water
1314212909004,0,water
1319218491064,0,water
1315215179666,0,water
1314212543805,0,water
1322220765465,0,water
1317216499968,0,water
1321219975137,0,water
1314212620443,0,water
1315213965849,0,water
1315214215562,13,water
1317215812468,0,water
1315213841772,0,water
1314212498303,0,water
1314212555092,0,water
1324222414486,0,water
1322220996514,0,water
1323221729635,0,water
1317216346104,0,water
1315213736832,145866,water
1315213819814,0,water
1314212428585,7,water
1314212850743,0,water
1315213874579,0,water
1319218052886,0,water
1322220817112,0,water
1320219212762,0,water
1314212488605,0,water
1316214979344,0,water
1319218496192,0,water
1321219659947,0,water
1315213807163,0,water
1322220810220,0,water
1321220238188,2,water
1322221223860,0,water
1317215965524,0,water
1319218395921,0,water
1314212428635,0,water
1320218865741,0,water
1314211938220,0,water
1319217735277,0,water
1322221008891,5,water
1317216010254,16,water
1317216268476,0,water
1318216920835,0,water
1321220257063,0,water
1318216808853,0,water
1314212823266,0,water
1317216402646,0,water
1324223097181,0,water
1314212428039,0,water
1314212439107,0,water
1315214314724,0,water
1322220834360,0,water
1316215470509,0,water
1322220832861,0,water
1324222567695,0,water
1316215353184,0,water
1315214321539,0,water
1316215471754,0,water
1315213593888,0,water
1319218140352,0,water
1314212975888,0,water
1318217283833,0,water
1316215534672,1,water
1317215922966,0,water
1316215545043,0,water
1321219695931,0,water
1323222367815,0,water
1324222521231,0,water
1320219229325,0,water
1314213237581,0,water
1318217159514,0,water
1318216910455,0,water
1324222528085,0,water
1315214204000,0,water
1321219448382,0,water
1316217623519,0,water
1314212786368,0,water
1314212790760,0,water
1324223165135,0,water
1314212549202,0,water
1314212876155,0,water
1316215673070,0,water
1321220015465,0,water
1323222255984,236,water
1318217338526,0,water
1319218206720,0,water
1315215827609,46,water
1321220041901,0,water
1323221763156,0,water
1317219442896,0,water
1314212541104,0,water
1324222411100,0,water
1322220660120,0,water
1324223047453,0,water
1316215640614,0,water
1324222641526,0,water
1324222943351,0,water
1318217507084,0,water
1315214339196,0,water
1323221581325,0,water
1316215677194,1,water
1321219911981,0,water
1316215424197,0,water
1318217074057,0,water
1324223023906,0,water
1324222646679,0,water
1317216089425,0,water
1321220069379,0,water
1323222238976,0,water
1324222704292,0,water
1314213043918,0,water
1318217398445,0,water
1318216750164,0,water
1320218674695,1147,water
1323222329625,0,water
1314212368524,0,water
1314212443218,0,water
1324222734067,0,water
1314212541080,0,water
1314212638011,0,water
1320219169873,0,water
1321219905130,0,water
1316215539774,0,water
1319218026971,0,water
1319217629613,724,water
1320219294408,0,water
1319217798685,0,water
1322221332644,0,water
1317216617605,0,water
1320219123876,0,water
1314212682571,0,water
1314212797260,0,water
1324222588687,0,water
1318218234235,0,water
1320219037785,0,water
1323221667138,0,water
1319218082826,0,water
1320219303258,0,water
1321219631431,26,water
1317216498497,8,water
1322221218718,0,water
1320218694180,0,water
1318219407107,0,water
1315215278742,0,water
1324223120092,1,water
1321219452632,2,water
1324222974560,0,water
1314212822377,1081,water
1316215037514,0,water
1317216376640,4,water
1315214137147,49,water
1315214368185,0,water
1318216889182,0,water
1315213804723,0,water
1322221066665,0,water
1324222668535,0,water
1315213720624,0,water
1321220382295,0,water
1315213934639,0,water
1315214331302,0,water
1314213106053,0,water
1318217080466,0,water
1321220184028,0,water
1317216237242,0,water
1324222848564,0,water
1315214062566,1069,water
1324222821581,0,water
1318217238765,0,water
1314212412439,4,water
1318220596528,0,water
1323222137895,0,water
1316215294986,5,water
1317216491492,0,water
1322220751491,19,water
1323221642186,0,water
1323222180275,0,water
1317216778011,0,water
1320219358633,0,water
1314213045368,0,water
1316215766991,0,water
1316215449909,0,water
1321220372383,0,water
1321219601477,0,water
1323221948553,0,water
1314212560306,0,water
1318217538356,0,water
1320219010485,0,water
1322221371154,0,water
1320219277605,0,water
1323221949629,0,water
1315213882691,0,water
1314212321766,0,water
1314212892069,0,water
1320218693113,0,water
1324223160742,0,water
1316215066895,0,water
1322221431051,0,water
1321219468612,135,water
1320218578096,0,water
1319218139297,0,water
1318217322496,0,water
1321220163620,0,water
1314212551156,0,water
1314212983441,0,water
1316214966451,0,water
1322220941330,0,water
1322221441355,0,water
1321220032561,0,water
1315214252761,0,water
1315213906466,74390,water
1322221467335,0,water
1317216191369,0,water
1318217022603,0,water
1322220740094,0,water
1314212352850,0,water
1320219291960,0,water
1318219028255,0,water
1314212509727,0,water
1315214357600,0,water
1315213196013,0,water
1323221626664,0,water
1316215580061,0,water
1318216910291,5,water
1324222851836,0,water
1315213673104,16,water
1314212324457,0,water
1324222577963,0,water
1318217137468,0,water
1316215493901,0,water
1319218487801,0,water
1324223012612,0,water
1324222518856,15476,water
1315213249562,0,water
1317216293643,0,water
1324222987063,0,water
1323222346126,0,water
1322220750475,0,water
1320218593693,0,water
1324223091644,1,water
1315214213579,113,water
1314212512925,0,water
1315213993102,0,water
1322220766455,0,water
1316215191800,0,water
1319218032237,0,water
1316215446218,0,water
1315213716362,0,water
1316215045333,250,water
1318217398407,0,water
1323221556069,51311,water
1314213028020,83,water
1316215127186,5010,water
1323221677356,0,water
1315213684576,0,water
1319218549564,0,water
1315213805967,0,water
1316215630575,0,water
1315214417115,0,water
1314213018930,0,water
1317216424960,0,water
1315214264350,0,water
1314212860771,0,water
1324223092824,0,water
1318217337373,0,water
1320218764746,0,water
1324222895702,0,water
1323222044024,0,water
1320219226584,0,water
1323222265542,0,water
1317215909932,0,water
1315218636811,0,water
1316218654604,0,water
1322221324217,0,water
1323221566173,0,water
1322220805725,0,water
1318216983445,0,water
1321219774484,0,water
1319217710161,0,water
1319218092005,0,water
1322220679346,318757,water
1324222418509,0,water
1321222574345,0,water
1317216573612,0,water
1322220756757,0,water
1315213967641,0,water
1323221720129,0,water
1314215804497,0,water
1323222378972,0,water
1319217777630,0,water
1319218212557,0,water
1317216245175,0,water
1315214379758,0,water
1314212682102,0,water
1323222422572,0,water
1315214006443,2,water
1315214438246,0,water
1315213903572,0,water
1317216617302,1,water
1321220477400,0,water
1316215706476,0,water
1323222277030,0,water
1321220471623,0,water
1319217981315,0,water
1319217819426,0,water
1315213959606,139,water
1314212304998,0,water
1314219435272,0,water
1321219469727,131,water
1316215588587,0,water
1314212790758,0,water
1318217149184,5,water
1317216110041,0,water
1316215288390,0,water
1324222833461,0,water
1317215868050,0,water
1315214428435,0,water
1316215260187,0,water
1315213662000,0,water
1315214331466,0,water
1324222706943,0,water
1323221628175,0,water
1314215376753,0,water
1317215931888,0,water
1317216464014,0,water
1315214445417,0,water
1315214457792,0,water
1317216191320,0,water
1319218205944,0,water
1320218723500,10,water
1314213106634,0,water
1314212919144,0,water
1324223108756,0,water
1317215967910,0,water
1323222060725,0,water
1314212659650,0,water
1323222164372,0,water
1316215381219,0,water
1321220516355,0,water
1315213983810,0,water
1314212566564,0,water
1315213896525,0,water
1316215081860,0,water
1321219926639,0,water
1319218504203,0,water
1316215676952,0,water
1323221596556,0,water
1324223203807,0,water
1319218157384,0,water
1314212311500,5,water
1315214896401,0,water
1315213706017,0,water
1314212890913,0,water
1323222196899,0,water
1317216707846,0,water
1321220555650,0,water
1323222277016,46228,water
1321220516189,0,water
1322221543162,0,water
1324222583268,0,water
1324222746113,0,water
1320218726634,0,water
1314212556740,0,water
1324223048671,0,water
1322220845022,0,water
1315213766393,5,water
1316215444136,0,water
1323221611320,0,water
1314212611634,0,water
1320219216381,0,water
1324222518072,0,water
1314212318341,0,water
1316215146059,0,water
1316215577255,0,water
1314212907366,0,water
1315213853563,0,water
1320219289889,0,water
1324223005479,0,water
1314212450771,0,water
1324222630321,0,water
1314212748709,0,water
1314211927468,0,water
1316215545450,0,water
1323221748130,14,water
1323221790672,0,water
1317216618090,0,water
1324222986135,0,water
1316215604772,7,water
1322221461623,0,water
1315213760477,0,water
1321220024893,0,water
1314212823254,0,water
1323222343840,0,water
1323221925807,0,water
1323221571399,0,water
1319217782135,0,water
1322220660132,0,water
1314212893022,0,water
1314211925084,735,water
1321219891850,0,water
1323221713427,0,water
1318217033240,0,water
1316215544937,0,water
1318216834768,0,water
1322220781328,0,water
1323221546928,0,water
1324222732327,0,water
1318216981819,0,water
1324222588598,0,water
1324222765416,0,water
1324222997722,0,water
1319217746890,0,water
1318217014632,0,water
1316215445747,0,water
1320219197136,0,water
1317216114811,0,water
1318216924555,0,water
1314213144835,0,water
1322222549901,207,water
1319218203851,0,water
1314212383071,0,water
1316215694819,0,water
1316215362144,0,water
1317216190049,0,water
1315214033680,0,water
1315214043527,0,water
1322220764765,0,water
1320218769572,0,water
1319217661077,0,water
1317216229575,0,water
1316215462742,0,water
1323222285975,0,water
1317215945332,0,water
1324222910984,0,water
1314212654166,0,water
1324222849489,0,water
1316215066364,0,water
1318217735529,0,water
1320219393372,0,water
1319218261939,0,water
1318216912651,0,water
1318217307406,0,water
1314212783169,0,water
1318217176775,0,water
1315214277105,0,water
1316215076439,0,water
1322220857181,0,water
1317216607376,0,water
1316215373022,0,water
1316215373059,0,water
1314212396574,0,water
1317215909589,0,water
1322220648113,0,water
1320220657478,0,water
1324223119633,0,water
1320218648095,0,water
1318217153598,0,water
1315214223238,0,water
1321220041990,0,water
1315214040178,0,water
1320219065962,2704,water
1315214222681,0,water
1322220997175,0,water
1321220041976,0,water
1317216425571,0,water
1321219529118,0,water
1315213810916,0,water
1317216606172,0,water
1316215000694,0,water
1314212991386,0,water
1323222329308,0,water
1323222337988,0,water
1321219923671,49,water
1314219435260,0,water
1320219217205,0,water
1317216207629,0,water
1323221605532,0,water
1323221771191,0,water
1316215035433,0,water
1319218133597,0,water
1316215682079,0,water
1315214135295,0,water
1316215328788,0,water
1315213889658,0,water
1317216219295,0,water
1314211894706,0,water
1324222690822,0,water
1322222500732,0,water
1322220794630,0,water
1315214433258,0,water
1314212813962,0,water
1314213112028,0,water
1314212735221,0,water
1315214102333,0,water
1322220997124,0,water
1316215702313,0,water
1320218721025,0,water
1324222711412,0,water
1321220602926,250,water
1314212613665,0,water
1317216616452,0,water
1323221826201,0,water
1322220670347,0,water
1318217411824,0,water
1321220142172,0,water
1319218184012,0,water
1321219721560,0,water
1314212976462,0,water
1314212873487,0,water
1322221148760,0,water
1320218841435,0,water
1315214038440,0,water
1319218525222,98,water
1314212349676,8,water
1317216262156,0,water
1316215291651,0,water
1318216947921,0,water
1324222603971,5,water
1320219184936,0,water
1322220790164,0,water
1317216527465,0,water
1322220690123,0,water
1322221293754,0,water
1315213766330,5,water
1323221950951,0,water
1323221910755,0,water
1316215288109,0,water
1322220701092,0,water
1314211915119,0,water
1318217149121,3,water
1314212378424,5,water
1324223160654,0,water
1324222524783,0,water
1324222710853,0,water
1320219112570,0,water
1315213797107,0,water
1316214923169,0,water
1314212943334,0,water
1323222345973,0,water
1314212568051,0,water
1323221554557,0,water
1320218774673,0,water
1318217307204,0,water
1318217539550,0,water
1315213965864,4,water
1319217685318,0,water
1316215031321,0,water
1320219246889,0,water
1324223089107,0,water
1323221818937,2,water
1316215288630,0,water
1316215269515,0,water
1314211946963,0,water
1316215781143,0,water
1323222313999,0,water
1324223121207,0,water
1320218863342,0,water
1318217507250,0,water
1317216276814,0,water
1321219910256,0,water
1321220412631,0,water
1322220931125,0,water
1314212317061,0,water
1323222292322,0,water
1318216991758,0,water
1315214189021,0,water
1318216834111,0,water
1315213624303,0,water
1317216135602,0,water
1316215074345,0,water
1322222500377,0,water
1318216837904,0,water
1320218774216,0,water
1318217547417,0,water
1321220606103,0,water
1317215830252,0,water
1315214038414,0,water
1315213945607,0,water
1318217139397,107,water
1316215274628,0,water
1315214166872,0,water
1322220984912,0,water
1324222947071,0,water
1314212728719,0,water
1314213122765,0,water
1314212918989,0,water
1316215361369,0,water
1321220100630,0,water
1318219044524,0,water
1321219613460,0,water
1314212750044,0,water
1321220037511,0,water
1319217671268,0,water
1314212623716,0,water
1314212829271,0,water
1315214469811,0,water
1324223181898,0,water
1315214142628,0,water
1315214215168,0,water
1317216180772,21,water
1315214241186,0,water
1314212512937,0,water
1315213822226,0,water
1324222899243,0,water
1319218225718,0,water
1315213764549,0,water
1324222495653,0,water
1323222255566,0,water
1320219209614,0,water
1323221626536,0,water
1323221837139,0,water
1323222338612,0,water
1322220852723,0,water
1322220752036,0,water
1315214399812,0,water
1316215116599,0,water
1315214073835,0,water
1321220001073,0,water
1314212659763,0,water
1315213948262,0,water
1317216135588,0,water
1317216244828,0,water
1322221365404,0,water
1314212681199,7,water
1318217647508,0,water
1323221871837,0,water
1320219034319,0,water
1320219236953,0,water
1315214331516,0,water
1317218613709,0,water
1316215442118,0,water
1319217656418,0,water
1322221519061,0,water
1323221609872,0,water
1316215574361,16,water
1316214982605,0,water
1319217854809,0,water
1315213658937,1,water
1315214162240,0,water
1322221401197,0,water
1321220054985,0,water
1324223149663,0,water
1322220703920,0,water
1323221560030,0,water
1315213637539,0,water
1314211923267,0,water
1316215399472,2,water
1323221664004,0,water
1323221839285,0,water
1322220877462,0,water
1316215486109,0,water
1314212943548,0,water
1315218588679,0,water
1320218853024,0,water
1322221324205,0,water
1322220937294,0,water
1321220091476,476,water
1322221441241,1,water
1323222361230,0,water
1319218515548,250,water
1315214079826,0,water
1318217197704,0,water
1323222282651,0,water
1319217685611,0,water
1314212349892,4,water
1317216762409,0,water
1317215919147,0,water
1315214117828,0,water
1324222997847,0,water
1322220810891,0,water
1318217042567,0,water
1315214331478,0,water
1316214983506,0,water
1322221445315,0,water
1322221498417,5,water
1316215722594,0,water
1315213217918,0,water
1314212856645,0,water
1322220836478,0,water
1316215184805,0,water
1315214213581,33853,water
1316215020443,0,water
1315213971005,0,water
1316215626728,0,water
1316214982074,0,water
1317215934504,0,water
1318216992899,0,water
1323222025722,0,water
1318218481190,0,water
1314218160303,0,water
1315213935289,0,water
1324223010618,0,water
1314212886903,0,water
1315214338701,0,water
1316215010505,0,water
1315214349146,0,water
1317217672563,0,water
1315214250300,0,water
1315213201460,0,water
1316215051285,0,water
1314212753368,0,water
1314213010958,0,water
1322221434917,62,water
1322221156312,0,water
1316215166733,0,water
1321219782671,0,water
1321220540963,0,water
1316215050194,5,water
1324222500617,0,water
1322221433840,0,water
1317216539104,253,water
1322220749980,0,water
1321219824190,10,water
1321220120861,0,water
1323222044000,0,water
1314211931249,0,water
1321220164990,0,water
1314212797346,0,water
1323222398760,0,water
1322221445000,0,water
1320218590952,0,water
1315214049367,0,water
1319217893407,0,water
1322222301842,0,water
1323221686761,0,water
1321219676754,0,water
1317215996517,0,water
1323221950278,0,water
1314212427239,0,water
1318216865966,0,water
1320219034321,32,water
1319217820986,0,water
1322220864817,0,water
1319218291971,0,water
1319218272793,0,water
1322220918825,0,water
1314212997199,0,water
1319217836752,0,water
1323222137883,0,water
1317215841230,0,water
1315213629165,0,water
1314212456305,0,water
1316215287463,0,water
1315214116547,0,water
1318216789937,0,water
1323221681493,0,water
1323221780657,654,water
1315214412280,0,water
1324222986984,1,water
1314213246578,0,water
1317216260051,0,water
1323222143000,0,water
1324223018589,0,water
1321219651039,0,water
1321220128514,0,water
1320221547868,0,water
1321219800760,0,water
1321220540975,0,water
1321219684800,0,water
1322221401173,0,water
1315213941673,0,water
1317216402521,0,water
1317216585000,0,water
1319217761384,0,water
1314212718959,0,water
1314212378400,5,water
1317216135626,0,water
1319218526212,0,water
1320218674214,0,water
1318216845228,0,water
1321220091274,0,water
1320218575328,0,water
1322221403342,0,water
1324222890129,0,water
1315213962424,0,water
1321220042939,0,water
1317216466781,0,water
1315214388908,5,water
1315214425884,0,water
1315213208921,0,water
1320218741306,0,water
1315213208919,0,water
1315214384543,0,water
1323221995323,0,water
1317216306771,0,water
1317216138370,0,water
1315214045977,0,water
1315214277030,0,water
1317216407003,0,water
1315213721285,0,water
1316215626730,0,water
1315213815424,0,water
1316214978025,0,water
1324222594273,0,water
1318216782399,0,water
1314212507622,5,water
1323221609807,0,water
1322220810574,0,water
1315213849730,0,water
1322221024300,1,water
1314214069849,0,water
1323221563303,0,water
1323222043008,0,water
1315213585033,0,water
1319217976289,0,water
1314212796041,0,water
1317216138723,0,water
1324222448678,0,water
1323222282663,0,water
1320219260496,0,water
1314213022027,0,water
1315214135319,0,water
1321219630757,0,water
1322221333293,0,water
1322220835627,0,water
1322220978187,0,water
1321220454728,13,water
1324222409334,0,water
1324222421745,0,water
1315213910476,0,water
1317215866260,0,water
1318217149160,49,water
1319218206718,0,water
1314212476941,0,water
1315214269108,0,water
1314212437444,0,water
1315213240866,0,water
1318217266675,0,water
1321219699461,0,water
1320218796480,0,water
1314212338305,0,water
1319217870068,0,water
1314211913924,0,water
1324222411086,0,water
1321219493917,0,water
1318217539612,0,water
1316215019175,0,water
1320218725974,0,water
1323222300244,0,water
1321220607764,0,water
1314212785404,0,water
1317216479485,0,water
1320218770143,0,water
1315214215586,0,water
1319221476221,5,water
1316215211715,0,water
1314212943435,0,water
1316215264007,0,water
1316215383100,0,water
1317216294494,1,water
1321220175689,0,water
1324222750984,0,water
1315213688183,0,water
1317216392807,0,water
1319218524561,0,water
1322221733342,5,water
1318216753970,0,water
1317216135222,1,water
1314212427999,0,water
1322221433218,0,water
1314212580967,0,water
1322220978567,0,water
1324222825960,0,water
1322220703944,14,water
1324222435719,0,water
1319218166407,0,water
1322221145574,0,water
1322220786178,0,water
1322220827404,0,water
1321220508485,202,water
1317216494815,0,water
1321219743806,0,water
1322220633743,0,water
1314213174257,5,water
1316215341684,0,water
1316215554419,0,water
1316215353234,0,water
1316215523477,0,water
1320218695981,0,water
1314212943385,0,water
1323221691429,8,water
1314212444158,0,water
1314212629556,0,water
1314212647198,0,water
1316215623846,0,water
1315213959570,144,water
1317216241517,0,water
1315216737027,0,water
1315213984103,5992,water
1321219853025,0,water
1315214249904,0,water
1320218973271,0,water
1321220042004,0,water
1323221643947,0,water
1314212605885,0,water
1315214279376,0,water
1318217428578,0,water
1316215744994,2,water
1315213186719,0,water
1315213716018,0,water
1322221294073,0,water
1315213983366,0,water
1323221615154,0,water
1324222844351,0,water
1323221618655,0,water
1321219962521,0,water
1322221468212,0,water
1319217791300,0,water
1324222646705,0,water
1318217268248,0,water
1319218036604,0,water
1315214379760,0,water
1317215879178,0,water
1317216135614,0,water
1320218887115,0,water
1314211935174,0,water
1317216252229,0,water
1321219664758,0,water
1321219738871,0,water
1318217420367,0,water
1318217518036,15,water
1314213072515,0,water
1315213541838,0,water
1324222524365,0,water
1321219916234,0,water
1324222835403,0,water
1321220142297,0,water
1317216382162,0,water
1322220917912,0,water
1318217307382,0,water
1322221014386,0,water
1317216591267,0,water
1316215448085,0,water
1321219830647,0,water
1315213899521,0,water
1316215364617,0,water
1322220803795,0,water
1316215357637,0,water
1317215974282,0,water
1315213908256,0,water
1317216402709,0,water
1324223105394,0,water
1317216457984,0,water
1324222559611,0,water
1324222466548,0,water
1324222678777,0,water
1317216607592,0,water
1315214159814,0,water
1321220267900,0,water
1316217645124,0,water
1315214270819,0,water
1314212555902,0,water
1323221704303,0,water
1323222349843,0,water
1315214343978,0,water
1319217930130,0,water
1316215114885,0,water
1316215464367,0,water
1323222360099,0,water
1318217558725,0,water
1314212748192,0,water
1315214158370,0,water
1320218762348,0,water
1321219466962,0,water
1315214006355,2,water
1315213836822,0,water
1316215434059,0,water
1321220046864,0,water
1315214269084,0,water
1319218480844,0,water
1322220969380,0,water
1323221636830,0,water
1324222729004,0,water
1319218480857,0,water
1324222744462,0,water
1320218863177,0,water
1324222913840,0,water
1323222076251,0,water
1316214956652,0,water
1318217344858,0,water
1317216669465,0,water
1316215205473,0,water
1322220679334,292,water
1315213965837,4,water
1316215063316,0,water
1323221626702,7,water
1320218936704,310325,water
1318216857906,0,water
1322221010806,0,water
1315213545662,0,water
1315214011280,0,water
1314212656375,0,water
1315213923865,0,water
1323221988393,0,water
1314212509261,0,water
1315213936139,0,water
1321220150876,0,water
1324222423535,0,water
1314212382143,0,water
1317216584983,0,water
1315214339184,0,water
1323222376220,0,water
1316217707468,0,water
1317216317368,0,water
1314212321754,0,water
1316215684376,0,water
1316215005012,0,water
1324222667115,0,water
1323221596253,0,water
1315213576174,0,water
1318217537543,0,water
1314212622423,5,water
1314213071184,0,water
1315214331288,0,water
1315214272763,0,water
1314212430591,0,water
1321220284234,0,water
1318217541111,0,water
1318216917120,0,water
1315214123869,0,water
1315213222110,0,water
1324222629382,0,water
1314212653012,0,water
1314212530594,0,water
1321219642600,0,water
1317216402533,0,water
1321220206054,0,water
1320219275916,0,water
1323222270872,5,water
1315213962741,0,water
1319217841410,0,water
1314212598155,0,water
1318216792693,0,water
1321220187518,0,water
1315213832684,0,water
1319218273365,0,water
1322220876508,0,water
1318217149145,8,water
1323221604414,0,water
1318216798064,0,water
1322220876890,4,water
1321220266555,0,water
1321219910229,0,water
1322221317718,0,water
1315214098218,0,water
1321219606934,0,water
1316215008119,0,water
1315213756517,0,water
1316215768781,0,water
1320219276110,10,water
1320218737397,0,water
1321219683556,0,water
1321219967282,0,water
1314213079433,0,water
1321219780727,0,water
1320218618965,0,water
1324222678043,0,water
1321219622584,0,water
1324223127515,0,water
1319218067662,6,water
1323222320917,0,water
1320219046505,0,water
1314212537702,0,water
1314212710913,0,water
1323221532892,0,water
1315213535471,0,water
1317219425030,0,water
1316215334121,5,water
1324222838310,0,water
1322220672760,3544,water
1319217611868,0,water
1321219995673,0,water
1322221112345,5,water
1323222256000,0,water
1324222517346,0,water
1316215531031,1,water
1320219393143,0,water
1321220391510,0,water
1322220921466,5,water
1317216363895,0,water
1321219468648,465,water
1323222258891,0,water
1315214238887,0,water
1319218416194,0,water
1321221489368,0,water
1322221814914,0,water
1316215592407,0,water
1323222082087,0,water
1316215198387,0,water
1315213904663,0,water
1317216433716,0,water
1314212882791,0,water
1316215538935,0,water
1316215551680,0,water
1322221557503,0,water
1323221832052,0,water
1314213002746,0,water
1318217104177,77,water
1316215089475,0,water
1320219239035,0,water
1323221629266,0,water
1316214973822,0,water
1320219362050,0,water
1321219910155,0,water
1317215971348,0,water
1317216631251,0,water
1322220824534,0,water
1322220787408,0,water
1319218258325,0,water
1321221359452,19,water
1316214985261,0,water
1322221216548,0,water
1320218651634,0,water
1322221351986,0,water
1322220771897,0,water
1324222762787,0,water
1316215816428,125128,water
1320219049158,0,water
1322221043781,0,water
1316215539331,0,water
1316215606955,31,water
1321219980808,0,water
1319217914670,0,water
1317216113670,0,water
1317216557456,240,water
1317216376689,4929,water
1318217241696,0,water
1319217953342,0,water
1314212837114,558,water
1314212750032,0,water
1315214065839,0,water
1314212944502,0,water
1314212797082,0,water
1314212804658,0,water
1314212629505,0,water
1315214359818,0,water
1321219935855,0,water
1318217194339,0,water
1319217771500,0,water
1323221713454,0,water
1315214326872,0,water
1318217342474,0,water
1320219329657,1,water
1318217373707,0,water
1315213607967,0,water
1324222542173,0,water
1318216831368,0,water
1321219700515,0,water
1321220253278,26000,water
1317216039735,0,water
1321219630769,0,water
1318217683438,16,water
1318217417068,1,water
1316215163724,0,water
1318216813117,0,water
1323221925819,0,water
1318216846598,0,water
1317216413056,0,water
1315214203984,0,water
1318217123405,0,water
1320220657516,0,water
1314216476224,5,water
1314212952675,0,water
1314214461295,0,water
1314212993430,0,water
1316215717620,0,water
1315213676719,0,water
1314212567299,0,water
1318217274087,0,water
1315214113488,0,water
1315214417925,0,water
1317216244576,0,water
1316218623270,0,water
1320219266400,0,water
1321219812486,0,water
1314212476131,0,water
1318216850356,0,water
1323222314787,5,water
1316215238231,0,water
1317216367060,0,water
1316215107828,0,water
1321219458662,0,water
1320218891481,0,water
1319218082776,0,water
1320219342906,1,water
1323222304293,0,water
1324222844375,0,water
1319218213268,0,water
1324223116878,0,water
1314212776342,0,water
1318217073624,0,water
1315214291609,0,water
1316215688351,0,water
1323222163709,0,water
1323222334791,0,water
1318217033950,0,water
1324222678981,480,water
1316215286954,0,water
1315213654419,0,water
1316214982098,0,water
1323221653619,6,water
1323221967134,0,water
1322221399734,0,water
1318217546441,0,water
1316215303850,15,water
1321220360768,0,water
1320218854103,0,water
1324222524377,0,water
1316215303809,0,water
1318216970398,0,water
1319218627661,0,water
1319218199053,2,water
1317216420822,0,water
1315214104960,0,water
1316218600803,0,water
1317216424933,0,water
1318216813687,0,water
1317216129395,0,water
1323222091670,0,water
1314212378715,0,water
1317218552610,0,water
1318217187083,0,water
1315214410019,0,water
1314212696342,0,water
1317216126452,0,water
1316216553560,0,water
1321219805571,0,water
1319217848542,0,water
1315213776204,5,water
1318216834109,0,water
1319218014811,0,water
1320219208737,0,water
1316215576695,0,water
1317215906951,0,water
1322221203096,0,water
1323222354449,0,water
1319217994894,0,water
1320218660189,0,water
1314213081882,0,land
1314212738215,0,land
1316215573700,0,land
1323222021444,0,land
1324222409688,0,land
1317216111411,0,land
1316215544988,0,land
1321219614260,0,land
1314212322224,0,land
1315214343675,0,land
1314212390710,0,land
1318216747333,0,land
1316215150741,0,land
1324223050206,0,land
1322220742819,0,land
1316215795232,0,land
1319218116693,0,land
1315214339208,0,land
1321220041887,0,land
1319217694191,0,land
1316215589538,0,land
1317215842271,0,land
1323221955418,0,land
1324223196546,0,land
1323221982111,0,land
1322221311323,0,land
1319218448759,0,land
1318217221605,0,land
1324223092356,0,land
1319217835418,0,land
1318216880803,0,land
1316215234574,0,land
1318217224625,0,land
1317216206235,0,land
1323221943970,0,land
1314211898693,0,land
1320219396835,0,land
1314213149913,1346,land
1317215867882,0,land
1315214453615,0,land
1319218140832,0,land
1317216400337,0,land
1316215636109,0,land
1317216138774,0,land
1320219034307,0,land
1320219049121,0,land
1320219241888,0,land
1321220405068,0,land
1321220209086,0,land
1314212689804,0,land
1323221914157,0,land
1315213974417,0,land
1320218950741,0,land
1320219270749,0,land
1317216138709,0,land
1317216604898,0,land
1319218350559,0,land
1317216217733,0,land
1320218888319,0,land
1318217466820,0,land
1318217285131,0,land
1317215946118,0,land
1314212555926,0,land
1322220660245,0,land
1322221346226,0,land
1315213716071,0,land
1315214245894,0,land
1314212881421,0,land
1315214325159,0,land
1319218260560,0,land
1319217630161,0,land
1319217852348,0,land
1322221698576,0,land
1315214357865,0,land
1321220027270,0,land
1324222431684,0,land
1314212703767,0,land
1315213803517,0,land
1314212560294,0,land
1316215044090,0,land
1317215906948,0,land
1316215087584,0,land
1317216592752,0,land
1318216727723,0,land
1324222509806,0,land
1315214215283,0,land
1320219064348,0,land
1318217181433,0,land
1316215087519,0,land
1315214330538,0,land
1315214028336,0,land
1323221978606,0,land
1318216846105,0,land
1317216200079,20000,land
1320219090370,0,land
1315214050155,0,land
1324222876524,0,land
1322221260526,0,land
1315214191900,0,land
1319218389777,0,land
1315214240374,0,land
1316215007295,0,land
1314213013461,0,land
1317216614596,0,land
1318216983433,0,land
1322221434741,0,land
1314212637920,0,land
1317215976768,0,land
1316215116625,0,land
1322220875138,0,land
1324222645691,0,land
1320220657480,0,land
1316215374036,0,land
1314211929827,0,land
1318216679276,0,land
1317216052682,0,land
1315213688157,0,land
1315213702754,0,land
1321219997715,0,land
1320218865867,0,land
1314212604868,0,land
1314212748329,0,land
1324222714457,0,land
1316215544925,0,land
1324222893190,0,land
1315213766405,0,land
1314212558934,0,land
1316215592926,0,land
1315214394494,0,land
1324222480675,0,land
1319218027290,0,land
1315213207487,0,land
1314213002936,180000,land
1324222559799,0,land
1324222998460,0,land
1324222898013,0,land
1323221875661,0,land
1321219640000,0,land
1321219810571,0,land
1316214985222,0,land
1322221083696,0,land
1320218929255,0,land
1323221660525,0,land
1324222873782,0,land
1322221441316,0,land
1320219357478,0,land
1315214102360,0,land
1316215015381,0,land
1319218411938,0,land
1319217665862,0,land
1316215493343,0,land
1319218273415,0,land
1315214295115,0,land
1315214339160,0,land
1315214361545,0,land
1315213694045,0,land
1316215640448,0,land
1314212626927,0,land
1323222044012,0,land
1323221806425,0,land
1321219596259,0,land
1316214989826,0,land
1314211916919,0,land
1315213655069,0,land
1320219217484,0,land
1322221141753,0,land
1314212659270,0,land
1320218836183,0,land
1315213211562,0,land
1322220732349,0,land
1320218732408,0,land
1324223153533,0,land
1323222379796,0,land
1315214475764,0,land
1314213117866,0,land
1324222438893,0,land
1317215996149,0,land
1318216708014,0,land
1318217672308,0,land
1320219274901,0,land
1315214428777,0,land
1316215027018,0,land
1316215745670,0,land
1322221102320,0,land
1316215394899,0,land
1324222893024,0,land
1320219359926,0,land
1321220097366,0,land
1320219319769,0,land
1314212382713,0,land
1316215127313,0,land
1324222565259,1102,land
1323222353815,0,land
1322221199084,0,land
1315213707514,0,land
1317216501193,0,land
1315214436735,0,land
1316215120357,0,land
1317216464432,0,land
1324222691091,0,land
1324222432813,0,land
1315213846583,0,land
1316215168675,0,land
1321219800772,0,land
1322220959151,5,land
1320219287036,1494,land
1314213089954,0,land
1314212512495,0,land
1322220635421,0,land
1317215820642,0,land
1315216737054,227972,land
1318217659477,0,land
1316215553316,0,land
1320218885642,5,land
1324223184868,0,land
1315213721665,0,land
1323221791039,0,land
1315213727148,0,land
1320219349103,0,land
1322221002153,0,land
1317215977428,0,land
1316215605712,0,land
1318217149158,0,land
1316216252231,0,land
1316215668056,0,land
1315213610722,0,land
1317216284772,0,land
1321220139568,0,land
1322221144746,0,land
1316215798529,0,land
1315214007231,0,land
1315213207261,0,land
1314211909724,0,land
1316215277474,0,land
1321220650776,0,land
1324222712224,0,land
1321219708183,0,land
1321219720556,0,land
1314213022179,0,land
1315213968112,0,land
1316215161098,0,land
1321219944485,0,land
1314212734747,0,land
1314212963425,0,land
1314212804518,0,land
1324222598157,0,land
1324222638278,0,land
1324222448654,0,land
1316215102498,0,land
1315213896145,0,land
1319218496178,0,land
1315214215232,0,land
1320219185699,0,land
1314212350300,0,land
1321219828466,0,land
1314212365795,0,land
1324223063761,0,land
1315213806007,0,land
1315214144139,0,land
1315214157036,0,land
1315214381384,0,land
1319218213039,0,land
1315214295836,0,land
1317216583613,0,land
1314212573683,0,land
1315214157024,0,land
1316216293682,0,land
1317216335176,0,land
1324222800361,0,land
1322221293487,0,land
1321219705480,0,land
1322221036585,0,land
1316215132198,0,land
1322221475559,0,land
1319218515359,0,land
1323221569458,0,land
1319217987407,0,land
1317216255152,0,land
1321220310977,0,land
1323222021469,0,land
1314212388185,0,land
1322220982173,0,land
1323221684739,0,land
1320219118344,0,land
1319218045387,0,land
1323221590033,0,land
1323221774019,5,land
1323221966930,0,land
1324223005467,0,land
1318218613750,0,land
1321219775968,0,land
1321221489370,0,land
1315213975067,0,land
1318217044799,0,land
1316215128745,0,land
1316215573712,0,land
1318217398458,0,land
1316215619800,0,land
1319218156293,0,land
1323221894443,0,land
1321219625377,0,land
1314213077148,0,land
1318216994398,0,land
1317216547238,0,land
1318217057823,0,land
1314212786343,0,land
1315213901453,0,land
1316215238243,0,land
1315214376105,0,land
1316215089436,0,land
1314212501023,0,land
1314212321804,0,land
1320218952897,0,land
1323222379289,0,land
1323222215737,0,land
1324222899559,0,land
1314212772800,0,land
1324223120674,0,land
1322221135041,0,land
1314213103385,0,land
1314212748267,0,land
1315214355873,0,land
1323221621485,0,land
1321219898374,0,land
1316215181049,0,land
1319217965666,0,land
1321219707003,0,land
1315213658913,0,land
1314212852899,0,land
1315214331415,0,land
1315214372359,0,land
1316215728433,0,land
1323221790886,0,land
1323222387058,0,land
1322221194398,0,land
1319217961604,0,land
1315213901440,0,land
1314212876890,0,land
1316215161744,0,land
1316215101801,0,land
1317216376614,0,land
1315213925910,0,land
1324223089044,0,land
1314213056777,0,land
1324222914867,823,land
1321219680636,0,land
1323221611294,0,land
1315214202398,0,land
1318217123393,0,land
1320219428923,0,land
1321219618865,0,land
1318216822015,0,land
1321220319533,0,land
1314212793602,250,land
1317216419212,0,land
1318216854202,0,land
1314212887210,0,land
1319217956768,0,land
1322220763039,0,land
1320218731608,60,land
1316215536309,0,land
1321219969577,0,land
1320220640039,0,land
1319217972619,0,land
1316215763347,0,land
1314212430464,0,land
1318217324603,0,land
1315213666961,0,land
1314212920829,0,land
1315213965445,0,land
1321219698382,0,land
1314212942799,0,land
1319217764721,0,land
1316215216476,40108,land
1315214273512,0,land
1321219744582,0,land
1316217858885,0,land
1314212402248,0,land
1314212344966,0,land
1318217150869,0,land
1322221265782,0,land
1324222616563,0,land
1314212841478,0,land
1321219614296,0,land
1321219755408,0,land
1323222090298,5504,land
1314212997009,0,land
1323221835440,0,land
1320218768188,0,land
1322221253420,0,land
1317216559068,16,land
1320219256435,0,land
1319218146330,0,land
1319218352995,0,land
1314213031432,0,land
1314212509739,0,land
1321220593964,0,land
1315214409993,0,land
1315213701079,0,land
1314212977351,0,land
1317215816632,0,land
1320219179544,0,land
1324223131943,0,land
1318219424874,0,land
1323221713439,0,land
1314212405260,0,land
1316215477338,0,land
1319218368393,0,land
1323221663457,0,land
1314212777647,0,land
1320218860789,0,land
1324222758880,0,land
1324222918195,0,land
1314212959961,0,land
1318217452655,0,land
1323221870076,0,land
1324222554507,0,land
1323221538224,0,land
1324222776763,0,land
1315214025470,0,land
1315214493278,0,land
1322220980231,0,land
1320218814010,0,land
1316215585997,0,land
1320219054234,0,land
1314212770681,0,land
1314212887071,0,land
1323222063909,0,land
1316215364668,0,land
1314213136765,0,land
1316215023514,0,land
1317215944149,0,land
1314213106622,0,land
1315214456067,0,land
1317216060590,0,land
1314212402251,0,land
1315213573811,0,land
1316215596711,0,land
1319218184873,0,land
1322220736351,0,land
1320218865778,0,land
1317216069827,0,land
1314213144847,0,land
1315213211612,0,land
1323222247304,0,land
1324222944187,0,land
1320218746384,0,land
1320218997839,2,land
1319218044687,0,land
1322220646588,0,land
1324222911935,0,land
1321220140863,0,land
1314213152717,0,land
1323221730411,0,land
1320219297177,0,land
1321220161501,0,land
1319217852336,0,land
1318216949952,0,land
1317216222188,0,land
1315214272698,5,land
1318216911154,0,land
1318217385018,774,land
1315214185720,0,land
1319217684962,0,land
1324222800474,0,land
1320218983880,0,land
1322220823759,0,land
1322221112321,0,land
1315214452866,0,land
1315213624327,0,land
1317216607578,0,land
1323221663444,0,land
1314213044100,0,land
1316216650820,0,land
1323221769969,0,land
1315213694983,0,land
1324222629394,0,land
1323221532474,0,land
1316214936270,0,land
1318217547393,0,land
1314212908988,0,land
1323221539911,0,land
1318216764720,0,land
1314212460582,0,land
1324222602447,0,land
1321219716356,0,land
1323221642756,142,land
1323223208745,0,land
1323221735107,0,land
1314212792749,0,land
1321220222335,0,land
1324222452409,0,land
1324222711893,12019,land
1318216859025,0,land
1319217761396,0,land
1315213625712,0,land
1317216234284,0,land
1319217629637,0,land
1322221025339,0,land
1316215205408,0,land
1322220663850,0,land
1324222559736,0,land
1320219075710,0,land
1315213847876,0,land
1320219191400,0,land
1324222848576,0,land
1316215205497,0,land
1321220296228,0,land
1316215004755,0,land
1319218131581,0,land
1319218034318,0,land
1317216368264,0,land
1315213536218,0,land
1318216960260,0,land
1315215788694,0,land
1318218605564,0,land
1321219778558,0,land
1317216051779,0,land
1314212631143,0,land
1324222650943,0,land
1324222665349,0,land
1314212503231,5,land
1320218742942,0,land
1323222404586,0,land
1322221043452,0,land
1319218588667,0,land
1323222275671,0,land
1316215701297,0,land
1314212555989,0,land
1314213065170,0,land
1315218523532,0,land
1324222461295,0,land
1315214223467,0,land
1322220764827,0,land
1323222077289,0,land
1323222309914,0,land
1316215458314,0,land
1314212753242,0,land
1324223159753,0,land
1314212996262,0,land
1315213758004,0,land
1322220667289,0,land
1315214349173,0,land
1317216306934,0,land
1317216243131,0,land
1314213046028,0,land
1315213645411,0,land
1323221572199,250,land
1314213240524,0,land
1324222750945,0,land
1314212442925,0,land
1314212777736,0,land
1316215137985,0,land
1315213753179,0,land
1316215052794,0,land
1316215151438,0,land
1316215791219,0,land
1316215127453,0,land
1314212902516,0,land
1314212841492,0,land
1318216969244,0,land
1322221565551,0,land
1321219689977,0,land
1317218615146,0,land
1315214217263,0,land
1314212996300,0,land
1314212313934,0,land
1322221148479,0,land
1315215310994,0,land
1319218390654,0,land
1321219926615,0,land
1314213061916,0,land
1322221274261,0,land
1314212891598,0,land
1320219337300,3,land
1319218044675,0,land
1323221570841,0,land
1320218748453,0,land
1315213820424,0,land
1316215159536,0,land
1321220123158,0,land
1321219933379,0,land
1322220742163,0,land
1314211948765,0,land
1322220955292,0,land
1314211938218,0,land
1315213894835,0,land
1315214361899,0,land
1314212802540,0,land
1320218748008,0,land
1318216798013,0,land
1323221727706,0,land
1317215820604,0,land
1321220442281,0,land
1315214452512,0,land
1319218162283,0,land
1321220197216,0,land
1317216382224,0,land
1321219677010,0,land
1324223124088,0,land
1323221735780,0,land
1316217664414,0,land
1315213629405,0,land
1323222167850,0,land
1314217031309,0,land
1315214288716,0,land
1322220630812,0,land
1319217770433,0,land
1323221821414,14889,land
1321219569946,0,land
1323222284604,0,land
1322221030529,0,land
1317216010278,0,land
1321220163808,0,land
1321219665421,0,land
1317216432411,0,land
1317216015685,0,land
1315213661034,0,land
1320219393384,250,land
1314212322299,0,land
1317216422939,0,land
1314213016456,0,land
1314212416566,0,land
1315213606421,0,land
1316215264159,0,land
1314211915234,0,land
1315213996667,0,land
1324222582431,0,land
1323221967211,0,land
1314212945493,0,land
1321219854611,0,land
1322221498470,0,land
1324222594804,0,land
1314213057033,0,land
1315213731591,0,land
1318217021435,0,land
1323222323368,0,land
1319222394621,62,land
1320218888333,0,land
1315214067872,0,land
1314213010679,0,land
1317216017145,0,land
1314212857698,0,land
1317216100812,246,land
1315213191861,0,land
1315214272813,5,land
1322221218706,0,land
1320219305152,0,land
1318216865978,0,land
1316215579855,0,land
1317216433755,0,land
1320218865677,0,land
1316216627962,0,land
1323222044152,0,land
1324222893152,0,land
1315218552608,0,land
1320218964548,0,land
1318217049927,0,land
1316214959278,0,land
1316215352891,0,land
1314211926771,0,land
1314212874945,0,land
1314212996286,0,land
1321220420095,0,land
1317216126173,0,land
1316217695143,0,land
1317216200117,5,land
1317216068395,0,land
1321219630403,0,land
1320221515719,0,land
1324222542538,0,land
1319218212569,0,land
1319217959790,0,land
1323222068987,0,land
1315214215345,0,land
1314212641676,0,land
1315214084067,5,land
1323222063911,0,land
1317216057036,0,land
1321219611415,0,land
1315214215358,0,land
1324223163229,0,land
1320219089327,0,land
1315214406365,0,land
1321219882471,0,land
1316215435165,0,land
1315213944770,0,land
1315214111751,0,land
1320219220542,0,land
1315214463061,0,land
1324222569992,0,land
1317215804257,0,land
1317215804826,0,land
1316215579828,0,land
1321219994860,0,land
1316214978672,0,land
1323221781521,0,land
1316215635398,0,land
1314212679385,0,land
1315213713035,0,land
1316215054964,0,land
1320219319771,0,land
1321220642666,0,land
1321220142398,0,land
1316214978660,0,land
1323221547274,0,land
1322221697257,0,land
1315214277055,0,land
1322221098597,0,land
1318217254705,0,land
1314212623615,0,land
1314212444893,0,land
1314212789491,0,land
1319218198772,0,land
1317216589693,0,land
1322220694564,0,land
1316215232277,0,land
1315213619378,0,land
1324222878910,0,land
1321219773886,0,land
1315214412328,0,land
1324222684375,0,land
1324222560094,0,land
1322221441227,0,land
1314212469910,0,land
1314212321590,0,land
1314212524932,0,land
1314212585083,0,land
1316215711627,0,land
1319218199077,0,land
1315214032714,0,land
1314214388821,0,land
1314213253747,0,land
1314212861809,0,land
1324222868186,0,land
1323221955255,0,land
1318216694265,0,land
1322220669131,530,land
1315213962374,0,land
1319217666662,0,land
1323221705748,0,land
1323221571110,0,land
1323221535127,0,land
1324222408674,0,land
1321220545368,0,land
1321220553174,0,land
1315214048225,0,land
1318217415999,0,land
1324222861611,0,land
1320218605780,0,land
1314212321816,0,land
1316215132147,0,land
1316215710815,0,land
1316215084536,0,land
1314212575219,0,land
1316218552572,0,land
1317216637835,0,land
1319217795184,0,land
1315214180376,0,land
1322221295797,0,land
1314212453587,0,land
1314212588812,0,land
1315213571817,0,land
1322220955304,0,land
1315214145435,0,land
1319218514507,0,land
1314212342137,0,land
1319217849987,0,land
1322220746325,0,land
1316215764352,0,land
1318217007386,0,land
1321220477362,0,land
1323221988660,0,land
1321219893563,0,land
1314212463867,0,land
1317216057012,0,land
1320218653640,0,land
1314212944464,0,land
1315216627947,0,land
1323222363071,0,land
1319217915317,0,land
1320219303219,0,land
1322220672493,0,land
1316215231111,0,land
1322221626753,0,land
1316215372121,0,land
1319218146191,0,land
1320219028267,0,land
1314212767949,0,land
1316215797008,0,land
1317216564791,0,land
1323221931672,0,land
1316215487253,0,land
1315214319410,0,land
1317216217707,0,land
1320218728398,0,land
1314212426338,0,land
1316215625880,0,land
1324222878946,0,land
1324222899561,0,land
1323223117108,0,land
1323222332049,0,land
1323221594017,0,land
1314212437798,0,land
1320218865689,0,land
1314212345779,0,land
1323222314801,0,land
1317215991795,0,land
1316215167848,0,land
1323221603804,0,land
1321219612177,0,land
1314211948740,0,land
1322220799908,0,land
1320218758023,0,land
1314212647717,0,land
1322220668545,0,land
1322220830792,0,land
1320218638599,0,land
1319217827930,0,land
1320219275892,0,land
1324222560258,0,land
1315214215598,0,land
1315213788476,0,land
1318216823690,0,land
1320219220276,0,land
1316215436268,0,land
1319217698416,0,land
1314213072655,0,land
1322221360858,0,land
1316215039138,0,land
1324222732339,0,land
1314212943397,0,land
1322220846810,0,land
1314212893705,0,land
1324223139306,0,land
1323221649460,0,land
1316215048430,3622,land
1318217457858,0,land
1324222733572,0,land
1314212434714,0,land
1316214961652,0,land
1320219177108,0,land
1321219847934,0,land
1315213777042,0,land
1320218723512,0,land
1322220647907,0,land
1314212459440,0,land
1317216306744,0,land
1317218613711,0,land
1321219661055,0,land
1316215370317,0,land
1315214388910,0,land
1314212718910,0,land
1317217732395,0,land
1324223044633,0,land
1323221776875,0,land
1321219709375,0,land
1322220831616,0,land
1314212826046,0,land
1315213828751,0,land
1317215855521,0,land
1314212789503,0,land
1324222579815,0,land
1314213105101,0,land
1321219882735,0,land
1315214206993,0,land
1314212403315,0,land
1318217088006,0,land
1314213022167,0,land
1318222367880,0,land
1324222825616,0,land
1316215558848,0,land
1320219259215,0,land
1322221384718,0,land
1315214299695,0,land
1315213731437,0,land
1316215766522,0,land
1315215827559,690,land
1315213584675,0,land
1316215164993,0,land
1321220399087,0,land
1315214118933,0,land
1323222137743,0,land
1314213237593,0,land
1319217822143,0,land
1318217735517,0,land
1322220910107,59,land
1323222021457,0,land
1324222800359,0,land
1316215045319,0,land
1318216827459,0,land
1314212358927,0,land
1315213798251,0,land
1323222218289,0,land
1322220670487,0,land
1315213714431,0,land
1319218385019,0,land
1319218636583,0,land
1322221426101,0,land
1321219827730,0,land
1324222762751,0,land
1320218717369,0,land
1321220522852,0,land
1314212822389,0,land
1314212992287,0,land
1324222780429,0,land
1315213825146,0,land
1317215820895,0,land
1322220749497,0,land
1320219391012,0,land
1315219461151,0,land
1315214280772,0,land
1321219702382,0,land
1322220766570,0,land
1316215655186,0,land
1320219034170,0,land
1320218774786,0,land
1324222496301,1776485,land
1322220761365,0,land
1314215201803,0,land
1317216854048,0,land
1314212366660,0,land
1323221915655,10,land
1321223210131,0,land
1316215553850,0,land
1314213099637,0,land
1315214251946,0,land
1316215268929,0,land
1315214365114,0,land
1316215117211,0,land
1319217887456,0,land
1314212900082,0,land
1314212321855,0,land
1321219625365,0,land
1324223159765,0,land
1319218072674,0,land
1316215745631,25765,land
1314212396358,0,land
1316215052770,0,land
1318216812824,0,land
1323221648367,0,land
1322220807337,0,land
1320220592493,0,land
1320219337779,0,land
1324223030925,0,land
1322220696797,0,land
1314211934310,0,land
1324222560233,0,land
1319218044752,0,land
1315215311008,0,land
1322221247745,0,land
1314212357216,0,land
1324222579005,0,land
1315213207501,0,land
1316215460597,141,land
1315214371712,0,land
1314212322325,0,land
1321220007037,0,land
1321220188344,0,land
1320218750141,0,land
1315213896119,5,land
1318217218674,0,land
1314212545432,0,land
1323221555004,0,land
1321220587012,0,land
1320219232535,0,land
1322221175615,0,land
1320219278684,0,land
1324222582443,0,land
1314212379818,0,land
1316215596356,0,land
1323221734953,0,land
1321219509472,0,land
1314212909321,0,land
1314212891143,0,land
1316215127477,0,land
1320218999175,0,land
1316215231147,0,land
1320218684672,0,land
1321220522940,0,land
1324223044227,0,land
1322221375759,0,land
1314213104856,0,land
1316215300916,0,land
1324222426862,0,land
1316215731213,0,land
1320218765903,0,land
1314213563719,0,land
1318217305705,8920,land
1319217705045,0,land
1316215046208,0,land
1317218160289,0,land
1319217629652,0,land
1319217738780,0,land
1319217710185,0,land
1314213022193,0,land
1324222711881,17599,land
1314212312526,0,land
1314212423937,0,land
1314215788314,0,land
1322220641334,0,land
1320218616009,0,land
1322220800825,0,land
1314212313872,0,land
1314212804645,0,land
1323221677432,0,land
1315213940190,0,land
1319217707571,0,land
1322220666059,0,land
1324222413813,0,land
1322220697318,0,land
1316215559889,0,land
1316215713102,0,land
1317216566455,0,land
1318216958672,0,land
1319218238386,0,land
1314212985992,0,land
1320219089315,0,land
1314212980712,0,land
1321219602594,0,land
1316218617037,0,land
1318216708026,0,land
1314212406250,0,land
1323221987023,0,land
1317219298383,63492,land
1321220642209,0,land
1314212442937,0,land
1320219275955,0,land
1322221016191,0,land
1319218192615,0,land
1321220153579,0,land
1321219715707,0,land
1314212891117,0,land
1320219199662,0,land
1314212757278,0,land
1318217041589,0,land
1320219209715,0,land
1319218632230,0,land
1316215342813,0,land
1322221032194,0,land
1317215909553,0,land
1321220471674,0,land
1321220499469,0,land
1322221433105,0,land
1314212975926,0,land
1314213084205,0,land
1314212377624,0,land
1315215827635,8,land
1315213926850,0,land
1320219382936,0,land
1317217672272,0,land
1316215584881,0,land
1322221058478,0,land
1324222938627,0,land
1321220593040,0,land
1318218071278,0,land
1321220041988,0,land
1315213701889,0,land
1319218184000,0,land
1323222137756,0,land
1315214399851,0,land
1316214998142,0,land
1317215909591,0,land
1316215711641,0,land
1318217139385,0,land
1324222776686,0,land
1316215573015,0,land
1314212846493,0,land
1319217841206,0,land
1316215370281,0,land
1314212345348,0,land
1314212737581,0,land
1317218588705,0,land
1323222364693,0,land
1318217457821,0,land
1321221498330,0,land
1315218598908,0,land
1316215167812,0,land
1315213684638,0,land
1321219645518,0,land
1316215205384,0,land
1314212390429,0,land
1319218556761,0,land
1324222949923,0,land
1315214331340,0,land
1315214264362,0,land
1318221497973,0,land
1324222893137,0,land
1318216679264,0,land
1322220684967,0,land
1317215947300,0,land
1315213673054,0,land
1315214371914,0,land
1314212545331,0,land
1319218160339,0,land
1319218358442,0,land
1322221369085,0,land
1324222770859,0,land
1315214339145,0,land
1316215006230,0,land
1314212846772,0,land
1314212652933,0,land
1316215770431,0,land
1315214291611,0,land
1314211925134,0,land
1318217108505,0,land
1321221471927,0,land
1314212684652,0,land
1323221530052,0,land
1322221062868,0,land
1322220898807,0,land
1324223018603,0,land
1322222381713,0,land
1321220116166,0,land
1322220636361,5,land
1323221539986,0,land
1314212558136,0,land
1321220277432,0,land
1322220642060,0,land
1323221626548,0,land
1314213627680,0,land
1317216421457,0,land
1321220471635,0,land
1318217316456,0,land
1317215828106,0,land
1317215852031,0,land
1314212310748,0,land
1316215574359,0,land
1323222022434,0,land
1322220648125,0,land
1324222514580,0,land
1321219630819,0,land
1321220303693,0,land
1318216947945,0,land
1318217187107,0,land
1318218367528,0,land
1320219244682,0,land
1322220776823,0,land
1314212782787,0,land
1315213581337,0,land
1324222469114,0,land
1324222681951,0,land
1323221623705,0,land
1319218138028,0,land
1322220898771,0,land
1322221467994,0,land
1315213995261,0,land
1319217984929,0,land
1324222878934,0,land
1322221071855,0,land
1321219860259,0,land
1322220933079,0,land
1316215297298,0,land
1314212841795,0,land
1319218089151,0,land
1314212490647,0,land
1319218115436,0,land
1316215668094,0,land
1318217282363,0,land
1321219613837,0,land
1322221113160,0,land
1317215899485,0,land
1321220660942,0,land
1316215774884,0,land
1317216499982,0,land
1322220824419,0,land
1315213572100,0,land
1324222559623,0,land
1323221560384,0,land
1317216293872,0,land
1323222044149,0,land
1324222940342,0,land
1324223145513,0,land
1314212501011,0,land
1316215754250,0,land
1319217978079,0,land
1323221997378,0,land
1321219890365,0,land
1321220187367,0,land
1316218598922,0,land
1323222228025,0,land
1322221441254,0,land
1321219770765,0,land
1320219055100,0,land
1323222341556,0,land
1321219773557,0,land
1323221580830,0,land
1315213732252,0,land
1323221933450,0,land
1324222679007,0,land
1323221664612,0,land
1316215671367,0,land
1314212727022,0,land
1315214229193,0,land
1314213029477,0,land
1323221724952,0,land
1314212440073,0,land
1316215381397,0,land
1318217336243,0,land
1314212403303,0,land
1322221261720,0,land
1314213125990,0,land
1318216946703,0,land
1323221821438,10305,land
1320218682856,0,land
1315213666175,0,land
1318217183019,0,land
1314212372369,0,land
1324222576579,0,land
1315214052324,0,land
1321220140065,0,land
1314214973428,0,land
1319218568121,0,land
1320221489483,0,land
1320218847477,0,land
1319218268959,5,land
1319218276412,0,land
1315213860380,0,land
1319218447201,0,land
1322221384581,0,land
1319218326623,0,land
1324223206184,0,land
1314212953881,0,land
1315213716095,0,land
1323222329082,0,land
1323222136828,0,land
1318216727711,0,land
1320218940587,0,land
1320219359181,0,land
1319218378533,0,land
1318217041045,0,land
1322221468236,0,land
1318217383355,0,land
1317216114809,0,land
1314212703716,0,land
1314212324370,0,land
1315213950177,0,land
1316215544949,0,land
1315214339158,0,land
1324222759084,0,land
1324223123769,0,land
1316215117906,0,land
1321219601008,351,land
1316215129913,0,land
1315214423319,0,land
1322220787396,0,land
1315213641816,0,land
1317215948593,0,land
1320219395997,0,land
1321219680624,0,land
1315214416036,0,land
1315213984141,0,land
1320219171461,0,land
1321219697923,0,land
1315214104996,0,land
1324222650741,0,land
1322221507445,0,land
1321220116521,0,land
1324222800649,0,land
1319217968801,0,land
1317215997875,0,land
1319218082790,0,land
1316215390547,0,land
1321219644679,0,land
1316215023488,0,land
1320220217929,0,land
1323221628542,0,land
1315213819889,0,land
1314212321273,0,land
1318220606988,0,land
1316215670643,0,land
1324222553125,0,land
1324222851622,0,land
1324222424347,0,land
1323221844816,0,land
1317216234714,0,land
1319218069502,0,land
1320218958066,0,land
1322220838155,0,land
1315213696646,0,land
1314212637526,0,land
1319217760584,0,land
1321220167769,0,land
1314212504486,0,land
1318217819438,0,land
1317216180822,0,land
1314212943409,0,land
1314212997579,0,land
1324222899522,0,land
1314212993808,0,land
1315213701675,0,land
1315214067314,0,land
1322221467350,0,land
1317222367892,0,land
1314212434702,0,land
1314213022142,0,land
1322220634909,0,land
1315213554874,0,land
1318217221252,0,land
1323221558529,0,land
1314212551511,0,land
1314212423281,0,land
1318217419617,0,land
1318216958405,0,land
1315214496578,0,land
1315213984293,0,land
1320218720466,0,land
1316215553811,0,land
1315213200316,0,land
1314212684676,0,land
1314212543829,0,land
1321219529120,0,land
1321219720428,0,land
1316215036082,1423,land
1314212823304,0,land
1314212543856,0,land
1324222932612,0,land
1324222813495,0,land
1318216884496,0,land
1320219037874,0,land
1321219816182,0,land
1317220637300,0,land
1324222720765,0,land
1319217942147,0,land
1315214198564,0,land
1314212881914,0,land
1318217073877,0,land
1322221325881,0,land
1316215582483,0,land
1321220378083,0,land
1315213774680,0,land
1323222219115,0,land
1321220442267,0,land
1323221663596,0,land
1321219681160,0,land
1319218431892,0,land
1319218383901,0,land
1322220650550,0,land
1323221708682,0,land
1319218447199,0,land
1315213668268,0,land
1319218623837,0,land
1319217975895,0,land
1317215912027,0,land
1322220779401,0,land
1322220803151,0,land
1323222022269,0,land
1315213819865,0,land
1315214278549,0,land
1315214288730,0,land
1316215342181,34,land
1317215820200,0,land
1314212942270,0,land
1314212892107,0,land
1324222743128,0,land
1319218525246,3320684,land
1319218333944,0,land
1314212469478,0,land
1322220992869,0,land
1319218193290,239258,land
1320219247057,0,land
1321220412783,0,land
1314212690337,0,land
1322221144254,0,land
1322220732352,0,land
1322221058656,0,land
1323221628908,0,land
1314211918685,0,land
1314212501062,0,land
1324222709115,0,land
1314213122411,0,land
1323221714797,0,land
1319218029914,0,land
1317215988573,0,land
1318216694479,0,land
1321219448394,0,land
1316214961613,0,land
1322220828673,0,land
1317216089983,0,land
1321219898398,0,land
1319218523468,0,land
1315213686936,0,land
1314213076882,0,land
1314212845566,0,land
1316215538986,0,land
1322220814786,228,land
1323222163723,0,land
1314212748331,0,land
1316215163421,0,land
1314212444145,0,land
1314213174218,0,land
1321219676172,0,land
1321219744568,0,land
1316214979371,0,land
1316214986008,0,land
1323221898327,0,land
1321220355263,0,land
1322221300167,0,land
1320219126950,0,land
1315214308734,29285,land
1316215545563,0,land
1322221220484,295,land
1317216196004,0,land
1324223047349,11,land
1321219785173,0,land
1321219676741,0,land
1322220783563,0,land
1318217035536,0,land
1321220152250,0,land
1321220165260,0,land
1322220732960,0,land
1321220518068,0,land
1318217217405,0,land
1318217282336,0,land
1324222971929,0,land
1315214331439,0,land
1314212936773,0,land
1315213202474,0,land
1315213658925,0,land
1315214325526,0,land
1316215033945,0,land
1323221648645,0,land
1315213929134,0,land
1319218503492,0,land
1320219372404,0,land
1320219320874,0,land
1316219408287,0,land
1315213832672,43301,land
1314212953917,0,land
1319218491052,0,land
1323221636828,0,land
1315217687831,0,land
1321219811229,0,land
1322220673483,300,land
1323222224281,9,land
1315214097887,0,land
1315213592583,0,land
1320219292315,0,land
1317216482087,0,land
1321219615768,0,land
1315214357232,0,land
1315214117905,0,land
1314212823645,0,land
1314212632083,0,land
1321219790692,0,land
1314212503268,0,land
1315214236857,2,land
1320219275841,0,land
1322220763344,0,land
1319218044725,0,land
1320222385650,0,land
1321219926072,0,land
1319218456325,0,land
1323221539404,0,land
1319218325241,0,land
1321220071284,0,land
1324223229497,0,land
1323222176479,0,land
1318216983472,0,land
1317215940572,0,land
1315213951369,0,land
1317216462352,0,land
1316214956409,0,land
1323222155347,0,land
1323221543200,0,land
1319218088363,0,land
1316216491959,0,land
1318218606123,0,land
1320219184948,38352,land
1321219456086,0,land
1316215516473,0,land
1320219202684,0,land
1321220274296,0,land
1314212526848,0,land
1315214128605,0,land
1314212792612,0,land
1314213090549,0,land
1324222987012,0,land
1316215576719,0,land
1324223007360,0,land
1323221571603,0,land
1315213992504,0,land
1316215305160,0,land
1315214229472,0,land
1314212960037,0,land
1315214272825,5,land
1317216135576,0,land
1315213557667,0,land
1315214343651,0,land
1320219112289,0,land
1316215055892,0,land
1320218718157,0,land
1315213554886,0,land
1315214232744,0,land
1315214237099,26,land
1316215770417,0,land
1315214024150,0,land
1317216458479,0,land
1322221350907,0,land
1323222031433,0,land
1323221977655,0,land
1314212966307,0,land
1319218061810,0,land
1319218429569,0,land
1315213891827,0,land
1319218514014,0,land
1314212605909,0,land
1314213032319,0,land
1317216345710,0,land
1323221819194,0,land
1323221612361,0,land
1322220904433,0,land
1321219968839,0,land
1316215701246,0,land
1315213591528,0,land
1319218199065,0,land
1323222384721,0,land
1314212380265,0,land
1315214097913,0,land
1314212873311,0,land
1316215298908,0,land
1316215516725,0,land
1323221534555,0,land
1323221649496,0,land
1314212533261,0,land
1315214005922,0,land
1319218486734,0,land
1321220452421,0,land
1322220670158,0,land
1316215475017,0,land
1321220477386,0,land
1317216090249,0,land
1323221994751,0,land
1324222438386,0,land
1323221690074,0,land
1324222434920,0,land
1321220646160,0,land
1321219677337,0,land
1314212944425,5,land
1322221229356,0,land
1315214425896,0,land
1318216767564,0,land
1318217423742,0,land
1317216424958,0,land
1314212844714,0,land
1323221674397,0,land
1319218524039,0,land
1322221395445,0,land
1319218496673,0,land
1322220650562,0,land
1315214048439,0,land
1314212980229,0,land
1317215908637,5,land
1323222149116,0,land
1315213574116,0,land
1314212684649,0,land
1322220962450,0,land
1324223230931,0,land
1320219290398,0,land
1318217642735,0,land
1314211915261,0,land
1316215771421,0,land
1314212776722,0,land
1315213629429,0,land
1321219984325,0,land
1321220091399,0,land
1316215464355,0,land
1319217671674,0,land
1322221044365,0,land
1323222139305,0,land
1315213614112,0,land
1316215765862,0,land
1315214038438,0,land
1323221846734,0,land
1315214427092,0,land
1324222514111,0,land
1314212682850,0,land
1314212338444,0,land
1322220777231,0,land
1322220816437,0,land
1318216983484,0,land
1315214155576,0,land
1323221848144,0,land
1324222466536,0,land
1316215750175,0,land
1314212350817,0,land
1320219123825,0,land
1320218930194,0,land
1316215536830,0,land
1321219921879,0,land
1324222559787,0,land
1316215019199,0,land
1317216015646,0,land
1315214279388,0,land
1314212843369,0,land
1324223117185,0,land
1316215187840,0,land
1320219126125,0,land
1321219640543,0,land
1317216501167,0,land
1317216129357,0,land
1323221641071,0,land
1316215531017,0,land
1319217968078,0,land
1314214247292,0,land
1314212895421,0,land
1323221615798,0,land
1314212902555,0,land
1315213630318,0,land
1315214335022,0,land
1315214160929,0,land
1316215283286,0,land
1315214027435,0,land
1323222301525,0,land
1318216771838,0,land
1324222535270,0,land
1321220512836,0,land
1314213003662,0,land
1315213200328,0,land
1315213203514,0,land
1322220969000,0,land
1322221445327,0,land
1315214162226,0,land
1317216256519,0,land
1315214276875,0,land
1319219430915,0,land
1322220961041,0,land
1318217268681,0,land
1315218634463,0,land
1314212556753,0,land
1315214215319,0,land
1316215694062,0,land
1323222157327,0,land
1320219403476,0,land
1317216315111,7002,land
1322221427065,0,land
1320218656167,0,land
1324223001900,0,land
1318216946715,0,land
1321219810064,0,land
1323221628326,0,land
1317216217719,0,land
1317216304384,0,land
1314214466726,0,land
1323222059786,0,land
1319218342525,0,land
1314212818025,0,land
1323221829690,0,land
1320219181068,0,land
1322220799997,0,land
1322220636637,0,land
1314212545204,0,land
1314213125988,0,land
1316215580109,0,land
1315213735640,0,land
1324222681316,0,land
1317217693516,0,land
1324222587851,0,land
1321219744570,0,land
1318217126681,0,land
1324222475295,0,land
1322220668053,0,land
1320219266424,0,land
1322220767166,0,land
1320219275930,0,land
1321219923683,0,land
1322221307352,0,land
1321219925029,0,land
1315213231463,0,land
1316215154877,0,land
1315213624315,0,land
1315213686924,0,land
1316215211614,0,land
1314212986424,0,land
1317215884533,0,land
1316215481452,0,land
1314212992919,0,land
1315213666163,0,land
1314213104805,0,land
1316215040712,0,land
1324222615953,0,land
1324222731147,0,land
1324223196078,0,land
1324222512954,0,land
1315214440962,0,land
1314212779096,0,land
1314213083064,0,land
1314212545329,0,land
1314212368979,0,land
1321219933292,0,land
1319218003578,0,land
1322220938601,0,land
1323221787132,0,land
1318217178286,0,land
1315214068328,0,land
1318217301670,0,land
1317216649032,0,land
1323221676947,0,land
1315214046017,0,land
1322221401476,0,land
1315214466777,0,land
1316215428638,0,land
1318217307394,0,land
1317216138634,0,land
1315214445809,0,land
1324223159245,0,land
1322221380114,0,land
1323223228545,0,land
1324222899573,0,land
1314212889380,57142,land
1322221369097,0,land
1320219135807,0,land
1318219408275,0,land
1320218732143,0,land
1316215381385,13,land
1315213681998,0,land
1315214052704,0,land
1323221994522,0,land
1320219216468,0,land
1319218186029,0,land
1318216867388,0,land
1314212461533,0,land
1316215559319,0,land
1323221755390,0,land
1315213959582,0,land
1315214144014,0,land
1323221910767,0,land
1321220522825,0,land
1321219759192,0,land
1321219870348,0,land
1318216827093,0,land
1314212974024,0,land
1319218178756,0,land
1324223196066,0,land
1320219141722,0,land
1315214432142,0,land
1315214341101,0,land
1320219089341,0,land
1320218811180,0,land
1319218341891,0,land
1319217685369,0,land
1323221879164,0,land
1319217949611,0,land
1324222844437,0,land
1315213541939,0,land
1317216181747,0,land
1314212892158,0,land
1320219356425,0,land
1316219407095,0,land
1319218298711,0,land
1321219759988,0,land
1316215529468,0,land
1315213894936,0,land
1316215236175,0,land
1314211948068,0,land
1315213205964,0,land
1319218465540,0,land
1316215552744,0,land
1319218071456,0,land
1314212685263,0,land
1324222498824,0,land
1322221401779,0,land
1315214344006,0,land
1314212737670,0,land
1322220719342,0,land
1318218588717,0,land
1316215068519,0,land
1314213138860,0,land
1317215921127,0,land
1316215785332,0,land
1320218661573,0,land
1322220746921,0,land
1322220685679,0,land
1321220162616,0,land
1324222678031,0,land
1320218728804,0,land
1320218835080,0,land
1321220520074,0,land
1314212723326,0,land
1321220142374,0,land
1314212410195,0,land
1322220849792,0,land
1317215830340,0,land
1317216182889,0,land
1314212322275,0,land
1317216122642,0,land
1316214983239,0,land
1315214429247,0,land
1318216890741,0,land
1314212748281,0,land
1314212584736,0,land
1317216433767,0,land
1319218212571,0,land
1316214978633,0,land
1316215571845,0,land
1324222910996,0,land
1324223057237,0,land
1315214363638,0,land
1323221786712,0,land
1323223208620,0,land
1320219256524,0,land
1315214399798,0,land
1318217251925,0,land
1316215381183,0,land
1315214500922,0,land
1321220489785,0,land
1314212553301,0,land
1314212569127,0,land
1321220317883,0,land
1323221650500,0,land
1316215335757,0,land
1315213896107,0,land
1316215168939,0,land
1322220740120,0,land
1317216250225,0,land
1316214988343,0,land
1315215816442,0,land
1315214341125,0,land
1323221770934,0,land
1316215656430,0,land
1318217626112,0,land
1322221565765,0,land
1314212321602,0,land
1314212728695,0,land
1321220412769,0,land
1314212638009,0,land
1318216705552,0,land
1319218524003,0,land
1324222907608,0,land
1324222584563,0,land
1317216458202,0,land
1323221745363,0,land
1322220765010,0,land
1324222715183,0,land
1316215023538,0,land
1314212748228,0,land
1314212584460,0,land
1314212550471,0,land
1320219175357,0,land
1315213733165,0,land
1323221878491,0,land
1314215816430,0,land
1317216293860,0,land
1316215553797,0,land
1318216974915,0,land
1317216494803,0,land
1321220392777,0,land
1324222799165,0,land
1318217512072,0,land
1319218209068,0,land
1314212305003,0,land
1322220740106,0,land
1323221670387,0,land
1323221816061,0,land
1321220513079,0,land
1316215172370,0,land
1323221715257,0,land
1321219897283,0,land
1321220650081,0,land
1314212408456,0,land
1315214277016,0,land
1321219738883,0,land
1320219318918,0,land
1323222076248,0,land
1322221339815,0,land
1315214134292,0,land
1320218728350,0,land
1324222832610,0,land
1323221570005,0,land
1314212741300,0,land
1324222435822,0,land
1322220780961,0,land
1323222111460,0,land
1321220522914,0,land
1323221645082,0,land
1319218352211,29,land
1320218672374,0,land
1317218613673,0,land
1324222530913,0,land
1314212748230,0,land
1321220331779,0,land
1324222918207,0,land
1316215770393,0,land
1321219853049,0,land
1320219013428,0,land
1314212918991,243,land
1318216859052,0,land
1318216991772,0,land
1318217301617,0,land
1316215167798,0,land
1315213776192,0,land
1315213798275,6,land
1318217262361,0,land
1323221690441,0,land
1321220038549,24581,land
1322220898783,0,land
1324222553885,0,land
1321219800784,0,land
1315214025936,0,land
1323222309926,0,land
1324222504159,0,land
1316215542604,0,land
1320218748325,0,land
1320221547906,0,land
1321220084279,0,land
1321220606899,0,land
1321219753910,0,land
1323222176455,0,land
1316215489244,0,land
1315214065827,0,land
1324222980702,0,land
1316215367881,0,land
1318216876072,0,land
1321219956529,0,land
1320219275904,0,land
1315213987757,0,land
1319217671179,0,land
1315214277042,0,land
1314212447472,0,land
1314212472474,0,land
1316215801212,0,land
1321220383792,0,land
1319218198707,0,land
1317215941954,0,land
1314212556043,0,land
1314212433940,0,land
1315213969076,0,land
1317216057087,0,land
1322221232616,0,land
1320218996573,0,land
1324222855710,0,land
1321219676487,0,land
1321219904568,1500,land
1314212509400,0,land
1317216005874,0,land
1321219767807,0,land
1321220544795,0,land
1318219273923,0,land
1322221025618,0,land
1323221690062,0,land
1315213604491,0,land
1320218929267,0,land
1315213997568,0,land
1322221401185,0,land
1315219435221,0,land
1324222574105,0,land
1318217055399,0,land
1317216021283,0,land
1321220127613,0,land
1319217666611,0,land
1319218377644,0,land
1321219755055,0,land
1315213557287,0,land
1314212378398,0,land
1316215504984,0,land
1318217139373,0,land
1321220153047,0,land
1315213778083,0,land
1315214216362,0,land
1316215588601,0,land
1315213890080,0,land
1318216818310,0,land
1318217316443,0,land
1319217818071,0,land
1315214279390,0,land
1319218466706,0,land
1321220477374,0,land
1317216623658,0,land
1317219408388,0,land
1322221278031,0,land
1316215167863,0,land
1314212610859,0,land
1322220779262,0,land
1316215026814,0,land
1323221823659,0,land
1323221982097,0,land
1315213753229,0,land
1317215842067,0,land
1321219695929,0,land
1321219702420,0,land
1315214406377,0,land
1315213923939,0,land
1314212655411,0,land
1316215450089,0,land
1315213959467,0,land
1315213752912,0,land
1317216234548,0,land
1315213984180,0,land
1319218252070,0,land
1319218265510,0,land
1320219302256,0,land
1320218768226,0,land
1315213624277,0,land
1317215915543,0,land
1314212626915,0,land
1321219647171,0,land
1314212412415,0,land
1318217245164,0,land
1319218057711,0,land
1316215066616,0,land
1321219738869,0,land
1316215232707,0,land
1319217801113,0,land
1324222422634,0,land
1323222008841,0,land
1324223071224,0,land
1317216583144,0,land
1316215756370,0,land
1317215816671,0,land
1316215588892,0,land
1319218090936,0,land
1322221150093,0,land
1315213899709,0,land
1314212654178,0,land
1318217166495,0,land
1314212536282,0,land
1319218516882,0,land
1314212807440,0,land
1319217894714,0,land
1322221163660,0,land
1324223044088,0,land
1319217649019,0,land
1318216902128,0,land
1319217984917,0,land
1320218648057,0,land
1318216893368,0,land
1317216227684,0,land
1322221361468,0,land
1314212385278,0,land
1314213027980,0,land
1318217335280,0,land
1323222341531,0,land
1314212448637,0,land
1324222592634,0,land
1324222620270,0,land
1323221950266,0,land
1323221565183,0,land
1319218352983,0,land
1314213104692,0,land
1314211934967,0,land
1320218967824,0,land
1314212509374,0,land
1320218626760,0,land
1322220668065,0,land
1318217450244,1554097,land
1318217672296,0,land
1315213574926,48,land
1315213197015,0,land
1318218342513,0,land
1319218067650,0,land
1318216709269,0,land
1314212655120,0,land
1314211883463,0,land
1314212574913,0,land
1315214043477,0,land
1319217801101,0,land
1321220645941,0,land
1315213851898,0,land
1316215232265,0,land
1315213587797,0,land
1316215286042,0,land
1316215305158,0,land
1319218212532,0,land
1316215477581,0,land
1315214102372,0,land
1314212942837,0,land
1324222515710,0,land
1324222890788,0,land
1319217946969,0,land
1315213785239,0,land
1314212375531,0,land
1323221563719,0,land
1320219079819,0,land
1315214230753,0,land
1315214390938,0,land
1319218447415,0,land
1321220370617,0,land
1316215390535,0,land
1317216279404,0,land
1322221403328,0,land
1317216245249,0,land
1318216958696,0,land
1323221704265,0,land
1323221699907,0,land
1322220959175,0,land
1320219028990,0,land
1319218213852,0,land
1324222501278,0,land
1323222354437,0,land
1323221825692,0,land
1318217440775,0,land
1314212792903,0,land
1319218199038,0,land
1315213670906,0,land
1314212412441,0,land
1322221487489,0,land
1315213795432,163,land
1314212321842,0,land
1318216726998,540,land
1317215900150,0,land
1321219669710,0,land
1317216373959,0,land
1315214184830,0,land
1315213538527,0,land
1314212946127,10,land
1322220753937,0,land
1319218160810,0,land
1321220591022,0,land
1321219987524,0,land
1321221489394,0,land
1315213925884,0,land
1319217799865,0,land
1324222588600,0,land
1315214011823,0,land
1323222013738,0,land
1324222981033,0,land
1314212309544,5,land
1316215436344,0,land
1317215830225,0,land
1323222070955,0,land
1323222059329,0,land
1319218325254,0,land
1317216380182,0,land
1322221249511,0,land
1317216592422,0,land
1317215857816,0,land
1319218273492,0,land
1319218273555,0,land
1321219680131,0,land
1314212551004,0,land
1324222760478,0,land
1314212983439,0,land
1316215731163,0,land
1318216878773,0,land
1321220069381,0,land
1314212475925,0,land
1322220780757,0,land
1324222449922,0,land
1316215588613,0,land
1314212734750,0,land
1316215558293,0,land
1316215442548,0,land
1315213965041,0,land
1315213968175,0,land
1322220836783,0,land
1314212579510,0,land
1315213874605,0,land
1323221536269,0,land
1315213690478,0,land
1316215689771,494,land
1314211914472,0,land
1323221675541,0,land
1321219680117,0,land
1324223215714,0,land
1316215036258,0,land
1314212971232,0,land
1315213702499,0,land
1322220776835,0,land
1323221550231,0,land
1320218748022,0,land
1315213721018,0,land
1316215673068,0,land
1314212916326,0,land
1317216637823,0,land
1319218395958,0,land
1315214146021,0,land
1315214161628,0,land
1316215159296,0,land
1316215558180,0,land
1319218071316,0,land
1317216591279,0,land
1323221774045,0,land
1320218865828,0,land
1320219275928,0,land
1324222857789,389,land
1320218865766,0,land
1323221991680,0,land
1316215382211,0,land
1317216245199,0,land
1314213043983,0,land
1316215035609,0,land
1316215131929,0,land
1317216895502,0,land
1315213696661,0,land
1317216013932,0,land
1314217790803,0,land
1316215352459,0,land
1319217998879,0,land
1321220586806,0,land
1324222735944,0,land
1321220513081,0,land
1324223163193,0,land
1323221630686,0,land
1324222992176,0,land
1316214948984,0,land
1316215530991,0,land
1318216771865,0,land
1315214429262,0,land
1314213018892,0,land
1314213715523,0,land
1317216346991,0,land
1314213116167,0,land
1314211888882,0,land
1314211948310,0,land
1324222712539,0,land
1315213624341,0,land
1320218885008,0,land
1315214159838,0,land
1321221498660,0,land
1322221275365,0,land
1319217839923,0,land
1323221566348,0,land
1314211928078,0,land
1315213238064,45,land
1323221982123,0,land
1318217683426,6042,land
1323221732478,0,land
1321219934775,0,land
1315214124176,0,land
1322221268081,0,land
1316215573054,0,land
1322221236021,0,land
1318217033099,0,land
1322220769463,0,land
1315213238278,0,land
1320218870626,0,land
1321219944598,0,land
1314212647729,0,land
1324223120662,0,land
1318216983496,0,land
1316215711615,0,land
1321219646837,0,land
1324222463729,0,land
1317216281410,0,land
1315214187128,0,land
1316214915314,0,land
1322221450632,0,land
1321219910965,0,land
1320218865727,0,land
1320219328907,0,land
1323222241008,0,land
1324222910731,0,land
1316214978645,0,land
1314212404230,0,land
1317216425583,0,land
1320218747994,0,land
1316215765379,0,land
1315214272736,5,land
1317216126312,0,land
1315214040608,0,land
1314212736843,0,land
1319218193326,0,land
1320219015070,0,land
1315214073847,0,land
1315214217275,0,land
1318216834414,0,land
1322221292776,0,land
1316215761343,0,land
1318217399601,0,land
1322220915627,0,land
1320219210224,0,land
1317216335190,0,land
1321219995584,0,land
1314214388807,0,land
1321219595648,0,land
1314212449122,0,land
1314212900094,0,land
1315213221233,0,land
1322220866863,0,land
1314212795900,0,land
1314212804520,0,land
1318216958658,0,land
1316215662836,0,land
1317215971336,0,land
1322221430313,0,land
1321220184016,0,land
1314213026723,0,land
1317216592410,0,land
1315214089435,1609,land
1315214015000,0,land
1318216790600,0,land
1323221755402,0,land
1320221547894,0,land
1320219259203,0,land
1324222505380,0,land
1315213679564,0,land
1317216234361,0,land
1316215497482,0,land
1318218611440,0,land
1323221988621,0,land
1321220420069,0,land
1315214384733,0,land
1319217794938,0,land
1320219089339,0,land
1316215364593,0,land
1314212613640,0,land
1321219950007,0,land
1320219007921,0,land
1314212454957,0,land
1320218575987,0,land
1319218198808,0,land
1322221339928,0,land
1324222825046,0,land
1319217753363,0,land
1321220454716,0,land
1317216607364,0,land
1318217298518,0,land
1321220145419,0,land
1317216433730,0,land
1322221048073,0,land
1320221484292,0,land
1314212828242,0,land
1317216329538,0,land
1321221498355,0,land
1324222436267,0,land
1314212872725,0,land
1315213624265,0,land
1315214214544,0,land
1316215394901,394,land
1317216582282,0,land
1321220443218,0,land
1314212407643,0,land
1317216438919,0,land
1316215120344,0,land
1317215977556,0,land
1323221649510,0,land
1323221654407,0,land
1316215161732,0,land
1324222410490,0,land
1322220830234,0,land
1323222182610,0,land
1318216923058,0,land
1324223038757,0,land
1321219452962,0,land
1321219900317,0,land
1314212811350,0,land
1316215397047,0,land
1317216227987,0,land
1320218632560,0,land
1315213564471,0,land
1322220680033,0,land
1318217469509,0,land
1324222750236,0,land
1317216482075,0,land
1324222535229,0,land
1316215497468,0,land
1320219145291,0,land
1323221769971,0,land
1321220274120,0,land
1316215579867,0,land
1317215867894,0,land
1314212482513,0,land
1317216290369,0,land
1315214240398,0,land
1323221648633,0,land
1323221758853,0,land
1315214117867,0,land
1315214154320,0,land
1321219456112,0,land
1321220041964,0,land
1316215175718,0,land
1315214331338,0,land
1315214264335,0,land
1323221899281,0,land
1315213885371,0,land
1318217181460,0,land
1316215205461,0,land
1318218456135,0,land
1324222987051,0,land
1323222112447,0,land
1321220279968,0,land
1320219029004,0,land
1321219758202,0,land
1314214004780,44,land
1320219275854,0,land
1323221772635,0,land
1319217718550,0,land
1315213716032,0,land
1315214032334,0,land
1321219479211,0,land
1323221758042,0,land
1322220831655,0,land
1316215006533,0,land
1320218704296,0,land
1319218261927,0,land
1319218456212,0,land
1319218496750,0,land
1323222349502,0,land
1323222376156,0,land
1315214422610,0,land
1314212472486,0,land
1315213685732,0,land
1317216402584,0,land
1315214180604,0,land
1315214339210,0,land
1320218973283,0,land
1319218532265,0,land
1323221682483,0,land
1320219362047,0,land
1314212469656,0,land
1324222848549,0,land
1316215523251,0,land
1315214464529,0,land
1314212450795,0,land
1320219171485,0,land
1317216307708,0,land
1314212797967,0,land
1314212489064,0,land
1323221628035,0,land
1316215060260,0,land
1315213984255,0,land
1321220087934,0,land
1315214245971,0,land
1322220711978,0,land
1314212703728,0,land
1322221210800,0,land
1316214941609,0,land
1314213039581,0,land
1319218069413,0,land
1315214161604,0,land
1316215155755,0,land
1322220683078,0,land
1323221664016,0,land
1321219967270,0,land
1323221803164,0,land
1314212374817,0,land
1323221565334,0,land
1322220718910,0,land
1315214247254,0,land
1314212846430,0,land
1317218606857,0,land
1316214964708,0,land
1319217841408,0,land
1320219112327,0,land
1315214161770,0,land
1319218258299,0,land
1314212390468,0,land
1320219126099,0,land
1323221806449,0,land
1318217400934,0,land
1314212383323,0,land
1315213570676,0,land
1315214136208,0,land
1320218726230,0,land
1315218160327,0,land
1323221947981,0,land
1324222585770,0,land
1319218082764,0,land
1315213975802,0,land
1317215909577,0,land
1314212368548,0,land
1316215066022,0,land
1314212439323,0,land
1318216770281,0,land
1322220660118,0,land
1316215701261,0,land
1314212428041,0,land
1314212478186,0,land
1322220648683,0,land
1318216911558,0,land
1316215115801,0,land
1320218833731,0,land
1315213197041,0,land
1320218906358,0,land
1316215216716,0,land
1321220142160,0,land
1320219374802,0,land
1320221547870,0,land
1320219132762,0,land
1322221222704,0,land
1315214387122,0,land
1322221340680,0,land
1324223229459,0,land
1314212688218,0,land
1315214390650,0,land
1317216295105,0,land
1314212620429,0,land
1316215253360,0,land
1314212516696,0,land
1315213682242,0,land
1316215523491,0,land
1322221275264,0,land
1315213588270,0,land
1315214218796,0,land
1316215044138,0,land
1319217709601,0,land
1318217547431,0,land
1315214331377,0,land
1319218238335,0,land
1319218574263,0,land
1322220999609,0,land
1321219601782,0,land
1322221261718,0,land
1318217079538,0,land
1321220153795,0,land
1319219028279,0,land
1320219033495,0,land
1321220143919,0,land
1322221207071,150,land
1320219504925,0,land
1322221073733,0,land
1315214250312,0,land
1316215505049,0,land
1315213690466,0,land
1320218684633,0,land
1315213701612,0,land
1315213629619,0,land
1315214343295,0,land
1318217541770,0,land
1316215505064,0,land
1321220164394,0,land
1323221606609,0,land
1319218215756,0,land
1315213731401,0,land
1314212803605,0,land
1316215044076,0,land
1320218747929,0,land
1322220712273,0,land
1318216782019,0,land
1321219699321,0,land
1314213045469,1518,land
1320219129549,0,land
1323222284705,0,land
1320219336094,0,land
1314214247278,0,land
1314214069837,0,land
1316215626716,0,land
1316215044239,0,land
1320218599013,0,land
1322220875595,0,land
1322220925693,0,land
1323221769995,0,land
1314212362115,0,land
1323221625546,0,land
1322221284197,0,land
1316216622415,0,land
1323222386765,0,land
1319218071280,0,land
1319218464903,0,land
1315213906985,0,land
1316215023502,0,land
1314212500399,0,land
1316215328687,0,land
1316215615345,0,land
1316215197056,0,land
1315213792690,0,land
1315213805993,0,land
1316215136146,0,land
1317216209635,0,land
1318216958684,0,land
1315214264309,0,land
1314213000502,0,land
1317216458897,0,land
1324223047364,220364,land
1315214308494,0,land
1316215445735,0,land
1318217000102,0,land
1317216583171,0,land
1319218036097,0,land
1319217942301,0,land
1322220991665,0,land
1321220442230,0,land
1314212590020,0,land
1321219742780,0,land
1321219621950,0,land
1318216849051,0,land
1317216309233,0,land
1320218702645,0,land
1321220464109,0,land
1321219923695,0,land
1323221641905,0,land
1322221400765,1456477,land
1323221695909,0,land
1315213945619,0,land
1317216335152,0,land
1318217022615,0,land
1314212826022,0,land
1314212714479,0,land
1314212522609,0,land
1318216923401,0,land
1318217018961,0,land
1314212450579,0,land
1315215441256,0,land
1314212991350,0,land
1315213926847,0,land
1316214897365,0,land
1323222386221,0,land
1322220645269,0,land
1316215629801,0,land
1316215139635,0,land
1317219407020,0,land
1315213857396,0,land
1324222774592,0,land
1315213581578,0,land
1317219407057,0,land
1316215198399,0,land
1314212516708,0,land
1316214979635,0,land
1314211902162,0,land
1314213221411,0,land
1316215253257,0,land
1314212584748,0,land
1320218668111,0,land
1315213895586,0,land
1318217026335,0,land
1319217786906,0,land
1315214046169,0,land
1322221025998,0,land
1315214113476,0,land
1323221624505,0,land
1316216622391,0,land
1315213776990,0,land
1314213002138,0,land
1314212407617,0,land
1320218672970,0,land
1320218964575,0,land
1317218150694,0,land
1314212428229,0,land
1319218032567,0,land
1324222612158,0,land
1324222615597,0,land
1315214277156,0,land
1322220870479,0,land
1316215179223,0,land
1319217607062,0,land
1319217908553,0,land
1319218399640,0,land
1324222426557,0,land
1314213018928,0,land
1319217726710,0,land
1322220865303,0,land
1321220420071,0,land
1322220991677,0,land
1315213564533,0,land
1323221948540,0,land
1321220142931,0,land
1322220636258,5,land
1320218820189,0,land
1322220904902,0,land
1323221558885,0,land
1324222829400,0,land
1319218617621,0,land
1320219261310,0,land
1320218879373,0,land
1323222301653,0,land
1315214036903,0,land
1320219209766,0,land
1315213593890,0,land
1314212555914,0,land
1316215150727,0,land
1316215786120,0,land
1314212962979,0,land
1316215353792,0,land
1319218377430,0,land
1319218005940,0,land
1320218962328,0,land
1314211917618,0,land
1323222297463,0,land
1319218067647,0,land
1315213661022,0,land
1317215971387,0,land
1317216616464,0,land
1314213149014,0,land
1320219410115,0,land
1322221000666,0,land
1320218888295,0,land
1322220722870,0,land
1321219811231,0,land
1317216129371,0,land
1317216135638,0,land
1322221210875,53418,land
1314212841771,0,land
1322220663898,0,land
1324222893149,0,land
1321219666599,0,land
1324222712895,0,land
1315213804949,0,land
1316218623268,0,land
1316215566605,28,land
1320218897700,0,land
1319218418972,0,land
1321219776566,0,land
1317216129597,0,land
1314212682355,0,land
1315214381663,0,land
1315213198171,0,land
1315214162303,8709,land
1323221675349,0,land
1319218154730,0,land
1314212714620,10,land
1321220371987,0,land
1316214979357,0,land
1324222551172,0,land
1322220662985,0,land
1314212654560,0,land
1316215446232,0,land
1324223114202,0,land
1319218499224,0,land
1316215538911,0,land
1317216424921,0,land
1321220161499,0,land
1315214276887,0,land
1316215384595,0,land
1316215193842,0,land
1322220945986,0,land
1315214104984,0,land
1323222194084,0,land
1314212782825,0,land
1323222275834,0,land
1322221062704,0,land
1323222164182,0,land
1322220679928,0,land
1320218889828,0,land
1320219050960,0,land
1324222987048,0,land
1324222418523,0,land
1324222419374,0,land
1315214178687,0,land
1316215527666,0,land
1314212652958,0,land
1320218723740,0,land
1324222845758,0,land
1321219729629,0,land
1314212478465,0,land
1318217333398,1,land
1324222598043,0,land
1320219234515,0,land
1315213950001,0,land
1321220001059,0,land
1321220034072,0,land
1319218335279,0,land
1322221114580,0,land
1315214277093,0,land
1314212937953,0,land
1317216438869,0,land
1314212321792,0,land
1321220001097,0,land
1321219738503,0,land
1314212624997,0,land
1315213672215,0,land
1322221144823,0,land
1322220639482,0,land
1315214325045,0,land
1321219954411,0,land
1318217021474,0,land
1317216267942,0,land
1317215900325,0,land
1321220720561,0,land
1316215167394,0,land
1319217965932,0,land
1315213207499,0,land
1322221279110,0,land
1315214396184,0,land
1319218529360,0,land
1322221059924,0,land
1318217000001,0,land
1320219027644,0,land
1315219431160,0,land
1324222724256,0,land
1316215532476,0,land
1317215831975,0,land
1321220291177,0,land
1321219632407,0,land
1320219051000,0,land
1314212543868,0,land
1324223229473,0,land
1318216829806,0,land
1318216873253,5,land
1318216798165,0,land
1314212469617,0,land
1314212881445,0,land
1314213012139,0,land
1314213174396,0,land
1320218835092,0,land
1315213926811,0,land
1319217927413,0,land
1324223047061,0,land
1319218071431,0,land
1315214320335,0,land
1315214438261,0,land
1314212390761,0,land
1317215838792,0,land
1316215051451,0,land
1319217851904,0,land
1322220629051,0,land
1315213962436,0,land
1321220422909,0,land
1320219216342,0,land
1323221533805,0,land
1314213115532,0,land
1314213126764,0,land
1315213731387,0,land
1318217206806,0,land
1316215784380,0,land
1316215136437,0,land
1315214236818,27,land
1315214107866,0,land
1319218313486,0,land
1319218524015,0,land
1317216216820,0,land
1323222104390,0,land
1321219905041,0,land
1320218595066,0,land
1322221181946,0,land
1320219313881,0,land
1317216235097,0,land
1323222132882,0,land
1322220671515,0,land
1316215495449,0,land
1322222404624,0,land
1323221837596,0,land
1314212550418,0,land
1314212904965,0,land
1323221844830,0,land
1317216558496,0,land
1316215116676,0,land
1317215876069,0,land
1315214275859,0,land
1321219775133,1,land
1323222075828,0,land
1315214132932,0,land
1315214048237,0,land
1315214039859,0,land
1315214309371,0,land
1323222077226,0,land
1320218575429,0,land
1316215747371,2,land
1324222862714,0,land
1323221837228,0,land
1319218024267,0,land
1321220170462,0,land
1324223112448,0,land
1315213948274,0,land
1316215044114,0,land
1320221472259,0,land
1314212549188,0,land
1318216862312,0,land
1317216293884,0,land
1317216335149,0,land
1317216260048,0,land
1321220362127,0,land
1322220978884,0,land
1322220795114,0,land
1314212721308,0,land
1318217398510,0,land
1323221665185,24077,land
1314213128768,0,land
1321219742778,0,land
1320219404098,0,land
1323222086403,0,land
1321219529132,0,land
1324223091834,0,land
1322221463490,0,land
1315213846569,0,land
1314212649610,0,land
1324222825059,0,land
1324223018223,0,land
1322220852471,0,land
1316215203353,0,land
1321220047221,0,land
1324222416873,0,land
1324222851444,0,land
1321219648348,1200,land
1322221441330,0,land
1320218957025,0,land
1323221663560,0,land
1314212890875,0,land
1320218660696,0,land
1322220904977,0,land
1322221106750,0,land
1319217928201,0,land
1320218684660,0,land
1322220830222,0,land
1314212324230,0,land
1314212412478,0,land
1314212345161,0,land
1314213008283,0,land
1321219905092,15812,land
1320218696995,0,land
1322220930768,0,land
1315213968264,0,land
1315214006431,0,land
1314212368536,0,land
1316215115837,0,land
1314212541116,0,land
1316215253218,0,land
1323221675554,0,land
1314212321741,0,land
1323221855873,0,land
1315213604402,0,land
1318217301643,0,land
1314212409205,0,land
1318216862336,0,land
1318217669872,0,land
1314212647743,0,land
1323221753890,0,land
1322220722868,0,land
1319218456085,0,land
1321220583025,0,land
1317216260137,0,land
1321219722776,342,land
1317215949266,0,land
1315217687829,0,land
1320218639250,0,land
1319218494591,0,land
1319218059703,0,land
1316214928160,0,land
1319218044737,0,land
1314212392536,0,land
1323221889355,0,land
1314212428623,0,land
1324222726628,0,land
1320218605968,0,land
1318217073636,0,land
1315213238482,0,land
1315213701877,0,land
1321219919014,0,land
1320219055819,0,land
1318217033238,0,land
1316215171000,0,land
1315213971601,0,land
1314214481436,0,land
1322220887576,0,land
1315213880166,0,land
1316215236466,0,land
1321219666841,0,land
1316215648458,0,land
1317216382147,0,land
1319218154692,0,land
1314213105923,0,land
1323221591047,0,land
1318217131604,0,land
1318217305731,16475,land
1321219914696,0,land
1314212497402,0,land
1322221237631,0,land
1322221001326,0,land
1315213937687,250,land
1314211912530,0,land
1314214193587,0,land
1319217865880,0,land
1314212490650,0,land
1316214977744,0,land
1319218495291,0,land
1321220484012,0,land
1320218642484,0,land
1318218732004,0,land
1322220849778,0,land
1318216835999,0,land
1315219435233,0,land
1320218774774,0,land
1320219003237,0,land
1319218335812,0,land
1322221145562,0,land
1324222601484,0,land
1324222560132,0,land
1323221939717,0,land
1323221563618,0,land
1320218644856,0,land
1314212825893,0,land
1320218858936,0,land
1315214105001,0,land
1323222154801,0,land
1314212615569,0,land
1324222586644,0,land
1314212682862,0,land
1314212539946,0,land
1314211914270,0,land
1317216057075,0,land
1314212613653,0,land
1318217450194,119813,land
1320219146014,0,land
1314211933813,0,land
1320218973232,0,land
1316215303900,0,land
1320218863189,0,land
1314212814230,0,land
1324222981223,0,land
1315213693183,0,land
1322221497492,0,land
1323222044051,0,land
1323221527777,0,land
1315213216916,0,land
1314212943563,0,land
1324223118047,0,land
1323221552540,0,land
1318217143078,0,land
1320219301328,0,land
1319218342552,0,land
1324222483885,0,land
1320218842526,0,land
1321220140875,0,land
1319218193276,670032,land
1320218873293,0,land
1318216696575,0,land
1315214351975,0,land
1314212793335,0,land
1315213755515,0,land
1324222601205,0,land
1318217074071,0,land
1321219822715,0,land
1323223208760,0,land
1314212748343,0,land
1314212519490,0,land
1318216748475,0,land
1321220381230,0,land
1315219435245,0,land
1322221158595,0,land
1317216385676,0,land
1321219822537,0,land
1322220861114,0,land
1314211919814,0,land
1320219243969,0,land
1314212996298,0,land
1318217021462,0,land
1314212509499,0,land
1324222637530,0,land
1319218403929,0,land
1319217761358,0,land
1314212462028,0,land
1314212872535,0,land
1318216752889,0,land
1315213798263,0,land
1317215816606,0,land
1314212462016,0,land
1317216217214,0,land
1316215772930,0,land
1320218839470,0,land
1320219342882,0,land
1314212615025,0,land
1314212914485,0,land
1317216198820,0,land
1316215352915,0,land
1316215295926,0,land
1322220877450,0,land
1314212679359,0,land
1319218669063,0,land
1323221837610,0,land
1321220238036,0,land
1314213010263,0,land
1321220412922,0,land
1323221559964,0,land
1320219347198,0,land
1322221436886,0,land
1324222462475,0,land
1319218576849,0,land
1314213130913,0,land
1323222301640,0,land
1316215442575,0,land
1320218831271,0,land
1324223165034,0,land
1315213207513,0,land
1320218591182,0,land
1321220357343,0,land
1318219429937,0,land
1324222457905,0,land
1320219342680,224,land
1321219829266,0,land
1315214406340,0,land
1318217021423,0,land
1320218890022,0,land
1315213735638,0,land
1315213616927,0,land
1316215305172,0,land
1317216614572,0,land
1317215808849,0,land
1324222682890,0,land
1322221456864,0,land
1318217695384,0,land
1319218395059,0,land
1319218120234,0,land
1318217038583,0,land
1315214203515,0,land
1323221659523,0,land
1324222517854,0,land
1319217950260,0,land
1321220333619,0,land
1314212459150,0,land
1322220861254,0,land
1316215365925,0,land
1321221534567,0,land
1322220810877,0,land
1320218952404,597,land
1316215344490,0,land
1319218447252,0,land
1321220303679,0,land
1318217463342,0,land
1315214236820,0,land
1318217074083,0,land
1318217124282,0,land
1317216138659,0,land
1320218756753,0,land
1319217981291,0,land
1322221058427,0,land
1321219807486,0,land
1318217301896,2,land
1321220313858,0,land
1319218399626,0,land
1314212943346,0,land
1322220670451,0,land
1316215019187,0,land
1317216308902,0,land
1321219935842,0,land
1321220659458,0,land
1323222255693,0,land
1314212321881,0,land
1324222798961,0,land
1314211909712,0,land
1315214231591,0,land
1318217426283,0,land
1321219676552,0,land
1316215573078,0,land
1318217480755,0,land
1323221563620,0,land
1324223228444,0,land
1321219762958,6,land
1322220697371,0,land
1323222335061,0,land
1318216890893,0,land
1314213189069,0,land
1314213233822,0,land
1314212901045,0,land
1315213752672,0,land
1315214191850,0,land
1319218139309,0,land
1320219047255,0,land
1314212748216,0,land
1314212443194,0,land
1324222585768,0,land
1324222409272,0,land
1315214458919,0,land
1315214007318,0,land
1315214197699,0,land
1316215026826,0,land
1321220135180,0,land
1315213929110,0,land
1317216100026,0,land
1314212491423,0,land
1316215084664,0,land
1322221110000,0,land
1314212931721,0,land
1318217142140,0,land
1321220412896,0,land
1315213919121,0,land
1317215997863,0,land
1316215162633,0,land
1316214944567,0,land
1318217139803,0,land
1316215683451,0,land
1321219921867,0,land
1316215288667,0,land
1323221954694,0,land
1322221008194,0,land
1318217152469,0,land
1314212805129,0,land
1314213581073,0,land
1319218073827,0,land
1320219359066,0,land
1320219009065,0,land
1320218595078,0,land
1321219914660,0,land
1324222661365,0,land
1323222048441,0,land
1323221644875,0,land
1316215357625,0,land
1316215137492,0,land
1322220969277,0,land
1315213894595,0,land
1321219738907,0,land
1315214191658,250,land
1320218595179,0,land
1315213738913,0,land
1314212433357,0,land
1315213624366,0,land
1324222587836,0,land
1323221770009,0,land
1322221020872,0,land
1319217987991,0,land
1317216034785,0,land
1319217799218,0,land
1319217791274,6770,land
1319218468458,0,land
1314213531472,0,land
1316215012384,0,land
1322220994469,0,land
1319218113708,0,land
1323221768841,0,land
1320219374410,0,land
1314212882981,0,land
1324223041548,0,land
1314213111976,0,land
1323221594029,0,land
1321219630821,0,land
1320218865816,0,land
1320218869220,0,land
1314212917660,0,land
1314212699096,0,land
1315214213631,18764,land
1317219425244,0,land
1318217152457,0,land
1317216309803,0,land
1314212900132,0,land
1324222639181,0,land
1321220443547,0,land
1319218470122,37,land
1314211909662,0,land
1319218247169,903,land
1315213606940,0,land
1316214986527,0,land
1318216743310,0,land
1324223205016,0,land
1315217720364,0,land
1319218300770,0,land
1314211886977,0,land
1321220452318,0,land
1323222086415,0,land
1316215435316,0,land
1321220142309,0,land
1317216402659,840,land
1323221659600,0,land
1324222620522,0,land
1324222645703,0,land
1321220253292,5400,land
1320218962227,0,land
1314212948133,0,land
1322221059951,0,land
1323221944299,0,land
1317215977543,0,land
1314211913948,0,land
1314212690390,0,land
1324223043454,0,land
1320219191386,0,land
1319218504379,0,land
1318217137532,0,land
1314212378436,0,land
1321219616505,0,land
1322220668279,0,land
1322221025620,0,land
1320219337692,0,land
1322221534011,0,land
1316214947867,0,land
1314212634341,0,land
1318217302177,0,land
1321219731054,0,land
1316215127275,0,land
1319218350650,0,land
1317216216008,0,land
1324222925378,0,land
1321220518070,0,land
1322220985459,0,land
1316215535168,0,land
1315218476594,0,land
1323221998952,0,land
1324222912774,0,land
1321220542930,0,land
1318217079627,0,land
1318216704371,0,land
1314213002140,0,land
1316215466311,0,land
1321219751664,0,land
1323221704289,0,land
1323221548009,0,land
1323222042881,0,land
1318217336229,0,land
1314212779767,0,land
1317216027577,0,land
1318217592346,0,land
1317216075349,211,land
1322221320789,0,land
1317215809397,250,land
1315214215550,0,land
1323221810637,0,land
1322220858385,0,land
1319218032391,0,land
1322221218783,0,land
1314212962967,0,land
1321219633690,0,land
1321219921246,0,land
1319218252930,0,land
1321220568416,0,land
1314212313959,0,land
1315213945532,0,land
1314212737631,0,land
1320220710711,0,land
1317216614584,0,land
1318217037910,0,land
1322221452699,0,land
1314213144823,0,land
1324223055928,0,land
1324222545206,0,land
1321219725951,0,land
1318217411180,0,land
1319218032631,0,land
1314212825095,0,land
1316215159322,0,land
1315214229496,0,land
1314212737682,0,land
1323221531801,0,land
1324222461865,0,land
1324222980310,0,land
1316215167824,0,land
1321220153769,0,land
1315213983378,0,land
1316215468570,0,land
1319218034306,0,land
1317216246254,0,land
1315213722313,0,land
1314212568063,0,land
1321219901168,0,land
1322220765554,0,land
1322221320575,0,land
1314212943411,7,land
1316215003854,0,land
1315213735626,0,land
1315214220941,0,land
1315213836238,0,land
1324222989345,0,land
1320218825368,0,land
1321219740608,0,land
1323221628011,0,land
1315218634487,0,land
1323221539012,0,land
1315214272724,5,land
1323221565979,0,land
1315214259158,0,land
1316215327851,0,land
1318218637698,0,land
1323222286130,0,land
1314212588230,0,land
1320218761183,0,land
1321219450917,0,land
1323222286027,0,land
1317216076998,0,land
1319217909441,0,land
1317216309563,0,land
1324222474633,0,land
1316215162379,0,land
1314214944819,0,land
1318216727836,0,land
1315213755275,0,land
1320218868053,0,land
1321219659998,0,land
1315213766355,0,land
1315214340162,0,land
1324222914412,0,land
1322220917874,0,land
1324223165046,0,land
1321220157539,0,land
1317216428375,0,land
1317215942323,0,land
1320218814022,0,land
1319217852399,0,land
1314212663658,0,land
1323222210724,0,land
1318217419415,0,land
1322220756860,0,land
1316215604822,0,land
1316217695218,0,land
1316215256835,0,land
1319218025548,0,land
1319218481202,0,land
1321219443850,0,land
1317216194821,0,land
1323223215789,0,land
1315214396196,0,land
1323222275808,0,land
1319218165239,0,land
1315213973629,0,land
1322220670335,0,land
1318217423843,0,land
1315213726110,0,land
1322221357003,0,land
1315214176149,0,land
1317215932942,0,land
1322220879415,0,land
1316215007372,0,land
1319217705019,0,land
1314212852937,0,land
1317216213468,0,land
1315214457780,0,land
1320219381682,53437,land
1320218865715,0,land
1319218044701,0,land
1317216217760,0,land
1316215390067,111,land
1322221401146,0,land
1314212423875,0,land
1317216604850,0,land
1319218273353,0,land
1317216041285,0,land
1319217801137,0,land
1316215587116,73164,land
1322220719241,0,land
1322221248356,0,land
1317216100798,675,land
1321219965819,0,land
1322220880619,0,land
1315213937636,5,land
1317215940747,0,land
1315213817467,0,land
1316215115825,0,land
1317216432260,0,land
1314211941467,0,land
1314212630622,0,land
1323221963301,0,land
1316215170046,0,land
1317216234296,0,land
1318216913158,0,land
1315213833989,0,land
1319217963053,0,land
1324222438905,0,land
1314212695023,0,land
1322222395333,0,land
1317216141743,0,land
1319218039360,0,land
1324222904435,0,land
1318217538343,0,land
1320218732422,0,land
1319218193314,198259,land
1321220434361,0,land
1316215057845,0,land
1316218378521,0,land
1324222895714,0,land
1314212655409,0,land
1318216934036,0,land
1323222354425,0,land
1324222559801,0,land
1314212315865,0,land
1314212536561,0,land
1317216147809,0,land
1322220919219,0,land
1315214215333,0,land
1322221298829,0,land
1322221188511,0,land
1315213874581,0,land
1315214308431,0,land
1316215802909,0,land
1317216488395,0,land
1317216059790,0,land
1315215127390,0,land
1316215366194,0,land
1315214256101,0,land
1316215208909,0,land
1315214162238,0,land
1315213857384,0,land
1324223035306,0,land
1316215544990,0,land
1320219123748,0,land
1324222500706,0,land
1320220599892,0,land
1323221676582,0,land
1320219219906,0,land
1324222784252,0,land
1320218818312,0,land
1322221071828,0,land
1321219785247,0,land
1314213103462,0,land
1319218089148,0,land
1318216858757,0,land
1314213012115,0,land
1320218818223,0,land
1316215160021,0,land
1314211923216,0,land
1316215606967,0,land
1317216420303,0,land
1316215373984,0,land
1316215766647,0,land
1321219639263,0,land
1322220626891,0,land
1315214441875,0,land
1315214019630,0,land
1315214356091,0,land
1318217740721,0,land
1323221596669,0,land
1315213541840,0,land
1315213696697,0,land
1319218199014,0,land
1315214118844,0,land
1324222676470,0,land
1324222807657,0,land
1324222602637,0,land
1317216499970,0,land
1314212554416,0,land
1323222323545,0,land
1317215828296,0,land
1322220688648,0,land
1319217909670,0,land
1317215951587,0,land
1320219409428,0,land
1314212900171,0,land
1319218495289,0,land
1322220787687,0,land
1316215217201,0,land
1321220029565,0,land
1322220852469,0,land
1324223202375,0,land
1315214276812,0,land
1314212412427,0,land
1315214425908,0,land
1317215816657,0,land
1316215089499,0,land
1323221710128,0,land
1323222137729,0,land
1322220898112,0,land
1319217812989,0,land
1317216135665,0,land
1323222217515,0,land
1314212840084,0,land
1317216245225,0,land
1322220791279,0,land
1324222576567,0,land
1323221921517,0,land
1322220955520,0,land
1319217816444,0,land
1315214291989,0,land
1320219246865,0,land
1316215655200,0,land
1319218031843,0,land
1319217827928,0,land
1316215684743,0,land
1318216843565,0,land
1320219275827,0,land
1317216473912,0,land
1315214500934,0,land
1315214201497,0,land
1314212500627,122,land
1315213218062,0,land
1314212450783,0,land
1315214203770,0,land
1316215037122,0,land
1324223050547,0,land
1316215765381,0,land
1321220420158,0,land
1315214124137,0,land
1315213733443,750,land
1314212516684,0,land
1319217978081,0,land
1318216970400,0,land
1315213663786,0,land
1320219024270,0,land
1324222417774,0,land
1317216057051,0,land
1316214979369,0,land
1324222588016,0,land
1314212943904,59,land
1318217282351,0,land
1324222634747,0,land
1317216015697,0,land
1323221624226,0,land
1322220998696,0,land
1320218739771,0,land
1322220647010,0,land
1319217705033,0,land
1314212520403,0,land
1316215744374,0,land
1323222218897,0,land
1317216138661,0,land
1316215534660,0,land
1321220462790,74,land
1322220826162,0,land
1315213719406,0,land
1323221940392,0,land
1316215457932,0,land
1316215406505,0,land
1316215187307,0,land
1316215072733,0,land
1320218657361,0,land
1317216057024,0,land
1316215205434,0,land
1317219408349,0,land
1319217806595,0,land
1316215023870,0,land
1322220733063,0,land
1322220772127,0,land
1320218689750,0,land
1320218756993,0,land
1321219829518,0,land
1323222327658,0,land
1324222452880,0,land
1324222803696,0,land
1323221930910,0,land
1314212536559,0,land
1323221950520,0,land
1318216914919,0,land
1319218369787,0,land
1314213836240,0,land
1314212481663,0,land
1318217123417,0,land
1318217398419,0,land
1317216126185,0,land
1324222530887,0,land
1314212782369,0,land
1315213938261,34,land
1323221684386,0,land
1316215704014,0,land
1317216506752,0,land
1324223206196,0,land
1317215995782,0,land
1314212505135,0,land
1323221611318,0,land
1321219752161,0,land
1314211922669,0,land
1320218764138,0,land
1315213546169,0,land
1315213681986,0,land
1316215686763,0,land
1315213659461,0,land
1316215503083,0,land
1324222608604,0,land
1322221441379,0,land
1316215015379,0,land
1322221205851,0,land
1314212552665,0,land
1319218208686,0,land
1315213876941,30165,land
1314212337226,0,land
1314212556031,0,land
1314212808570,0,land
1315214212476,0,land
1319217980034,0,land
1317216208304,0,land
1318217021447,0,land
1323221614338,0,land
1317216013336,0,land
1319218046845,0,land
1319218440004,0,land
1319218075644,0,land
1319218003539,0,land
1315213920491,0,land
1314212878615,0,land
1315213658521,0,land
1315213243417,690,land
1315214062578,0,land
1320218796819,0,land
1316214961118,0,land
1322221415716,5,land
1315214080158,0,land
1324222616575,0,land
1322220650523,0,land
1321220324040,0,land
1322220892665,0,land
1315218696843,0,land
1321219666587,0,land
1321220087997,0,land
1323222322378,0,land
1322220904965,0,land
1320219273606,0,land
1314213548922,0,land
1322220877498,0,land
1318216874901,1971,land
1320218648083,0,land
1324223039809,0,land
1324223121183,0,land
1319218364747,0,land
1319217824541,0,land
1321220517460,0,land
1317216097194,0,land
1315214410007,0,land
1321220164406,0,land
1314212400396,0,land
1324223083573,0,land
1320218625630,0,land
1323222028742,0,land
1314212932798,0,land
1315214313975,0,land
1320218728006,0,land
1319218383899,0,land
1323221549645,0,land
1324223208240,0,land
1318217434570,0,land
1324223071301,0,land
1319218067635,0,land
1317215940584,0,land
1321220403240,0,land
1323221811490,0,land
1321219679204,0,land
1322221349347,0,land
1316215689769,0,land
1322220797789,0,land
1323221914690,0,land
1314212555674,0,land
1318217385020,5,land
1314212549176,0,land
1319218262677,0,land
1314211941923,0,land
1322221094814,0,land
1316215394812,0,land
1324222527119,0,land
1315214131789,0,land
1322220997151,0,land
1319217978004,0,land
1321219507365,49,land
1322221043779,0,land
1322221065687,0,land
1321219739149,0,land
1320219259227,0,land
1319217757576,0,land
1316215047958,0,land
1321219725482,0,land
1318217377985,0,land
1314213051636,0,land
1315214038756,0,land
1315214438398,0,land
1314213174434,0,land
1322220993861,0,land
1315214053062,0,land
1320219175332,0,land
1321220041863,0,land
1321220159267,0,land
1316215045550,0,land
1320219197124,0,land
1318216798102,0,land
1319217843426,0,land
1316215010758,0,land
1314212779781,0,land
1317215914704,0,land
1315213703174,0,land
1320219357338,0,land
1323221836531,0,land
1324222418586,0,land
1316214948972,0,land
1317216289506,0,land
1316215162835,0,land
1319218556912,0,land
1317216390587,0,land
1316215477605,0,land
1323222124024,0,land
1318217149210,0,land
1314212618793,27200,land
1322221174307,0,land
1317216435014,0,land
1322221415250,0,land
1320218737272,0,land
1318219433101,0,land
1314212514044,0,land
1315213635511,0,land
1317215816683,0,land
1317216479651,0,land
1322220757328,0,land
1319218532188,2,land
1314211886953,0,land
1314212342950,0,land
1320218684658,0,land
1315213605948,0,land
1315213736844,0,land
1320218806406,0,land
1317216583070,0,land
1315215788338,0,land
1314211904735,0,land
1314212315319,0,land
1316215469762,0,land
1317216260113,0,land
1315213844210,0,land
1314213098458,0,land
1319217915331,0,land
1323221824612,0,land
1315214240323,0,land
1316215554306,0,land
1321219663061,0,land
1314212558581,0,land
1314212619264,0,land
1315214345480,0,land
1323222258497,0,land
1314212660765,0,land
1314212451292,0,land
1322220899393,0,land
1315213969064,0,land
1318217197728,0,land
1315214203489,0,land
1314212465621,0,land
1316215530371,0,land
1319218183933,0,land
1323221603032,0,land
1321219943925,0,land
1324222914982,0,land
1324223038769,0,land
1323222255857,0,land
1317216593804,0,land
1324222969901,0,land
1316214982720,0,land
1320218979134,0,land
1323221897743,0,land
1316218588693,0,land
1317216432435,0,land
1323221966765,0,land
1320218596791,0,land
1317216553471,0,land
1319218165254,0,land
1322220788943,0,land
1322221450051,0,land
1320219029016,0,land
1320219216951,0,land
1323222239218,0,land
1316217604901,0,land
1314212630281,0,land
1315214331326,0,land
1316215559853,0,land
1314212882955,0,land
1317216166191,0,land
1314213104831,0,land
1317216422891,0,land
1323222165108,0,land
1315214189843,0,land
1316214922128,0,land
1319218268961,5,land
1315213959796,0,land
1321220682304,0,land
1314212441341,0,land
1320218993107,0,land
1319218399665,0,land
1317215841596,0,land
1316215767664,0,land
1316215655224,0,land
1321220376115,0,land
1317218600827,0,land
1323221696091,0,land
1323222137921,0,land
1322220936963,0,land
1323221844828,0,land
1319217960525,0,land
1319217819147,0,land
1316215076593,17057,land
1322220641854,0,land
1324222794935,0,land
1316215164981,0,land
1323222162923,0,land
1315213703515,0,land
1317215910023,0,land
1322220849994,0,land
1317216212910,0,land
1316214986945,0,land
1317216093789,0,land
1316215012877,0,land
1318217507728,0,land
1323223239930,0,land
1323221768649,0,land
1316215359858,0,land
1324222614012,0,land
1324222517789,0,land
1321219882659,0,land
1322220969430,0,land
1324222467716,0,land
1321220442634,0,land
1324223039393,0,land
1316215594247,0,land
1318217027717,0,land
1320218756637,0,land
1322221360845,0,land
1314212774463,0,land
1316215232911,0,land
1316215513565,0,land
1314212500742,0,land
1321221534581,0,land
1320219214133,0,land
1314212799365,0,land
1316215107792,0,land
1319218075669,0,land
1319218082814,0,land
1324222590390,0,land
1314211953411,0,land
1322221070093,0,land
1322220752265,0,land
1317216014858,0,land
1322220795088,0,land
1314213016443,0,land
1319218365512,0,land
1318217044787,0,land
1315214288728,0,land
1314212543831,0,land
1316215271077,0,land
1314212960571,0,land
1315216649323,0,land
1315214102220,0,land
1315214299707,0,land
1316215218153,0,land
1324222665770,0,land
1323222387894,0,land
1321219670914,0,land
1317215833373,0,land
1316214933475,0,land
1321219664822,750,land
1323222326112,0,land
1321220274284,0,land
1318217027729,0,land
1317215931914,0,land
1322221194400,0,land
1319217782008,0,land
1319218047886,0,land
1321219853052,0,land
1323221679727,0,land
1314212833798,0,land
1317216408423,0,land
1315213896160,0,land
1321220027003,0,land
1322221428826,0,land
1315213745197,0,land
1321219851401,0,land
1314212442964,0,land
1315213854666,0,land
1314213178116,0,land
1324222690327,0,land
1316214985246,0,land
1322221031329,0,land
1324222684336,0,land
1316215101561,0,land
1316215499524,0,land
1317215894306,0,land
1324222901771,0,land
1315213593433,0,land
1324222449201,0,land
1314212804660,0,land
1320218649984,0,land
1318216954420,0,land
1323222157404,0,land
1320218669051,0,land
1315214105013,0,land
1318217365889,0,land
1319218431916,0,land
1323221976626,0,land
1319217825215,0,land
1322220966408,0,land
1314212611394,0,land
1320219126947,0,land
1322221112333,0,land
1323222239206,0,land
1320218804173,0,land
1324223118631,0,land
1316215694807,0,land
1320219099239,0,land
1317216135564,0,land
1323222135170,0,land
1316215045396,0,land
1315214343980,0,land
1322220693295,0,land
1318216834705,0,land
1322220988048,0,land
1319218289332,0,land
1323222343372,0,land
1318217164209,0,land
1321219867013,0,land
1314213126067,0,land
1322220776595,0,land
1323222271886,0,land
1323222084915,0,land
1322221228632,0,land
1315214181671,0,land
1319218480717,0,land
1315213223439,0,land
1324222527208,0,land
1315214191405,0,land
1316214986768,0,land
1320219026438,0,land
1316214979332,0,land
1314211936125,0,land
1318217195534,0,land
1314212390470,0,land
1315214324713,0,land
1322220700379,0,land
1323221913852,0,land
1316215666049,0,land
1314212792752,0,land
1320218616276,0,land
1320218684645,0,land
1315213968795,0,land
1314212389706,0,land
1320218819631,0,land
1314212665436,0,land
1314212872737,0,land
1321219468889,0,land
1316215057973,0,land
1316215697828,1810,land
1314212937940,0,land
1318217087004,0,land
1318216788606,0,land
1323221611344,0,land
1315218623256,0,land
1323221548504,0,land
1323222395396,0,land
1315213984267,0,land
1317216097788,0,land
1319218494577,0,land
1321219776123,0,land
1321219468636,0,land
1319218334009,0,land
1324223229485,0,land
1315214339222,0,land
1321220142196,0,land
1314212887083,0,land
1314212566463,0,land
1314212893010,0,land
1320218857377,0,land
1321220303705,0,land
1315214240400,0,land
1320218922538,56049,land
1324223196231,0,land
1322220955518,0,land
1317216045625,0,land
1315213794783,0,land
1323222149092,0,land
1324222553240,0,land
1323221616093,0,land
1324223181482,0,land
1316215080894,0,land
1319218069488,0,land
1317216538153,0,land
1314212713061,0,land
1320219054362,0,land
1314216076190,0,land
1314212500401,0,land
1322220885115,0,land
1323221611357,0,land
1314212908952,0,land
1314212501163,0,land
1315213550318,0,land
1320219404086,0,land
1315214198576,68,land
1320219031186,0,land
1317215816707,0,land
1317215880612,0,land
1321220188054,0,land
1324222550360,0,land
1321219631645,0,land
1322221249117,0,land
1314212925224,0,land
1322221065675,0,land
1314212959821,0,land
1319218556619,0,land
1316215087913,0,land
1317217774823,0,land
1322222299772,0,land
1321220222347,0,land
1317216245201,0,land
1316215676115,0,land
1322220927368,0,land
1315214460368,0,land
1324222407064,0,land
1314212653063,0,land
1315214125650,0,land
1320219274899,0,land
1314211917570,0,land
1314213076654,0,land
1324222407102,0,land
1315213926823,0,land
1315213738800,0,land
1314212461521,0,land
1316215184060,0,land
1320219026440,0,land
1316215364629,0,land
1317216484129,0,land
1315213935277,0,land
1321219704552,0,land
1324222468605,0,land
1321219758315,0,land
1315213896121,0,land
1320218865739,0,land
1321220323986,0,land
1316215039280,0,land
1315213890270,0,land
1317216464394,0,land
1321219892039,0,land
1318217457845,0,land
1315214121699,0,land
1314212953968,0,land
1318217053937,0,land
1322221375761,0,land
1320220606851,0,land
1320218962696,0,land
1322221465697,0,land
1321221489382,0,land
1321221320827,0,land
1320218873305,0,land
1316215180757,0,land
1323221573734,0,land
1323222012852,0,land
1323222343360,0,land
1315214193082,0,land
1315213645260,0,land
1314213237617,0,land
1322220782775,0,land
1320219342870,0,land
1318216834717,0,land
1317216563914,0,land
1318217323171,0,land
1314213027535,0,land
1323221663572,0,land
1317216057632,0,land
1323221674409,0,land
1316215052806,0,land
1315213977972,0,land
1317216391060,0,land
1316215342801,0,land
1314212594877,0,land
1316215052782,0,land
1314212460808,0,land
1314211941479,0,land
1317216592434,0,land
1315214464810,250,land
1316214897011,0,land
1321220308946,0,land
1323221815970,0,land
1321220371999,0,land
1320219395480,0,land
1316215673132,4129,land
1321219729910,0,land
1316215390244,0,land
1322220836466,0,land
1323221835681,0,land
1317216433781,0,land
1319218252839,0,land
1324222583256,0,land
1320219185701,0,land
1317216015798,0,land
1324222607121,0,land
1321220001123,0,land
1315213770148,0,land
1321220313845,0,land
1322221059963,0,land
1323221648090,0,land
1323221660018,0,land
1317216589782,0,land
1315214386866,0,land
1321219622103,0,land
1317215844438,0,land
1320218605588,0,land
1320221534427,0,land
1316215205459,0,land
1316215384583,0,land
1315213922014,0,land
1318217217417,0,land
1317215814272,0,land
1316215162850,0,land
1317216604975,0,land
1317215895259,0,land
1322220726184,0,land
1314212478200,0,land
1323221648456,4,land
1318217335088,0,land
1321219961822,0,land
1319217963065,0,land
1316215640653,0,land
1316215289683,55,land
1318217149196,0,land
1315214344234,0,land
1314212690453,0,land
1321219821004,0,land
1321220238048,0,land
1315213611369,0,land
1319218145175,101,land
1320218777656,0,land
1316215690189,0,land
1315213231160,0,land
1314212992592,0,land
1319218560009,0,land
1314212419372,0,land
1323221755236,0,land
1315213959442,0,land
1323221532500,0,land
1323221700127,0,land
1324222519377,0,land
1318217403486,0,land
1319217961390,0,land
1317216100800,246,land
1314214503118,0,land
1315214311209,0,land
1317216432462,0,land
1314212927420,125,land
1314212956674,0,land
1322220756872,0,land
1315213751720,0,land
1323221637782,0,land
1320218944256,0,land
1320218775258,0,land
1315214356661,0,land
1315214185492,0,land
1317218606945,0,land
1319217821368,0,land
1315214191898,0,land
1320219174733,0,land
1315213966169,0,land
1316215298112,5,land
1314212684664,0,land
1315213213958,0,land
1315213729926,0,land
1321219697796,0,land
1321220146221,0,land
1324222759096,0,land
1321219890377,975,land
1316215306919,0,land
1323221549470,0,land
1323222047944,0,land
1323221706373,0,land
1324222735072,0,land
1324222539013,0,land
1321220007203,0,land
1320219305277,0,land
1315213690480,0,land
1315213737947,0,land
1318216912648,0,land
1314212556005,0,land
1315214196204,0,land
1318217541782,0,land
1317216114797,0,land
1315214390902,0,land
1322220974149,0,land
1317218637650,0,land
1316215644333,0,land
1320218814008,0,land
1317215908928,0,land
1315214245906,0,land
1314212393058,0,land
1321219693379,0,land
1320218977080,0,land
1324222774655,0,land
1322222388946,0,land
1321219933280,0,land
1315214087660,0,land
1321219792811,0,land
1317216603050,0,land
1315214163192,0,land
1322221298831,0,land
1314212385189,0,land
1324222762700,0,land
1314212989634,0,land
1320219034345,0,land
1315213637667,0,land
1316217492988,0,land
1317216508554,0,land
1322221205800,0,land
1314212404343,0,land
1321219667464,0,land
1314212401537,0,land
1320219434141,0,land
1314212926998,0,land
1320219239023,0,land
1316215519113,0,land
1314212704858,0,land
1322221007610,0,land
1315214024162,0,land
1314212551143,0,land
1319217615362,0,land
1316215365863,0,land
1315214412443,0,land
1323222067656,0,land
1319218465856,0,land
1317216135590,0,land
1314212302917,0,land
1317216402610,0,land
1320218585418,0,land
1319218352223,0,land
1322220921706,0,land
1316215132135,0,land
1316215136223,0,land
1318216757056,0,land
1319218147561,0,land
1319219434242,220,land
1315213576186,0,land
1324222987669,0,land
1323221784111,2921,land
1316215437132,0,land
1318217338072,0,land
1317215959331,0,land
1320218973257,0,land
1319217799194,0,land
1320218766222,0,land
1323221646399,0,land
1320219172436,0,land
1322220744662,0,land
1314212855807,0,land
1322221563024,0,land
1316215439365,0,land
1323222157442,0,land
1322221135445,0,land
1315214127161,0,land
1324222660514,0,land
1314212823506,0,land
1321220342517,0,land
1322221016189,0,land
1322220697991,0,land
1315214013652,0,land
1321220172098,0,land
1316215101864,0,land
1323221626676,0,land
1317216619421,0,land
1317216547240,0,land
1318216952705,0,land
1316215136247,0,land
1314211904697,0,land
1322220851707,0,land
1315214346619,0,land
1316215451915,0,land
1314212482970,0,land
1314212829232,0,land
1324222853576,319,land
1317215868086,0,land
1315213766379,0,land
1314212659748,0,land
1316215377538,0,land
1314212480230,0,land
1316215074257,0,land
1317216619445,0,land
1319218030738,0,land
1320219261144,0,land
1322221572959,0,land
1317215835909,0,land
1317215874165,0,land
1318216985770,0,land
1324222866978,0,land
1314211914320,0,land
1320218806596,0,land
1322221427077,0,land
1323221585526,0,land
1317216245148,0,land
1319218240291,0,land
1324222583243,0,land
1321220483147,0,land
1318217413145,0,land
1316215101876,0,land
1322220628693,0,land
1319218518583,0,land
1316215742812,0,land
1314212345351,0,land
1322221155183,0,land
1318217152444,0,land
1318216746521,0,land
1322220715736,0,land
1315214191912,0,land
1322220865291,0,land
1323221538743,0,land
1314212333557,0,land
1317215971351,0,land
1315213706005,0,land
1324222911051,0,land
1318216834628,0,land
1319217799826,0,land
1321219828579,0,land
1318218528230,3000,land
1315218606921,0,land
1314212404242,0,land
1315214154332,0,land
1321219972460,0,land
1317219425206,0,land
1317216527477,0,land
1316215349806,0,land
1322221008889,0,land
1319217980743,0,land
1318217683414,6,land
1316215694833,0,land
1321219670229,0,land
1314212507115,0,land
1320219291907,0,land
1320219622053,0,land
1315215278730,0,land
1319217836321,0,land
1315213675109,0,land
1316215460650,0,land
1319218340495,0,land
1319217992130,0,land
1320218676601,0,land
1320218942631,0,land
1319218484032,0,land
1317215963962,0,land
1314216041552,0,land
1323221882006,530,land
1314212772863,0,land
1314212848941,0,land
1314212789150,0,land
1316215365558,0,land
1322221371394,0,land
1322220745145,0,land
1315213766381,0,land
1322220749485,0,land
1322220983908,0,land
1318217260088,0,land
1323222361242,0,land
1315214122436,0,land
1319218193288,822381,land
1315214341149,0,land
1320218800201,0,land
1320219347566,0,land
1315213702739,0,land
1314212428003,0,land
1314212887057,0,land
1314212808784,0,land
1314212673836,0,land
1315214104972,0,land
1320219026794,0,land
1317216074120,0,land
1317216510774,0,land
1315214116600,0,land
1318217260494,0,land
1321220172086,0,land
1315213984166,0,land
1317216597866,0,land
1316215682030,0,land
1322220679310,0,land
1314212730422,0,land
1323221601863,0,land
1314212959884,0,land
1317215830365,0,land
1321219625187,0,land
1318217142138,0,land
1322220942977,0,land
1323221846746,0,land
1319218447225,0,land
1321220041952,0,land
1317215947856,0,land
1316215015367,0,land
1323221545066,0,land
1318216910428,0,land
1323221639622,0,land
1314213167962,0,land
1315214313619,0,land
1321220661577,0,land
1323221721487,0,land
1320218642712,0,land
1323222044036,0,land
1324222703542,0,land
1323221875483,0,land
1319218494692,0,land
1319217756612,0,land
1315213937675,0,land
1315214385433,0,land
1314212687457,0,land
1314212466217,0,land
1314212646653,0,land
1322221446406,0,land
1319218024255,0,land
1322221340779,0,land
1319217858075,0,land
1314212750160,0,land
1314213002114,0,land
1316215289339,0,land
1314211915210,0,land
1314212792636,0,land
1316215115852,0,land
1316215327329,0,land
1318217137470,0,land
1318217221617,0,land
1316215365901,0,land
1322221151424,0,land
1316215586532,0,land
1315213851886,0,land
1319218285435,0,land
1317216335164,0,land
1319217778024,0,land
1323221753270,0,land
1322220763332,0,land
1316215769694,0,land
1320218700262,0,land
1316215710029,0,land
1318217383328,0,land
1316215092089,0,land
1314212443206,0,land
1317216614622,0,land
1315213664461,0,land
1316215761305,0,land
1315214137869,0,land
1314212383994,0,land
1320219035793,0,land
1317216369037,0,land
1319217961592,0,land
1324222684348,0,land
1315213666124,0,land
1319217791298,8650,land
1315213700750,0,land
1322221155120,0,land
1316215091048,0,land
1316215744398,0,land
1324222917130,0,land
1319217660669,0,land
1322220830780,0,land
1323221983190,0,land
1317215988054,0,land
1318216903676,0,land
1315213721273,0,land
1318217425887,0,land
1319218388231,0,land
1322220793804,0,land
1314212516734,0,land
1315214006429,0,land
1314212353573,0,land
1316215176379,0,land
1316215357753,0,land
1317216293858,0,land
1319218269761,0,land
1315214272748,5,land
1314211923519,0,land
1314212778880,4,land
1314212695338,0,land
1315214051575,0,land
1315214404509,0,land
1314212587505,0,land
1319218075721,0,land
1321220078214,0,land
1322220843155,0,land
1315213781661,0,land
1324222530901,0,land
1322221504677,0,land
1323222174981,0,land
1315218623320,0,land
1318216750859,0,land
1323221817911,0,land
1314212384491,0,land
1316217712518,0,land
1314217595899,0,land
1320218954840,0,land
1314212878894,0,land
1322221461433,0,land
1322220763320,0,land
1314212319990,0,land
1322221144203,0,land
1324222474001,0,land
1322220961080,0,land
1314212849273,0,land
1319217827498,0,land
1315213919893,0,land
1321219644251,0,land
1323222255578,0,land
1314213100668,0,land
1323222166959,0,land
1323222387514,0,land
1314212655462,0,land
1316215519671,0,land
1314212975890,0,land
1320219212634,0,land
1324223191851,0,land
1322220712184,0,land
1314212489049,0,land
1314212400218,0,land
1317216010304,0,land
1320219050933,0,land
1319218032629,0,land
1320218845802,0,land
1323221784186,2325,land
1317216342117,0,land
1316215711300,0,land
1318219407018,0,land
1314212632119,0,land
1319218416170,0,land
1316214979205,0,land
1322221243734,0,land
1322221008877,0,land
1319218020663,0,land
1320219461908,0,land
1316215788656,0,land
1316215342799,0,land
1318217276738,0,land
1314212540684,0,land
1314212385052,0,land
1322221308380,0,land
1323221937636,0,land
1322220780290,0,land
1320218595003,0,land
1319218133609,0,land
1317216053847,0,land
1316215040534,235,land
1316215193564,0,land
1320219349091,0,land
1315213679576,0,land
1314212743619,0,land
1322220876092,0,land
1319217997410,0,land
1322220733529,0,land
1320218879361,0,land
1320219333768,0,land
1316217672310,0,land
1318216798025,0,land
1321219754254,0,land
1317215971375,0,land
1316215133810,0,land
1316215128733,0,land
1316215697879,7300,land
1315213722554,0,land
1315214264830,0,land
1320218684696,0,land
1322221223136,0,land
1314212478212,0,land
1316215446182,0,land
1315214387464,0,land
1317216081051,0,land
1318216942716,0,land
1318217381173,0,land
1323221886411,0,land
1324222565309,50,land
1314213072857,0,land
1319218526224,0,land
1319217838162,0,land
1321222393047,0,land
1314212774487,0,land
1322220751883,0,land
1317217644715,0,land
1322221467513,250,land
1323222309332,0,land
1316215364581,0,land
1316215656758,0,land
1317216321657,0,land
1322220937534,0,land
1321219616493,0,land
1318221471939,0,land
1321219785161,0,land
1319218071292,0,land
1315214231805,0,land
1317216306656,0,land
1324222439630,0,land
1322220951279,0,land
1321220489809,0,land
1320218684684,0,land
1319217803182,0,land
1317216289532,0,land
1315216643294,0,land
1322220741906,0,land
1314211953474,0,land
1315213944782,0,land
1315213585387,0,land
1316215181013,0,land
1322220785467,0,land
1324222765442,0,land
1320219278126,0,land
1320218604751,0,land
1321220089763,0,land
1320218576825,0,land
1316215364605,0,land
1317216563751,0,land
1321220401929,0,land
1315214356697,0,land
1316215538962,0,land
1322220786368,0,land
1319217870056,0,land
1323223236858,0,land
1315214245870,0,land
1315214272751,5,land
1322221078215,0,land
1318217448745,0,land
1315213984127,0,land
1323221978911,0,land
1323222023982,0,land
1320218661130,0,land
1318217012689,0,land
1314213237605,0,land
1322221016114,0,land
1316215059231,0,land
1322221445758,0,land
1318216894980,0,land
1321219757806,81,land
1320218595054,0,land
1323221539962,0,land
1315213945658,0,land
1315213980651,0,land
1314212782849,0,land
1315214189856,0,land
1323221625369,0,land
1321220163632,0,land
1322220824914,0,land
1319217721214,0,land
1322221465685,0,land
1324222521977,0,land
1323221638289,0,land
1318217260482,0,land
1318216863199,0,land
1317216315061,1218,land
1318216983522,0,land
1321220376154,0,land
1321220391546,0,land
1322220832303,0,land
1322221311311,0,land
1322220693269,0,land
1320218733069,0,land
1320218717407,0,land
1320219337312,0,land
1322221498431,0,land
1314213125964,0,land
1321219602099,0,land
1317216406975,0,land
1322220817124,0,land
1324223007372,0,land
1315213962400,0,land
1319218273454,0,land
1316215411190,0,land
1314212557565,0,land
1323221585716,0,land
1321219676499,0,land
1316215076302,0,land
1320218747044,0,land
1322220969416,0,land
1324223208202,0,land
1322220660106,0,land
1324222533919,0,land
1323222258865,0,land
1314212322402,0,land
1316215067909,0,land
1321219447048,0,land
1322220835870,0,land
1320219383142,0,land
1314212950265,0,land
1319217928187,0,land
1318216726923,5021,land
1320218950739,0,land
1321219774445,0,land
1324222737544,0,land
1321219871213,0,land
1322221380393,0,land
1315213588306,0,land
1321219677046,0,land
1324222418218,0,land
1320218700274,0,land
1324222868109,0,land
1322220915072,0,land
1315213937840,0,land
1316215075856,0,land
1315213968353,31,land
1314212343471,0,land
1314212345324,0,land
1316215058280,0,land
1317216009199,0,land
1314213189311,0,land
1322221316654,0,land
1324222590388,0,land
1314212878906,0,land
1317215884560,0,land
1319217938947,0,land
1314212402263,0,land
1315213235536,0,land
1316215059229,0,land
1316215619178,0,land
1314213001860,0,land
1315213715624,0,land
1320219197340,0,land
1319219407069,0,land
1320218885539,0,land
1316215192725,0,land
1319217666635,0,land
1319218508517,0,land
1318216766360,0,land
1317215913498,2415,land
1314212748279,0,land
1317216569311,0,land
1315214331276,0,land
1322220764512,0,land
1323221765377,0,land
1323221769983,0,land
1316215674882,0,land
1321220353496,0,land
1321220443220,0,land
1320219380565,0,land
1315218633889,0,land
1315214412292,0,land
1314212985182,0,land
1321219721558,0,land
1321219845979,0,land
1319217978016,0,land
1320219256512,0,land
1322221534290,0,land
1320218966568,0,land
1318217228156,0,land
1317216385435,161,land
1317216222226,0,land
1318217299419,0,land
1315213965852,0,land
1321220147110,0,land
1315213669512,0,land
1315213791231,0,land
1321220027268,0,land
1322220732465,0,land
1322220762823,0,land
1317216044709,0,land
1320218934798,0,land
1319217778341,0,land
1322220700126,0,land
1323221672025,0,land
1316215682434,27526,land
1314211886991,0,land
1316214969495,0,land
1321219743554,0,land
1324222406567,0,land
1319221498241,0,land
1317216138685,0,land
1317216332902,0,land
1319218198137,0,land
1316215271166,0,land
1315213578216,0,land
1321219851247,0,land
1321220472361,0,land
1320219368281,0,land
1315214424968,0,land
1315213219571,0,land
1317218574251,0,land
1319218322699,0,land
1324223006091,0,land
1315213697511,0,land
1318217149172,0,land
1314212428433,0,land
1323222012864,0,land
1321219702370,0,land
1314212495980,0,land
1314212682569,0,land
1315214215257,0,land
1318217058674,0,land
1320218576585,0,land
1316215673144,0,land
1314213199110,0,land
1322221209695,0,land
1317216437350,0,land
1314212985663,0,land
1315213804750,0,land
1323222139949,0,land
1322221212905,0,land
1320219325103,0,land
1324222883757,0,land
1317216330860,0,land
1321220122168,0,land
1318216762447,0,land
1321220420107,0,land
1314212588572,0,land
1314213104829,0,land
1315213984204,0,land
1323222174322,0,land
1321220175677,0,land
1323221606763,0,land
1319218157396,0,land
1318217135678,0,land
1316218617025,0,land
1322220997148,0,land
1314212881686,0,land
1324222585440,0,land
1324222676468,0,land
1316215217100,0,land
1315213681962,0,land
1314213104387,0,land
1317215803863,0,land
1317216622860,0,land
1319217610361,0,land
1322221433257,0,land
1323221950936,0,land
1316215438514,0,land
1314214496566,0,land
1316215773995,0,land
1316215606664,0,land
1317216010948,0,land
1324223180718,0,land
1319218193656,0,land
1315213572074,0,land
1321220659510,0,land
1319217680065,0,land
1319217801620,0,land
1322220768523,0,land
1315214043515,0,land
1315213685720,0,land
1324222554747,0,land
1321220586604,0,land
1314212378386,0,land
1322221169663,0,land
1323222188637,0,land
1315213992237,0,land
1321219916614,0,land
1314212377636,0,land
1318217419290,0,land
1314211917719,0,land
1324222592836,0,land
1323221648126,0,land
1315214155588,0,land
1320218758872,0,land
1318217455272,0,land
1314212816678,0,land
1320219157397,0,land
1316214986010,0,land
1314213004118,5,land
1319218397848,0,land
1322220783955,0,land
1314212428015,0,land
1316215093194,0,land
1316215682055,0,land
1315214235412,0,land
1317215885880,0,land
1319218504215,0,land
1320219201757,0,land
1318216981757,0,land
1317216437451,0,land
1323222015873,0,land
1322221498468,0,land
1316215029291,0,land
1316215300512,0,land
1318217042579,0,land
1315214215600,0,land
1317216592788,0,land
1321219828480,0,land
1315213572922,0,land
1315214451700,0,land
1321219624071,0,land
1314212944211,0,land
1315213829409,0,land
1322221294085,0,land
1316215365913,0,land
1316215469952,0,land
1324222911036,0,land
1314212692584,0,land
1324222737189,0,land
1322221371141,0,land
1317216283061,0,land
1323222257560,0,land
1324222482681,0,land
1322220938575,0,land
1317216571873,0,land
1324222542161,0,land
1314212522270,0,land
1322220640940,0,land
1323221706385,0,land
1322221267964,0,land
1317216280406,0,land
1319218495315,0,land
1321219931591,0,land
1316215072721,0,land
1315214393326,0,land
1324222667065,0,land
1315214039354,0,land
1320218979716,0,land
1315213704063,0,land
1322221300445,0,land
1321219595410,0,land
1320219400417,0,land
1321220657050,0,land
1320218713461,0,land
1315213971498,0,land
1314212335929,0,land
1316215493178,0,land
1316215357361,0,land
1324223153596,0,land
1317216057048,0,land
1314212394454,0,land
1319218496180,0,land
1315213761911,0,land
1315213910514,0,land
1317216377388,0,land
1319218394272,0,land
1324222989333,0,land
1318217345723,0,land
1318217217393,0,land
1319217742117,0,land
1322220981346,0,land
1323222175364,0,land
1314212414799,0,land
1316215710017,0,land
1322221114059,0,land
1322221221043,0,land
1315214006456,0,land
1322220732337,0,land
1318216769366,0,land
1314212322313,0,land
1315213792827,0,land
1315214011278,0,land
1319218069452,0,land
1319218265395,0,land
1316215662812,0,land
1320218687352,0,land
1322221502281,1442,land
1317216234322,0,land
1319218340065,0,land
1316215329095,0,land
1320219333919,0,land
1315213673609,0,land
1316215104769,0,land
1319218636191,0,land
1323222249930,0,land
1324222444996,0,land
1319217809678,0,land
1318217174465,0,land
1317215905504,0,land
1316215352939,0,land
1323222043123,0,land
1317216200105,5,land
1315213978024,0,land
1317216296970,0,land
1318217071834,0,land
1322221060623,0,land
1316215364579,0,land
1316215640640,0,land
1318217283593,0,land
1320218879385,0,land
1321220275212,0,land
1323222019489,0,land
1315214344691,0,land
1324223202449,0,land
1324223165150,0,land
1319218515474,0,land
1323221542994,0,land
1321220142208,0,land
1321219702368,0,land
1318217262017,0,land
1316214992632,0,land
1314212647566,0,land
1315213581580,0,land
1318217021450,0,land
1323221713353,0,land
1314212779793,0,land
1318217447008,0,land
1315214218808,0,land
1324222530899,0,land
1323221724925,0,land
1324222596037,0,land
1318217534282,0,land
1319218098869,130,land
1322221388972,0,land
1319218335166,0,land
1324223058797,0,land
1324222898001,0,land
1316215295914,0,land
1315213217161,0,land
1314212976563,0,land
1315214235400,0,land
1318217501358,0,land
1315214160917,0,land
1323221828383,0,land
1314212303705,0,land
1314212345476,0,land
1314212517510,0,land
1315218623306,5,land
1315213663709,0,land
1314212919005,126,land
1323221534528,5,land
1314212347708,0,land
1317216318776,0,land
1321220042941,0,land
1317215973951,0,land
1314212941381,0,land
1321219990773,0,land
1324223041284,0,land
1320218717357,0,land
1324223091721,0,land
1317216320667,0,land
1314212723338,0,land
1315213223454,0,land
1315214385282,0,land
1319218134601,0,land
1322220734038,0,land
1316215232291,0,land
1322220635433,0,land
1322221218720,0,land
1317216229195,0,land
1314212759690,0,land
1320218833337,0,land
1314212655447,0,land
1315214170502,48,land
1317216424972,0,land
1323221788247,0,land
1314212718922,0,land
1324222550218,250,land
1315214381307,0,land
1317215892249,0,land
1314212786899,750,land
1318217511447,0,land
1317216315059,0,land
1318216879193,0,land
1319217746116,0,land
1324223240603,0,land
1317216421521,0,land
1321219974565,0,land
1316215105204,0,land
1316215741378,0,land
1321220163784,0,land
1322221218670,0,land
1323222340743,0,land
1324222971917,0,land
1323221635891,0,land
1315214329536,0,land
1322221021835,2,land
1322220716447,0,land
1323222349728,0,land
1318217057835,0,land
1316215117173,0,land
1324222838334,0,land
1322220958425,0,land
1321222524213,0,land
1322220682645,0,land
1316215448844,0,land
1318217113760,0,land
1322220746919,0,land
1316215666583,0,land
1321219910181,0,land
1318217280585,0,land
1322221522840,0,land
1323222053872,0,land
1323222067668,0,land
1323221544430,0,land
1319218215806,0,land
1316215750151,0,land
1317216306769,0,land
1322220660486,0,land
1314212543817,0,land
1317216352308,0,land
1320218765939,0,land
1316215559307,0,land
1320218950754,0,land
1322221592708,0,land
1319218198859,0,land
1316215290723,0,land
1314212349904,0,land
1319218454181,0,land
1314212465328,0,land
1315214088623,0,land
1316215291648,0,land
1323221758980,0,land
1316215197207,0,land
1317216548420,4300,land
1314212631131,0,land
1315213984242,0,land
1314212310585,0,land
1317216057099,0,land
1316215120080,0,land
1323222393237,0,land
1319217959838,0,land
1323221803428,0,land
1324222449910,0,land
1323222333662,0,land
1322220848675,0,land
1322220705685,0,land
1322221155195,0,land
1316215431204,0,land
1319217709613,0,land
1323221532486,0,land
1320218933695,0,land
1322221299391,0,land
1320219343365,0,land
1315213804735,0,land
1323221649421,0,land
1315213569724,30,land
1314212388678,0,land
1322220887739,10,land
1316215349477,0,land
1320218905952,0,land
1317216234260,0,land
1318217463367,0,land
1315213717440,750,land
1324222897997,0,land
1321220482412,0,land
1319217799257,0,land
1316215605938,0,land
1315214381422,0,land
1314212876712,0,land
1315214043491,0,land
1319218130134,0,land
1314212551384,0,land
1318217411127,0,land
1317215818547,0,land
1314212321626,0,land
1319217978030,0,land
1317216600825,0,land
1319217698861,0,land
1322220770731,0,land
1314211926389,0,land
1320219033507,0,land
1314212574469,0,land
1315214457778,0,land
1319218365599,0,land
1321219715745,0,land
1323222275846,0,land
1321219461744,0,land
1318217181472,0,land
1321219989009,0,land
1316215471727,0,land
1318217455260,0,land
1321219553690,0,land
1323221818901,0,land
1323221608324,0,land
1324222878959,0,land
1324222770392,0,land
1322221266075,0,land
1321220352037,0,land
1318217186889,0,land
1321219790096,0,land
1323221636513,0,land
1314212605897,0,land
1319218189393,0,land
1314212322287,0,land
1316214948960,0,land
1320218740936,0,land
1315213720651,270,land
1316215342825,0,land
1320219414974,14783,land
1314213000565,0,land
1323221713819,0,land
1316215241833,0,land
1323221818242,0,land
1321219783394,0,land
1320218653653,0,land
1314212302160,0,land
1321219881214,0,land
1322220662720,0,land
1314212759664,0,land
1323222387060,0,land
1319218322244,0,land
1322220717274,0,land
1314212818037,0,land
1315213894773,0,land
1314212639482,0,land
1322221106659,0,land
1318217282591,110,land
1315214076539,0,land
1320218701249,0,land
1322220997163,0,land
1320218897662,0,land
1324223047440,0,land
1315214128670,11373,land
1314212953893,0,land
1318216874608,0,land
1323222124012,0,land
1314211916352,0,land
1323222137299,0,land
1315213585363,0,land
1318217126782,0,land
1319218050553,0,land
1316214986349,0,land
1314213079155,0,land
1316215756382,0,land
1315213541826,0,land
1323221741313,0,land
1319218415267,0,land
1315214335818,0,land
1318217416635,0,land
1315214215511,0,land
1321220412934,0,land
1324222423473,0,land
1324222961930,0,land
1318217055413,0,land
1314212394288,200,land
1324222848537,0,land
1322220807958,0,land
1314212390708,0,land
1322220880595,0,land
1323222041978,0,land
1314212960025,0,land
1318216952679,0,land
1315213716234,0,land
1318216694467,0,land
1318217040082,0,land
1323222307439,0,land
1321219792557,0,land
1319218532164,0,land
1319218503718,0,land
1318217440787,0,land
1316215374289,0,land
1317215813472,0,land
1314212863296,0,land
1317216113757,0,land
1320219221621,0,land
1319217665811,0,land
1321219829823,0,land
1320219414719,0,land
1323222314799,0,land
1320218811343,2,land
1324223191762,0,land
1322221503889,0,land
1322221021823,35,land
1323221878489,0,land
1319219302876,0,land
1321220076929,0,land
1314212423343,0,land
1317215909615,0,land
1323221775909,0,land
1317216053672,0,land
1322220796775,0,land
1314212607713,0,land
1320218801379,0,land
1314212556765,0,land
1320218747917,0,land
1321219719491,0,land
1317216376665,0,land
1315214109415,0,land
1315214111736,0,land
1314212845857,0,land
1319218486759,0,land
1319221472006,0,land
1319218515524,0,land
1321219785755,0,land
1324223082165,0,land
1315213891260,0,land
1315214170591,0,land
1323222044137,0,land
1323221556044,0,land
1322221283157,0,land
1319218412993,0,land
1323221636552,0,land
1323221684398,0,land
1317215830389,0,land
1317216513186,0,land
1324222862450,0,land
1314213044074,0,land
1319217869926,0,land
1317216317851,0,land
1320218674986,0,land
1317215919123,0,land
1314212501377,0,land
1318216818219,0,land
1322221472347,0,land
1319218263616,0,land
1316216972113,90420,land
1318217301605,0,land
1316214979318,0,land
1316215455597,0,land
1318217159502,0,land
1314213011859,0,land
1322220766137,0,land
1314212509018,0,land
1324222772319,0,land
1320218908073,0,land
1319217836093,0,land
1320218825457,0,land
1316215067632,0,land
1322220911491,0,land
1317216255125,0,land
1321219828744,0,land
1317216373605,0,land
1316215446220,0,land
1317217545971,0,land
1316215033857,0,land
1316215769062,0,land
1314212918953,0,land
1314212737884,0,land
1314213031863,0,land
1315213909308,0,land
1324223159803,0,land
1324222681607,0,land
1318216984791,0,land
1317215995275,0,land
1315214193070,0,land
1315213760515,0,land
1319218289306,0,land
1320219279193,0,land
1324222813483,0,land
1320219224906,0,land
1315213929108,0,land
1314213104375,0,land
1322221016177,0,land
1315214227629,0,land
1320218962710,0,land
1324222555688,0,land
1321220082376,0,land
1324222800346,0,land
1316216627974,0,land
1317216117061,0,land
1321220348205,0,land
1314212514754,0,land
1319220607081,0,land
1314212322414,0,land
1324222410502,0,land
1319217757525,0,land
1318216911533,0,land
1322221071842,0,land
1320218674202,0,land
1316215381195,0,land
1316214998383,0,land
1321220164382,0,land
1321219668656,0,land
1322221469707,0,land
1315213930656,0,land
1324223023108,0,land
1322221328038,0,land
1322221434754,0,land
1316215771181,0,land
1318217158930,0,land
1321220015364,0,land
1318218642763,0,land
1322220729887,0,land
1324222559825,0,land
1319217933112,0,land
1323222116131,0,land
1323222149104,0,land
1319217848555,0,land
1320220589713,0,land
1323221560319,0,land
1314212451761,0,land
1319218307039,0,land
1314211924117,0,land
1322221504830,0,land
1323222338663,0,land
1316215298910,0,land
1314212555938,0,land
1314213079130,0,land
1315214203477,0,land
1316215040546,0,land
1315213839121,0,land
1318217493206,0,land
1315213983380,0,land
1314212652693,0,land
1323221625371,0,land
1317216138356,0,land
1314212347785,0,land
1314212610885,0,land
1315213685629,0,land
1316215176342,0,land
1318218071266,0,land
1323222574333,0,land
1323221823949,0,land
1318217420342,0,land
1323222062299,0,land
1321220284246,0,land
1319217837400,0,land
1321220109058,0,land
1321222367789,0,land
1321220516088,0,land
1323221895168,0,land
1320218840116,0,land
1318217331038,0,land
1323221642109,0,land
1315214230765,0,land
1319217978055,0,land
1324222987099,0,land
1324223120039,0,land
1322221322542,0,land
1322220765616,0,land
1323221649472,0,land
1316214965004,0,land
1319217950144,0,land
1321220552816,0,land
1314212927216,0,land
1323221768904,0,land
1315214449819,0,land
1321219880073,5594,land
1317216149435,0,land
1316215390220,0,land
1315214161111,0,land
1317216433742,0,land
1321219839824,0,land
1324222981882,34000,land
1314212465140,0,land
1316215662824,0,land
1315213940253,0,land
1315213984139,0,land
1324222496489,0,land
1321220123133,0,land
1323222137768,0,land
1318217547381,0,land
1320218747956,0,land
1320218887002,0,land
1319218263628,0,land
1323222323558,0,land
1315214442535,0,land
1319218206670,0,land
1323221916950,0,land
1317216318764,0,land
1316215384569,0,land
1317216385690,0,land
1315213592569,1,land
1318216910430,0,land
1314213027461,0,land
1316214963579,0,land
1314212551093,0,land
1316215394851,0,land
1317216254704,0,land
1324222711234,0,land
1322221355872,0,land
1321220463121,0,land
1315213230927,0,land
1324222856647,0,land
1322220697369,0,land
1320218609574,0,land
1319218467583,0,land
1323221560218,0,land
1316215717442,0,land
1315214249916,0,land
1314212536294,0,land
1314212491322,0,land
1316215005366,0,land
1317216129585,0,land
1316215539406,0,land
1322220898795,0,land
1318217305681,23191,land
1321219750167,0,land
1315214308482,0,land
1317216601221,0,land
1315214215182,0,land
1319217772348,0,land
1319218464725,0,land
1314213006493,0,land
1315214377867,0,land
1314212324469,0,land
1314212848939,0,land
1317215934124,0,land
1324222473528,0,land
1320218964056,0,land
1314212471395,0,land
1319217705514,0,land
1317216009163,0,land
1316215295142,0,land
1315213753193,0,land
1314212786091,0,land
1324222923029,0,land
1314212535266,0,land
1321221489204,0,land
1317215881739,0,land
1317216637811,0,land
1314212610935,0,land
1317216435800,0,land
1317216279442,0,land
1318217449014,0,land
1314212636676,0,land
1314212437279,0,land
1314212797296,0,land
1318217760610,0,land
1319218059350,0,land
1319217760572,0,land
1316215753334,0,land
1319217825227,0,land
1323222104402,0,land
1315213895600,0,land
1321220387967,0,land
1322221342037,0,land
1324222585453,0,land
1323222016089,0,land
1316215325630,0,land
1323221681760,0,land
1320219123787,0,land
1324222667053,0,land
1318216771410,0,land
1318217041793,0,land
1318219408352,0,land
1314212871747,0,land
1318217227038,0,land
1314212521963,0,land
1314212900157,0,land
1316215600368,0,land
1318216952681,0,land
1322221515467,0,land
1319218119473,0,land
1314212543781,0,land
1322221367129,0,land
1315214148506,0,land
1316215727280,0,land
1314212846442,0,land
1317216435798,0,land
1316215251481,0,land
1317216448795,0,land
1314211894718,0,land
1322220650535,0,land
1316215167875,0,land
1315213743711,0,land
1316215004742,0,land
1322220905552,0,land
1318217034115,0,land
1320219160052,0,land
1317216592737,0,land
1314212399479,0,land
1319217862426,0,land
1317215943248,0,land
1320218765915,0,land
1321219629413,0,land
1322221406364,0,land
1322221058643,0,land
1322221072135,0,land
1319218032403,0,land
1316215217302,0,land
1320218956732,0,land
1320219216316,0,land
1319217905342,0,land
1316215408182,0,land
1319217768365,0,land
1324222736353,0,land
1323221932787,0,land
1319217849025,0,land
1319217864091,0,land
1321219767795,0,land
1316215362118,0,land
1323222031205,0,land
1316215410996,1,land
1314213029580,0,land
1324222651743,0,land
1315214286130,0,land
1317216589818,0,land
1315214365126,0,land
1316215202767,0,land
1316215751405,0,land
1318218447427,0,land
1319218154704,0,land
1315216736963,0,land
1316215191331,0,land
1323222068963,0,land
1324222944985,0,land
1317216260087,0,land
1320219432200,0,land
1316214954810,0,land
1316215018159,0,land
1323222145942,0,land
1324222762748,0,land
1322221113982,0,land
1314212584181,0,land
1322221236007,0,land
1316215199441,0,land
1323222030862,0,land
1323222031080,0,land
1320219274875,0,land
1319218276424,0,land
1320218993006,0,land
1321220063681,0,land
1324222762799,0,land
1320219070543,0,land
1315214440935,0,land
1322220839447,0,land
1319217981303,0,land
1318217170339,0,land
1315214141576,0,land
1322221698564,0,land
1314213053945,0,land
1317216116335,778014,land
1315214068316,0,land
1317215943200,0,land
1314212941571,0,land
1316215523731,0,land
1320218718144,0,land
1319218556924,0,land
1316215497470,0,land
1318218539068,0,land
1315213576162,0,land
1315216737080,220,land
1315214371825,0,land
1321220069025,0,land
1316215471032,0,land
1317215973936,0,land
1314212322388,0,land
1318218117834,3074,land
1323221550243,0,land
1324223181900,0,land
1314211932013,0,land
1324222522942,0,land
1314218588731,0,land
1324222793907,0,land
1323221966777,0,land
1317216571861,0,land
1321220034084,0,land
1322221468224,0,land
1315213969052,0,land
1317216041424,0,land
1322221497353,0,land
1316215310754,0,land
1324222878922,0,land
1315214107260,0,land
1320219230796,0,land
1323222157467,0,land
1314212683876,0,land
1324222987024,0,land
1316215477213,0,land
1317215880459,0,land
1318217184264,0,land
1319218244705,0,land
1315213593167,0,land
1314212407605,0,land
1317216199570,0,land
1321220353472,0,land
1318217132947,0,land
1323222049470,0,land
1314214937575,0,land
1314212996730,0,land
1315214331353,0,land
1321219767771,0,land
1317216114254,0,land
1314212875607,0,land
1315214060814,0,land
1316215538950,0,land
1317216424945,0,land
1314212322376,0,land
1314212881510,0,land
1317216256533,0,land
1323221806704,0,land
1314212569091,0,land
1319218183960,0,land
1317215882174,0,land
1322221048085,0,land
1321219624552,0,land
1319217705021,0,land
1321220086526,33963,land
1324223057249,0,land
1324222496174,0,land
1323222346102,0,land
1314212753863,0,land
1315213706029,0,land
1316215288679,0,land
1324222561983,0,land
1315213993088,0,land
1320219236647,0,land
1315213962362,0,land
1318216697209,0,land
1323221735816,0,land
1323222250324,0,land
1324222578371,0,land
1316215010897,0,land
1320219003896,0,land
1324222448680,0,land
1319218289318,0,land
1323222076883,0,land
1324222857397,0,land
1314213026952,0,land
1314212569115,0,land
1314212551360,0,land
1316219407071,0,land
1319218154680,0,land
1324222712376,0,land
1322220670463,0,land
1314212409371,0,land
1320218625426,0,land
1319218411686,0,land
1321220199917,0,land
1317216563852,315,land
1323222166807,0,land
1315214388959,0,land
1316215587179,0,land
1316215770429,250,land
1316215187194,0,land
1317215842283,0,land
1321220124895,0,land
1322221311968,0,land
1314212709481,0,land
1315215788643,0,land
1322221055914,0,land
1324222579118,0,land
1318217538368,0,land
1315214459024,0,land
1316215111675,0,land
1321221498342,0,land
1317216342749,0,land
1314213125976,0,land
1315214237479,0,land
1319218406647,0,land
1324222732568,0,land
1321220142362,0,land
1314213126915,0,land
1322221339551,0,land
1316215554369,0,land
1315214228658,0,land
1318217301656,0,land
1321219918392,0,land
1324223124090,0,land
1324223183563,0,land
1324223121195,0,land
1319218565149,0,land
1314212400980,0,land
1317216432486,0,land
1315213225319,0,land
1316215689757,73,land
1318218571533,0,land
1317216422915,0,land
1314212539314,0,land
1319217802343,0,land
1319218326611,0,land
1315213669664,0,land
1318218552469,0,land
1314212351276,0,land
1316215538885,0,land
1315213959063,0,land
1324222527133,0,land
1320220599880,0,land
1322220769448,0,land
1315213764614,0,land
1322220680348,0,land
1317216135234,0,land
1322221116371,0,land
1317216284505,0,land
1314212427987,0,land
1321220120885,0,land
1314213044290,0,land
1315214331480,0,land
1319218377632,0,land
1318216935116,0,land
1314212792764,0,land
1323222093395,0,land
1317216110054,0,land
1316215740390,0,land
1316215361496,0,land
1317216618835,0,land
1314212369868,0,land
1315214161630,0,land
1319217885452,0,land
1317216260101,0,land
1316215503893,0,land
1321219700857,0,land
1314212574317,0,land
1314212747392,0,land
1315214394482,0,land
1314213015290,0,land
1321220659522,0,land
1317216217721,0,land
1317215816669,0,land
1317215830377,0,land
1320219337742,0,land
1315213804444,0,land
1324223044090,0,land
1320218650202,0,land
1321220243176,0,land
1316215715069,0,land
1321220001111,0,land
1321219516554,0,land
1322220685756,0,land
1323221628516,0,land
1316215166683,0,land
1321220187898,0,land
1323221749031,0,land
1324222859252,0,land
1323222201600,0,land
1324222408458,0,land
1315213672924,0,land
1321220014284,0,land
1319217865120,0,land
1322220647578,0,land
1322220685782,0,land
1317216117073,0,land
1322221025657,0,land
1320218724209,0,land
1321219788015,0,land
1314212468654,0,land
1314212578660,0,land
1324222774580,0,land
1314212400206,0,land
1324223184843,0,land
1319217663412,0,land
1319217757588,0,land
1322220969493,0,land
1315213926862,0,land
1317215941788,0,land
1320218692871,0,land
1321219735913,0,land
1318217403498,0,land
1319217803143,0,land
1322221251008,0,land
1315213857877,0,land
1324223030800,0,land
1314212460594,0,land
1318217335607,0,land
1315214424931,0,land
1317216065007,0,land
1314213041787,34,land
1314212543146,0,land
1321219774623,0,land
1322221057161,0,land
1314211912478,0,land
1320218964068,0,land
1319217865106,0,land
1323222157226,0,land
1318217141997,0,land
1315214427270,0,land
1318216806012,0,land
1315214073809,0,land
1324222987036,0,land
1316215188943,0,land
1320218806420,5116,land
1324222800373,0,land
1319217991482,0,land
1319218071429,0,land
1320220589725,0,land
1322221223858,0,land
1323221965876,0,land
1314212914701,0,land
1317216548519,0,land
1316215116474,0,land
1316215656733,0,land
1320218886909,0,land
1323221720218,0,land
1315214384531,0,land
1315213727934,0,land
1324222905150,0,land
1317216072912,0,land
1315213646502,0,land
1314212797284,0,land
1314212673711,0,land
1324222762775,0,land
1324222822835,0,land
1314212975914,0,land
1315214157012,0,land
1317216009187,0,land
1318216842031,0,land
1314213018942,0,land
1316214949190,0,land
1315213615368,0,land
1317216039774,0,land
1314212675060,0,land
1314212309785,0,land
1314212588533,0,land
1320219219831,0,land
1314212637058,0,land
1316215040522,0,land
1316215471006,0,land
1322220906111,0,land
1323221950506,0,land
1320218865754,0,land
1321219921259,0,land
1316215117918,0,land
1322221218769,0,land
1318217819503,0,land
1317215988686,0,land
1323221653583,0,land
1320219252335,0,land
1316215394875,305,land
1319218465490,0,land
1324222434817,0,land
1317215943628,0,land
1323222387045,0,land
1322220662252,0,land
1323221540053,0,land
1322220874857,0,land
1319218044749,0,land
1322221436898,0,land
1322220730687,0,land
1324222934731,0,land
1315213612118,0,land
1322220945846,0,land
1323221896931,0,land
1322221085881,0,land
1321219603659,0,land
1324222453425,0,land
1319217827500,0,land
1323222333650,0,land
1323221705751,0,land
1314212709404,0,land
1315214120723,0,land
1315213194982,0,land
1319218273466,0,land
1321219942707,0,land
1323221745375,0,land
1323221720004,0,land
1315214191494,0,land
1321220586705,0,land
1314212528121,0,land
1324222924413,0,land
1323221551536,250,land
1321221299504,0,land
1315214423271,0,land
1317216080820,0,land
1322220781850,0,land
1318219434255,48,land
1316215444148,0,land
1322221340781,0,land
1321219923707,0,land
1324222925618,0,land
1314212688574,0,land
1320219401472,0,land
1323221681657,0,land
1319217699089,0,land
1322220702753,0,land
1316215432788,0,land
1317216122628,0,land
1319217934280,0,land
1315214215574,0,land
1316215283336,0,land
1315214054203,0,land
1314213071208,0,land
1323221926660,0,land
1323222228114,0,land
1314212671046,0,land
1324223089095,0,land
1315214188979,0,land
1320218796795,0,land
1314212775631,0,land
1316215319702,0,land
1316215203391,0,land
1315213884529,0,land
1322220997187,0,land
1318217413754,0,land
1314212955571,0,land
1322220997201,0,land
1322220670475,0,land
1321220310991,0,land
1319218166371,0,land
1315214279402,0,land
1324223008184,0,land
1324222432825,0,land
1314212683458,43,land
1322221044213,0,land
1324223212616,0,land
1320218750180,0,land
1320218733943,0,land
1315213594462,0,land
1318218533077,0,land
1324222500694,0,land
1316215298896,0,land
1323221567035,0,land
1323222176442,0,land
1314213108400,0,land
1317220639215,406,land
1316214963175,0,land
1314213081894,0,land
1315213945633,0,land
1315213946179,0,land
1315214420782,0,land
1320218806432,0,land
1323221836392,0,land
1321219639503,0,land
1318217447857,0,land
1320218831651,0,land
1319218175798,0,land
1318217150857,0,land
1315213923889,0,land
1323221538515,373,land
1319218082802,0,land
1324223031853,0,land
1319218273530,0,land
1318217417094,0,land
1321219770753,0,land
1324222736732,0,land
1316215288655,0,land
1314212379174,0,land
1317216637847,0,land
1318217666167,0,land
1314211959453,0,land
1314212496778,0,land
1315214264222,0,land
1320219333770,0,land
1321220370629,0,land
1317217672322,0,land
1315214331403,0,land
1321219802269,0,land
1323222288021,0,land
1320219232511,0,land
1316215772171,40000,land
1317215844604,0,land
1315214264285,0,land
1314212797955,0,land
1316215138126,0,land
1323221559646,0,land
1321220140216,0,land
1318216829960,0,land
1323222338004,0,land
1314212352468,0,land
1319219416967,0,land
1323221611369,0,land
1324223108768,0,land
1322221320587,0,land
1321220370631,0,land
1318217345735,0,land
1314212779591,0,land
1314212436087,0,land
1319218067445,0,land
1316215522350,0,land
1315214293146,0,land
1316215692789,0,land
1321219713120,0,land
1321220023598,0,land
1316215127325,0,land
1322221461369,0,land
1323222345884,0,land
1321220468666,0,land
1315213901477,0,land
1323221528096,0,land
1319218495303,0,land
1324222993964,0,land
1316214912925,0,land
1321220163796,0,land
1314212321640,0,land
1317216190052,0,land
1315213783828,0,land
1316215319132,0,land
1321219680129,0,land
1319218524027,0,land
1319217675711,0,land
1315214331389,0,land
1321220041899,0,land
1317217179098,0,land
1314212404255,0,land
1317216146201,0,land
1317216563902,0,land
1314212802247,0,land
1315214041093,0,land
1314212321778,0,land
1317216018097,0,land
1314212465583,0,land
1314212709416,0,land
1323221638568,0,land
1324222439477,0,land
1314212572097,0,land
1317216592396,0,land
1320218695359,0,land
1314212856847,0,land
1314212501074,0,land
1324222974228,0,land
1315214272662,5,land
1316215639206,145,land
1315213581313,0,land
1315214187787,0,land
1314213128022,0,land
1320219363936,0,land
1322221466535,0,land
1314212959973,0,land
1324222784480,0,land
1314212503270,0,land
1317216435786,0,land
1319217960552,0,land
1318217324591,0,land
1321220619682,0,land
1320218814046,0,land
1322220836480,0,land
1316215162809,0,land
1314212431074,0,land
1322220997199,0,land
1318217061542,0,land
1315214276317,0,land
1319217841701,0,land
1315214006367,0,land
1314212809560,0,land
1316215156629,0,land
1323221770011,0,land
1318218522858,0,land
1321219652854,0,land
1320219324872,0,land
1315213716044,0,land
1316214952792,0,land
1323222323836,0,land
1316215077292,0,land
1316215195696,0,land
1323221653571,0,land
1323222249942,0,land
1316215112412,0,land
1324223123771,0,land
1322221254194,21619,land
1323221689856,0,land
1316217785296,0,land
1314212695682,0,land
1314212387955,0,land
1324222681684,0,land
1316215366927,0,land
1315214120988,0,land
1314213011861,0,land
1319218209637,0,land
1320219278874,0,land
1319218265407,0,land
1319217963077,0,land
1314212496350,0,land
1318216837462,0,land
1316215397035,0,land
1319218430609,0,land
1314212659751,0,land
1316215460573,38,land
1316215545536,0,land
1318217026347,0,land
1322220978302,0,land
1321220007191,0,land
1314212684690,0,land
1314212735106,0,land
1314212489761,0,land
1314212558124,0,land
1324222637340,0,land
1322221163052,0,land
1314212585626,0,land
1324222981134,0,land
1316215303862,0,land
1320219332943,0,land
1316215765696,0,land
1317215989359,0,land
1317216259580,0,land
1318216983460,0,land
1314211932025,0,land
1314212552715,0,land
1315213587328,0,land
1315213625421,0,land
1316215215056,0,land
1324223117856,0,land
1314212543894,0,land
1322220763369,0,land
1315213832569,0,land
1314212665778,0,land
1322221401159,0,land
1315214191862,0,land
1323221623097,0,land
1319217758667,0,land
1314212625038,0,land
1320218976088,0,land
1320219328895,0,land
1316215269527,0,land
1316215117716,0,land
1324223230943,0,land
1317220639090,27165,land
1316215113059,0,land
1318217463355,0,land
1315215290180,0,land
1314212774400,0,land
1315213979329,0,land
1314212417618,0,land
1323221678889,0,land
1320218888321,0,land
1318217294343,0,land
1317215981806,0,land
1316215366170,0,land
1323222068951,0,land
1323222282701,0,land
1316215167887,0,land
1314212417796,250,land
1319218069449,0,land
1320218870640,0,land
1316215328764,0,land
1316215072758,0,land
1317216600849,0,land
1318216934048,0,land
1319217726862,0,land
1321219975125,0,land
1319217790625,0,land
1319217724234,0,land
1323221716196,581,land
1324222833459,0,land
1316215362359,0,land
1315214078065,0,land
1321219919471,0,land
1324222453045,27022,land
1322221154103,0,land
1317216433728,0,land
1318216953594,0,land
1318217389737,0,land
1318216711287,0,land
1314212545444,0,land
1319217820760,0,land
1315214386967,0,land
1318217301631,0,land
1317216563888,0,land
1317216082382,0,land
1321220420119,0,land
1314212809545,0,land
1315213707526,0,land
1314212900183,0,land
1315214235069,0,land
1321219851399,0,land
1320219278076,0,land
1320218732410,0,land
1315213774553,0,land
1322221362369,0,land
1318216911166,0,land
1318216828905,0,land
1316215359934,0,land
1322221472816,0,land
1319217757537,0,land
1321219794411,0,land
1315213846571,0,land
1320218864914,0,land
1314212881433,0,land
1318217320720,0,land
1315214126916,0,land
1314212918965,0,land
1322221226196,0,land
1321220116089,0,land
1321220188825,0,land
1315213965902,0,land
1324222460305,0,land
1323222289858,0,land
1316215025495,0,land
1319217831357,0,land
1316215033958,0,land
1316215115357,0,land
1319218274367,0,land
1322220770616,0,land
1319218108330,0,land
1321219689989,0,land
1314212481055,0,land
1321220009221,0,land
1321220020465,0,land
1320218773772,0,land
1316215662848,0,land
1317215996137,0,land
1317216245151,0,land
1314212636726,0,land
1314212567554,0,land
1315214038426,0,land
1323221701600,0,land
1321219604814,0,land
1321219509460,0,land
1321220659546,0,land
1319217968155,0,land
1318217056845,0,land
1322221288754,0,land
1322221056029,0,land
1316215219318,0,land
1320218886974,0,land
1318217187095,0,land
1314212921340,0,land
1315213720244,0,land
1316215247711,0,land
1316215278755,0,land
1315214046005,0,land
1315213850959,0,land
1319218289282,0,land
1316215390523,0,land
1321219848658,0,land
1322221367877,0,land
1322220680351,0,land
1320218888358,0,land
1316215131602,0,land
1314214451647,0,land
1322220648758,0,land
1323221963364,0,land
1323223228558,0,land
1324222502181,0,land
1315213978695,0,land
1316215533807,0,land
1321219623067,0,land
1322221268093,0,land
1315213929159,0,land
1321220100960,0,land
1323221549189,0,land
1320219279231,0,land
1317216580492,0,land
1319217852387,0,land
1315213563760,0,land
1315214422242,0,land
1315214363994,0,land
1321219917337,0,land
1316215361357,0,land
1321220314227,0,land
1316215607615,0,land
1315217687843,0,land
1314212516254,0,land
1316215673094,0,land
1324222463566,0,land
1316215670656,0,land
1314212872473,0,land
1315214272674,5,land
1317216402673,0,land
1318216823258,0,land
1321219879703,0,land
1316215115849,0,land
1316215470168,46300,land
1315213207463,0,land
1314212758130,0,land
1315214288007,5,land
1319217662168,0,land
1321219725761,0,land
1321220357317,0,land
1316218574200,0,land
1315213243672,0,land
1314212505174,0,land
1323222175349,0,land
1323221978618,0,land
1319217825330,0,land
1319218069425,0,land
1316214907519,0,land
1323222388605,0,land
1315213813520,0,land
1324222426013,0,land
1323221749334,0,land
1323221611306,0,land
1324222424107,0,land
1314212584270,0,land
1314212378412,0,land
1317216589907,0,land
1314212964252,0,land
1322220961078,0,land
1318216846586,0,land
1321220007811,0,land
1318216858744,0,land
1315213624354,0,land
1317216233369,0,land
1316214941611,0,land
1324222893000,0,land
1314212943498,0,land
1315214244992,0,land
1319218036111,0,land
1315214441851,0,land
1315214137109,0,land
1317215838816,0,land
1321219702406,0,land
1323221606597,0,land
1318216783237,0,land
1322220748014,0,land
1315213896158,0,land
1324222507889,0,land
1315215788391,0,land
1322220796902,0,land
1318216854570,0,land
1316215454568,0,land
1316215309612,0,land
1316215328612,0,land
1316215553847,0,land
1324222966741,0,land
1315214308746,0,land
1324222972352,0,land
1320219232509,0,land
1316215040559,0,land
1316215579893,0,land
1314212792889,0,land
1315213230941,0,land
1317216448504,0,land
1320218705491,0,land
1315214240362,0,land
1322221001302,0,land
1320218646762,0,land
1314212598167,161,land
1320218604662,0,land
1324222473504,0,land
1314212647705,0,land
1322221135054,0,land
1323221978909,0,land
1323221668938,0,land
1323221560028,0,land
1318216816013,0,land
1317216047187,0,land
1323222307124,0,land
1317216276131,0,land
1315213650827,0,land
1324222722617,0,land
1322220838573,0,land
1316215539368,0,land
1322221441342,0,land
1315215388733,0,land
1315213205014,0,land
1316215701172,0,land
1324222427054,0,land
1322220952244,0,land
1315214025126,0,land
1322221364072,0,land
1317215915885,0,land
1315214412417,0,land
1324222832420,0,land
1318216913160,0,land
1316215432725,0,land
1318217301682,0,land
1322220636664,0,land
1316215167851,0,land
1324222458996,0,land
1320218981266,0,land
1314212404002,0,land
1314212619718,0,land
1324223089121,0,land
1315213965888,0,land
1315213710243,0,land
1318217592613,0,land
1320218733778,0,land
1322220937953,0,land
1322220790974,0,land
1323221749498,0,land
1322220833192,0,land
1315213221928,0,land
1320218857668,0,land
1314212942888,0,land
1314212476129,250,land
1316215575491,0,land
1316215373972,0,land
1322220888186,0,land
1316215103425,0,land
1317216402697,2954,land
1315214272650,5,land
1323221678891,0,land
1323221707704,0,land
1316214963112,365,land
1318217155656,0,land
1323221737442,0,land
1314211923228,0,land
1314212715383,0,land
1314216627897,0,land
1314212646703,0,land
1318216761813,0,land
1314212753875,0,land
1324222660540,0,land
1315214080172,0,land
1319218154742,0,land
1317216039747,0,land
1316215572951,0,land
1316215205446,0,land
1321220588115,0,land
1323221844855,0,land
1322220864829,0,land
1320219241890,0,land
1323221694882,0,land
1314212960569,0,land
1315214105847,0,land
1318217428186,0,land
1316215643469,0,land
1320218841233,0,land
1316215036245,0,land
1318216828917,0,land
1314213031356,0,land
1314213044047,0,land
1318218071254,0,land
1314212390583,0,land
1323221650411,0,land
1314212403998,0,land
1319218479069,0,land
1316219407006,0,land
1314212679409,0,land
1321219580469,0,land
1324223152683,0,land
1321220162628,0,land
1316215575200,0,land
1319218048888,0,land
1323221726033,0,land
1323222343523,0,land
1324223042019,0,land
1317215857828,0,land
1315213791965,0,land
1318217465564,0,land
1320218609586,0,land
1316215150246,0,land
1314212823405,0,land
1318217294331,0,land
1315214393391,0,land
1315215778820,0,land
1318217463379,0,land
1319218518912,0,land
1320219291933,0,land
1321219844584,2473,land
1324222854972,0,land
1321220147831,0,land
1320218596803,0,land
1324222501266,0,land
1318217109089,0,land
1319217878661,0,land
1324222789493,0,land
1315214385268,344,land
1323222053860,2052,land
1317216539116,0,land
1322221273725,0,land
1323222022257,0,land
1324222846596,0,land
1321220140432,0,land
1316214963567,0,land
1322220969428,0,land
1317216382135,0,land
1314213002684,1700,land
1324222671125,0,land
1320218990962,0,land
1315213956461,0,land
1317216566481,0,land
1319218157360,0,land
1318217041324,0,land
1324222725689,0,land
1316215318801,0,land
1314212863144,0,land
1316215442789,0,land
1316214960890,0,land
1316215549407,0,land
1314212518551,0,land
1314212969315,0,land
1315218634475,0,land
1321219464551,0,land
1320219176740,0,land
1321219579481,0,land
1314212690301,0,land
1317217721063,0,land
1321220420121,0,land
1315213950165,0,land
1320218806394,0,land
1314212501098,0,land
1324223047489,0,land
1320219131277,0,land
1320219186208,0,land
1321220454742,0,land
1317216402572,0,land
1323221758055,0,land
1314212803629,0,land
1317216018109,0,land
1316215044153,0,land
1314212328506,0,land
1317215902420,0,land
1315214425910,0,land
1321219988995,0,land
1322221445366,0,land
1319218383949,1330,land
1317216527453,0,land
1314215790751,0,land
1323222130813,0,land
1324223151059,0,land
1314213134113,0,land
1324222585630,0,land
1324222517334,0,land
1315214006393,0,land
1316215070095,0,land
1314213111293,0,land
1316215027020,0,land
1319217603517,0,land
1319218011880,0,land
1314212321828,0,land
1314212981207,0,land
1317216250237,0,land
1316215701222,0,land
1322221223148,0,land
1314212893034,0,land
1319217731482,0,land
1322220674954,0,land
1316215144116,0,land
1317216068217,0,land
1324222731073,0,land
1317216203000,0,land
1320219141734,0,land
1314212515074,0,land
1314212396360,0,land
1316215719030,0,land
1321219744760,0,land
1314212500728,0,land
1324222892301,0,land
1319218154755,0,land
1322220946002,0,land
1320219072651,0,land
1321219905054,0,land
1321219695943,0,land
1316215481223,0,land
1319218514519,0,land
1316215531005,0,land
1319217917323,0,land
1322221041496,0,land
1321219491216,0,land
1316215328737,0,land
1316214959189,0,land
1324222670679,0,land
1324222679021,0,land
1322220825943,0,land
1320218885010,0,land
1323221880952,0,land
1314212974063,0,land
1315214258814,0,land
1314212529580,0,land
1316214937928,0,land
1316215118023,0,land
1321219638715,0,land
1319218265371,0,land
1321220319521,0,land
1314213056474,0,land
1314212496792,0,land
1315214023133,0,land
1322221274273,0,land
1323221663990,0,land
1315214272775,5,land
1324222681708,0,land
1314212758561,0,land
1322221325931,0,land
1315214335907,0,land
1324222474571,0,land
1322221205848,0,land
1319218154728,0,land
1322221072008,465,land
1314212794554,0,land
1324222924223,0,land
1319217947961,0,land
1316215321593,0,land
1314212536611,0,land
1314212900258,0,land
1320218727042,0,land
1319217928249,0,land
1322220636690,0,land
1315213959430,0,land
1323222249575,0,land
1323222285963,0,land
1322221299377,0,land
1324222981045,0,land
1315213769639,0,land
1314213145269,0,land
1315213978707,0,land
1316215465129,0,land
1323221785951,0,land
1315213983327,0,land
1318216753208,0,land
1314211935832,0,land
1314212773586,0,land
1322220920351,0,land
1316215159260,0,land
1320219183290,0,land
1324223208632,0,land
1316215364643,0,land
1316214922116,0,land
1317216670962,0,land
1322221462219,0,land
1322221291457,0,land
1314212948362,0,land
1322221338205,0,land
1324222606903,0,land
1324223034632,0,land
1322221115191,0,land
1324222482895,0,land
1319217773744,0,land
1322221090347,0,land
1317216234765,0,land
1324222892770,0,land
1322221269234,0,land
1319218454179,0,land
1317216405151,0,land
1319218289268,0,land
1319218247207,0,land
1324222783526,0,land
1314212649711,0,land
1314212321780,0,land
1314212902934,0,land
1316215289315,0,land
1314212442949,0,land
1316215573698,0,land
1316215023490,0,land
1315213922065,0,land
1316215352129,0,land
1323221550369,0,land
1314213152566,0,land
1323221897717,0,land
1318217127339,0,land
1315214136210,0,land
1316215765355,0,land
1314212552653,0,land
1320219003910,0,land
1322220813240,0,land
1323221642174,0,land
1316215002205,0,land
1317216479648,0,land
1321219792696,0,land
1320218974451,0,land
1323222277408,0,land
1316215315425,0,land
1320219360474,0,land
1324222443879,0,land
1318216750152,0,land
1319217671662,0,land
1317216368718,0,land
1317215809385,0,land
1315214349223,0,land
1320218819542,0,land
1316215460609,40,land
1323221860796,0,land
1324222920845,0,land
1315213805981,0,land
1314212778928,0,land
1315214277081,0,land
1318217581661,0,land
1322221260449,0,land
1318217096039,0,land
1323221625395,0,land
1321219716887,0,land
1320218723880,0,land
1321220023648,0,land
1316215771510,0,land
1319217880689,0,land
1314213039466,12400,land
1314212664080,0,land
1317215945813,0,land
1321220153581,0,land
1319217987460,0,land
1322220898769,0,land
1315213701067,0,land
1320219115641,0,land
1323222042158,0,land
1322221253444,0,land
1316215141565,0,land
1316215362171,0,land
1324222747432,0,land
1324222824753,0,land
1314212351264,0,land
1320218748010,0,land
1321220660928,0,land
1318217512553,0,land
1324222823609,0,land
1316215489939,0,land
1318217223736,0,land
1319218495327,0,land
1322221498429,0,land
1314212454918,0,land
1316215450560,0,land
1316214937916,0,land
1316217672260,0,land
1315214028348,0,land
1317216260099,0,land
1319217695372,0,land
1321220210342,0,land
1319217959648,0,land
1316215273487,0,land
1323221879253,0,land
1324222424119,5,land
1321219814528,0,land
1322220670145,0,land
1318216910442,0,land
1318216864037,0,land
1314212325157,0,land
1316215615129,0,land
1322221429196,0,land
1323222124479,0,land
1321219811217,0,land
1322221043742,0,land
1319217994906,0,land
1321220587683,0,land
1324222678056,0,land
1322220654444,0,land
1322220830044,0,land
1318216944429,4,land
1318217345711,0,land
1322220869566,0,land
1320218835825,0,land
1323222144471,0,land
1323222265454,0,land
1322220876332,0,land
1320218605982,0,land
1318217944988,0,land
1319217841699,0,land
1314212881484,0,land
1319218507008,0,land
1321219469487,0,land
1315214215170,0,land
1315214128148,0,land
1315213819877,0,land
1323222387033,0,land
1315214102550,0,land
1316215539457,0,land
1316215765367,0,land
1323221681505,0,land
1315214399925,0,land
1316214954428,0,land
1316215538974,0,land
1316215740010,0,land
1317216016891,0,land
1315213795127,0,land
1315214412266,0,land
1315214440024,0,land
1314211942507,0,land
1324222446775,2,land
1318217087156,0,land
1315213894785,0,land
1322220697989,0,land
1322221307806,0,land
1316214954442,0,land
1315213734813,0,land
1322220812349,0,land
1315213839145,0,land
1322221401211,0,land
1324222980854,0,land
1319218069464,0,land
1322220997112,0,land
1324223073370,0,land
1315213632781,0,land
1314212681833,0,land
1314212916858,0,land
1316215362409,0,land
1318219469513,0,land
1317216010292,0,land
1320219374790,0,land
1314212589713,0,land
1314212954046,542,land
1320219149729,0,land
1319218477228,0,land
1321219631443,0,land
1322221309901,0,land
1318216771408,0,land
1318217549361,0,land
1320219052014,0,land
1319219434230,100,land
1321220162996,0,land
1321220511277,0,land
1316215655236,0,land
1323223208772,0,land
1320219050996,0,land
1321220642197,0,land
1315215771128,0,land
1314213071172,0,land
1316215708114,0,land
1316215136159,0,land
1321220442293,0,land
1316215545056,0,land
1322220805485,0,land
1316215060955,0,land
1314212503243,5,land
1317215905492,0,land
1315213591757,0,land
1315214292284,0,land
1314214295139,0,land
1323221624745,500,land
1324222635777,0,land
1319218193338,0,land
1318217079704,0,land
1322221055751,0,land
1315214327049,0,land
1315214385256,0,land
1319217710173,0,land
1314212475483,0,land
1316215513363,0,land
1322220838015,0,land
1317216402596,0,land
1323221937648,0,land
1318216983458,0,land
1315214045991,0,land
1316215037868,0,land
1318216834097,0,land
1316215063138,0,land
1315213937283,0,land
1323221872955,0,land
1314212840920,0,land
1324222718013,0,land
1324222507079,0,land
1323221549482,0,land
1317216051375,0,land
1314212942852,0,land
1324222463743,0,land
1314212824039,0,land
1320218623700,0,land
1318217537048,0,land
1321219954423,0,land
1315214365708,0,land
1323221829702,0,land
1317216042604,0,land
1314212916225,0,land
1315213988710,0,land
1317219408313,0,land
1315214451801,0,land
1314212715510,0,land
1318216798114,0,land
1314212953879,0,land
1324222681621,0,land
1319218047583,0,land
1324223165123,0,land
1321220253280,4300,land
1324222776888,0,land
1323221761810,0,land
1322221025632,0,land
1322221388426,0,land
1319218427894,0,land
1320218856767,0,land
1321220383665,0,land
1318217463633,0,land
1320219254695,0,land
1321220274157,0,land
1322220775201,0,land
1314212765515,0,land
1320218720074,0,land
1318217558749,250,land
1323221643923,0,land
1323222520405,0,land
1323221755388,0,land
1322221155171,0,land
1318217130982,0,land
1324222469102,0,land
1316215088295,0,land
1321219690005,0,land
1321220165005,0,land
1319217717329,0,land
1317219442833,0,land
1320219224209,0,land
1319218365498,0,land
1319217959853,0,land
1317215816695,0,land
1321220001008,0,land
1314212318950,0,land
1317215971286,0,land
1318216972063,0,land
1322221235981,0,land
1318217240276,0,land
1320219034333,0,land
1319218289320,0,land
1315213747215,0,land
1322220679981,0,land
1316215367893,0,land
1314212675033,0,land
1323221740044,0,land
1324222627756,0,land
1315213550977,0,land
1314212322263,0,land
1314212809558,0,land
1314212779108,0,land
1317216604342,0,land
1315213753167,0,land
1318217169756,0,land
1316215426091,0,land
1316215158751,0,land
1320219232485,0,land
1314212637971,0,land
1314212977817,0,land
1314212442952,0,land
1322220697344,0,land
1321220009423,0,land
1318217323207,0,land
1324222687966,0,land
1318217630817,0,land
1315214332847,0,land
1321221431570,0,land
1317216482099,0,land
1315214468466,0,land
1322220780744,0,land
1314212802223,0,land
1314212804633,0,land
1316215676964,0,land
1321220594028,0,land
1317216117085,0,land
1317216498509,0,land
1320219347592,0,land
1315214272585,0,land
1321219970567,0,land
1320218999187,0,land
1316215683448,0,land
1315214205686,0,land
1315214357624,5,land
1316215047592,0,land
1316218623231,0,land
1316215334691,0,land
1321220522837,0,land
1322221002140,0,land
1322221031394,0,land
1324223123821,493,land
1323222323533,0,land
1323222392363,0,land
1324222813014,0,land
1322220715635,0,land
1316215471905,0,land
1320218747943,0,land
1316215645831,0,land
1320219391024,0,land
1322221155094,0,land
1314212753154,0,land
1323222107587,0,land
1316215588563,0,land
1318217348592,0,land
1324222987075,0,land
1322221205786,0,land
1315214160804,0,land
1316215075161,0,land
1321219704549,0,land
1317216552428,0,land
1317215947298,0,land
1315214453211,0,land
1314212390482,0,land
1324223116462,0,land
1315214090110,0,land
1315214331391,0,land
1315213711260,0,land
1316215604745,0,land
1319218273579,0,land
1316215466727,0,land
1315214295178,0,land
1323221844842,0,land
1318217135666,0,land
1318217156342,0,land
1324222588220,0,land
1315213984178,0,land
1322221346455,0,land
1324223093636,0,land
1316215081112,0,land
1316215673106,0,land
1316215465699,0,land
1322220854525,0,land
1314212942282,5,land
1314212644328,0,land
1316215193917,0,land
1320218913996,0,land
1317216368934,0,land
1322223214901,0,land
1317216091443,0,land
1323221549734,0,land
1321219935754,0,land
1321219708233,0,land
1316215623962,0,land
1318217055387,0,land
1322221426404,0,land
1321220299465,0,land
1319217994918,0,land
1317216515445,0,land
1315214309662,1621,land
1314212646828,0,land
1316215095985,0,land
1318217542846,0,land
1314212503256,5,land
1316215198375,0,land
1314212936153,0,land
1322221390115,0,land
1314212918977,0,land
1319217925078,0,land
1321220303667,0,land
1321219702394,0,land
1318217156785,0,land
1322220749473,0,land
1323222063923,0,land
1321220188320,0,land
1316215295155,0,land
1314212572046,0,land
1315214031332,0,land
1314212783904,0,land
1316215232315,0,land
1314212311118,0,land
1316214966463,0,land
1317216089413,0,land
1321220343711,0,land
1315214225462,0,land
1318217430685,0,land
1315214295851,0,land
1318217113063,0,land
1318216995757,0,land
1319218454041,0,land
1320218841423,0,land
1324222561995,0,land
1319218532277,0,land
1315214353967,0,land
1319217859180,0,land
1322220764524,0,land
1315214060838,0,land
1323222338624,0,land
1314212954275,0,land
1319218206682,0,land
1314212421251,0,land
1314213105036,0,land
1314212419408,0,land
1318217337106,19,land
1317215817026,0,land
1317216341848,0,land
1314212749600,0,land
1316215166721,0,land
1320218759328,0,land
1316215466689,0,land
1314212564987,0,land
1319217915255,0,land
1319217959497,0,land
1319217959636,0,land
1314212402275,0,land
1317215870787,0,land
1316215135029,0,land
1321220419194,0,land
1321220559241,0,land
1323221706397,0,land
1323221533108,0,land
1316215541552,0,land
1316215673056,0,land
1319218195497,0,land
1323221642162,0,land
1324222916684,0,land
1321219687086,0,land
1315214371585,0,land
1316215081340,0,land
1314212321893,0,land
1316214982617,0,land
1316215003702,0,land
1315214458869,0,land
1317216065680,0,land
1319217629649,0,land
1320218733020,0,land
1320218575431,0,land
1316215139054,0,land
1321220027282,0,land
1322220744825,0,land
1323221580842,0,land
1318217208242,24,land
1319218406650,0,land
1322221113172,0,land
1321219973500,0,land
1319217978028,0,land
1318216920862,0,land
1319218108165,0,land
1322221212475,0,land
1322220825956,0,land
1315213947310,0,land
1317216335125,0,land
1321219660798,0,land
1316215747128,0,land
1314212322352,0,land
1319218183958,0,land
1316215028679,0,land
1321220438511,0,land
1315214363929,0,land
1321220143150,0,land
1322220861241,0,land
1322222372928,0,land
1322221098003,0,land
1323221838384,0,land
1315214046702,0,land
1316215381171,0,land
1318217531627,0,land
1314212317768,0,land
1314212401879,0,land
1324222604934,0,land
1316214950127,0,land
1315214452714,0,land
1314212489052,0,land
1319217855978,0,land
1321219796099,0,land
1320219304197,0,land
1318216842474,0,land
1315214308468,0,land
1324222733558,0,land
1315214235374,0,land
1316215180074,0,land
1316215692726,0,land
1315218456236,0,land
1320218624070,0,land
1323222387072,0,land
1315214110722,0,land
1322220718389,0,land
1314212419600,0,land
1316215364567,0,land
1317216028391,0,land
1316214937664,0,land
1316215116652,0,land
1318217401393,0,land
1318217402573,0,land
1314212389682,0,land
1315213607043,0,land
1315214116434,0,land
1315213211915,0,land
1316215670631,0,land
1319218273391,0,land
1323222044063,0,land
1314212806261,0,land
1324222583484,0,land
1322221155132,0,land
1323221905704,0,land
1324222602043,0,land
1324222985261,0,land
1318217218650,0,land
1321220143960,0,land
1324222813507,0,land
1321219700539,0,land
1314212893679,0,land
1320219392432,0,land
1322220938587,0,land
1320218756955,0,land
1317216126197,0,land
1317216129609,0,land
1323222140269,0,land
1314213083355,0,land
1314212475077,0,land
1315213585971,0,land
1321219863750,0,land
1324222822759,0,land
1322220936975,0,land
1316216597284,0,land
1314211959438,0,land
1315214189654,0,land
1316215328749,0,land
1319218244566,0,land
1319218388421,0,land
1314212944452,0,land
1318217320631,0,land
1319218141289,0,land
1321220495840,0,land
1315213206156,0,land
1321220164368,0,land
1316215164892,0,land
1318217142090,0,land
1314212853004,8363,land
1317215941358,0,land
1324222519100,0,land
1320218769646,0,land
1321219633702,0,land
1318216707481,0,land
1315213739016,0,land
1318216951943,0,land
1314212322236,0,land
1316215162645,0,land
1314212442976,0,land
1322220660258,0,land
1316215413283,0,land
1314212460834,0,land
1316214913461,0,land
1314213168925,0,land
1316215579842,0,land
1321220071652,0,land
1315214073328,0,land
1320218639161,0,land
1314213010489,0,land
1322220685224,0,land
1323221862422,0,land
1316215651821,0,land
1315213684564,0,land
1323221626803,0,land
1321219906981,0,land
1316215554320,0,land
1320218703623,0,land
1316215731136,0,land
1316215531043,0,land
1315213926835,0,land
1316215563634,0,land
1315214191874,0,land
1321220412670,0,land
1322220852432,0,land
1320219232523,0,land
1324223202298,0,land
1321219645520,0,land
1322220726780,0,land
1316215472655,0,land
1323222350492,0,land
1315214050130,0,land
1315214073797,0,land
1324222432837,0,land
1321219631633,0,land
1315214277168,0,land
1322221253673,0,land
1318216957910,0,land
1316215031509,0,land
1316215505013,0,land
1322221147010,0,land
1315214295848,0,land
1319217671167,0,land
1318217062811,0,land
1319217874015,0,land
1315213693815,0,land
1316215156668,0,land
1314212501035,0,land
1323222019503,0,land
1315214083685,0,land
1316215435355,0,land
1321219457862,0,land
1316215519467,0,land
1316215686724,0,land
1315213705876,0,land
1321219696061,0,land
1316215110863,0,land
1319217761408,0,land
1323221933462,0,land
1315214162265,0,land
1317216583169,0,land
1322221436900,0,land
1317216229183,0,land
1322220697357,0,land
1322220768826,0,land
1319218514990,0,land
1316215788629,0,land
1315214296244,0,land
1315214025482,0,land
1316215091721,0,land
1321220516316,0,land
1320218858951,0,land
1314212530772,0,land
1315213690225,0,land
1315214331252,0,land
1324222495739,0,land
1315213999271,0,land
1317215900352,0,land
1317216335137,0,land
1321221565260,0,land
1318216828893,0,land
1316215328636,0,land
1314212899049,0,land
1322221025442,0,land
1315213956954,0,land
1316215276472,0,land
1314212748305,0,land
1324222731806,0,land
1317216217758,0,land
1315214412316,0,land
1321220450908,0,land
1318217419771,0,land
1316217802382,0,land
1324222892996,0,land
1322220706941,0,land
1319217745823,23149,land
1322221025669,0,land
1317216057164,0,land
1321219634033,125,land
1316215682117,0,land
1316214984662,0,land
1323222043111,0,land
1314213042979,0,land
1316215325616,0,land
1314212636587,5,land
1319218454130,0,land
1322220654824,0,land
1320219054246,0,land
1314212873323,0,land
1323222153470,0,land
1321220042927,0,land
1314212426086,0,land
1316215640451,0,land
1321219659986,0,land
1323221651680,0,land
1321220420133,0,land
1314212823684,0,land
1322221328077,0,land
1319217978042,0,land
1321220153783,0,land
1320219343338,0,land
1316215119443,10,land
1318216764744,0,land
1316214948996,0,land
1316215492467,0,land
1318218523583,0,land
1322220740118,0,land
1322220965786,0,land
1320219275967,0,land
1320219415003,0,land
1315213903800,0,land
1319218270066,0,land
1314212971307,0,land
1322220635027,0,land
1318217425899,0,land
1316215295938,0,land
1322220662098,0,land
1324222682888,0,land
1324222938387,0,land
1316215445610,0,land
1324223184856,0,land
1314213213580,0,land
1314213102748,0,land
1315213670781,0,land
1315213736756,0,land
1315213755503,0,land
1314212313415,0,land
1322220852420,0,land
1315214452070,0,land
1319218073524,0,land
1315213813025,0,land
1324222410514,0,land
1321219447657,0,land
1320218942973,0,land
1314214917369,0,land
1323222180554,0,land
1324222588612,0,land
1320219349139,0,land
1315213970991,0,land
1317216491528,0,land
1317216667410,0,land
1324223230867,0,land
1323221594272,0,land
1316215704329,0,land
1314212867725,0,land
1323222180414,0,land
1324223160641,0,land
1314213072630,0,land
1315214343663,0,land
1322221417494,0,land
1324222851394,0,land
1314212378448,0,land
1320218576813,0,land
1321219600715,0,land
1321219601489,250,land
1317216437374,0,land
1318217447869,0,land
1320218874737,0,land
1315213722337,0,land
1320218727055,0,land
1315216768554,0,land
1321220264345,0,land
1324222868123,0,land
1314212973200,5,land
1322220930832,0,land
1315214456269,0,land
1318217186865,0,land
1324222967693,0,land
1317216418475,0,land
1323222403305,0,land
1322220969366,0,land
1315216650945,0,land
1321219912817,250,land
1316215114758,2,land
1317218604496,0,land
1320220592479,0,land
1316215609975,0,land
1317215960345,0,land
1323221966740,0,land
1316215362346,0,land
1319218244667,0,land
1315213700723,0,land
1315214937676,0,land
1321219702192,0,land
1321220169914,0,land
1321219933367,0,land
1320218733970,0,land
1319218091332,0,land
1314212635989,0,land
1315213865037,0,land
1314213019526,0,land
1318217060223,0,land
1314212785493,0,land
1319217757564,0,land
1318216755215,0,land
1316215004159,0,land
1321220299604,0,land
1314212878553,0,land
1317216382174,0,land
1317216354454,0,land
1317215965106,0,land
1323221670817,0,land
1321219756400,0,land
1315214006405,0,land
1321219792672,0,land
1318217301629,0,land
1315213841784,0,land
1324222530774,0,land
1316215010493,0,land
1318217255177,0,land
1324223023110,0,land
1322220969517,0,land
1315214365090,0,land
1322221530924,0,land
1320218906333,0,land
1314212318529,0,land
1324222714875,0,land
1323221559659,0,land
1315214246516,0,land
1322220679056,0,land
1320219054259,0,land
1320218642775,0,land
1319218273403,0,land
1320219224211,0,land
1316215519618,0,land
1323222284693,0,land
1314212942890,0,land
1324222923878,0,land
1315214465369,0,land
1324222533907,0,land
1314212931315,0,land
1317216402634,0,land
1316215477593,0,land
1316215587027,13495,land
1314213035138,0,land
1315214331427,0,land
1323222068975,0,land
1324222639650,0,land
1321219623218,0,land
1322220826402,0,land
1319217761410,0,land
1323222137919,0,land
1314211943980,0,land
1315214339261,0,land
1323222326403,0,land
1319217771450,0,land
1320218687186,0,land
1319218353011,0,land
1320219246877,0,land
1314213032713,0,land
1320219263035,0,land
1314212687723,0,land
1320219346018,814,land
1314212778841,0,land
1315214097937,0,land
1316215545462,0,land
1320218727814,0,land
1315214341099,0,land
1319217980770,0,land
1314213114224,0,land
1317216605497,0,land
1317216435812,0,land
1315213760883,0,land
1317216403802,0,land
1315214331365,0,land
1316215109822,0,land
1315214264259,0,land
1322220969529,0,land
1314213116864,0,land
1316215249069,0,land
1319218517744,0,land
1315214331314,0,land
1315214356545,0,land
1314213040951,0,land
1315213619315,0,land
1315214429223,0,land
1322220796155,0,land
1322221468919,0,land
1324222446953,0,land
1323221748116,0,land
1318216983534,0,land
1314212643389,0,land
1315214943969,0,land
1315215827611,4,land
1324223016926,0,land
1321220302665,0,land
1314212576488,0,land
1314212889214,0,land
1315213999232,0,land
1320218775284,0,land
1324222802845,0,land
1318216995795,0,land
1319218437287,0,land
1319217777667,0,land
1323221530722,0,land
1322220977490,0,land
1320220592481,0,land
1322220677254,0,land
1316215530318,0,land
1314211905563,0,land
1315213903646,0,land
1318216850622,0,land
1315213610710,0,land
1321219730862,0,land
1323222228759,0,land
1322220636688,0,land
1321219918404,0,land
1316215096571,0,land
1316215317355,0,land
1324222477655,0,land
1315214252342,0,land
1314212690325,0,land
1315214159612,0,land
1318217035524,0,land
1320221498126,0,land
1316215167836,0,land
1318217301668,0,land
1315214135333,0,land
1324222502371,0,land
1316215473873,0,land
1323221734647,0,land
1318216857894,0,land
1319217740570,0,land
1314211915222,0,land
1320218770170,0,land
1316215688209,0,land
1317216135653,0,land
1323221732264,0,land
1318216703088,0,land
1324223121043,0,land
1315213947385,0,land
1321220368803,0,land
1322220810889,0,land
1315214191847,0,land
1321219603848,0,land
1319217661065,0,land
1322220740169,0,land
1318217238043,0,land
1317215907332,0,land
1316215218064,0,land
1316215471210,0,land
1314212453967,0,land
1314212464933,0,land
1315213684588,0,land
1315213207525,0,land
1314212688206,0,land
1317215943212,0,land
1316215201815,0,land
1319218277085,0,land
1318217378963,0,land
1320220657504,0,land
1321219666272,0,land
1317216311441,0,land
1320218693378,0,land
1320219395567,0,land
1315213758016,0,land
1314212522421,0,land
1315213896501,0,land
1318216961983,0,land
1316215084500,13,land
1315213888910,0,land
1316215056336,0,land
1314213171515,0,land
1314212878704,0,land
1315214124657,750,land
1320218978334,0,land
1321219603762,0,land
1315214118919,0,land
1316215536347,0,land
1315214036319,0,land
1318217144815,0,land
1315213841923,0,land
1316214954416,0,land
1323223208758,0,land
1324222645715,0,land
1321220452445,0,land
1320218694178,0,land
1314212507103,0,land
1316215016039,0,land
1319218456580,0,land
1322221497340,0,land
1316215454152,0,land
1315214256430,0,land
1315214345744,0,land
1315217543863,0,land
1314212500730,0,land
1320219172400,0,land
1324222705434,0,land
1321220512406,0,land
1320218749632,0,land
1319218437034,0,land
1317216633065,0,land
1317216075388,42035,land
1321220028462,0,land
1321219801228,0,land
1322221253432,0,land
1322220660462,0,land
1323221700370,0,land
1315213670920,0,land
1315213788983,0,land
1322221106634,0,land
1322220948691,0,land
1324222432801,0,land
1318217480767,0,land
1315213825375,0,land
1316215205170,0,land
1319218258287,0,land
1316215588575,0,land
1320218659314,0,land
1315213702741,0,land
1324223139686,0,land
1322220720522,0,land
1323221967932,0,land
1324222876233,0,land
1321219683822,0,land
1322220907000,261,land
1316218606895,0,land
1315213752660,0,land
1323221541333,0,land
1323222160259,0,land
1314213092099,0,land
1314212793588,0,land
1322220870873,0,land
1320219275866,0,land
1319218561280,0,land
1319218289344,0,land
1324222476083,0,land
1324222521623,0,land
1315213924020,0,land
1315213698931,615,land
1318217531603,0,land
1318216837587,0,land
1314212775643,0,land
1317215838804,0,land
1320219266398,0,land
1314212581197,0,land
1321219725494,0,land
1317215915556,0,land
1316217720388,0,land
1316215208861,0,land
1324222891816,0,land
1323221742644,0,land
1324222784264,0,land
1320218845776,0,land
1321220152247,0,land
1315214042475,0,land
1323222068948,0,land
1314211910411,0,land
1315213718861,0,land
1322220645725,0,land
1322220694475,0,land
1322220749978,0,land
1320219443266,0,land
1324222517613,0,land
1317216133734,0,land
1318217469307,0,land
1318217590847,0,land
1315214441661,0,land
1321220357812,0,land
1324223007004,0,land
1316215054281,0,land
1321219972662,0,land
1318217760634,0,land
1324223120650,0,land
1320219307764,0,land
1323221958236,0,land
1317216457996,0,land
1322220830778,0,land
1318217240783,0,land
1324223063734,0,land
1315213844222,0,land
1316215018957,0,land
1314212748293,0,land
1323222499713,0,land
1318216910303,0,land
1316216622389,0,land
1316214928018,0,land
1314212800066,639,land
1318217218662,0,land
1315214363943,0,land
1318216995225,0,land
1318216762435,0,land
1315214451698,0,land
1316215562315,0,land
1316215381789,0,land
1323221584360,0,land
1315213962350,0,land
1322221431303,0,land
1321220915490,0,land
1320218713067,0,land
1319218480883,0,land
1317216607388,0,land
1317216611487,0,land
1314212579433,0,land
1315213615343,0,land
1324222900488,0,land
1323222034530,0,land
1324222483719,0,land
1314213048770,0,land
1321219751676,0,land
1320218845636,0,land
1321220058869,0,land
1321220682292,0,land
1316215158763,0,land
1320218806774,0,land
1316214995704,0,land
1314214366130,23124,land
1317216427904,0,land
1319217874003,4,land
1319218488942,0,land
1322220697320,0,land
1316215530977,0,land
1314212695264,0,land
1319217718903,0,land
1315213797273,0,land
1314212449680,0,land
1324222852978,0,land
1320219001219,0,land
1315213228416,0,land
1324222712212,0,land
1316215646605,0,land
1323222338016,0,land
1322221338799,0,land
1316215455585,0,land
1316214954012,120,land
1319218454054,0,land
1318218523595,9880,land
1319218342537,0,land
1320219362175,500,land
1317216597878,0,land
1321220432708,0,land
1314212861660,0,land
1315213637871,0,land
1316215092065,0,land
1324223096520,0,land
1317216611982,0,land
1324222467351,0,land
1319217658816,0,land
1314213000577,0,land
1318217430673,0,land
1319218044699,0,land
1319219407032,0,land
1315213778374,0,land
1322220656538,0,land
1315213921719,0,land
1321220314215,0,land
1319218504381,0,land
1324222965699,0,land
1323222175325,0,land
1324222671137,0,land
1322221286267,0,land
1316215390257,0,land
1317219424948,0,land
1323221752470,0,land
1320218819112,0,land
1319217724210,0,land
1323221586896,0,land
1318217396643,0,land
1320218673440,0,land
1314212775629,0,land
1320218814034,0,land
1321220392765,0,land
1317216283059,0,land
1317216549206,0,land
1322220757316,0,land
1315213913369,0,land
1323222202133,0,land
1314212572123,0,land
1314212786356,0,land
1315214296117,0,land
1320218835270,0,land
1319218260596,0,land
1318217398395,0,land
1317216266977,2971,land
1314212797272,0,land
1314212986069,0,land
1315213726348,0,land
1314212674891,0,land
1324223010606,0,land
1322221025556,0,land
1323221726476,0,land
1322220645547,0,land
1320219394261,0,land
1315213703008,0,land
1322220795506,0,land
1323221870064,0,land
1315214218810,0,land
1316215232240,0,land
1316214961272,0,land
1319219408299,0,land
1324222540193,0,land
1324222987000,0,land
1315216631352,0,land
1317215852409,0,land
1317216902736,0,land
1316215682446,28,land
1314212516746,0,land
1314212666200,0,land
1323222141917,0,land
1323221950330,0,land
1319218435992,0,land
1320219060199,0,land
1316222367841,0,land
1314212943423,0,land
1315213532563,0,land
1319218465526,0,land
1316215128113,0,land
1315213901465,0,land
1315214240386,0,land
1320219375995,0,land
1318216828881,0,land
1315214288742,0,land
1316214998092,0,land
1321219778444,0,land
1315214063430,0,land
1322221205798,0,land
1322221399759,0,land
1323222277396,0,land
1315214314332,0,land
1317216138608,0,land
1321220512824,0,land
1315214279933,0,land
1314212412821,0,land
1316215116524,0,land
1316215466715,0,land
1314212545356,0,land
1319218069476,0,land
1319218079287,0,land
1323222336822,0,land
1314213099625,0,land
1315214377792,0,land
1314212451660,0,land
1319217961768,0,land
1324223239880,0,land
1322221360833,0,land
1317215948302,0,land
1317216139131,0,land
1315214331504,0,land
1323221543198,0,land
1318216958393,0,land
1314212404228,0,land
1324222666238,0,land
1323221657315,0,land
1324222548834,0,land
1320218971289,0,land
1316215753827,0,land
1323222010252,0,land
1319218122861,0,land
1320218926347,0,land
1323222277042,0,land
1321220147856,0,land
1314212510628,0,land
1324222925366,0,land
1323221590488,0,land
1323221527664,5,land
1314212939363,0,land
1316215068204,0,land
1314213092188,0,land
1319218468104,0,land
1315213561210,0,land
1319218456313,0,land
1322220997136,0,land
1324222637631,0,land
1319218113140,0,land
1321219668264,0,land
1314212573695,0,land
1315214426823,0,land
1321219939547,0,land
1321220205064,0,land
1318217238031,0,land
1323221790898,0,land
1324222893188,0,land
1316215187042,0,land
1315214009894,0,land
1316215110608,0,land
1323222277384,0,land
1320219196615,0,land
1319218000824,0,land
1314212440857,0,land
1324222862498,0,land
1322221154913,0,land
1316215390333,0,land
1323221804762,0,land
1321219601655,0,land
1315214006328,0,land
1322220776583,0,land
1314212718908,0,land
1316215156670,0,land
1314212980700,0,land
1321220041913,0,land
1321219981014,0,land
1321220056182,0,land
1317216402608,186,land
1315214432371,0,land
1317216446512,25859,land
1318218520171,0,land
1321220257099,0,land
1316215734245,114103,land
1321220274308,0,land
1314213126004,0,land
1324222819753,0,land
1318217061530,0,land
1317216013692,0,land
1315218588768,0,land
1324222405348,0,land
1323221752266,0,land
1322220780415,0,land
1317216130765,0,land
1321220562488,0,land
1319217694215,0,land
1319217682119,0,land
1317215931890,0,land
1317216609646,0,land
1318217382415,0,land
1320218964031,0,land
1318216745911,0,land
1319218160796,0,land
1314212647693,0,land
1321220274144,0,land
1321219893916,0,land
1314212381141,0,land
1314213174345,0,land
1324222560118,0,land
1316215306236,0,land
1324222999587,0,land
1321219702204,0,land
1321220164483,0,land
1315215790775,0,land
1321220065748,0,land
1318217165048,0,land
1321221565258,0,land
1317216329565,0,land
1319218154716,0,land
1318217547429,0,land
1319218273605,0,land
1315214339246,0,land
1316215144736,0,land
1314212695047,0,land
1321219970175,0,land
1322221093216,0,land
1315214292043,0,land
1324222732570,0,land
1314212333544,0,land
1315214208959,0,land
1315214474660,0,land
1315213910096,0,land
1314218619346,0,land
1323221674359,800,land
1320218641595,0,land
1322221214695,0,land
1323221537285,0,land
1316215294099,0,land
1323221592468,0,land
1324222762763,0,land
1316215149055,0,land
1323222008839,0,land
1319218492243,0,land
1324222614683,0,land
1322220892677,0,land
1316215797818,0,land
1314212346973,0,land
1314212904926,0,land
1318217093691,0,land
1318217123607,0,land
1318217307216,0,land
1316215433929,0,land
1322220749055,0,land
1317216097461,0,land
1316215731086,0,land
1314213002102,0,land
1320219145796,0,land
1324223125713,0,land
1320218811370,0,land
1315214028639,0,land
1320218787644,0,land
1316215782083,0,land
1323222217491,0,land
1315213872791,0,land
1321219499288,7,land
1320218696211,0,land
1323222346114,0,land
1324222494647,0,land
1316215168206,0,land
1315214299428,0,land
1321220072033,0,land
1314212634556,0,land
1319218217370,0,land
1316214941344,0,land
1314214127209,0,land
1318217073954,7758,land
1315214144026,0,land
1317216433805,0,land
1324222642985,0,land
1317216138735,0,land
1320219034295,0,land
1316215088574,0,land
1316215529847,0,land
1320218888600,0,land
1320218688733,0,land
1315214038731,0,land
1318216776450,0,land
1316215579881,0,land
1317216592446,0,land
1317216402545,0,land
1319217859824,0,land
1314212802250,0,land
1314212824054,0,land
1318216945307,0,land
1314212899064,0,land
1318217268414,0,land
1314212557526,0,land
1315213230939,0,land
1319217917261,0,land
1318216837880,0,land
1315213867017,0,land
1324223030622,0,land
1323222182608,0,land
1321219715392,0,land
1323221562376,0,land
1321220430817,0,land
1317216618088,0,land
1321220277418,0,land
1322221581198,0,land
1321219910179,0,land
1317216531830,5,land
1319218345609,0,land
1322221136601,0,land
1322221467968,0,land
1323222137717,0,land
1317216315503,0,land
1320218702621,0,land
1315214388872,0,land
1315213752153,0,land
1317216402418,0,land
1314212396713,0,land
1321220543829,0,land
1315213893922,0,land
1314212881700,0,land
1321219606819,0,land
1316215106764,0,land
1323221773637,0,land
1322221058516,0,land
1316215298617,0,land
1321220471647,0,land
1316215591520,0,land
1314211898085,0,land
1316215446206,0,land
1324222981084,0,land
1321220613552,0,land
1323221649433,0,land
1324222498750,0,land
1321219755725,0,land
1320218645493,0,land
1320219165141,0,land
1316216548533,0,land
1321219468624,0,land
1316215057858,0,land
1317216646568,0,land
1319218075671,0,land
1322220892691,0,land
1318217353566,0,land
1323221645094,0,land
1322221021811,8,land
1321221029489,0,land
1324222967642,0,land
1322220698005,0,land
1317216279416,0,land
1316216229157,0,land
1315213812062,0,land
1320218674683,0,land
1314211912365,0,land
1324222981058,0,land
1319218377315,0,land
1322220731525,0,land
1323222359731,0,land
1324222685354,0,land
1315214202665,0,land
1315213999283,0,land
1315214007229,0,land
1314212956686,0,land
1319217966276,0,land
1315218598934,0,land
1324222691089,0,land
1320219126923,0,land
1315213603261,5,land
1321220468110,0,land
1316215166758,0,land
1324222634420,0,land
1322220633907,0,land
1317215824956,0,land
1323221550229,0,land
1322220731121,0,land
1315214309724,102741,land
1321219903578,0,land
1316215668981,0,land
1317215944416,0,land
1315213947373,0,land
1314212320877,0,land
1315214396487,0,land
1315213701143,0,land
1322221465949,0,land
1324223137353,0,land
1319217887177,0,land
1323221747696,0,land
1318217455258,0,land
1320219029749,0,land
1316216902686,0,land
1323222331391,0,land
1315214335539,250,land
1315214339259,0,land
1319217831460,0,land
1322220746337,0,land
1317216552582,0,land
1320218598997,0,land
1322220749509,0,land
1321219919026,0,land
1318217129093,0,land
1320218747968,0,land
1320219216379,0,land
1322221350150,0,land
1320218645238,0,land
1314212321638,0,land
1317215813460,0,land
1322220679993,0,land
1324222967630,0,land
1315214339297,0,land
1316215286966,0,land
1314212804088,0,land
1314212321879,0,land
1314212835476,0,land
1317215959368,0,land
1314212478453,0,land
1314212521064,0,land
1314213195567,0,land
1316217643372,0,land
1319218078309,0,land
1317216067189,0,land
1317216295030,0,land
1317216135640,0,land
1324222442042,0,land
1314212400978,0,land
1319217861222,0,land
1314212390456,0,land
1318217240744,0,land
1319217937616,0,land
1316215156617,0,land
1324222736340,0,land
1318217231505,0,land
1321220362952,0,land
1322220794580,0,land
1319217791286,0,land
1324222943363,0,land
1324222813026,0,land
1323223208618,0,land
1316215055916,0,land
1317216566467,0,land
1321219797762,0,land
1324222903926,0,land
1321220357418,1379,land
1319217928199,0,land
1317216495578,0,land
1323221805714,100,land
1314212859019,0,land
1315214308470,0,land
1320219409416,0,land
1319217808233,0,land
1315213753205,0,land
1315214410033,0,land
1317215925660,0,land
1316215432701,0,land
1323222063719,0,land
1322220783575,0,land
1315213716184,0,land
1322220831174,0,land
1320219230772,0,land
1318217201312,0,land
1315213686672,0,land
1315214236919,0,land
1315213972146,0,land
1315214410021,0,land
1315214067326,0,land
1316215128760,0,land
1322220698361,0,land
1322220812337,0,land
1324222411997,0,land
1318217011915,0,land
1323221653595,0,land
1321219645088,0,land
1316215133024,0,land
1314212422341,0,land
1323222219798,0,land
1321220551408,0,land
1318216752838,0,land
1319218000065,0,land
1324222783514,0,land
1321219967268,0,land
1317215805868,0,land
1321220319519,0,land
1324222851329,0,land
1314212500995,0,land
1315214067884,0,land
1319217605979,0,land
1315213197027,0,land
1314212491233,0,land
1323222361255,0,land
1320218835128,0,land
1321219898386,0,land
1323221898164,0,land
1316215384850,0,land
1315213681974,0,land
1314212940478,0,land
1315215406947,0,land
1319217714411,0,land
1317215876766,0,land
1318217169515,0,land
1314212426581,0,land
1314213126927,0,land
1324223091909,0,land
1317216230603,0,land
1324222507915,0,land
1319218645075,0,land
1315214215271,0,land
1321220544415,0,land
1314212525707,0,land
1314212586604,0,land
1321219790108,0,land
1322221069875,0,land
1323221565361,0,land
1317216517730,0,land
1314212478198,0,land
1316215015417,0,land
1320218717371,0,land
1315213694995,0,land
1315214203503,0,land
1322221276177,0,land
1317215810336,0,land
1321219805393,0,land
1317216003929,0,land
1317216309777,0,land
1318217432119,0,land
1314213002126,0,land
1314212393680,0,land
1316215663016,0,land
1317215905252,0,land
1324222868085,0,land
1319217666647,0,land
1323221601875,0,land
1318216753982,0,land
1315213696685,0,land
1315213903709,0,land
1318217511031,0,land
1321220076931,0,land
1319217963848,0,land
1315214098206,0,land
1316215102512,0,land
1323222258889,0,land
1315213558238,0,land
1320219245091,0,land
1322221467347,0,land
1321220162630,0,land
1321220173862,0,land
1317216007740,0,land
1315213559432,0,land
1315213883871,0,land
1316215233420,0,land
1323221982109,0,land
1317216369494,100,land
1317216029621,0,land
1321220154645,0,land
1314216437943,0,land
1316214983595,0,land
1324222442459,0,land
1314212405512,0,land
1321219469499,0,land
1321220009219,0,land
1315213721691,0,land
1318216925711,0,land
1319217781994,0,land
1321220357329,0,land
1315214255604,0,land
1314212461988,0,land
1318217047721,0,land
1323221549759,0,land
1315214502421,0,land
1316215116450,0,land
1318217240769,0,land
1315213227325,0,land
1316215166745,0,land
1322220778803,0,land
1314212339004,0,land
1315214305486,0,land
1322221223718,0,land
1316214961688,0,land
1321219711417,0,land
1322220755146,0,land
1318216893370,0,land
1317215852587,0,land
1314212459438,0,land
1321219630744,0,land
1318217483736,0,land
1319217828134,0,land
1321219972914,0,land
1324222585756,0,land
1321219630771,0,land
1317218630402,0,land
1314212481915,0,land
1317216369518,14876,land
1317216566479,0,land
1323221976766,0,land
1322220948436,0,land
1322221110859,0,land
1315213857865,0,land
1316215434061,0,land
1316215522347,0,land
1324223084702,0,land
1322220955280,0,land
1323221728532,0,land
1319221498165,0,land
1324222690810,0,land
1314212779577,0,land
1315214146553,0,land
1316215317342,0,land
1316215364631,0,land
1314212303198,30,land
1317216468658,0,land
1320219231343,0,land
1314212687444,0,land
1322220813923,0,land
1324222494712,0,land
1324222569663,0,land
1320218800009,0,land
1324222813002,0,land
1315214288704,0,land
1315214911669,0,land
1315213704366,0,land
1319217694203,0,land
1324223208366,0,land
1314211935263,0,land
1315213610367,0,land
1322220687863,0,land
1318218634032,0,land
1316215063532,0,land
1315214264273,0,land
1315213240930,0,land
1316215015355,0,land
1315215766650,0,land
1320219213333,0,land
1314212464592,0,land
1321220412795,0,land
1316215190873,0,land
1316215569500,0,land
1320218845788,0,land
1321220042915,0,land
1319217824477,0,land
1315214169613,0,land
1315214184778,1650,land
1315213841265,0,land
1316215711274,0,land
1318217093689,0,land
1321219627748,0,land
1315213891272,0,land
1319217928175,0,land
1314213044124,0,land
1314212703704,0,land
1316214935734,0,land
1314212359780,0,land
1321220076210,0,land
1318217457833,0,land
1322220797310,0,land
1319217820758,0,land
1319217963851,0,land
1316215045345,0,land
1318216947933,0,land
1316215497494,0,land
1316215067618,0,land
1322221385418,0,land
1316215197157,8425,land
1319218233839,0,land
1322221422076,0,land
1320218623712,0,land
1323221558897,0,land
1315213243660,0,land
1315213706031,0,land
1314212554606,0,land
1316215616261,0,land
1318217101575,0,land
1322221112396,0,land
1314212404026,653,land
1319217666623,0,land
1322220921100,0,land
1317215900806,0,land
1321219944586,0,land
1321219949233,0,land
1314212392839,0,land
1315214277129,0,land
1319217761752,0,land
1323222259398,0,land
1319218032454,0,land
1316215598816,0,land
1320218825356,0,land
1322221312566,0,land
1315214343410,0,land
1315214006342,0,land
1316215464761,0,land
1323222343358,0,land
1314212324192,0,land
1315214381446,0,land
1314212555965,0,land
1318217157015,0,land
1316215010467,0,land
1321219529169,0,land
1318216914832,0,land
1314212843421,0,land
1323221614528,0,land
1323221849235,0,land
1320219174760,0,land
1315213743836,0,land
1315213583925,0,land
1319218527517,0,land
1323221681529,0,land
1324223062629,0,land
1315219435219,0,land
1316215136235,0,land
1314212308961,0,land
1318217083649,0,land
1323221527878,0,land
1321219800063,0,land
1314212378374,0,land
1320219281716,0,land
1317215845773,0,land
1322221205836,0,land
1321219694092,0,land
1324222492466,0,land
1316215364656,0,land
1320218765927,0,land
1322221025644,0,land
1321222393050,0,land
1320219247451,0,land
1314214973479,0,land
1318216698821,0,land
1317216168512,0,land
1321219447036,0,land
1321219721444,0,land
1314213065269,0,land
1314212801106,0,land
1315213968249,0,land
1314212900195,0,land
1315213975156,0,land
1315213850670,0,land
1319217883053,0,land
1322220981132,0,land
1324222721223,0,land
1324222727392,0,land
1322221500465,0,land
1319217919772,0,land
1319218198947,0,land
1315214412342,0,land
1320219316484,0,land
1320219386315,0,land
1320218733119,0,land
1314212728505,0,land
1314212777801,0,land
1318216855926,0,land
1318217160353,0,land
1317215909526,0,land
1316215461676,0,land
1314212390443,0,land
1316215590074,0,land
1315213826819,0,land
1316214972337,0,land
1314212553503,0,land
1320219210236,0,land
1314212428573,0,land
1314213044062,0,land
1321220471662,0,land
1314213076870,0,land
1314213133515,177,land
1314212389720,0,land
1323221765581,0,land
1316215168927,0,land
1322221587367,0,land
1320219176753,0,land
1315213805979,0,land
1314213174562,0,land
1323222333647,0,land
1321220568404,0,land
1315213779135,0,land
1317216256521,0,land
1314212774412,0,land
1314212764690,0,land
1315213791167,0,land
1314212402642,0,land
1315214025456,0,land
1319218464891,0,land
1320221547882,0,land
1315214073532,0,land
1323221629494,0,land
1314212626954,0,land
1320218944243,0,land
1314213070966,0,land
1321220205025,0,land
1315214305601,0,land
1316215146883,0,land
1323221613122,0,land
1323222314813,0,land
1320219268341,0,land
1316215065982,135,land
1316215131614,0,land
1316215451699,0,land
1316215462134,0,land
1318217152420,0,land
1322220722755,0,land
1316215065513,0,land
1322221164371,0,land
1314215788403,0,land
1314212962207,0,land
1321219776592,0,land
1324222712438,0,land
1319218273516,0,land
1317216340822,0,land
1324222538821,0,land
1320218909582,0,land
1319218307510,0,land
1317215914235,0,land
1314212770251,0,land
1315214288692,0,land
1324222950141,0,land
1320218700250,0,land
1316218615185,0,land
1324222539239,0,land
1322221300179,0,land
1315213874567,0,land
1316216652382,0,land
1314211886522,0,land
1321219863267,0,land
1319218210185,0,land
1314212321830,0,land
1315213921164,0,land
1316215162862,0,land
1323221967223,0,land
1319218238374,0,land
1320219370970,0,land
1316215049471,0,land
1324222545194,0,land
1324222577114,0,land
1324222925190,0,land
1323221590906,0,land
1323221664701,0,land
1323221736313,0,land
1324222601510,0,land
1315214032740,0,land
1314212536775,0,land
1315213578661,0,land
1323221539582,0,land
1315213629633,0,land
1316215470992,0,land
1320218855029,0,land
1314212648683,0,land
1315213716208,0,land
1322221035405,0,land
1318216912283,0,land
1320218845838,0,land
1323221649419,0,land
1321219857632,0,land
1316215541715,454,land
1317216146100,0,land
1321220238024,0,land
1315214189072,0,land
1321220313365,0,land
1319218225720,0,land
1322223217136,0,land
1317216165353,0,land
1322220839361,0,land
1320218645517,0,land
1315214201838,0,land
1315214073520,0,land
1318216834679,0,land
1322220969303,0,land
1324222673865,0,land
1314213036534,0,land
1317216322281,0,land
1324222598169,0,land
1320219000371,0,land
1316215150261,0,land
1315214250122,0,land
1314212353003,0,land
1315213831961,78,land
1316215342837,0,land
1316215039912,0,land
1318217447871,0,land
1315214346393,0,land
1323221681467,0,land
1317215835695,3,land
1321219678442,0,land
1322220969467,0,land
1323221734650,0,land
1322220978163,0,land
1316215284985,0,land
1324222823597,0,land
1322220726778,0,land
1322220722490,0,land
1323221741325,0,land
1317216464406,0,land
1319218326635,0,land
1324222835187,0,land
1320219349127,0,land
1319218291969,0,land
1322220900474,0,land
1322220761656,0,land
1323222023994,0,land
1319218198986,0,land
1320219383231,0,land
1322221561374,0,land
1319218263604,0,land
1322220969455,0,land
1314212614414,0,land
1314212410308,0,land
1316215290178,0,land
1324222967655,0,land
1317215987948,0,land
1322220768030,0,land
1321220454730,0,land
1316215655212,0,land
1322220763371,0,land
1321219630795,0,land
1320218760078,0,land
1322221016203,0,land
1315214381295,0,land
1316215197219,0,land
1323221607183,0,land
1315213717426,0,land
1314212985168,0,land
1315213223441,0,land
1314211914318,0,land
1315213700747,0,land
1320219343769,0,land
1323222387084,0,land
1323221564735,0,land
1322220853826,0,land
1314212959136,0,land
1315213848260,0,land
1319217978067,0,land
1320218575443,0,land
1316215216021,0,land
1314212781177,0,land
1314212862496,5,land
1321219695956,0,land
1316214985259,0,land
1320219305760,0,land
1314212403543,6849,land
1316215624154,0,land
1323221637059,0,land
1319217997321,0,land
1322220642211,0,land
1322221415045,5,land
1323221532878,0,land
1314213115328,583,land
1316215328725,0,land
1317215906936,0,land
1318216905087,0,land
1319217740962,0,land
1323222141929,0,land
1316215697653,0,land
1323221642743,0,land
1314212472498,0,land
1322220922571,0,land
1314212345336,0,land
1322220984367,0,land
1314212759841,0,land
1320218844672,0,land
1320218705717,0,land
1324223089119,0,land
1315214277143,0,land
1318217432994,0,land
1323221638277,0,land
1322221235993,0,land
1323222077137,0,land
1321220313833,0,land
1322220984785,0,land
1316215455609,0,land
1322220680045,0,land
1321220337861,0,land
1314212689261,0,land
1322221043755,0,land
1319218454167,0,land
1323221753938,0,land
1323221536701,0,land
1322221212463,0,land
1321219616935,0,land
1315214243002,0,land
1317216438921,0,land
1314212545406,0,land
1314212560320,0,land
1319217766397,0,land
1317215842295,0,land
1321220412757,0,land
1314212624973,0,land
1314212665145,0,land
1315214107361,0,land
1316215554407,22937,land
1315213999244,0,land
1318217661317,0,land
1319218298418,0,land
1319218346500,0,land
1320218607087,0,land
1318216718837,0,land
1318217167345,0,land
1323222346138,0,land
1319218271827,0,land
1324222736338,0,land
1322221467537,0,land
1321220562730,0,land
1317215867856,0,land
1316215413232,0,land
1320221534454,0,land
1321220188027,0,land
1324223002837,0,land
1319218090254,0,land
1321220473110,0,land
1316215162847,0,land
1321220163000,0,land
1323222163697,0,land
1316215258486,0,land
1314212573226,0,land
1323221596543,0,land
1321220007189,0,land
1320219123751,0,land
1321219852377,0,land
1324223141969,0,land
1318216905846,0,land
1324222561678,0,land
1320219381656,26096,land
1318216680114,0,land
1322221016165,0,land
1323221749738,0,land
1319218488500,0,land
1316215150133,0,land
1318216924542,0,land
1316215325604,0,land
1317216539142,0,land
1323221586908,0,land
1324222848552,0,land
1323221603057,0,land
1321219910116,0,land
1316215760188,0,land
1322220747760,0,land
1314212543882,0,land
1316215055904,0,land
1314212584217,0,land
1315214156832,0,land
1323222022271,0,land
1322221337304,0,land
1316215127337,0,land
1321220277457,0,land
1315214329548,0,land
1319217915293,0,land
1314211928320,0,land
1321220026999,0,land
1324222481537,0,land
1319217817790,0,land
1315213225295,0,land
1316215580162,0,land
1317216249209,0,land
1319218342564,0,land
1315214457766,0,land
1316215044126,0,land
1315214065803,0,land
1318217271701,0,land
1314211928332,0,land
1316215023464,0,land
1320219192921,0,land
1320219358658,0,land
1319218365207,0,land
1314212876344,0,land
1323222093383,0,land
1324223181494,0,land
1324222594842,0,land
1322220951180,0,land
1316215016611,0,land
1323221950948,0,land
1320219252374,0,land
1319218481327,0,land
1321220153771,0,land
1322221484898,0,land
1324222570297,0,land
1314213128010,0,land
1317216496529,0,land
1319220592909,0,land
1316215033681,0,land
1319217825847,0,land
1321219900988,0,land
1319222367839,0,land
1315214030936,0,land
1323222166795,0,land
1318217423680,0,land
1315213745146,0,land
1315213766102,0,land
1314212716219,0,land
1324222558013,0,land
1315213866940,0,land
1321220195768,0,land
1315213857408,0,land
1323221743750,0,land
1321220544098,0,land
1324222434538,0,land
1315213200330,0,land
1315213940493,409,land
1321219692908,0,land
1324222405779,0,land
1315214295141,0,land
1315217687817,0,land
1318217280573,0,land
1316215168408,0,land
1316215717253,0,land
1315213753320,0,land
1322220823241,0,land
1317216010280,0,land
1320219234539,0,land
1324223030913,0,land
1315213603525,0,land
1324222892768,0,land
1320218705705,0,land
1317216591558,0,land
1315213711664,0,land
1319217883584,0,land
1318217248107,0,land
1323221674486,0,land
1315214355404,0,land
1315213775998,0,land
1315214030924,0,land
1316215724117,0,land
1320219359395,0,land
1314212333506,0,land
1317216201640,0,land
1315214416315,0,land
1314212884112,0,land
1316215616487,0,land
1319217615020,0,land
1320219232497,0,land
1320219414707,0,land
1315213703388,0,land
1322221444894,0,land
1314212321196,0,land
1321220000994,0,land
1322220660144,0,land
1314212333304,0,land
1314212352470,0,land
1319217827563,0,land
1323222227593,0,land
1316215298124,5,land
1317217566215,0,land
1316215760190,0,land
1314212471433,0,land
1314212943676,0,land
1322221159092,0,land
1316215086214,0,land
1320219156003,0,land
1317216376626,0,land
1321220327668,0,land
1315214052122,0,land
1318217149208,0,land
1323221607878,0,land
1319217813690,0,land
1316215329588,0,land
1317216222202,0,land
1323221543046,0,land
1324222676456,0,land
1324222520227,0,land
1321219625163,0,land
1320218653564,0,land
1318216989715,0,land
1323221775505,0,land
1324222682472,0,land
1320218655621,0,land
1314212975902,0,land
1324222528123,0,land
1321219664455,0,land
1321220147829,0,land
1317216076986,0,land
1321220331831,0,land
1317217558713,1477,land
1317215819071,0,land
1314212780148,0,land
1314213105671,0,land
1319217735289,0,land
1316215187764,0,land
1315213720295,0,land
1323221533565,358,land
1323222180073,0,land
1323222243800,0,land
1314212841480,0,land
1322220764536,0,land
1322221506316,0,land
1322221006240,0,land
1322221011719,0,land
1322221227352,0,land
1314212979405,0,land
1322221172467,0,land
1320218842514,0,land
1315215179235,0,land
1316215717000,0,land
1322221497441,0,land
1316215745629,1648,land
1316215208885,0,land
1317216466779,0,land
1319218289357,0,land
1323221748128,0,land
1324222418220,0,land
1316215620814,0,land
1319218063079,0,land
1316217730910,0,land
1321219456062,0,land
1318216843262,0,land
1322220754307,0,land
1324222964013,0,land
1314212325183,0,land
1315213648874,0,land
1315214430997,0,land
1320219214119,0,land
1319217826041,0,land
1322221429537,0,land
1324222961625,0,land
1314213004195,1198,land
1315213894948,0,land
1316215129851,0,land
1314212355566,0,land
1323221835453,0,land
1318217079565,0,land
1314212388615,0,land
1315219722105,526,land
1322221021886,0,land
1319218088348,0,land
1316215316783,0,land
1318217398496,0,land
1322221322530,0,land
1315214019705,0,land
1320218700286,0,land
1321219898362,0,land
1322220797791,0,land
1321219914140,0,land
1316215052768,0,land
1316215768779,0,land
1321220354157,0,land
1314212765503,0,land
1315213984279,0,land
1322220948588,0,land
1318217361652,0,land
1319217971769,0,land
1315216627935,0,land
1324222434375,0,land
1322220745451,0,land
1322220946014,0,land
1320218727067,0,land
1324222579017,0,land
1314212916682,0,land
1323221728809,0,land
1323221950518,0,land
1323221532928,0,land
1316215232253,0,land
1319218134688,0,land
1324222559751,0,land
1324222577951,0,land
1314211950961,0,land
1318216935128,0,land
1314213237579,0,land
1322220766430,0,land
1324222993976,0,land
1317215956855,0,land
1317216246278,0,land
1324223067188,0,land
1324222675175,0,land
1314212653808,0,land
1323221559634,0,land
1321219814151,68,land
1314212466243,0,land
1316215555590,1251,land
1316215682081,0,land
1318217071846,0,land
1317216239261,0,land
1318218342475,0,land
1314212684688,0,land
1323222366128,0,land
1324223106737,0,land
1318217021854,0,land
1314212793778,0,land
1317216422903,0,land
1315213957083,0,land
1318216857882,0,land
1318216872871,0,land
1314212801308,0,land
1323221663988,0,land
1322221317264,0,land
1324222840427,44,land
1321219783406,0,land
1314212943361,0,land
1321219634250,0,land
1322221025493,0,land
1317216612008,0,land
1318216839567,0,land
1319218202632,0,land
1324223060664,0,land
1322220921478,0,land
1322221324231,0,land
1324222411884,0,land
1323222001620,0,land
1324222471702,0,land
1323221824218,0,land
1324222748574,0,land
1317216597397,0,land
1314212557577,0,land
1320219182615,0,land
1318217685864,0,land
1315214371561,0,land
1314212638631,0,land
1314212302614,0,land
1314212914509,0,land
1314212945113,0,land
1315214074128,0,land
1321220076917,0,land
1315213244611,0,land
1319218239352,0,land
1322220830804,0,land
1318217282399,0,land
1314212518219,0,land
1320218764393,0,land
1315214136222,0,land
1321220544946,0,land
1317216479663,0,land
1322220941809,0,land
1324222733040,0,land
1315214161580,0,land
1317216204279,0,land
1315214387060,0,land
1316215491503,0,land
1317216499994,0,land
1321219625326,0,land
1321219615770,0,land
1316215166834,0,land
1321220167466,0,land
1315214431328,0,land
1321220034060,0,land
1315213643923,0,land
1318216700435,0,land
1318217221492,0,land
1324222673840,0,land
1316215174640,0,land
1314212855872,0,land
1317216514341,0,land
1324223223746,0,land
1321220109045,0,land
1320218577029,0,land
1323222044075,0,land
1315213537210,0,land
1321220042016,0,land
1314212943474,0,land
1314212501050,0,land
1315214050142,0,land
1316215477504,0,land
1314213115518,0,land
1315213629417,0,land
1318217056858,0,land
1318217345786,1281,land
1316215460585,72,land
1316215367905,0,land
1314212479606,0,land
1322221199565,0,land
1316215325628,0,land
1316215399698,0,land
1316215143595,0,land
1316215030925,0,land
1315213615356,0,land
1316215056591,5,land
1317216044572,0,land
1319217859204,0,land
1324222438398,0,land
1316215118011,0,land
1314212622207,0,land
1316215535170,0,land
1324222515304,0,land
1314212447546,0,land
1318216985438,0,land
1316215103565,0,land
1316214983494,4137,land
1322220769436,0,land
1323221681051,0,land
1322220767418,0,land
1324222642858,0,land
1317218523569,0,land
1317216604862,0,land
1321219810660,0,land
1323221737582,0,land
1318218622102,0,land
1322220937282,0,land
1315214221828,0,land
1317216129369,0,land
1322220899470,0,land
1315214441899,0,land
1323221549658,0,land
1320219228208,0,land
1324222779225,0,land
1320219149717,0,land
1323222145207,0,land
1315213583913,0,land
1314212454654,0,land
1321220452256,0,land
1314212997151,0,land
1318216742522,0,land
1318216790788,0,land
1316215359732,0,land
1324222746125,0,land
1317218150682,0,land
1319217852375,0,land
1321219910914,0,land
1319217857059,0,land
1318216738373,0,land
1323222326124,0,land
1319217920317,0,land
1321220174510,0,land
1322220739128,0,land
1319218562561,0,land
1322220646665,0,land
1320218825483,0,land
1315213935291,0,land
1323221930035,0,land
1314213062829,0,land
1324222972251,0,land
1315213862903,0,land
1315213625419,0,land
1321219843529,0,land
1316215288111,0,land
1316215437690,0,land
1315213948829,0,land
1324222417560,0,land
1322220662973,0,land
1314212736235,0,land
1315213896133,0,land
1321219653449,0,land
1322220697383,0,land
1324222989358,0,land
1322220961066,0,land
1320219328919,0,land
1314212534592,0,land
1316214916518,0,land
1321219702418,0,land
1318216976694,0,land
1321219606821,0,land
1319218032542,0,land
1318217559564,0,land
1317216114241,0,land
1315214453666,0,land
1314212764753,0,land
1315213945583,0,land
1315213950013,0,land
1317216293670,0,land
1315214039861,0,land
1316215028705,0,land
1317216517805,0,land
1317216250908,0,land
1323222275796,0,land
1320218982888,0,land
1321220116065,0,land
1322220719355,0,land
1315213632793,0,land
1315214038402,0,land
1320218764140,0,land
1315213749815,0,land
1314212972968,0,land
1317216142380,0,land
1315213766342,0,land
1319218423337,0,land
1314212638035,0,land
1314212778930,3007,land
1315213617879,0,land
1316214912913,0,land
1323222349641,0,land
1316215516509,0,land
1316217695257,0,land
1315213990702,0,land
1315213602016,0,land
1314212897538,0,land
1314212460822,0,land
1319218244642,0,land
1321219716343,0,land
1322220687800,0,land
1322220698423,0,land
1318218549160,0,land
1316215645526,0,land
1318216847222,0,land
1323221671682,0,land
1315214422622,0,land
1314212814584,0,land
1316215484027,0,land
1322221201066,0,land
1322221448943,0,land
1323221719038,0,land
1323222369910,0,land
1321219615376,0,land
1317216433793,0,land
1318217221656,0,land
1318217760709,0,land
1319217975883,0,land
1323221671047,0,land
1315214148494,0,land
1315213937269,0,land
1316215479763,0,land
1316215539418,0,land
1317216227316,0,land
1320219012061,0,land
1316215215031,0,land
1322221325943,0,land
1316215373960,0,land
1317216150678,0,land
1314212943551,0,land
1323221664939,0,land
1319217675661,0,land
1323221603071,0,land
1321220513067,0,land
1323221645106,0,land
1323221706361,0,land
1320219210248,0,land
1321220024905,0,land
1322220952574,0,land
1321219713144,0,land
1316215604707,0,land
1316215782069,0,land
1319218120867,0,land
1316215236163,0,land
1314212447460,0,land
1315213832660,0,land
1314212872461,0,land
1324222703555,0,land
1322220649053,0,land
1321219716469,0,land
1320218807838,0,land
1321220015073,0,land
1320219079872,0,land
1324223163217,0,land
1316215145335,0,land
1316215551692,0,land
1317216023111,0,land
1317215817014,0,land
1319218044840,0,land
1316215101825,0,land
1324223030610,0,land
1324222696940,0,land
1323221549746,0,land
1321219926627,0,land
1314212322248,0,land
1318217413133,0,land
1319218409872,0,land
1321219816840,0,land
1318217547405,0,land
1322221441367,0,land
1317215816644,0,land
1319218515486,0,land
1315213215167,0,land
1315213694971,0,land
1315214296206,0,land
1323222333635,0,land
1320218872859,0,land
1323221648049,0,land
1317216215032,0,land
1319218198885,0,land
1314211913912,0,land
1320219371503,0,land
1314211952369,0,land
1317216376638,0,land
1319218333983,0,land
1318216691497,0,land
1315214503815,5,land
1320219176726,0,land
1321219811256,0,land
1317216122667,0,land
1314212481675,0,land
1322221340793,0,land
1314212494090,0,land
1316215006521,0,land
1316215765684,0,land
1321219846413,0,land
1315213641929,0,land
1321220310989,0,land
1317215940735,0,land
1314211901463,0,land
1314212728683,0,land
1315213984281,0,land
1315214406656,0,land
1314213045471,0,land
1323222047274,0,land
1321219752173,0,land
1315213766367,0,land
1320219381694,107570,land
1322220834980,0,land
1322220917886,0,land
1319218365219,0,land
1319217934506,31231,land
1320219025754,0,land
1323221724937,0,land
1323221727290,0,land
1316214927067,0,land
1316215319144,0,land
1315214406389,0,land
1316215837372,0,land
1319217794217,0,land
1315213929084,0,land
1317216090163,0,land
1322221249446,0,land
1314212321614,0,land
1316215460561,157,land
1323221535697,0,land
1315213538287,0,land
1314211925437,0,land
1314213072667,0,land
1315214388858,0,land
1323221724949,0,land
1314213027459,0,land
1316215655198,0,land
1324222568659,0,land
1315214313583,0,land
1315213704974,0,land
1322220887588,0,land
1314213104680,0,land
1321220619706,0,land
1323221875279,0,land
1317216193540,0,land
1316215218013,0,land
1315214266037,0,land
1314212558959,0,land
1314212334395,0,land
1317215803786,0,land
1314215788631,0,land
1317216592776,0,land
1318216885501,0,land
1316215692373,0,land
1322220892689,0,land
1318217438466,0,land
1314212652642,0,land
1324222750960,0,land
1315213564545,0,land
1316218588743,0,land
1319218503631,0,land
1317218630453,0,land
1321220452561,0,land
1316215120066,0,land
1314212881698,0,land
1315214136335,1,land
1324222592848,0,land
1319217707672,0,land
1314211916313,0,land
1316214964999,0,land
1314211901549,0,land
1316215320401,27,land
1323221814852,0,land
1317216454847,8,land
1317216214926,0,land
1318217495997,0,land
1314212865063,54734,land
1314212900260,0,land
1314212904888,0,land
1314212929436,0,land
1316214994497,0,land
1319217884283,0,land
1324222418333,0,land
1320218839900,0,land
1314212578367,0,land
1315214099121,159,land
1324222671099,0,land
1314213057060,0,land
1319218140438,0,land
1319217961515,0,land
1322220651071,0,land
1316215205485,0,land
1315213926886,0,land
1316215162823,0,land
1316215014681,0,land
1316215162811,0,land
1321219658008,0,land
1323221828395,0,land
1315213781279,21,land
1321220205013,0,land
1316215083852,0,land
1314212516722,0,land
1315213791849,0,land
1315214442737,8,land
1314212322390,0,land
1317216264046,0,land
1318217095759,0,land
1318217218231,0,land
1319218166027,0,land
1315213196862,0,land
1322221402389,0,land
1317216425595,0,land
1314212750057,0,land
1316215446170,0,land
1322220679322,0,land
1319217959511,0,land
1317215851686,0,land
1323222350896,0,land
1316215044189,0,land
1317216025128,0,land
1315214339172,0,land
1317216117034,0,land
1316215575515,0,land
1316215394887,0,land
1318217588134,0,land
1319219044512,5,land
1323222229647,0,land
1324222502534,0,land
1316215738636,0,land
1324223229562,0,land
1320218829339,0,land
1323221860024,0,land
1317216584995,0,land
1322222301855,0,land
1316215506318,0,land
1320219275878,0,land
1314212688194,0,land
1314211904661,0,land
1314212342911,0,land
1321219751245,0,land
1324222924401,0,land
1322221261530,0,land
1316215080134,0,land
1315215804509,0,land
1314212572109,0,land
1315213605544,0,land
1314212347710,0,land
1314212746832,0,land
1324222992164,0,land
1321219704614,0,land
1316215615384,0,land
1315214191722,0,land
1320218707281,0,land
1317216580757,0,land
1316215232289,0,land
1317216402622,0,land
1315213800143,0,land
1320218813982,0,land
1319218082788,0,land
1315214295180,0,land
1317216488371,0,land
1314211899810,0,land
1315213727922,0,land
1321219910193,0,land
1319217963089,0,land
1314212322337,0,land
1320219374776,0,land
1320219360094,0,land
1314212595829,0,land
1317216591255,0,land
1315214294314,0,land
1319218193629,0,land
1320218886416,0,land
1317216486213,0,land
1318216983510,0,land
1320219337728,0,land
1324222770380,0,land
1320219126962,0,land
1315213962347,0,land
1322220680058,0,land
1315214492961,0,land
1318217152432,0,land
1319218377531,0,land
1322221008865,0,land
1320218832436,0,land
1320218981278,0,land
1324222518793,0,land
1318218342499,0,land
1322221202219,0,land
1324222803708,0,land
1319218197539,0,land
1321220432684,0,land
1320218659302,0,land
1321219769092,0,land
1318217031739,0,land
1319217970134,0,land
1323222333027,0,land
1316215256862,0,land
1314212399669,500,land
1314212481030,0,land
1322220686479,0,land
1318217149133,0,land
1315213949997,0,land
1317216269528,0,land
1315213195617,0,land
1315214032726,0,land
1320218813994,0,land
1320219137890,0,land
1315213745969,0,land
1321220485357,0,land
1315214240350,0,land
1322220877435,0,land
1323221710130,0,land
1321220188039,0,land
1323221555168,0,land
1314212797385,0,land
1323222043996,0,land
1315213782838,0,land
1323221684715,0,land
1317216010266,0,land
1324223038771,0,land
1314212603207,0,land
1318217181371,0,land
1320219337680,0,land
1318217322484,0,land
1314212541066,0,land
1323221870052,0,land
1321219615933,0,land
1322220741197,0,land
1315214218784,0,land
1314212498253,0,land
1316215101849,0,land
1322220824445,0,land
1322220899215,0,land
1315214403192,0,land
1323222068936,0,land
1314212654293,0,land
1317215941826,0,land
1323221611332,0,land
1316215329879,0,land
1317215812456,0,land
1317216517452,0,land
1317216895514,0,land
1318217393762,0,land
1315215179680,0,land
1315214215321,0,land
1319218284471,0,land
1316215514959,0,land
1324222776751,0,land
1321219788609,0,land
1323222077214,0,land
1319218482432,0,land
1320219305291,0,land
1315213751718,0,land
1322220646982,0,land
1320218596462,0,land
1321219995824,0,land
1318216747170,1350,land
1323221899279,0,land
1315214324725,0,land
1323222109035,0,land
1317216495566,0,land
1319218486746,0,land
1324222947069,0,land
1314212652681,0,land
1315213755491,0,land
1323221843600,0,land
1320219283470,0,land
1314212322301,0,land
1319218252928,0,land
1316215193855,5,land
1317215871839,0,land
1317215816620,0,land
1317216146819,0,land
1315214331441,0,land
1317215940762,0,land
1321219686197,0,land
1316217692767,0,land
1322221556982,0,land
1319218303283,0,land
1317216013021,0,land
1314212340172,0,land
1315214247088,0,land
1321220591034,0,land
1315214144406,0,land
1316215477617,0,land
1317216315097,15553,land
1323222338840,0,land
1319217908538,0,land
1316215628090,0,land
1319217830684,0,land
1322220838142,0,land
1316215544901,0,land
1321219469739,0,land
1320220657492,0,land
1317216000430,0,land
1315213965876,0,land
1316215037843,0,land
1323222337990,0,land
1323221975903,0,land
1319217730720,0,land
1320219242649,0,land
1321220302335,0,land
1324222853436,0,land
1323221548629,0,land
1314212878526,29000,land
1318219430927,0,land
1322221112319,0,land
1314212501047,0,land
1323222295228,0,land
1314213121813,0,land
1315213962398,0,land
1314213104781,0,land
1318217139411,0,land
1314212322349,0,land
1314213183888,0,land
1315214459113,0,land
1316214987442,0,land
1323222381915,0,land
1323222092470,0,land
1321220512394,0,land
1320218679330,0,land
1322221188600,0,land
1320218865842,0,land
1315213629621,0,land
1322222301830,0,land
1314212847899,0,land
1316215200116,0,land
1317215942335,0,land
1321220140887,0,land
1316215027095,0,land
1315214509263,0,land
1323221751403,0,land
1324222473706,0,land
1314212390001,0,land
1323221538756,0,land
1324223141957,0,land
1321220257137,0,land
1318216786994,0,land
1321220627069,0,land
1322221046788,0,land
1324222720753,0,land
1323221954997,0,land
1314212906440,0,land
1314212943373,102,land
1322221449768,0,land
1315214266013,0,land
1319218207520,0,land
1315214417127,0,land
1319218529372,0,land
1322220984811,0,land
1315213962335,0,land
1324222980878,0,land
1320218667424,0,land
1324222494015,0,land
1315214025468,0,land
1319217771652,0,land
1316215184300,0,land
1315214277117,0,land
1316215114846,0,land
1316215161530,0,land
1319218353009,0,land
1314212803643,750,land
1317216579944,8,land
1314212937965,0,land
1324222522106,0,land
1317216251470,0,land
1319217971771,0,land
1315213858018,0,land
1321220641221,0,land
1324222757294,0,land
1317216433779,0,land
1318217149119,0,land
1319218454205,0,land
1317215831367,0,land
1323221534050,0,land
1317216335113,0,land
1315214264780,0,land
1321219688672,0,land
1323221644279,0,land
1320218653069,0,land
1321220542791,0,land
1320219001120,0,land
1316215289733,0,land
1314212932406,0,land
1324222856318,0,land
1322220779882,0,land
1322221371382,0,land
1320218932388,0,land
1316215534696,0,land
1321220562868,0,land
1315213700735,0,land
1319217848567,0,land
1324222673954,0,land
1319217666650,0,land
1315213969090,0,land
1318217383342,0,land
1318217402585,0,land
1314212647731,0,land
1324222598106,0,land
1318216675165,0,land
1318217282387,0,land
1314212646715,0,land
1320219001548,0,land
1314213031622,0,land
1314212322251,0,land
1315213615786,0,land
1323222070892,0,land
1320218624854,0,land
1317215820616,0,land
1320219374752,0,land
1316215023526,0,land
1314212647756,0,land
1314212900068,0,land
1317216454850,81325,land
1316215015342,0,land
1322221434739,0,land
1317216117200,0,land
1323223208733,0,land
1317216369049,0,land
1316218598833,0,land
1320219295639,953,land
1318216858732,0,land
1317216010936,0,land
1318216725566,0,land
1321219610348,0,land
1314212877308,0,land
1315214006379,0,land
1315214203491,0,land
1316215205422,0,land
1324222879280,0,land
1321219985569,0,land
1320218750178,0,land
1324222902785,0,land
1315213689336,0,land
1316215034226,0,land
1322221338801,0,land
1323221674765,0,land
1314212335931,0,land
1316215362157,0,land
1324222982252,0,land
1322221339930,0,land
1315214203465,0,land
1316214926964,0,land
1324222603969,0,land
1322221396447,0,land
1319218449078,0,land
1315213557679,0,land
1321221534579,0,land
1314213072539,0,land
1322221059912,0,land
1316215462730,0,land
1321220390443,0,land
1316214971879,0,land
1321219812272,0,land
1319218110260,0,land
1320219394259,0,land
1319217968205,0,land
1322220705673,0,land
1317215970652,0,land
1324222681619,0,land
1317215943251,0,land
1324223034657,0,land
1317215842081,0,land
1320219391719,0,land
1314214919060,0,land
1317216373884,0,land
1315213210154,0,land
1314212427138,0,land
1323221983063,0,land
1315213617564,0,land
1320219054222,0,land
1322220687990,0,land
1320218619195,0,land
1321220325714,0,land
1319217861537,0,land
1324222800486,0,land
1316214898114,0,land
1321220425401,0,land
1315213633264,0,land
1324222594816,0,land
1320218813970,0,land
1317216402661,132,land
1318217074069,0,land
1317216234272,0,land
1314212694766,0,land
1323221544327,0,land
1323222078800,0,land
1315214112056,0,land
1314212576514,0,land
1314212488237,0,land
1315213772888,0,land
1316215742077,0,land
1323221821426,3132,land
1321220490268,0,land
1315213841897,428,land
1316215362169,0,land
1315213791775,0,land
1315213926088,0,land
1315214381737,0,land
1317216129407,0,land
1323221534542,0,land
1315214257026,0,land
1320218831586,0,land
1314212368563,0,land
1316215092572,0,land
1319218300402,0,land
1321219468814,0,land
1321219529171,0,land
1319218011017,0,land
1321219919469,0,land
1315214357550,250,land
1319218576852,0,land
1314213021328,0,land
1318217630021,0,land
1314213076868,0,land
1323221747708,0,land
1320219170747,0,land
1314212637995,0,land
1317216269718,0,land
1320219212750,3302,land
1322220732453,0,land
1321219673732,0,land
1315213557655,0,land
1324222851432,0,land
1323221550825,0,land
1323221664636,0,land
1321220452635,0,land
1324222411098,0,land
1315214059990,0,land
1324222563645,0,land
1323221824156,0,land
1324222578989,0,land
1316215474127,0,land
1323221650512,0,land
1320218750154,0,land
1314214973378,0,land
1314212920666,0,land
1324223106042,0,land
1314212943462,0,land
1318218636835,0,land
1317216604900,0,land
1320219374788,0,land
1314212551372,0,land
1314212555977,0,land
1316214978658,0,land
1316215027006,0,land
1324222473516,0,land
1319217966973,0,land
1322220663429,0,land
1321219600362,0,land
1316215201839,0,land
1320219109749,0,land
1324222423345,0,land
1321220452650,0,land
1315214015315,0,land
1314212674129,0,land
1317216208746,0,land
1315214256467,0,land
1315214357648,0,land
1314212471940,0,land
1316215390814,0,land
1321219815800,0,land
1320219134665,0,land
1320219140086,0,land
1314212325132,0,land
1319218588756,0,land
1319217791627,0,land
1316215719737,0,land
1324222598219,0,land
1315213847864,0,land
1320219342894,0,land
1316215390511,0,land
1314212858791,0,land
1323221629025,0,land
1324222858223,0,land
1321219654288,0,land
1323222286041,0,land
1320219002730,0,land
1324222469088,0,land
1316215534658,0,land
1322220935997,0,land
1315214009969,0,land
1315214191886,0,land
1322220799617,0,land
1324222453969,0,land
1324222848929,0,land
1315214417230,0,land
1319217782147,0,land
1320218781591,0,land
1324222750958,0,land
1324222712198,0,land
1320218734871,0,land
1321220297725,0,land
1318220625990,0,land
1323222395384,0,land
1318217199557,0,land
1316215549128,0,land
1316215023476,0,land
1323221836404,0,land
1318217444936,0,land
1318218160315,0,land
1320218787846,0,land
1316215054519,0,land
1314212386686,0,land
1314212549190,0,land
1316214977934,0,land
1316215531029,0,land
1324222602260,0,land
1324222675454,0,land
1319218313474,0,land
1320219268606,0,land
1322221467006,0,land
1324222430795,0,land
1324222561615,0,land
1314212320853,0,land
1315213762343,0,land
1314212498517,0,land
1324222987087,0,land
1315213643063,0,land
1324223153800,0,land
1320219224185,0,land
1321220554087,0,land
1318217091178,0,land
1322220707537,0,land
1315214061069,0,land
1324223010404,0,land
1322220677759,0,land
1316215044227,0,land
1324222910770,0,land
1315213839133,0,land
1323222273652,0,land
1323222221602,0,land
1323223228317,493,land
1320219290057,0,land
1321222524201,0,land
1321220443550,0,land
1321219719414,0,land
1316215018932,0,land
1321219762945,0,land
1320218885046,0,land
1315214390270,0,land
1314213027446,0,land
1315214331530,0,land
1319218236887,0,land
1315214089017,0,land
1315214436711,0,land
1318216777971,0,land
1318216830063,0,land
1316215552163,0,land
1321220027419,0,land
1316215205410,0,land
1323221540040,0,land
1315214250286,0,land
1315214147896,0,land
1324222835338,0,land
1323221714619,0,land
1316214908764,0,land
1314211899214,0,land
1314213104843,0,land
1323221684158,0,land
1319218562508,0,land
1319218398651,0,land
1314212342947,0,land
1314212679726,0,land
1324223134836,0,land
1317220606507,0,land
1323222103362,0,land
1324222583231,0,land
1315214278018,0,land
1321222083925,0,land
1315213873262,0,land
1324222437853,0,land
1322221082276,0,land
1317216031690,0,land
1319218350561,0,land
1324222416378,0,land
1323221846759,0,land
1324222734055,0,land
1317216058610,0,land
1315214106484,0,land
1315213732290,0,land
1314212364741,0,land
1316215587256,0,land
1315214105025,0,land
1322221336959,0,land
1314212528069,0,land
1317216895490,0,land
1322221155118,0,land
1322220969481,0,land
1314212391763,0,land
1314212862991,0,land
1315213900273,0,land
1316215554217,0,land
1316215604733,6095,land
1315215827686,26,land
1314213025897,0,land
1316214954455,0,land
1322220841466,0,land
1321219879210,1,land
1324222980322,0,land
1324223165958,0,land
1314212630394,0,land
1315213984154,0,land
1324222578991,0,land
1315214247266,0,land
1316214917926,0,land
1314212666212,0,land
1314212674131,0,land
1320218624068,0,land
1314213100009,0,land
1316215321771,0,land
1320219341068,0,land
1315213678269,0,land
1316215065210,0,land
1317215957263,0,land
1320218865792,0,land
1322220978516,0,land
1324223058518,0,land
1323221668926,0,land
1318217152471,0,land
1315213699123,0,land
1321220222323,0,land
1320219203849,0,land
1324222437093,0,land
1314212953956,0,land
1316215016015,0,land
1315215827585,57,land
1315214425872,0,land
1314212696316,0,land
1317216289482,0,land
1315215075781,0,land
1315213962386,0,land
1321220660955,0,land
1314212426389,0,land
1314212641688,0,land
1316215694821,0,land
1314212637944,0,land
1321219783798,0,land
1318217060235,0,land
1314212403291,0,land
1318216912838,0,land
1318216747182,5749,land
1319217629120,0,land
1314212440263,0,land
1324222682142,0,land
1314212878730,0,land
1322221371370,0,land
1323221609860,0,land
1322221399746,0,land
1318216709788,0,land
1322220656540,0,land
1314213003736,0,land
1316214949188,0,land
1321219577804,0,land
1318216926182,0,land
1314212942054,5,land
1322220732818,0,land
1315213716259,0,land
1315213950153,0,land
1323221944313,0,land
1317216539128,0,land
1324222986996,0,land
1314212779589,0,land
1314212829206,0,land
1321220607182,0,land
1321219857366,0,land
1315213716374,0,land
1316215079904,0,land
1321220041937,0,land
1323222346672,0,land
1314212499723,0,land
1321219931589,0,land
1314212881458,0,land
1321219601945,0,land
1320219236674,45,land
1324222746226,0,land
1321220552828,0,land
1320218825444,0,land
1314212932230,0,land
1320218906182,0,land
1320219146267,0,land
1321219662640,0,land
1322221479355,0,land
1320222367272,0,land
1319217825355,0,land
1315214006330,0,land
1316215401694,0,land
1316215709902,0,land
1316215251505,0,land
1317216013829,0,land
1322220674194,0,land
1324223228495,930,land
1314212679361,0,land
1315213645017,0,land
1314212670273,0,land
1314212669384,0,land
1324222413597,0,land
1323221681517,0,land
1324223165147,0,land
1321219984186,0,land
1320218888307,0,land
1315214367447,677242,land
1322221384579,0,land
1322220663239,0,land
1321219728072,0,land
1316214900019,0,land
1322221441328,0,land
1320219278138,0,land
1320219386291,0,land
1318217218647,0,land
1314211928270,0,land
1316215290747,0,land
1321219935830,0,land
1315214184780,0,land
1317215972504,0,land
1323221823937,0,land
1315213904093,0,land
1317215988700,1,land
1318217505698,0,land
1322221155169,0,land
1323221816717,0,land
1321219704626,0,land
1320218863330,0,land
1315214314736,0,land
1323221651868,0,land
1315213592571,0,land
1316215120318,0,land
1323222070880,0,land
1323221577099,1004,land
1323221772015,0,land
1322220803783,0,land
1314212556029,0,land
1323222354452,0,land
1315213937295,0,land
1316215310335,0,land
1314212712549,0,land
1324222418182,0,land
1324222808887,0,land
1321220282382,0,land
1321221498088,0,land
1319218244592,0,land
1323221537273,0,land
1317216148763,38132,land
1315214384758,0,land
1317215973191,0,land
1315214074130,0,land
1315213661996,0,land
1324222458731,0,land
1321220259978,0,land
1323222044048,0,land
1321219853417,0,land
1323221900766,64,land
1321220660930,0,land
1322221433598,0,land
1319218454039,0,land
1319218344998,0,land
1316215253206,0,land
1322220920425,0,land
1315214392627,0,land
1314212695403,0,land
1319218395960,0,land
1314212330322,0,land
1322220639722,0,land
1320219343629,0,land
1316215782071,0,land
1322221349576,0,land
1316215020456,0,land
1320222370621,5380,land
1316215454570,0,land
1315214356711,0,land
1317215918576,0,land
1318216913855,0,land
1314212772293,0,land
1316218160291,0,land
1316215102536,0,land
1321220091464,0,land
1322220830172,0,land
1323222154460,0,land
1319218206694,0,land
1315213907393,1423,land
1315215816455,0,land
1317215971324,0,land
1314212724468,0,land
1318216867667,0,land
1324222704114,0,land
1321221565272,0,land
1315213979774,0,land
1316215027032,0,land
1319217769165,0,land
1322220858221,0,land
1324222677268,0,land
1322221058668,0,land
1315214339285,0,land
1314212542296,0,land
1315213672862,0,land
1314212711838,0,land
1321219469018,0,land
1324222972376,0,land
1316214922130,0,land
1315214112068,0,land
1321220015477,0,land
1323221821465,0,land
1324222671152,0,land
1322221307349,0,land
1314212777611,128705,land
1321219969704,0,land
1317216382150,0,land
1321219817285,0,land
1323221587328,0,land
1321219864269,0,land
1321220109033,0,land
1323221642945,0,land
1315213624291,0,land
1314212687469,0,land
1314212536799,0,land
1318217185053,0,land
1316215027044,0,land
1315213241728,0,land
1314212944437,0,land
1316215413220,0,land
1319218532176,1,land
1315214104919,0,land
1314212536383,0,land
1319217707912,0,land
1314212478224,0,land
1314212637957,0,land
1314214937512,83,land
1320218778569,0,land
1315213921176,0,land
1320218784647,6,land
1323222350884,0,land
1318217592157,0,land
1322221126865,0,land
1323221605177,0,land
1318217450206,120,land
1318216954432,0,land
1322220780884,0,land
1319217707924,0,land
1317216380194,0,land
1318216835900,0,land
1319218206706,0,land
1317216440370,0,land
1324223230879,0,land
1322221328091,0,land
1319218295727,0,land
1315214174411,0,land
1317215984117,0,land
1320218957037,0,land
1316215037856,0,land
1316215477555,0,land
1324222560082,0,land
1324223044494,0,land
1319218127987,0,land
1320218694192,0,land
1319218515536,0,land
1320218704688,0,land
1323221815400,0,land
1324222502496,0,land
1322220917948,0,land
1319218474260,0,land
1315213696659,0,land
1324223047352,5451,land
1324222469090,0,land
1323222198549,0,land
1315215179678,0,land
1319218051934,5,land
1317215995263,0,land
1320218873572,0,land
1321219892066,0,land
1319218058446,0,land
1318216944999,0,land
1314212749218,0,land
1318217630019,0,land
1320218962722,0,land
1315214361533,0,land
1320218768214,0,land
1316215094499,0,land
1317215808938,200,land
1320219072232,0,land
1317215923727,0,land
1315213741681,0,land
1314212322364,0,land
1315214245918,0,land
1320218724591,0,land
1316215541069,0,land
1320218759330,0,land
1314212471383,0,land
1318216687362,0,land
1320219159959,0,land
1314212737643,0,land
1319218003566,0,land
1314212589915,459,land
1315213705623,0,land
1315214382451,0,land
1321220377170,0,land
1320218834529,0,land
1322220715054,2095,land
1321219820305,0,land
1323222286003,0,land
1322221273701,0,land
1322221327986,0,land
1319218346536,0,land
1321219708221,0,land
1322221460177,0,land
1319219469463,0,land
1317216297438,0,land
1324222924211,0,land
1316215067620,0,land
1315214061095,0,land
1320218865653,0,land
1318217353616,0,land
1319218244578,0,land
1321219454319,0,land
1315213874593,0,land
1319218120246,0,land
1318216928251,0,land
1318217442565,0,land
1315214464962,0,land
1315213704947,0,land
1324222715094,0,land
1323222351571,0,land
1314211959440,0,land
1315214235386,0,land
1323222318420,0,land
1321219596754,0,land
1321220473704,0,land
1320219176979,0,land
1322221447687,0,land
1315213731425,0,land
1320219174784,0,land
1316216640779,0,land
1319218198962,0,land
1314212453070,0,land
1315214006165,0,land
1320219214145,0,land
1318216952693,0,land
1322220678635,0,land
1319218270142,0,land
1315214420806,0,land
1324222784276,0,land
1320219380185,0,land
1316215761293,0,land
1317216601967,0,land
1323221686759,0,land
1316215020049,0,land
1320218704308,0,land
1323221841834,0,land
1314212608424,0,land
1315213656251,0,land
1317216435774,0,land
1315214155590,0,land
1322221018310,0,land
1314212573671,0,land
1314212933283,0,land
1321220659534,0,land
1315214223455,0,land
1321220316020,0,land
1318216786602,0,land
1324222962490,0,land
1322221380658,10016,land
1317215815541,0,land
1317215988698,0,land
1315214193094,932,land
1315213880990,0,land
1323222432243,0,land
1314212698423,0,land
1317215931902,0,land
1324223052883,0,land
1314212335766,0,land
1316215074232,0,land
1315214249930,0,land
1322221115470,0,land
1322220969505,0,land
1324222913838,0,land
1320218784635,5,land
1316215394913,108,land
1324222981286,0,land
1321220163772,0,land
1323222345819,0,land
1322221565880,0,land
1317215830353,0,land
1322221336148,0,land
1316217685472,0,land
1319219407119,0,land
1320219396847,0,land
1321219667882,0,land
1316215032222,0,land
1322220749992,0,land
1314218588681,0,land
1316215087925,0,land
1319217814300,0,land
1317216458366,0,land
1316215136211,0,land
1316215368616,0,land
1317216513198,0,land
1324222576542,0,land
1315218523506,0,land
1317216138368,0,land
1324222459087,0,land
1314212860783,0,land
1320218899957,0,land
1324222980866,0,land
1314212547246,0,land
1322221111634,0,land
1320218802460,0,land
1315215310970,0,land
1314212396473,0,land
1314213019538,0,land
1314213971599,0,land
1318217209838,0,land
1323221535139,0,land
1318217137456,0,land
1321220412720,0,land
1322220978199,0,land
1315213736768,0,land
1315214029605,0,land
1314212702652,0,land
1315213632779,0,land
1317216068419,0,land
1321220523385,0,land
1323222170589,0,land
1316215007220,0,land
1324222911048,0,land
1323221713441,0,land
1314211931480,0,land
1315213701600,0,land
1314212728493,0,land
1320218865780,0,land
1315214385306,254,land
1323221648052,0,land
1323221959873,0,land
1318217454572,0,land
1316215472679,0,land
1319218273439,0,land
1317215809765,0,land
1322220806943,0,land
1320218637130,0,land
1315214110710,0,land
1323222154559,0,land
1321220468716,0,land
1316215381411,0,land
1316215580123,0,land
1323221624113,0,land
1319217965654,0,land
1316215366206,0,land
1320218865691,0,land
1314212718112,0,land
1314212873335,0,land
1315213992136,0,land
1322220854754,0,land
1324223199656,0,land
1315214418737,0,land
1314212545343,0,land
1315213857410,0,land
1319218014468,0,land
1321219468826,0,land
1317215813407,0,land
1320218655304,0,land
1319217909252,0,land
1322221083684,0,land
1321220008852,0,land
1315213604489,0,land
1322221395674,0,land
1314212887020,0,land
1315214406353,0,land
1315213962412,0,land
1317216498511,0,land
1322220666301,0,land
1322221461674,0,land
1323221626258,0,land
1319218273124,0,land
1316215689961,0,land
1319218330330,0,land
1315217700160,0,land
1315215827700,1,land
1323222333799,0,land
1320219226685,0,land
1324222893012,0,land
1320219275942,0,land
1314212369870,0,land
1323221596392,0,land
1319218069490,0,land
1321220101986,4,land
1321220490751,0,land
1314211917113,0,land
1314212497414,0,land
1315214015479,0,land
1315213235548,0,land
1315213940378,0,land
1315213857372,0,land
1314212859324,0,land
1316215044203,0,land
1322221294061,0,land
1323222011862,0,land
1315213861519,0,land
1323221643911,0,land
1323222239232,0,land
1321219767783,0,land
1322220861239,0,land
1322221461635,0,land
1322221286065,0,land
1321220082388,0,land
1315213193776,0,land
1321219515386,0,land
1324223132147,0,land
1318216807812,0,land
1314212911667,0,land
1316215352725,0,land
1321219756994,0,land
1314212481042,0,land
1315213682281,0,land
1319218574426,0,land
1315213850023,0,land
1314212527143,0,land
1316215303583,0,land
1315214339234,0,land
1314212303693,0,land
1314212900144,0,land
1314213020338,0,land
1314213961865,0,land
1317216256545,0,land
1321219779117,0,land
1322221060395,0,land
1322221100593,0,land
1317218456147,0,land
1324222746214,0,land
1323222387122,0,land
1315214412571,0,land
1314212498810,0,land
1319218066304,0,land
1315214260313,0,land
1320219054196,0,land
1321219919483,0,land
1321220520163,0,land
1321220291189,0,land
1321219779410,0,land
1317216385664,0,land
1319217838743,0,land
1317216458493,0,land
1318217280597,0,land
1316215530989,0,land
1316215586088,0,land
1316215598830,0,land
1314212663708,0,land
1319217611565,0,land
1315213225269,0,land
1320218852263,0,land
1322221461561,0,land
1323221768839,0,land
1314212881522,0,land
1315213999218,0,land
1316215043504,0,land
1314212496780,0,land
1319218027009,0,land
1320218819530,0,land
1320219246093,0,land
1324222986921,0,land
1320218599001,0,land
1315214422255,0,land
1315214264246,0,land
1315214027765,0,land
1320218813968,0,land
1318217009479,0,land
1314212428027,0,land
1315213640244,0,land
1320218765550,0,land
1314212555953,0,land
1315213207475,0,land
1319218259760,0,land
1315214031914,0,land
1317216402685,0,land
1321220024917,0,land
1314212525695,0,land
1314212940480,0,land
1319218032441,0,land
1323222137287,0,land
1323222228102,0,land
1316215727569,0,land
1323222258509,0,land
1321220494619,0,land
1315217548890,0,land
1314212916744,0,land
1314212757583,0,land
1314212414787,0,land
1315213872740,0,land
1315214456319,0,land
1317215816719,0,land
1315213533540,0,land
1320219172259,0,land
1319218048003,0,land
1320219115589,0,land
1317216466793,0,land
1317216057063,0,land
1319218029902,0,land
1315214114795,0,land
1317215988066,0,land
1318216829349,0,land
1316215022690,0,land
1324222514097,0,land
1316215442563,0,land
1317216573600,0,land
1316215731047,0,land
1319218288153,0,land
1314212434219,0,land
1318216834642,0,land
1324222533921,0,land
1319217740315,0,land
1315214432989,0,land
1317216438907,0,land
1318217507045,0,land
1314212530568,0,land
1318216748741,0,land
1314212479188,0,land
1323221710142,0,land
1324222620510,0,land
1314212803593,92000,land
1322221071499,0,land
1319217757513,0,land
1322220639847,0,land
1316214950469,0,land
1316215191851,0,land
1314211900915,0,land
1320219249481,0,land
1322221298856,0,land
1314212638922,0,land
1323222158560,0,land
1319217975820,0,land
1319218193302,435015,land
1315213184916,0,land
1315214256442,0,land
1315214006381,0,land
1316215224902,0,land
1318216980363,0,land
1320219270105,0,land
1324222437067,155,land
1323222163685,0,land
1321219906435,3400,land
1322221236019,0,land
1314212560181,0,land
1320218732131,0,land
1316215089018,0,land
1315213969102,0,land
1314212793780,0,land
1322221575083,0,land
1318222391486,0,land
1321219700150,0,land
1320218955639,0,land
1320219394285,0,land
1321219811419,0,land
1314212321867,0,land
1314215788670,0,land
1324222468694,0,land
1324222868097,0,land
1324222521611,0,land
1314212303871,0,land
1323221621079,0,land
1315214107664,0,land
1317215936117,0,land
1315214401655,0,land
1321220389795,0,land
1315214394506,0,land
1321220116483,0,land
1322220742415,0,land
1317215848363,0,land
1316215052731,0,land
1315214500910,0,land
1318216983508,0,land
1319217898663,0,land
1315213831973,63,land
1314212557553,233,land
1322220870861,0,land
1320218776262,0,land
1323221712096,0,land
1323221628884,0,land
1317215812470,0,land
1317216163117,0,land
1315213735653,0,land
1316215028717,0,land
1321220135204,0,land
1314212505162,0,land
1315213619392,0,land
1316215116688,0,land
1315214182673,0,land
1315214189007,0,land
1323221626688,0,land
1324222542159,0,land
1321220520062,0,land
1322220703932,0,land
1316217712710,0,land
1317216289557,0,land
1319217851955,0,land
1314212763559,0,land
1319217794369,659,land
1319218528610,0,land
1321219631429,0,land
1316216348843,0,land
1315214091062,0,land
1317215805829,0,land
1316215409133,0,land
1316214972325,0,land
1315214009235,32,land
1314214388795,0,land
1324222503551,0,land
1323221643935,0,land
1318216705715,0,land
1315214213530,1,land
1319218504355,0,land
1321219677085,0,land
1317216279430,32287,land
1323221974140,218,land
1321220542803,0,land
1314212305015,0,land
1314212325334,0,land
1314212553731,0,land
1315213230915,0,land
1315214006417,0,land
1314212786040,0,land
1319218261271,0,land
1317216017400,0,land
1318216776310,0,land
1315214220954,0,land
1316215328752,0,land
1322220816007,0,land
1316215445901,0,land
1323222170591,0,land
1315214272700,5,land
1317219407083,0,land
1314212902581,0,land
1320219097351,0,land
1314212826299,0,land
1314212979785,0,land
1314212655359,0,land
1319217758578,0,land
1319218210173,0,land
1317215820806,250,land
1319217809502,0,land
1319217828146,0,land
1320218998134,0,land
1324223174487,0,land
1319217750367,0,land
1323222190567,0,land
1316215217833,0,land
1324223166719,0,land
1317215945369,0,land
1315213665211,0,land
1318217511207,0,land
1315214341152,0,land
1314213071196,0,land
1314212974733,0,land
1315214048199,0,land
1321220300053,0,land
1321219828581,0,land
1317215933286,0,land
1320219296504,0,land
1320219337781,0,land
1317216432447,0,land
1320219112556,0,land
1314212886853,0,land
1318217339884,0,land
1316215219546,0,land
1316215491491,0,land
1316215342407,0,land
1322221032283,0,land
1320219375817,0,land
1321220277420,0,land
1323222004362,0,land
1323222271266,0,land
1318217252586,0,land
1318216798076,0,land
1322221420654,6733,land
1321219635404,536,land
1315213685276,0,land
1317216568889,0,land
1322220996413,19262,land
1322221441239,0,land
1322220794034,0,land
1322220830160,0,land
1323222348726,0,land
1324222697082,0,land
1316215039850,0,land
1322220942965,0,land
1315213982174,0,land
1323221677343,0,land
1315213959517,0,land
1314212450353,0,land
1314211928318,0,land
1323221623554,0,land
1317216616449,0,land
1317216464418,0,land
1315214252963,0,land
1314211883513,0,land
1315213701865,0,land
1323221787854,0,land
1314212749345,0,land
1318217283581,0,land
1322220781330,0,land
1322220793780,0,land
1320219258670,0,land
1322220982161,0,land
1321220389959,0,land
1321220102572,0,land
1322220697332,0,land
1324222899510,0,land
1320218798421,0,land
1319218612238,0,land
1318217170950,0,land
1324222444566,0,land
1322220732224,0,land
1322220779399,0,land
1314212655258,0,land
1316215355417,0,land
1323222139937,0,land
1316215205509,0,land
1318216743157,0,land
1320219168820,0,land
1318217282348,0,land
1316215128758,0,land
1317216270759,0,land
1316215075793,0,land
1323222044164,0,land
1323221988633,0,land
1314213174547,0,land
1322220640585,0,land
1320218736736,0,land
1322221071830,0,land
1322221380266,0,land
1324222736528,0,land
1323221664624,0,land
1317216425037,0,land
1318216788493,0,land
1323221984343,0,land
1319218573487,0,land
1323222175921,0,land
1314212881926,0,land
1322220951457,0,land
1315213197270,0,land
1318217181357,0,land
1321219610312,0,land
1323221660513,0,land
1322221008143,0,land
1321219670674,0,land
1317216513174,0,land
1321220473779,0,land
1324223039811,0,land
1319217902814,0,land
1317216601500,0,land
1321219639679,0,land
1316215031131,0,land
1315213743077,0,land
1315214187104,0,land
1322221461585,0,land
1314212962169,18,land
1314213045483,0,land
1317216617860,0,land
1317215882604,0,land
1316215531068,0,land
1314212601583,0,land
1322220765477,0,land
1322220851695,0,land
1321220661666,0,land
1322221267077,0,land
1314212639494,0,land
1315213557010,0,land
1314212492324,0,land
1314212350829,0,land
1324222710319,0,land
1320218719906,0,land
1323221835438,0,land
1314213065028,0,land
1322220636676,0,land
1314212385153,0,land
1322221328026,0,land
1324222899231,0,land
1314212462319,0,land
1322221268105,0,land
1321220041875,0,land
1321220142261,0,land
1317215930734,0,land
1315214343422,0,land
1315213688169,0,land
1314212634644,0,land
1323221850415,0,land
1324222558076,0,land
1322221243456,0,land
1323222011571,0,land
1324222418814,0,land
1315215653953,0,land
1319218412118,0,land
1321220301764,0,land
1321219903566,0,land
1314212584205,0,land
1321219893575,0,land
1314213065168,0,land
1316215037159,0,land
1324222567707,0,land
1322221390899,5,land
1316215549155,0,land
1317216230476,0,land
1323221950342,0,land
1319218044713,0,land
1321220375051,0,land
1320219234150,0,land
1314212507139,186,land
1319218481594,0,land
1322220810865,0,land
1314212996274,0,land
1322221237504,0,land
1314212943524,20,land
1317216214460,0,land
1314212332670,0,land
1316215044102,0,land
1317216122655,0,land
1318216790865,0,land
1317216306757,0,land
1314212446684,269,land
1315214432953,0,land
1321219666625,0,land
1318217021411,0,land
1322220669004,0,land
1316215108717,7909,land
1314212876888,0,land
1324222584132,0,land
1322220650547,0,land
1321220015200,0,land
1319218031856,0,land
1322221139797,0,land
1319218225706,0,land
1323221788250,0,land
1315214298921,0,land
1321219689991,0,land
1314212776355,0,land
1324222963706,0,land
1320218739478,0,land
1323222430403,0,land
1317216075376,0,land
1314212453334,0,land
1321220277469,0,land
1321220316018,0,land
1324222988572,0,land
1315214370355,0,land
1321220471611,0,land
1315214393353,0,land
1317216247876,0,land
1315213231172,0,land
1320218865665,0,land
1315213969049,0,land
1320218845752,0,land
1315214272686,5,land
1315213668318,0,land
1317216549269,0,land
1314212585057,0,land
1316215547643,0,land
1321220395673,0,land
1315213865052,0,land
1322221080169,0,land
1319217962152,0,land
1314212909004,0,land
1319218491064,0,land
1315215179666,0,land
1314212543805,0,land
1322220765465,0,land
1317216499968,0,land
1321219975137,0,land
1314212620443,0,land
1315213965849,0,land
1315214215562,0,land
1317215812468,0,land
1315213841772,0,land
1314212498303,0,land
1314212555092,0,land
1324222414486,0,land
1322220996514,0,land
1323221729635,0,land
1317216346104,0,land
1315213736832,0,land
1315213819814,0,land
1314212428585,0,land
1314212850743,0,land
1315213874579,0,land
1319218052886,0,land
1322220817112,0,land
1320219212762,20269,land
1314212488605,0,land
1316214979344,0,land
1319218496192,0,land
1321219659947,0,land
1315213807163,0,land
1322220810220,0,land
1321220238188,0,land
1322221223860,0,land
1317215965524,0,land
1319218395921,0,land
1314212428635,0,land
1320218865741,0,land
1314211938220,0,land
1319217735277,0,land
1322221008891,0,land
1317216010254,0,land
1317216268476,0,land
1318216920835,0,land
1321220257063,0,land
1318216808853,750,land
1314212823266,0,land
1317216402646,0,land
1324223097181,0,land
1314212428039,0,land
1314212439107,0,land
1315214314724,0,land
1322220834360,0,land
1316215470509,0,land
1322220832861,0,land
1324222567695,0,land
1316215353184,0,land
1315214321539,0,land
1316215471754,0,land
1315213593888,0,land
1319218140352,0,land
1314212975888,0,land
1318217283833,0,land
1316215534672,0,land
1317215922966,0,land
1316215545043,0,land
1321219695931,0,land
1323222367815,0,land
1324222521231,0,land
1320219229325,0,land
1314213237581,0,land
1318217159514,0,land
1318216910455,0,land
1324222528085,0,land
1315214204000,0,land
1321219448382,0,land
1316217623519,0,land
1314212786368,0,land
1314212790760,0,land
1324223165135,0,land
1314212549202,0,land
1314212876155,0,land
1316215673070,0,land
1321220015465,0,land
1323222255984,0,land
1318217338526,0,land
1319218206720,0,land
1315215827609,111,land
1321220041901,0,land
1323221763156,0,land
1317219442896,0,land
1314212541104,0,land
1324222411100,0,land
1322220660120,0,land
1324223047453,12465,land
1316215640614,0,land
1324222641526,0,land
1324222943351,0,land
1318217507084,0,land
1315214339196,0,land
1323221581325,0,land
1316215677194,0,land
1321219911981,22783,land
1316215424197,0,land
1318217074057,0,land
1324223023906,0,land
1324222646679,0,land
1317216089425,0,land
1321220069379,0,land
1323222238976,0,land
1324222704292,0,land
1314213043918,0,land
1318217398445,0,land
1318216750164,0,land
1320218674695,0,land
1323222329625,0,land
1314212368524,0,land
1314212443218,0,land
1324222734067,0,land
1314212541080,0,land
1314212638011,0,land
1320219169873,0,land
1321219905130,0,land
1316215539774,0,land
1319218026971,0,land
1319217629613,0,land
1320219294408,0,land
1319217798685,0,land
1322221332644,0,land
1317216617605,0,land
1320219123876,0,land
1314212682571,0,land
1314212797260,0,land
1324222588687,0,land
1318218234235,0,land
1320219037785,0,land
1323221667138,0,land
1319218082826,0,land
1320219303258,0,land
1321219631431,0,land
1317216498497,0,land
1322221218718,0,land
1320218694180,0,land
1318219407107,0,land
1315215278742,0,land
1324223120092,0,land
1321219452632,370,land
1324222974560,0,land
1314212822377,0,land
1316215037514,0,land
1317216376640,275,land
1315214137147,0,land
1315214368185,0,land
1318216889182,0,land
1315213804723,0,land
1322221066665,0,land
1324222668535,0,land
1315213720624,0,land
1321220382295,0,land
1315213934639,0,land
1315214331302,0,land
1314213106053,0,land
1318217080466,0,land
1321220184028,0,land
1317216237242,0,land
1324222848564,0,land
1315214062566,0,land
1324222821581,0,land
1318217238765,0,land
1314212412439,0,land
1318220596528,0,land
1323222137895,0,land
1316215294986,0,land
1317216491492,0,land
1322220751491,0,land
1323221642186,0,land
1323222180275,0,land
1317216778011,0,land
1320219358633,0,land
1314213045368,0,land
1316215766991,0,land
1316215449909,25,land
1321220372383,0,land
1321219601477,0,land
1323221948553,0,land
1314212560306,0,land
1318217538356,0,land
1320219010485,0,land
1322221371154,0,land
1320219277605,0,land
1323221949629,0,land
1315213882691,0,land
1314212321766,0,land
1314212892069,0,land
1320218693113,0,land
1324223160742,0,land
1316215066895,0,land
1322221431051,0,land
1321219468612,0,land
1320218578096,0,land
1319218139297,0,land
1318217322496,0,land
1321220163620,0,land
1314212551156,0,land
1314212983441,0,land
1316214966451,0,land
1322220941330,0,land
1322221441355,0,land
1321220032561,0,land
1315214252761,0,land
1315213906466,0,land
1322221467335,0,land
1317216191369,0,land
1318217022603,0,land
1322220740094,0,land
1314212352850,0,land
1320219291960,0,land
1318219028255,0,land
1314212509727,0,land
1315214357600,0,land
1315213196013,0,land
1323221626664,0,land
1316215580061,0,land
1318216910291,0,land
1324222851836,0,land
1315213673104,0,land
1314212324457,0,land
1324222577963,0,land
1318217137468,0,land
1316215493901,0,land
1319218487801,0,land
1324223012612,0,land
1324222518856,0,land
1315213249562,0,land
1317216293643,0,land
1324222987063,0,land
1323222346126,0,land
1322220750475,0,land
1320218593693,0,land
1324223091644,0,land
1315214213579,520,land
1314212512925,0,land
1315213993102,0,land
1322220766455,0,land
1316215191800,0,land
1319218032237,0,land
1316215446218,0,land
1315213716362,0,land
1316215045333,0,land
1318217398407,0,land
1323221556069,0,land
1314213028020,0,land
1316215127186,0,land
1323221677356,0,land
1315213684576,0,land
1319218549564,0,land
1315213805967,0,land
1316215630575,0,land
1315214417115,0,land
1314213018930,0,land
1317216424960,0,land
1315214264350,0,land
1314212860771,0,land
1324223092824,0,land
1318217337373,0,land
1320218764746,0,land
1324222895702,0,land
1323222044024,0,land
1320219226584,0,land
1323222265542,0,land
1317215909932,0,land
1315218636811,0,land
1316218654604,0,land
1322221324217,0,land
1323221566173,0,land
1322220805725,0,land
1318216983445,0,land
1321219774484,0,land
1319217710161,0,land
1319218092005,0,land
1322220679346,0,land
1324222418509,0,land
1321222574345,0,land
1317216573612,0,land
1322220756757,0,land
1315213967641,0,land
1323221720129,0,land
1314215804497,0,land
1323222378972,0,land
1319217777630,0,land
1319218212557,0,land
1317216245175,0,land
1315214379758,0,land
1314212682102,0,land
1323222422572,0,land
1315214006443,0,land
1315214438246,0,land
1315213903572,0,land
1317216617302,0,land
1321220477400,0,land
1316215706476,0,land
1323222277030,0,land
1321220471623,0,land
1319217981315,0,land
1319217819426,0,land
1315213959606,0,land
1314212304998,0,land
1314219435272,0,land
1321219469727,0,land
1316215588587,0,land
1314212790758,0,land
1318217149184,0,land
1317216110041,0,land
1316215288390,0,land
1324222833461,0,land
1317215868050,0,land
1315214428435,0,land
1316215260187,0,land
1315213662000,250,land
1315214331466,0,land
1324222706943,0,land
1323221628175,0,land
1314215376753,0,land
1317215931888,0,land
1317216464014,0,land
1315214445417,0,land
1315214457792,0,land
1317216191320,0,land
1319218205944,0,land
1320218723500,0,land
1314213106634,0,land
1314212919144,0,land
1324223108756,0,land
1317215967910,0,land
1323222060725,0,land
1314212659650,0,land
1323222164372,8111,land
1316215381219,0,land
1321220516355,0,land
1315213983810,0,land
1314212566564,0,land
1315213896525,0,land
1316215081860,0,land
1321219926639,0,land
1319218504203,0,land
1316215676952,0,land
1323221596556,0,land
1324223203807,0,land
1319218157384,0,land
1314212311500,0,land
1315214896401,0,land
1315213706017,0,land
1314212890913,0,land
1323222196899,0,land
1317216707846,0,land
1321220555650,0,land
1323222277016,0,land
1321220516189,0,land
1322221543162,0,land
1324222583268,0,land
1324222746113,0,land
1320218726634,0,land
1314212556740,0,land
1324223048671,0,land
1322220845022,0,land
1315213766393,0,land
1316215444136,0,land
1323221611320,0,land
1314212611634,0,land
1320219216381,0,land
1324222518072,0,land
1314212318341,0,land
1316215146059,0,land
1316215577255,0,land
1314212907366,0,land
1315213853563,0,land
1320219289889,0,land
1324223005479,0,land
1314212450771,0,land
1324222630321,41,land
1314212748709,0,land
1314211927468,0,land
1316215545450,0,land
1323221748130,0,land
1323221790672,0,land
1317216618090,0,land
1324222986135,0,land
1316215604772,0,land
1322221461623,0,land
1315213760477,0,land
1321220024893,0,land
1314212823254,0,land
1323222343840,0,land
1323221925807,0,land
1323221571399,0,land
1319217782135,0,land
1322220660132,0,land
1314212893022,0,land
1314211925084,0,land
1321219891850,0,land
1323221713427,0,land
1318217033240,0,land
1316215544937,0,land
1318216834768,0,land
1322220781328,0,land
1323221546928,0,land
1324222732327,0,land
1318216981819,0,land
1324222588598,0,land
1324222765416,0,land
1324222997722,0,land
1319217746890,0,land
1318217014632,0,land
1316215445747,0,land
1320219197136,0,land
1317216114811,0,land
1318216924555,0,land
1314213144835,0,land
1322222549901,145,land
1319218203851,0,land
1314212383071,0,land
1316215694819,0,land
1316215362144,0,land
1317216190049,0,land
1315214033680,0,land
1315214043527,0,land
1322220764765,0,land
1320218769572,0,land
1319217661077,0,land
1317216229575,0,land
1316215462742,0,land
1323222285975,0,land
1317215945332,0,land
1324222910984,0,land
1314212654166,0,land
1324222849489,0,land
1316215066364,0,land
1318217735529,0,land
1320219393372,0,land
1319218261939,0,land
1318216912651,0,land
1318217307406,0,land
1314212783169,0,land
1318217176775,0,land
1315214277105,0,land
1316215076439,0,land
1322220857181,0,land
1317216607376,0,land
1316215373022,0,land
1316215373059,0,land
1314212396574,0,land
1317215909589,0,land
1322220648113,0,land
1320220657478,0,land
1324223119633,0,land
1320218648095,0,land
1318217153598,0,land
1315214223238,0,land
1321220041990,0,land
1315214040178,0,land
1320219065962,0,land
1315214222681,0,land
1322220997175,0,land
1321220041976,0,land
1317216425571,0,land
1321219529118,0,land
1315213810916,0,land
1317216606172,0,land
1316215000694,0,land
1314212991386,0,land
1323222329308,0,land
1323222337988,0,land
1321219923671,0,land
1314219435260,0,land
1320219217205,0,land
1317216207629,4,land
1323221605532,0,land
1323221771191,0,land
1316215035433,0,land
1319218133597,0,land
1316215682079,0,land
1315214135295,0,land
1316215328788,0,land
1315213889658,0,land
1317216219295,0,land
1314211894706,0,land
1324222690822,0,land
1322222500732,0,land
1322220794630,0,land
1315214433258,0,land
1314212813962,0,land
1314213112028,0,land
1314212735221,0,land
1315214102333,0,land
1322220997124,0,land
1316215702313,0,land
1320218721025,0,land
1324222711412,0,land
1321220602926,0,land
1314212613665,0,land
1317216616452,0,land
1323221826201,0,land
1322220670347,0,land
1318217411824,0,land
1321220142172,0,land
1319218184012,0,land
1321219721560,0,land
1314212976462,0,land
1314212873487,0,land
1322221148760,0,land
1320218841435,0,land
1315214038440,0,land
1319218525222,119034,land
1314212349676,0,land
1317216262156,0,land
1316215291651,0,land
1318216947921,0,land
1324222603971,0,land
1320219184936,19364,land
1322220790164,0,land
1317216527465,0,land
1322220690123,0,land
1322221293754,0,land
1315213766330,0,land
1323221950951,0,land
1323221910755,0,land
1316215288109,0,land
1322220701092,0,land
1314211915119,0,land
1318217149121,0,land
1314212378424,0,land
1324223160654,0,land
1324222524783,0,land
1324222710853,0,land
1320219112570,0,land
1315213797107,0,land
1316214923169,0,land
1314212943334,0,land
1323222345973,0,land
1314212568051,0,land
1323221554557,0,land
1320218774673,0,land
1318217307204,0,land
1318217539550,0,land
1315213965864,0,land
1319217685318,0,land
1316215031321,0,land
1320219246889,0,land
1324223089107,0,land
1323221818937,0,land
1316215288630,0,land
1316215269515,0,land
1314211946963,0,land
1316215781143,0,land
1323222313999,0,land
1324223121207,0,land
1320218863342,0,land
1318217507250,0,land
1317216276814,0,land
1321219910256,0,land
1321220412631,0,land
1322220931125,0,land
1314212317061,0,land
1323222292322,0,land
1318216991758,0,land
1315214189021,0,land
1318216834111,0,land
1315213624303,0,land
1317216135602,0,land
1316215074345,0,land
1322222500377,0,land
1318216837904,0,land
1320218774216,0,land
1318217547417,0,land
1321220606103,0,land
1317215830252,0,land
1315214038414,0,land
1315213945607,0,land
1318217139397,0,land
1316215274628,0,land
1315214166872,0,land
1322220984912,0,land
1324222947071,0,land
1314212728719,0,land
1314213122765,0,land
1314212918989,0,land
1316215361369,0,land
1321220100630,0,land
1318219044524,250,land
1321219613460,0,land
1314212750044,0,land
1321220037511,0,land
1319217671268,0,land
1314212623716,0,land
1314212829271,0,land
1315214469811,0,land
1324223181898,0,land
1315214142628,0,land
1315214215168,0,land
1317216180772,0,land
1315214241186,0,land
1314212512937,6184,land
1315213822226,0,land
1324222899243,0,land
1319218225718,0,land
1315213764549,0,land
1324222495653,0,land
1323222255566,0,land
1320219209614,0,land
1323221626536,0,land
1323221837139,0,land
1323222338612,0,land
1322220852723,770,land
1322220752036,0,land
1315214399812,0,land
1316215116599,0,land
1315214073835,0,land
1321220001073,0,land
1314212659763,0,land
1315213948262,0,land
1317216135588,0,land
1317216244828,0,land
1322221365404,0,land
1314212681199,0,land
1318217647508,0,land
1323221871837,0,land
1320219034319,0,land
1320219236953,0,land
1315214331516,0,land
1317218613709,0,land
1316215442118,0,land
1319217656418,0,land
1322221519061,0,land
1323221609872,0,land
1316215574361,0,land
1316214982605,0,land
1319217854809,0,land
1315213658937,0,land
1315214162240,0,land
1322221401197,0,land
1321220054985,0,land
1324223149663,0,land
1322220703920,0,land
1323221560030,0,land
1315213637539,0,land
1314211923267,0,land
1316215399472,0,land
1323221664004,0,land
1323221839285,0,land
1322220877462,0,land
1316215486109,0,land
1314212943548,0,land
1315218588679,0,land
1320218853024,0,land
1322221324205,0,land
1322220937294,0,land
1321220091476,0,land
1322221441241,0,land
1323222361230,0,land
1319218515548,0,land
1315214079826,0,land
1318217197704,0,land
1323222282651,0,land
1319217685611,0,land
1314212349892,0,land
1317216762409,0,land
1317215919147,0,land
1315214117828,0,land
1324222997847,728,land
1322220810891,0,land
1318217042567,0,land
1315214331478,0,land
1316214983506,20938,land
1322221445315,0,land
1322221498417,0,land
1316215722594,0,land
1315213217918,0,land
1314212856645,0,land
1322220836478,0,land
1316215184805,0,land
1315214213581,22720,land
1316215020443,0,land
1315213971005,0,land
1316215626728,0,land
1316214982074,0,land
1317215934504,0,land
1318216992899,0,land
1323222025722,0,land
1318218481190,0,land
1314218160303,0,land
1315213935289,0,land
1324223010618,0,land
1314212886903,789,land
1315214338701,0,land
1316215010505,0,land
1315214349146,0,land
1317217672563,0,land
1315214250300,0,land
1315213201460,0,land
1316215051285,0,land
1314212753368,0,land
1314213010958,0,land
1322221434917,0,land
1322221156312,0,land
1316215166733,0,land
1321219782671,0,land
1321220540963,0,land
1316215050194,0,land
1324222500617,0,land
1322221433840,0,land
1317216539104,0,land
1322220749980,0,land
1321219824190,0,land
1321220120861,0,land
1323222044000,0,land
1314211931249,0,land
1321220164990,0,land
1314212797346,0,land
1323222398760,0,land
1322221445000,0,land
1320218590952,0,land
1315214049367,0,land
1319217893407,0,land
1322222301842,0,land
1323221686761,0,land
1321219676754,0,land
1317215996517,0,land
1323221950278,0,land
1314212427239,0,land
1318216865966,0,land
1320219034321,0,land
1319217820986,0,land
1322220864817,0,land
1319218291971,0,land
1319218272793,0,land
1322220918825,0,land
1314212997199,0,land
1319217836752,0,land
1323222137883,0,land
1317215841230,0,land
1315213629165,0,land
1314212456305,8349,land
1316215287463,0,land
1315214116547,0,land
1318216789937,0,land
1323221681493,0,land
1323221780657,1705523,land
1315214412280,0,land
1324222986984,0,land
1314213246578,0,land
1317216260051,0,land
1323222143000,0,land
1324223018589,0,land
1321219651039,0,land
1321220128514,0,land
1320221547868,0,land
1321219800760,0,land
1321220540975,0,land
1321219684800,0,land
1322221401173,0,land
1315213941673,0,land
1317216402521,0,land
1317216585000,0,land
1319217761384,0,land
1314212718959,0,land
1314212378400,0,land
1317216135626,0,land
1319218526212,0,land
1320218674214,0,land
1318216845228,0,land
1321220091274,0,land
1320218575328,0,land
1322221403342,0,land
1324222890129,0,land
1315213962424,0,land
1321220042939,0,land
1317216466781,0,land
1315214388908,0,land
1315214425884,5,land
1315213208921,0,land
1320218741306,0,land
1315213208919,0,land
1315214384543,0,land
1323221995323,0,land
1317216306771,0,land
1317216138370,0,land
1315214045977,0,land
1315214277030,0,land
1317216407003,0,land
1315213721285,36512,land
1316215626730,0,land
1315213815424,0,land
1316214978025,0,land
1324222594273,0,land
1318216782399,0,land
1314212507622,0,land
1323221609807,0,land
1322220810574,0,land
1315213849730,0,land
1322221024300,0,land
1314214069849,0,land
1323221563303,0,land
1323222043008,0,land
1315213585033,0,land
1319217976289,0,land
1314212796041,0,land
1317216138723,0,land
1324222448678,0,land
1323222282663,0,land
1320219260496,0,land
1314213022027,0,land
1315214135319,0,land
1321219630757,0,land
1322221333293,0,land
1322220835627,0,land
1322220978187,0,land
1321220454728,0,land
1324222409334,0,land
1324222421745,0,land
1315213910476,0,land
1317215866260,0,land
1318217149160,0,land
1319218206718,0,land
1314212476941,0,land
1315214269108,0,land
1314212437444,0,land
1315213240866,0,land
1318217266675,0,land
1321219699461,0,land
1320218796480,0,land
1314212338305,0,land
1319217870068,0,land
1314211913924,0,land
1324222411086,0,land
1321219493917,0,land
1318217539612,0,land
1316215019175,0,land
1320218725974,0,land
1323222300244,0,land
1321220607764,0,land
1314212785404,0,land
1317216479485,0,land
1320218770143,0,land
1315214215586,0,land
1319221476221,0,land
1316215211715,0,land
1314212943435,0,land
1316215264007,0,land
1316215383100,0,land
1317216294494,0,land
1321220175689,0,land
1324222750984,0,land
1315213688183,0,land
1317216392807,0,land
1319218524561,0,land
1322221733342,0,land
1318216753970,0,land
1317216135222,0,land
1314212427999,0,land
1322221433218,0,land
1314212580967,0,land
1322220978567,0,land
1324222825960,0,land
1322220703944,0,land
1324222435719,0,land
1319218166407,0,land
1322221145574,0,land
1322220786178,0,land
1322220827404,0,land
1321220508485,1985036,land
1317216494815,0,land
1321219743806,0,land
1322220633743,0,land
1314213174257,0,land
1316215341684,250,land
1316215554419,0,land
1316215353234,0,land
1316215523477,0,land
1320218695981,0,land
1314212943385,3,land
1323221691429,0,land
1314212444158,0,land
1314212629556,0,land
1314212647198,0,land
1316215623846,0,land
1315213959570,0,land
1317216241517,0,land
1315216737027,0,land
1315213984103,0,land
1321219853025,0,land
1315214249904,0,land
1320218973271,0,land
1321220042004,0,land
1323221643947,0,land
1314212605885,1403,land
1315214279376,0,land
1318217428578,0,land
1316215744994,0,land
1315213186719,0,land
1315213716018,0,land
1322221294073,0,land
1315213983366,0,land
1323221615154,0,land
1324222844351,0,land
1323221618655,0,land
1321219962521,0,land
1322221468212,0,land
1319217791300,0,land
1324222646705,0,land
1318217268248,0,land
1319218036604,0,land
1315214379760,0,land
1317215879178,0,land
1317216135614,0,land
1320218887115,0,land
1314211935174,0,land
1317216252229,0,land
1321219664758,0,land
1321219738871,0,land
1318217420367,0,land
1318217518036,0,land
1314213072515,0,land
1315213541838,0,land
1324222524365,0,land
1321219916234,0,land
1324222835403,0,land
1321220142297,0,land
1317216382162,0,land
1322220917912,0,land
1318217307382,0,land
1322221014386,0,land
1317216591267,0,land
1316215448085,0,land
1321219830647,0,land
1315213899521,0,land
1316215364617,0,land
1322220803795,0,land
1316215357637,0,land
1317215974282,0,land
1315213908256,0,land
1317216402709,1059,land
1324223105394,0,land
1317216457984,0,land
1324222559611,0,land
1324222466548,0,land
1324222678777,0,land
1317216607592,0,land
1315214159814,0,land
1321220267900,0,land
1316217645124,0,land
1315214270819,0,land
1314212555902,0,land
1323221704303,0,land
1323222349843,0,land
1315214343978,0,land
1319217930130,0,land
1316215114885,0,land
1316215464367,0,land
1323222360099,0,land
1318217558725,0,land
1314212748192,0,land
1315214158370,0,land
1320218762348,0,land
1321219466962,0,land
1315214006355,0,land
1315213836822,0,land
1316215434059,0,land
1321220046864,0,land
1315214269084,0,land
1319218480844,0,land
1322220969380,0,land
1323221636830,0,land
1324222729004,0,land
1319218480857,0,land
1324222744462,3300,land
1320218863177,0,land
1324222913840,0,land
1323222076251,0,land
1316214956652,0,land
1318217344858,0,land
1317216669465,0,land
1316215205473,0,land
1322220679334,0,land
1315213965837,0,land
1316215063316,0,land
1323221626702,0,land
1320218936704,12671,land
1318216857906,0,land
1322221010806,0,land
1315213545662,0,land
1315214011280,0,land
1314212656375,0,land
1315213923865,0,land
1323221988393,0,land
1314212509261,0,land
1315213936139,0,land
1321220150876,0,land
1324222423535,0,land
1314212382143,0,land
1317216584983,0,land
1315214339184,0,land
1323222376220,0,land
1316217707468,0,land
1317216317368,0,land
1314212321754,0,land
1316215684376,0,land
1316215005012,0,land
1324222667115,0,land
1323221596253,0,land
1315213576174,0,land
1318217537543,0,land
1314212622423,0,land
1314213071184,0,land
1315214331288,0,land
1315214272763,5,land
1314212430591,0,land
1321220284234,0,land
1318217541111,0,land
1318216917120,0,land
1315214123869,0,land
1315213222110,0,land
1324222629382,0,land
1314212653012,0,land
1314212530594,0,land
1321219642600,0,land
1317216402533,0,land
1321220206054,0,land
1320219275916,0,land
1323222270872,0,land
1315213962741,0,land
1319217841410,0,land
1314212598155,75875,land
1318216792693,0,land
1321220187518,0,land
1315213832684,85,land
1319218273365,0,land
1322220876508,0,land
1318217149145,0,land
1323221604414,0,land
1318216798064,0,land
1322220876890,1,land
1321220266555,0,land
1321219910229,0,land
1322221317718,0,land
1315214098218,0,land
1321219606934,0,land
1316215008119,60,land
1315213756517,0,land
1316215768781,0,land
1320219276110,0,land
1320218737397,0,land
1321219683556,0,land
1321219967282,0,land
1314213079433,0,land
1321219780727,0,land
1320218618965,0,land
1324222678043,0,land
1321219622584,15729,land
1324223127515,0,land
1319218067662,0,land
1323222320917,0,land
1320219046505,0,land
1314212537702,0,land
1314212710913,0,land
1323221532892,0,land
1315213535471,0,land
1317219425030,0,land
1316215334121,0,land
1324222838310,0,land
1322220672760,0,land
1319217611868,250,land
1321219995673,0,land
1322221112345,0,land
1323222256000,0,land
1324222517346,0,land
1316215531031,0,land
1320219393143,2500,land
1321220391510,0,land
1322220921466,0,land
1317216363895,0,land
1321219468648,0,land
1323222258891,0,land
1315214238887,0,land
1319218416194,0,land
1321221489368,0,land
1322221814914,0,land
1316215592407,0,land
1323222082087,0,land
1316215198387,0,land
1315213904663,0,land
1317216433716,0,land
1314212882791,0,land
1316215538935,0,land
1316215551680,0,land
1322221557503,0,land
1323221832052,0,land
1314213002746,210,land
1318217104177,0,land
1316215089475,0,land
1320219239035,0,land
1323221629266,0,land
1316214973822,0,land
1320219362050,0,land
1321219910155,0,land
1317215971348,0,land
1317216631251,0,land
1322220824534,0,land
1322220787408,0,land
1319218258325,0,land
1321221359452,0,land
1316214985261,0,land
1322221216548,0,land
1320218651634,0,land
1322221351986,0,land
1322220771897,0,land
1324222762787,0,land
1316215816428,0,land
1320219049158,0,land
1322221043781,0,land
1316215539331,0,land
1316215606955,0,land
1321219980808,0,land
1319217914670,0,land
1317216113670,0,land
1317216557456,0,land
1317216376689,63571,land
1318217241696,0,land
1319217953342,0,land
1314212837114,39,land
1314212750032,0,land
1315214065839,0,land
1314212944502,0,land
1314212797082,0,land
1314212804658,0,land
1314212629505,0,land
1315214359818,0,land
1321219935855,0,land
1318217194339,0,land
1319217771500,0,land
1323221713454,0,land
1315214326872,0,land
1318217342474,0,land
1320219329657,0,land
1318217373707,0,land
1315213607967,0,land
1324222542173,0,land
1318216831368,0,land
1321219700515,0,land
1321220253278,200000,land
1317216039735,0,land
1321219630769,0,land
1318217683438,501,land
1318217417068,0,land
1316215163724,0,land
1318216813117,0,land
1323221925819,0,land
1318216846598,0,land
1317216413056,0,land
1315214203984,0,land
1318217123405,0,land
1320220657516,0,land
1314216476224,0,land
1314212952675,0,land
1314214461295,0,land
1314212993430,0,land
1316215717620,0,land
1315213676719,0,land
1314212567299,0,land
1318217274087,0,land
1315214113488,0,land
1315214417925,0,land
1317216244576,0,land
1316218623270,0,land
1320219266400,0,land
1321219812486,0,land
1314212476131,0,land
1318216850356,0,land
1323222314787,0,land
1316215238231,0,land
1317216367060,0,land
1316215107828,0,land
1321219458662,0,land
1320218891481,0,land
1319218082776,0,land
1320219342906,0,land
1323222304293,0,land
1324222844375,0,land
1319218213268,0,land
1324223116878,0,land
1314212776342,0,land
1318217073624,0,land
1315214291609,0,land
1316215688351,0,land
1323222163709,0,land
1323222334791,0,land
1318217033950,0,land
1324222678981,0,land
1316215286954,0,land
1315213654419,0,land
1316214982098,0,land
1323221653619,0,land
1323221967134,0,land
1322221399734,0,land
1318217546441,0,land
1316215303850,0,land
1321220360768,0,land
1320218854103,0,land
1324222524377,0,land
1316215303809,0,land
1318216970398,0,land
1319218627661,0,land
1319218199053,0,land
1317216420822,0,land
1315214104960,250,land
1316218600803,0,land
1317216424933,0,land
1318216813687,0,land
1317216129395,0,land
1323222091670,0,land
1314212378715,0,land
1317218552610,0,land
1318217187083,0,land
1315214410019,0,land
1314212696342,0,land
1317216126452,0,land
1316216553560,0,land
1321219805571,0,land
1319217848542,0,land
1315213776204,0,land
1318216834109,0,land
1319218014811,0,land
1320219208737,0,land
1316215576695,0,land
1317215906951,0,land
1322221203096,0,land
1323222354449,0,land
1319217994894,0,land
1320218660189,1122,land
