doc_ctrl_num,tri_facility_id,cas_registry_number,reporting_year,max_amount_code,produce,imported,sale_distribution,byproduct,process_impurity,industry_code
1314213081882,79721FNLNDIS20E,71-43-2,2014,08,1,0,1,0,0,324
1314212738215,15301DYNMT195MU,7664-39-3,2014,04,0,0,0,0,0,331
1316215573700,43731PCCRF11CHI,7440-48-4,2016,05,0,0,0,0,0,336
1323222021444,37873PCLCN306GE,7429-90-5,2023,04,0,0,0,0,0,323
1324222409688,45356HRTZLONEPR,7440-50-8,2024,04,0,0,0,0,0,336
1317216111411,24441RYNLDCAVER,N982,2017,04,0,0,0,0,0,326
1316215544988,50616SLSBR1900R,7647-01-0,2016,03,1,0,0,1,0,325
1321219614260,6484WLMNMF298ED,131-11-3,2021,02,0,0,0,0,0,332
1314212322224,7521WDWNTW24SIN,7439-92-1,2014,01,0,0,0,0,1,327
1315214343675,13601KNWLT213FA,108-95-2,2015,05,0,0,0,0,0,322
1314212390710,54840BRNTT11631,7697-37-2,2014,04,0,0,0,0,0,311
1318216747333,67217CNTRN255SC,7439-92-1,2018,01,0,0,0,0,0,332
1316215150741,87045MCKNLCOUNT,107-21-1,2016,04,0,0,0,0,0,322
1324223050206,98682CNTRL395NE,7439-92-1,2024,02,0,0,0,0,0,334
1322220742819,44278CHMNC390MU,N420,2022,03,0,0,0,0,0,325
1316215795232,0156WLNZMR63DUG,N420,2016,02,1,0,0,1,0,333
1319218116693,7505WLTCRT1711B,554-13-2,2019,04,0,0,0,0,0,325
1315214339208,7702WNLSTL95CLI,7440-02-0,2015,04,0,0,0,0,0,332
1321220041887,50595VNDSTOLDHW,1918-00-9,2021,06,0,0,0,0,0,325
1319217694191,15301WSTPN2833W,N010,2019,03,0,0,0,0,0,335
1316215589538,1566WQNNRG11TEC,N450,2016,04,0,1,0,0,0,335
1317215842271,12138TCNCPCOONB,100-41-4,2017,03,0,0,0,0,0,313
1323221955418,1335WRMRMS14HEF,N420,2023,03,0,0,0,0,0,332
1324223196546,44483JXTCC1745V,MIXTURE,2024,04,0,1,1,0,0,333
1323221982111,44460WRRNM800PE,108-88-3,2023,03,0,0,0,0,0,326
1322221311323,27409MPNCB719PE,7439-96-5,2022,04,0,0,0,0,0,336
1319218448759,3764WCLRWR151ID,7664-41-7,2019,04,0,0,0,0,0,314
1318217221605,36105HGRHN150FO,N090,2018,04,0,0,0,0,0,332
1324223092356,01821MRCNS829MI,7439-92-1,2024,04,0,0,0,0,0,334
1319217835418,35616RCCRBPOBOX,7664-41-7,2019,03,0,0,0,0,0,325
1318216880803,44105FRRCR4150E,554-13-2,2018,05,0,0,0,0,0,325
1316215234574,77833CLNRS2001E,75-09-2,2016,04,0,0,0,0,0,325
1318217224625,49022SMTCN470NP,7440-47-3,2018,03,0,0,0,0,0,332
1317216206235,55720PTLTCNORTH,67-56-1,2017,07,1,0,0,1,0,322
1323221943970,14845HRDNG3575O,7439-92-1,2023,03,0,0,0,0,0,333
1314211898693,42420GBBSDUS60W,N106,2014,03,0,0,0,0,0,331
1320219396835,2383WSBRDP159SA,N511,2020,02,1,0,0,1,0,311
1314213149913,77640FNLNDHIGHW,7783-06-4,2014,05,1,0,0,1,1,324
1317215867882,92355BNNZL11711,100-41-4,2017,02,0,0,0,0,0,331
1315214453615,45231PRKWY10293,101-14-4,2015,04,0,0,0,0,0,326
1319218140832,14432GWLSK2SOUT,106-94-5,2019,04,0,0,0,0,0,332
1317216400337,02184WLLST205WO,7440-47-3,2017,05,0,0,0,0,0,331
1316215636109,49015PRNYF126BR,79-21-0,2016,02,0,0,0,0,0,311
1317216138774,95828CRMCR59508,N420,2017,04,1,1,0,1,1,332
1320219034307,16749QKRSTINTER,N590,2020,03,1,0,0,1,0,324
1320219049121,75041CRRLL2900W,N535,2020,04,0,0,0,0,0,325
1320219241888,83338JRMCH47W10,N511,2020,05,1,0,0,1,0,311
1321220405068,85281GLDTC1450E,7697-37-2,2021,03,0,0,0,0,0,332
1321220209086,30188NTRNT308BE,100-42-5,2021,04,0,0,0,0,0,326
1314212689804,43055NMTCC1650T,N495,2014,03,0,0,0,0,0,332
1323221914157,3731WPLRTC31IND,N230,2023,03,0,0,0,0,0,313
1315213974417,01930CBFSK18KON,7439-92-1,2015,03,0,0,0,0,0,339
1320218950741,0810WKRSHN1HLTE,7439-96-5,2020,05,0,0,0,0,0,332
1320219270749,03856THKNGROUTE,7440-02-0,2020,03,0,0,0,0,0,326
1317216138709,54476CRYST2608R,71-36-3,2017,03,0,0,0,0,0,332
1317216604898,98270RCLLN12806,67-56-1,2017,03,0,0,0,0,0,336
1319218350559,2808WBCKYFPBX42,7439-96-5,2019,04,0,0,0,0,1,332
1317216217733,32905FRRSR2210W,1330-20-7,2017,04,0,0,0,0,0,325
1320218888319,03062TRDYN4PITT,7647-01-0,2020,02,1,0,0,0,0,334
1318217466820,45216FRSFR110EA,75-07-0,2018,04,0,0,0,0,0,311
1318217285131,01752SHPLY455FO,67-56-1,2018,04,0,1,0,0,1,325
1317215946118,03801SMPLX4023W,N590,2017,01,0,0,0,0,0,334
1314212555926,48220GGPRD625WA,N230,2014,04,0,0,0,0,1,325
1322220660245,01950NNSPC3MALC,N230,2022,04,0,0,0,0,0,325
1322221346226,55720PTLTCNORTH,67-56-1,2022,07,1,0,0,1,0,322
1315213716071,84087CRYSN2355S,110-82-7,2015,04,1,0,1,0,0,324
1315214245894,06492MRCNCSOUTH,67-56-1,2015,06,0,1,0,0,0,325
1314212881421,54216THVLL23KIL,7440-47-3,2014,04,0,0,0,0,0,332
1315214325159,77253FMCWL1777G,107-21-1,2015,05,0,0,0,0,0,333
1319218260560,99337SNDVKCHEMI,7664-39-3,2019,04,0,0,0,0,0,331
1319217630161,2945WTTKLB413CA,7440-50-8,2019,04,0,0,0,0,0,333
1319217852348,03062TRDYN4PITT,N100,2019,04,1,0,0,1,0,334
1322221698576,46526BNTLR910SE,7440-02-0,2022,04,0,0,0,0,0,336
1315214357865,56511TMNDSFRTHR,7440-02-0,2015,03,0,0,0,0,0,332
1321220027270,93662FRSNV7736E,7440-50-8,2021,05,0,0,0,0,0,331
1324222431684,9300WMGNSN199KN,N120,2024,04,0,0,0,0,0,336
1314212703767,60174SYSTM3825O,7439-92-1,2014,03,0,0,0,0,0,334
1315213803517,27604MLLNC8801N,62-53-3,2015,05,1,0,1,1,0,325
1314212560294,81001SHLND250WI,7664-41-7,2014,06,1,0,1,0,0,325
1316215044090,60007PNRYC1801E,N230,2016,04,0,0,0,0,0,325
1317215906948,72209TRNRC691IN,7697-37-2,2017,03,0,0,0,0,0,311
1316215087584,94086SRRPR1108W,N100,2016,04,1,0,0,1,0,334
1317216592752,15145STLDN200BR,7439-92-1,2017,05,0,0,0,0,0,332
1318216727723,06076CNNCXRIVER,108-95-2,2018,02,0,0,0,0,1,333
1324222509806,4968WGRNDT1677P,7440-50-8,2024,05,0,0,0,0,0,336
1315214215283,50616SLSBR1900R,68-12-2,2015,05,0,0,0,0,0,325
1320219064348,49093DYNTR111DA,108-88-3,2020,04,0,0,0,0,0,326
1318217181433,77017MBLCH9822L,115-07-1,2018,09,1,0,1,0,1,325
1316215087519,30103LGCHM31LGD,80-62-6,2016,05,0,0,0,0,0,325
1315214330538,27403MRFLX2110H,108-93-0,2015,04,0,0,0,0,0,325
1315214028336,37644SNPNTSTATE,7439-96-5,2015,05,0,0,0,0,0,332
1323221978606,3380WSLDST281SA,N230,2023,03,0,0,0,0,0,325
1318216846105,1755WGRNRN165ST,108-88-3,2018,04,0,0,0,0,0,332
1317216200079,32078GRGPCSTATE,67-56-1,2017,05,1,0,0,1,0,322
1320219090370,02905MNRCH189GE,7440-02-0,2020,03,0,0,0,0,0,332
1315214050155,29636RYMTLBOX38,N982,2015,03,1,0,0,0,0,332
1324222876524,0292WPXSTC21STA,7429-90-5,2024,04,0,0,0,0,0,325
1322221260526,72902KFDSNREEDL,7782-50-5,2022,03,0,0,0,0,0,311
1315214191900,44024LSTCH160PA,137-26-8,2015,03,0,1,1,0,0,326
1319218389777,48043DPNTM400GR,95-63-6,2019,04,0,1,1,0,0,325
1315214240374,14304THGDY5408B,123-31-9,2015,06,0,0,0,0,0,325
1316215007295,48150MBSTN31770,N511,2016,04,1,0,0,1,0,311
1314213013461,34294PRDYN8550U,7439-92-1,2014,03,1,0,0,1,0,334
1317216614596,90280TCHNC11220,7440-50-8,2017,05,0,0,0,0,0,331
1318216983433,16749QKRSTINTER,7664-41-7,2018,04,1,0,0,1,0,324
1322221434741,1630WWBCND363SE,7440-50-8,2022,04,0,0,0,0,0,331
1314212637920,53929WLKRS902SE,7440-47-3,2014,04,0,0,0,0,0,332
1317215976768,17331SKFBRRD3BO,7440-47-3,2017,04,0,0,0,0,0,332
1316215116625,75050SRGRD23501,108-10-1,2016,04,0,0,0,0,0,325
1322220875138,0183WJHNSN3BNDS,N458,2022,02,0,1,1,0,0,4246
1324222645691,53119GNRCP211MU,7439-96-5,2024,04,0,0,0,0,0,335
1320220657480,3762WTRCTY161AR,N090,2020,02,0,0,0,0,1,331
1316215374036,91504CRNCM3000W,7439-92-1,2016,02,0,0,0,0,0,332
1314211929827,27533PVNRT1200A,7440-47-3,2014,04,0,0,0,0,0,333
1318216679276,06001RFLXT120DA,108-88-3,2018,03,0,0,0,0,0,323
1317216052682,63070DWCHMDOWIN,N270,2017,04,0,0,0,0,0,326
1315213688157,77805LNCXX615CA,95-63-6,2015,03,0,0,0,0,0,332
1315213702754,02780VSTNT585JH,7439-92-1,2015,04,0,0,0,0,1,332
1321219997715,9213WTLDYN9855C,N420,2021,02,0,0,0,0,0,335
1320218865867,50595VNDSTOLDHW,71-36-3,2020,04,0,0,0,0,0,325
1314212604868,33810KYMRK2540K,N230,2014,03,0,0,0,0,0,331
1314212748329,36105HYNDM7HYUN,7632-00-0,2014,04,0,0,0,0,0,336
1324222714457,4817WWBSTR142NB,107-21-1,2024,04,0,0,0,0,0,336
1316215544925,50616SLSBR1900R,7664-41-7,2016,04,1,0,0,1,0,325
1324222893190,28086CMMRC101CA,N982,2024,03,0,0,0,0,0,333
1315213766405,73036GMNLC101SW,1330-20-7,2015,05,0,0,0,0,0,325
1314212558934,30125HNKLC701WI,7664-41-7,2014,04,0,0,0,0,0,325
1316215592926,27292PPGNDNEWJE,7439-92-1,2016,02,1,0,0,0,1,327
1315214394494,44460WRRNM800PE,100-41-4,2015,03,0,0,0,0,0,326
1324222480675,01260MDSPCWILLO,50-00-0,2024,03,1,0,0,1,0,322
1319218027290,49221NXTDS1571W,67-56-1,2019,05,0,0,0,0,0,325
1315213207487,46176RYBDC800MA,7440-50-8,2015,02,0,0,0,0,0,331
1314213002936,70734RBCNN9156H,98-95-3,2014,06,1,0,1,0,0,325
1324222559799,37644SNPNTSTATE,7440-50-8,2024,03,0,0,0,0,1,332
1324222998460,31408NTRCT115EL,7664-41-7,2024,04,1,0,0,0,0,325
1324222898013,0850WLLNTW165CU,7440-47-3,2024,03,0,0,0,0,0,332
1323221875661,80634LVLND14520,7697-37-2,2023,05,0,0,0,0,0,325
1321219640000,50703DVNCD2825M,79-01-6,2021,03,0,0,0,0,0,332
1321219810571,98168FRWST4522S,1330-20-7,2021,03,0,0,0,0,0,325
1316214985222,76504CNTRF3320P,N090,2016,05,0,0,0,0,0,331
1322221083696,13476DRYLCWARDS,7697-37-2,2022,04,0,0,0,0,0,311
1320218929255,28315CRLNGSR207,7440-50-8,2020,05,0,0,0,0,0,331
1323221660525,67460MNVLLCOUNT,N458,2023,01,1,0,0,1,1,327
1324222873782,62881RDCBR1015S,91-20-3,2024,05,0,0,0,0,0,327
1322221441316,37744TRWNCSNAPP,7440-02-0,2022,04,0,0,0,0,0,333
1320219357478,06239THDLT39WAU,N982,2020,04,1,0,0,1,0,326
1315214102360,43537NTRCN434WD,75-09-2,2015,03,0,0,0,0,0,325
1316215015381,03062TRDYN4PITT,N420,2016,03,1,0,0,1,0,334
1319218411938,9205WNNSTN4115A,872-50-4,2019,03,0,0,0,0,0,313
1319217665862,20774NWDWN16001,N230,2019,04,0,0,0,0,0,325
1316215493343,3760WLMTXX167RW,7439-92-1,2016,03,0,0,0,0,0,333
1319218273415,54476CRYST2608R,1330-20-7,2019,04,0,0,0,0,0,332
1315214295115,98134LSKNC32006,N090,2015,04,0,0,0,0,0,332
1315214339160,5061WWLSRN71CHA,7440-47-3,2015,05,0,0,0,0,0,332
1315214361545,49007KLSCN3713W,110-54-3,2015,03,0,0,0,0,0,311
1315213694045,5475WTLSRSW1899,7664-41-7,2015,03,1,0,0,1,0,325
1316215640448,6306WMTCNC11JEF,N230,2016,03,0,0,0,0,0,325
1314212626927,84104TWDMB1847S,7439-96-5,2014,03,1,0,0,1,0,336
1323222044012,37744TRWNCSNAPP,7439-92-1,2023,03,0,0,0,0,0,333
1323221806425,71360DRWDTWADLE,N150,2023,17,0,0,0,0,1,321
1321219596259,76712CCCLF8400I,7697-37-2,2021,04,0,0,0,0,0,3121
1316214989826,84115DCRPR2645S,N420,2016,04,0,0,0,0,0,334
1314211916919,45036SCHMD360HA,100-42-5,2014,03,0,0,0,0,0,326
1315213655069,43606BTLSP2112S,50-00-0,2015,04,0,0,0,0,0,325
1320219217484,44117LNCLN22801,7440-50-8,2020,05,1,0,0,1,0,333
1322221141753,27709SCMMT2601W,7440-36-0,2022,05,1,0,1,0,0,331
1314212659270,01757BNJMN49SUM,1330-20-7,2014,05,0,0,0,0,0,325
1320218836183,44203MLCPR361FA,67-56-1,2020,04,0,0,0,0,0,325
1315213211562,1755WGRNRN165ST,108-88-3,2015,04,0,0,0,0,0,332
1322220732349,27261MRSHF1001S,71-36-3,2022,03,0,0,0,0,0,337
1320218732408,9363WBLTMR15341,N100,2020,04,0,0,0,0,0,333
1324223153533,02780PMSTR355CO,7439-92-1,2024,02,0,0,0,0,0,335
1323222379796,45309MCGRG365CA,7439-92-1,2023,03,0,0,0,0,0,334
1315214475764,36193RHMMN2600E,7440-47-3,2015,04,0,0,0,0,1,335
1314213117866,4206WNVNSY939SU,7439-92-1,2014,02,0,0,0,0,0,334
1324222438893,7601WHNTSM3315E,107-21-1,2024,06,0,0,0,0,0,325
1317215996149,44138MRCNW7951B,N010,2017,03,0,0,0,0,0,335
1318216708014,85019TRNWY4626N,80-62-6,2018,04,0,0,0,0,0,327
1318217672308,37644SNPNTSTATE,7440-47-3,2018,04,0,0,0,0,0,332
1320219274901,1906WNFNTY2PRGR,N982,2020,04,0,0,0,0,0,325
1315214428777,70634WSTVCPOBOX,80-05-7,2015,05,0,0,0,0,0,325
1316215027018,8100WVSTST1TWER,71-36-3,2016,05,0,0,0,0,0,332
1316215745670,60131MRCNS10352,N420,2016,01,0,0,0,0,1,327
1322221102320,12603MRCMF55PAG,7439-92-1,2022,02,0,0,0,0,0,334
1316215394899,37744BLLZNBALLR,7439-92-1,2016,04,0,0,0,0,1,331
1324222893024,28086CMMRC101CA,N450,2024,04,0,0,0,0,0,333
1320219359926,48750TTNDS4700N,N010,2020,04,0,0,0,0,0,326
1321220097366,02745CSHNT215DU,N120,2021,03,0,0,0,0,0,339
1320219319769,17405NWYRK829LO,7440-50-8,2020,04,0,0,0,0,0,331
1314212382713,44622ZMMRP200WE,117-81-7,2014,04,0,0,0,0,0,339
1316215127313,68467SNDST2800D,7440-47-3,2016,04,0,0,0,0,0,336
1324222565259,7906WPMPFL821FM,67-56-1,2024,07,1,0,1,0,0,325
1323222353815,29732MCMTL445BR,N495,2023,02,0,0,0,0,0,332
1322221199084,3561WMRCNL136RY,100-41-4,2022,03,0,0,0,0,0,339
1315213707514,75203LXTTC2465J,7440-43-9,2015,02,0,0,0,0,0,339
1317216501193,42141RMNCX20ABE,7440-66-6,2017,03,0,1,0,0,0,336
1315214436735,48176SLNNS7700M,N982,2015,03,0,0,0,0,0,336
1316215120357,45242STLCR9017B,N230,2016,04,0,0,0,0,0,332
1317216464432,54220ZNTHS5710V,7440-50-8,2017,04,0,0,0,0,0,332
1324222691091,16749QKRSTINTER,1330-20-7,2024,03,0,0,0,0,0,324
1324222432813,85210PHMNP112WI,7440-47-3,2024,01,0,0,0,0,0,333
1315213846583,91749CMCCH18383,7697-37-2,2015,04,0,0,0,0,0,325
1316215168675,23228MNVLL7400R,N010,2016,04,0,0,0,0,0,322
1321219800772,47374BLDNW350NO,N982,2021,05,0,0,0,0,0,331
1322220959151,04401SRMYM3HILD,7439-92-1,2022,03,0,0,0,0,0,999
1320219287036,83303MLGMTPOBOX,7664-41-7,2020,04,1,0,0,1,0,311
1314213089954,98607LNRTC4200N,7664-39-3,2014,04,0,0,0,0,0,334
1314212512495,92022MTKNC790GR,7440-47-3,2014,03,0,0,0,0,0,336
1322220635421,60139WBSTR704EF,7664-41-7,2022,03,0,0,0,0,0,332
1317215820642,31728TRRNG2525T,7664-41-7,2017,03,0,0,0,0,0,332
1315216737054,53901CLMBNW8385,N040,2015,05,1,0,0,1,0,2211
1318217659477,01845PHRMC70FLA,67-56-1,2018,04,0,0,0,0,0,325
1316215553316,17512GRNNL1411L,121-44-8,2016,04,0,0,0,0,0,331
1320218885642,04401SRMYM3HILD,7439-92-1,2020,03,0,0,0,0,0,999
1324223184868,98134LSKNC32006,N495,2024,03,0,0,0,0,0,332
1315213721665,56215CHPPW27020,75-07-0,2015,01,1,0,0,0,0,325
1323221791039,07036PRMNT1515W,7697-37-2,2023,03,0,0,0,0,0,332
1315213727148,76427RMRNNHWY38,1330-20-7,2015,03,0,0,0,0,0,332
1320219349103,7748WGDMNM191KE,7440-50-8,2020,06,0,0,0,0,0,333
1322221002153,00841VRGNSESTAT,N511,2022,02,0,0,0,0,0,3121
1317215977428,87107GNRLT1450M,7439-92-1,2017,02,0,0,0,0,0,334
1316215605712,45377LCSLD801SC,7439-92-1,2016,02,0,0,0,0,0,334
1318217149158,38109BRMNG3601P,N420,2018,05,0,1,0,0,1,331
1316216252231,37406WDBRD100JU,584-84-9,2016,05,0,0,0,0,0,326
1316215668056,7757WGSNNV185EH,115-07-1,2016,05,0,0,0,0,0,4247
1315213610722,24244TMPRP4700B,26471-62-5,2015,05,0,0,0,0,0,337
1317216284772,66542FLXLN6000S,50-00-0,2017,03,0,0,0,0,0,325
1321220139568,17356GNRLD200EH,7439-92-1,2021,02,0,0,0,0,0,336
1322221144746,42101KBLMN525CE,7429-90-5,2022,03,1,0,0,0,1,332
1316215798529,5310WPPLDM1956P,50-00-0,2016,02,0,0,0,0,0,325
1315214007231,28392CRLNFHWY87,10049-04-4,2015,01,1,0,0,0,0,311
1315213207261,55112MCMCR4758T,7440-50-8,2015,03,0,0,0,0,0,334
1314211909724,0887WNWWRL1RAND,7440-02-0,2014,05,0,0,0,0,0,331
1316215277474,44875HSTLT140WE,7440-47-3,2016,05,0,0,0,0,1,331
1321220650776,24203MRRSN400CO,100-42-5,2021,05,0,0,0,0,0,326
1324222712224,9050WPLYPP365MA,68-12-2,2024,04,0,0,0,0,0,325
1321219708183,6155WBRDLY231DB,115-07-1,2021,03,0,0,0,0,0,332
1321219720556,44138MRCNW7951B,7440-50-8,2021,05,0,0,0,0,0,335
1314213022179,6676WCSTML48VER,7440-50-8,2014,04,0,0,0,0,1,331
1315213968112,5543WGNRLD113HA,7439-92-1,2015,02,0,0,0,0,0,334
1316215161098,89423BNTLY1631B,7439-92-1,2016,03,0,0,0,0,0,334
1321219944485,5574WDTRTR3895S,7439-92-1,2021,02,0,0,0,0,1,334
1314212734747,43056RCKWLROUTE,7439-96-5,2014,04,0,0,0,0,0,336
1314212963425,58201JRSMP3630G,7783-06-4,2014,03,1,0,0,1,0,311
1314212804518,8523WBHMNT1331W,N511,2014,04,0,0,0,0,0,325
1324222598157,47670TYTMT4000T,N230,2024,02,0,0,0,0,0,336
1324222638278,48071FRNDL31600,7439-96-5,2024,05,0,0,0,0,0,332
1324222448654,7757WDBWST12511,7782-50-5,2024,03,0,0,0,0,0,325
1316215102498,79927MCGLL9560P,N010,2016,04,0,0,0,0,0,335
1315213896145,7840WBCKYT151SU,115-07-1,2015,07,1,0,0,0,0,324
1319218496178,12138TCNCPCOONB,100-41-4,2019,04,0,0,0,0,0,313
1315214215232,50616SLSBR1900R,64-18-6,2015,04,0,0,0,0,0,325
1320219185699,57032SHWPL1ENTE,N230,2020,02,0,0,0,0,0,337
1314212350300,4601WNSTS431W7X,79-21-0,2014,03,0,0,0,0,0,311
1321219828466,55041HTNGL800JE,1330-20-7,2021,02,0,0,0,0,0,333
1314212365795,67213RCPTL1702S,108-88-3,2014,03,0,0,0,0,0,332
1324223063761,76501DLTCN3402C,N090,2024,05,0,0,0,0,0,332
1315213806007,40403MTRWHGLADE,7440-02-0,2015,04,0,0,0,0,0,332
1315214144139,45162THHRT5374L,26002-80-2,2015,03,0,0,0,0,0,311
1315214157036,2870WVRTQN115VI,1330-20-7,2015,04,0,0,0,0,1,333
1315214381384,78023VNTNM13310,100-42-5,2015,03,0,0,0,0,0,327
1319218213039,54701WRRNV5200S,108-90-7,2019,05,0,0,0,0,0,562
1315214295836,63111RHNPL133EK,63-25-2,2015,05,0,0,0,0,0,325
1317216583613,3708WRLNCW11CEN,N100,2017,03,0,0,0,0,0,332
1314212573683,43725LMCST804BY,N420,2014,02,0,0,0,0,0,326
1315214157024,2870WVRTQN115VI,108-88-3,2015,03,0,0,0,0,0,333
1316216293682,30024KTLCM70CRE,N420,2016,03,0,0,0,0,0,336
1317216335176,52627CHVRN1800S,N511,2017,05,0,0,0,0,0,325
1324222800361,4912WMDNRP2121W,7440-50-8,2024,06,0,0,0,0,1,336
1322221293487,60622SPMTL1720E,7439-96-5,2022,04,0,0,0,0,0,331
1321219705480,13221GNRLLELECT,N420,2021,03,1,0,1,0,0,334
1322221036585,16601MRWYN3701B,7439-92-1,2022,05,0,0,0,0,0,331
1316215132198,45856PRTCC5000C,7439-92-1,2016,01,1,0,0,0,1,332
1322221475559,6721WCHRMP3939W,N090,2022,04,0,0,0,0,0,332
1319218515359,06497HMPFR292LO,75-09-2,2019,04,0,0,0,0,0,325
1323221569458,58075PRMBR2441N,N120,2023,05,0,0,0,0,0,339
1319217987407,92621BRSTL630EL,N106,2019,03,0,0,0,0,0,332
1317216255152,02703CHMTC52GAR,N740,2017,06,1,0,1,0,0,332
1321220310977,28655CTPLL90CER,N450,2021,02,0,0,0,0,0,336
1323222021469,37873PCLCN306GE,7440-66-6,2023,04,0,0,0,0,1,323
1314212388185,46975RCHST616IN,7440-39-3,2014,04,0,0,0,0,0,331
1322220982173,3383WFLRKN244CM,N450,2022,04,0,0,0,0,0,325
1323221684739,0204WNXTGN11NRF,N230,2023,04,0,0,0,0,0,325
1320219118344,65769SYNTXFIRST,75-21-8,2020,06,0,0,0,0,0,325
1319218045387,6183WRGDNV3NAND,67-56-1,2019,05,0,0,0,0,0,325
1323221590033,95050DVNCD2210W,7439-97-6,2023,01,0,0,0,0,0,335
1323221774019,04401SRMYM3HILD,7439-92-1,2023,03,0,0,0,0,0,999
1323221966930,44105LMNMC1600H,7697-37-2,2023,05,0,0,0,0,0,332
1324223005467,7780WLQDPW1331I,107-21-1,2024,04,0,0,0,0,0,325
1318218613750,52361KNZMNI80AT,1330-20-7,2018,02,0,0,0,0,0,333
1321219775968,39307FRBNK239W6,N495,2021,03,0,0,0,0,0,333
1321221489370,90001LLYSC1960E,N100,2021,01,1,0,0,1,0,332
1315213975067,45371DPNCX875NO,110-82-7,2015,04,0,0,0,0,0,325
1318217044799,30103LGCHM31LGD,80-62-6,2018,05,0,0,0,0,0,325
1316215128745,29526HNYWL440AL,N096,2016,04,0,1,0,0,0,332
1316215573712,43731PCCRF11CHI,7440-02-0,2016,06,0,0,0,0,0,336
1318217398458,30117DCSTR1DECM,1330-20-7,2018,03,0,0,0,0,0,336
1316215619800,98951MTCHC18EJN,100-42-5,2016,04,0,0,0,0,0,326
1319218156293,16143YNGGLPOBOX,7439-92-1,2019,03,0,0,0,0,1,332
1323221894443,19605YSXDBMONTR,N420,2023,06,0,1,0,0,0,335
1321219625377,38372PRXSN435IN,100-42-5,2021,05,0,0,0,0,0,326
1314213077148,56621TMNDS15PAR,N100,2014,05,0,0,0,0,0,336
1318216994398,55749HBBNG1832S,N040,2018,02,1,0,0,1,0,2211
1317216547238,9705WNRTHW2929W,7439-92-1,2017,03,1,0,0,0,1,331
1318217057823,49015TKRKS100HI,7440-50-8,2018,04,0,0,0,0,0,336
1314212786343,62040TRCRP12001,7440-36-0,2014,04,0,0,0,0,0,332
1315213901453,61702BRDGSVETER,N420,2015,02,1,0,0,1,1,326
1316215238243,08857LDBRDOLDWA,N982,2016,05,1,0,0,1,0,325
1315214376105,4808WSHLHN2711G,7440-02-0,2015,04,0,0,0,0,0,336
1316215089436,29349HDSNNCAMPT,N106,2016,03,0,0,0,0,0,331
1314212501023,05452BMXXX1000R,7647-01-0,2014,03,1,0,0,0,0,334
1314212321804,7738WTFCRT1681J,7439-92-1,2014,01,0,0,0,0,1,327
1320218952897,49289KZCHM9901S,N230,2020,03,0,0,0,0,0,325
1323222379289,57262WDLND2415E,1330-20-7,2023,04,0,0,0,0,0,337
1323222215737,98421CSCDP1640E,N150,2023,17,0,0,0,0,1,321
1324222899559,46562SPXCR5ARNO,7440-50-8,2024,04,1,0,0,1,0,331
1314212772800,2740WDBLDN115PL,N120,2014,07,0,0,0,0,0,334
1324223120674,48084SLZRP1972M,N096,2024,04,1,1,1,0,0,331
1322221135041,53233GBHRD2615W,7783-06-4,2022,02,1,0,0,1,0,316
1314213103385,40219CLDWL4000T,7439-96-5,2014,04,0,0,0,0,0,332
1314212748267,36105HYNDM7HYUN,67-56-1,2014,04,0,0,0,0,0,336
1315214355873,38012HYWDC751DU,N230,2015,03,0,0,0,0,0,325
1323221621485,5544WPNMDY14425,7440-50-8,2023,04,0,0,0,0,0,332
1321219898374,45242CNCNN5901C,7440-48-4,2021,02,0,0,0,0,0,332
1316215181049,16161WHTLNCOUNC,7440-66-6,2016,05,1,0,0,1,0,331
1319217965666,7704WPGNTR1611V,7440-02-0,2019,04,0,1,1,0,0,332
1321219707003,7270WDLTGR3115W,7439-92-1,2021,02,0,0,0,0,0,334
1315213658913,90280TCHNC11220,7440-47-3,2015,04,0,0,0,0,0,331
1314212852899,03820RSLNC1WASH,N458,2014,01,0,0,0,0,0,325
1315214331415,00965SSCTBSTATE,1634-04-4,2015,07,0,0,0,0,0,4247
1315214372359,96793BRWRN275EW,40487-42-1,2015,04,0,0,0,0,0,4246
1316215728433,97217LCMSL3625N,108-88-3,2016,05,0,0,0,0,0,325
1323221790886,45891RQPCR1225W,N420,2023,02,0,0,0,0,0,332
1323222387058,54701WRRNV5200S,75-09-2,2023,04,0,0,0,0,0,562
1322221194398,49601RBRKS201HA,7439-92-1,2022,01,0,0,0,0,1,332
1319217961604,35603TRCST4301H,N982,2019,07,1,0,1,1,1,331
1315213901440,61702BRDGSVETER,191-24-2,2015,02,1,0,0,1,1,326
1314212876890,46368MRCNR6300U,7647-01-0,2014,06,1,0,0,1,0,325
1316215161744,46377PRDGN23326,108-88-3,2016,04,0,0,0,0,0,323
1316215101801,87107GNRLT1450M,106-94-5,2016,02,0,0,0,0,0,334
1317216376614,28669BTBPRHWY26,75-07-0,2017,01,1,0,0,1,0,321
1315213925910,80401DLPHC12THF,7783-06-4,2015,01,1,0,0,1,0,3121
1324223089044,44483GMCPCNORTH,N982,2024,04,0,0,0,0,0,336
1314213056777,48030KCJNS321WT,7664-41-7,2014,03,0,0,0,0,0,332
1324222914867,13654LSRDF3454U,N511,2024,02,1,0,0,1,0,311
1321219680636,55336THPLL101W8,N511,2021,02,1,0,0,1,0,311
1323221611294,03062TRDYN4PITT,N230,2023,03,0,0,0,0,0,334
1315214202398,74116LMFNS2104N,108-88-3,2015,03,0,0,0,0,0,336
1318217123393,0887WRCHML18USH,75-05-8,2018,04,0,0,0,0,0,325
1320219428923,4355WTLNDS28271,N420,2020,03,0,0,0,0,1,334
1321219618865,77805LNCXX615CA,95-63-6,2021,03,0,0,0,0,0,332
1318216822015,38242PLMLYHENRY,108-88-3,2018,03,0,0,0,0,0,326
1321220319533,39452TRSTTEVANS,7440-38-2,2021,03,0,0,0,0,0,332
1314212793602,37716DHCMP1260C,100-41-4,2014,04,0,0,0,0,1,325
1317216419212,44139NRTHM30000,7440-47-3,2017,04,0,0,0,0,0,331
1318216854202,62615DCKYJ5200D,N420,2018,02,0,0,0,0,0,334
1314212887210,92626LLDSG2950R,N100,2014,04,1,0,0,1,0,334
1319217956768,23228MNVLL7400R,N010,2019,04,0,0,0,0,0,322
1322220763039,95050DVNCD2210W,7439-97-6,2022,01,0,0,0,0,0,335
1320218731608,80550CRSTR2HWAR,N740,2020,05,1,0,1,1,0,325
1316215536309,70079CYPRS16122,108-90-7,2016,05,0,0,0,0,0,325
1321219969577,80120NCRCT8192S,N420,2021,02,1,0,0,1,0,334
1320220640039,89431GRNGP909EG,117-81-7,2020,05,0,0,0,0,0,326
1319217972619,55311BSTNS2SCIM,67-56-1,2019,03,0,0,0,0,0,339
1316215763347,48228PPRTL9100F,107-21-1,2016,04,0,0,0,0,0,324
1314212430464,55069LNDLK404EA,7664-41-7,2014,04,0,0,0,0,0,311
1318217324603,13045PLLTR3643W,75-09-2,2018,03,0,0,0,0,0,332
1315213666961,02053PRRLL36ALD,100-42-5,2015,03,0,0,0,0,0,339
1314212920829,98409RGSNR243S3,115-07-1,2014,04,0,0,0,0,0,4246
1315213965445,55987LKCNT5752I,N420,2015,03,0,0,0,0,0,336
1321219698382,00705TRCSNRD14K,N511,2021,03,1,0,0,1,0,311
1314212942799,4361WRKRPR491ST,95-63-6,2014,01,0,0,0,0,0,336
1319217764721,08056BNNLL210HA,7664-41-7,2019,03,0,0,0,0,0,326
1316215216476,79022HLMRC124US,7664-41-7,2016,04,1,0,0,1,0,311
1315214273512,47918CDCHR200WE,N420,2015,06,1,0,1,0,0,335
1321219744582,14228NTRNT310CO,1330-20-7,2021,03,0,0,0,0,0,339
1316217858885,29418RBRTB8101D,7440-47-3,2016,04,1,1,0,0,0,336
1314212402248,76504CNTRF3320P,N090,2014,05,0,0,0,0,0,331
1314212344966,17026FRMRS154WM,N511,2014,05,1,0,0,1,0,311
1318217150869,01720THHRT87HAY,95-47-6,2018,03,0,0,0,0,0,336
1322221265782,42420CCRDC2315A,N982,2022,03,0,0,0,0,0,336
1324222616563,65340CNGRF253WE,N511,2024,04,1,0,0,1,0,311
1314212841478,0493WPKNDS15PIK,191-24-2,2014,01,1,0,0,1,0,999
1321219614296,6484WLMNMF298ED,1330-20-7,2021,02,0,0,0,0,0,332
1321219755408,31415RZNCH121WL,108-31-6,2021,06,0,0,0,0,0,325
1323222090298,43160YSCRP151JA,107-21-1,2023,05,0,0,0,0,0,336
1314212997009,49331PRFRM615CH,N120,2014,04,0,0,0,0,0,326
1323221835440,24112CMMNW345BE,872-50-4,2023,04,0,0,0,0,0,326
1320218768188,1907WDVSVS385WE,7439-92-1,2020,02,0,0,0,0,0,339
1322221253420,25401CLBNC942BA,90-43-7,2022,03,0,0,0,0,0,325
1317216559068,68112MHPBL7475P,N458,2017,01,1,0,0,1,0,2211
1320219256435,76031SCHMN2311P,75-05-8,2020,04,0,0,0,0,0,325
1319218146330,51566PRKRHHWY48,N982,2019,05,0,0,0,0,0,326
1319218352995,28208TRNSR4500M,7439-96-5,2019,04,0,0,0,0,0,333
1314213031432,43402DWTTM213SW,7664-41-7,2014,03,0,0,0,0,0,332
1314212509739,68467SNDST2800D,7439-92-1,2014,03,1,0,0,1,0,336
1321220593964,5042WMDLND17144,N420,2021,01,0,0,0,0,1,327
1315214409993,60008LNHNT900CA,7664-41-7,2015,05,0,0,0,0,1,325
1315213701079,55069LNDLK404EA,7664-41-7,2015,04,0,0,0,0,0,311
1314212977351,22153SDPRT7943C,7439-92-1,2014,02,0,0,0,0,0,999
1317215816632,60090SPCKG440DE,108-88-3,2017,04,0,0,0,0,0,325
1320219179544,47710NSLNC1014U,N120,2020,04,0,0,0,0,0,325
1324223131943,13815SHFFLWOODS,108-88-3,2024,04,0,0,0,0,0,311
1318219424874,52809GHRML7001B,N511,2018,03,1,0,0,0,0,325
1323221713439,61702BRDGSVETER,N420,2023,01,1,0,0,1,1,326
1314212405260,46933FRNKL100SC,N420,2014,03,0,0,0,0,0,334
1316215477338,80301STNFR4840N,7439-92-1,2016,03,0,0,0,0,0,334
1319218368393,66536NYXCL22AND,100-42-5,2019,05,0,0,0,0,0,326
1323221663457,47201MPCTF20805,7439-96-5,2023,03,0,0,0,0,0,332
1314212777647,78343CLNSNONEMI,110-54-3,2014,05,0,0,0,0,0,325
1320218860789,75243DRSNF13532,127-18-4,2020,03,0,0,0,0,0,334
1324222758880,80906HNYWL1150E,7664-41-7,2024,03,1,0,0,1,0,334
1324222918195,14125CMSTC40STE,7782-50-5,2024,03,0,0,0,0,0,311
1314212959961,19067GLSTN11EST,67-56-1,2014,03,1,0,0,1,1,325
1318217452655,52776LSRCH207WE,7664-41-7,2018,04,0,0,0,0,0,311
1323221870076,35810TYTMT1CTTN,7439-96-5,2023,04,0,0,0,0,0,336
1324222554507,23836KTNGR833LI,N100,2024,04,1,0,0,1,1,332
1323221538224,71801PYRMD220WE,108-88-3,2023,03,0,0,0,0,0,325
1324222776763,17851HSKNS1ARCO,127-18-4,2024,01,0,0,0,0,0,333
1315214025470,37744TRWNCSNAPP,108-88-3,2015,03,0,1,0,0,0,333
1315214493278,04564MSTRS500LO,79-01-6,2015,03,0,0,0,0,0,332
1322220980231,17701LCNCB409RE,67-56-1,2022,04,0,0,0,0,1,335
1320218814010,19510CNCRPEXCEL,108-10-1,2020,04,0,0,0,0,0,332
1316215585997,47201CLMBSI65ST,N982,2016,03,0,0,0,0,0,333
1320219054234,27804LCNCN400JE,N420,2020,05,0,0,0,0,0,332
1314212770681,54129SRGNN46S8T,N511,2014,03,0,0,0,0,0,311
1314212887071,01867FRNCR8NEWC,127-18-4,2014,03,0,0,0,0,0,326
1323222063909,94553SHLLM10MOC,108-88-3,2023,04,0,0,0,0,0,325
1316215364668,16749QKRSTINTER,N982,2016,04,1,0,0,1,0,324
1314213136765,1806WSTLMN345BA,1330-20-7,2014,03,0,0,0,0,0,332
1316215023514,73036GMNLC101SW,1330-20-7,2016,05,0,0,0,0,0,325
1317215944149,48150MBSTN31770,N511,2017,04,1,0,0,1,0,311
1314213106622,56001MNKTN1FAZI,7664-41-7,2014,05,0,0,0,0,0,2211
1315214456067,01561STNLS835ST,1330-20-7,2015,03,0,0,0,0,0,325
1317216060590,3045WGRTDN177GA,N120,2017,04,0,0,0,0,0,336
1314212402251,76504CNTRF3320P,N100,2014,04,0,0,0,0,0,331
1315213573811,52240THPRC2200L,N725,2015,03,0,0,0,0,0,325
1316215596711,31008CMRCSJUNIP,N420,2016,02,0,0,0,0,0,325
1319218184873,80640DLTRC9155B,107-21-1,2019,05,0,0,0,0,0,325
1322220736351,95131SNMNC2068B,7697-37-2,2022,04,0,0,0,0,0,334
1320218865778,50595VNDSTOLDHW,21087-64-9,2020,05,0,0,0,0,0,325
1317216069827,46383TTNDV5103E,N982,2017,05,0,0,0,0,0,339
1314213144847,32501RZNCH411SO,1330-20-7,2014,05,0,0,0,0,0,325
1315213211612,14692SCHLG1555J,N120,2015,04,0,0,0,0,0,326
1323222247304,46953CBLCN440EA,7440-50-8,2023,06,0,0,0,0,0,335
1324222944187,7000WBRDWL6825A,74-85-1,2024,11,0,0,0,0,0,4247
1320218746384,12090FLRGL1LIBE,108-88-3,2020,04,0,0,0,0,0,322
1320218997839,61547GLDSC8300W,107-13-1,2020,04,0,0,0,0,0,325
1319218044687,19510CNCRPEXCEL,N230,2019,04,0,0,0,0,0,332
1322220646588,05301FLFLXPUTNE,191-24-2,2022,01,0,0,0,0,1,325
1324222911935,35653THCLTWALNU,50-00-0,2024,04,0,0,0,0,0,327
1321220140863,28392CRLNFHWY87,10049-04-4,2021,01,1,0,0,0,0,311
1314213152717,78411NTRNT4222S,N420,2014,02,0,0,0,0,0,334
1323221730411,48218FRTZP255MA,7439-92-1,2023,03,0,0,0,0,0,331
1320219297177,7761WRNWBL651HG,67-56-1,2020,05,0,0,0,0,0,325
1321220161501,46721THRMTREJON,N982,2021,03,0,0,0,0,0,326
1319217852336,03062TRDYN4PITT,N230,2019,03,0,0,0,0,0,334
1318216949952,97355MRKNC250NO,79-01-6,2018,05,0,0,0,0,0,326
1317216222188,27261MRSHF1001S,67-56-1,2017,03,0,0,0,0,0,337
1315214272698,40213NTDCT4900C,N100,2015,05,1,0,1,0,0,325
1318216911154,91006NMLDB36LAP,N511,2018,04,1,0,0,1,0,332
1318217385018,53573MSCDPPOBOX,N511,2018,02,0,0,0,0,0,311
1315214185720,63640HFFYB2055P,N495,2015,05,0,0,0,0,0,332
1319217684962,44203MLCPR361FA,N230,2019,04,0,0,0,0,0,325
1324222800474,5472WNRDSN145LA,108-88-3,2024,03,0,0,0,0,0,333
1320218983880,16823PZKNT66ERL,N420,2020,04,1,0,0,0,0,334
1322220823759,65340CNGRF253WE,N511,2022,04,1,0,0,1,0,311
1322221112321,27804LCNCN400JE,N495,2022,05,0,0,0,0,0,332
1315214452866,47359SHLLR623WM,N982,2015,04,0,0,0,0,0,326
1315213624327,07095LCNBL11CRA,7439-96-5,2015,03,0,0,0,0,0,332
1317216607578,71107GSRFN620AE,N458,2017,02,0,0,0,0,1,324
1323221663444,47201MPCTF20805,107-21-1,2023,04,0,0,0,0,0,332
1314213044100,72209MRNNM11605,1330-20-7,2014,06,0,0,0,0,0,325
1316216650820,74117WHRLP7301W,N495,2016,05,0,0,0,0,0,335
1323221769969,3562WSNPNT18771,7440-47-3,2023,04,0,0,0,0,0,332
1315213694983,71483CHMBNHIGHW,67-56-1,2015,06,0,0,0,0,0,325
1324222629394,90001LLYSC1960E,7664-39-3,2024,04,0,0,0,0,0,332
1323221532474,60139WBSTR704EF,7664-41-7,2023,03,0,0,0,0,0,332
1316214936270,38372PRXSN435IN,100-42-5,2016,04,0,0,0,0,0,326
1318217547393,28052FRGHT1400T,7440-50-8,2018,06,0,0,0,0,0,336
1314212908988,23168GRYST7992R,7439-92-1,2014,04,0,0,0,0,0,332
1323221539911,74115BNGNR3330N,107-21-1,2023,04,0,0,0,0,0,336
1318216764720,27709SCMMT2601W,N100,2018,06,1,0,1,0,0,331
1314212460582,95351FSTRF415KA,N511,2014,04,1,0,0,1,0,311
1324222602447,48843VRSTR3075W,N120,2024,04,0,0,0,0,0,336
1321219716356,61201RCKSL1321S,67-56-1,2021,05,0,0,0,0,0,4247
1323221642756,69361WSTRN2100E,7664-41-7,2023,04,1,0,0,1,0,311
1323223208745,17519CNSTG245RE,100-41-4,2023,02,0,0,0,0,0,321
1323221735107,47167KMBLLHWY56,12185-10-3,2023,03,0,0,0,0,0,337
1314212792749,39521BRGWRPORTB,100-41-4,2014,05,0,0,0,0,0,325
1321220222335,33597RBBNSSR50S,N020,2021,04,0,0,0,0,0,321
1324222452409,76705PLGRM2500E,7664-41-7,2024,05,0,0,0,0,0,311
1324222711893,95023PCFCP2340B,107-21-1,2024,04,0,0,0,0,0,325
1318216859025,06320SCSTG15MOH,191-24-2,2018,01,1,0,0,1,0,999
1319217761396,94553SHLLM10MOC,N420,2019,01,0,0,0,0,0,325
1315213625712,60142MDWST11213,7440-50-8,2015,04,0,0,0,0,0,331
1317216234284,78112CLRWT4420S,50-00-0,2017,05,0,0,0,0,0,325
1319217629637,35631MCFRTCORNE,N450,2019,01,0,0,0,0,0,325
1322221025339,48161NRTHS3000E,N770,2022,05,1,0,0,1,0,331
1316215205408,7702WNLSTL95CLI,7439-96-5,2016,04,0,0,0,0,0,332
1322220663850,48823SPRRB4893D,7439-92-1,2022,03,1,1,1,1,0,331
1324222559736,95324HLMRC9001N,7783-06-4,2024,01,1,0,0,0,1,311
1320219075710,41096GLLTNUS42W,554-13-2,2020,03,0,0,0,0,0,331
1315213847876,45846FRTRC2440S,7440-02-0,2015,03,0,0,0,0,0,332
1320219191400,07083LCNPW901LE,7440-50-8,2020,06,0,1,1,0,0,331
1324222848576,3762WTRCTY161AR,N982,2024,05,0,0,0,0,1,331
1316215205497,5061WWLSRN71CHA,7439-96-5,2016,04,0,0,0,0,0,332
1321220296228,3132WFCCPW2789H,7440-50-8,2021,05,0,1,1,0,0,335
1316215004755,16502KLNPL2020G,7697-37-2,2016,04,0,0,0,0,0,332
1319218131581,4945WPTRSN314WE,7697-37-2,2019,03,0,0,0,0,0,311
1319218034318,48836THRMFONETH,N982,2019,04,1,0,1,0,0,325
1317216368264,84337NCXXX1360N,110-54-3,2017,04,0,0,0,0,0,336
1315213536218,07114SHMRCFTFPA,N230,2015,04,0,0,0,0,0,325
1318216960260,38301BDNLM31JAM,7440-50-8,2018,04,0,0,0,0,0,331
1315215788694,72209TRNRC691IN,7697-37-2,2015,03,0,0,0,0,0,311
1318218605564,49855MRQTTEHAMP,N458,2018,01,1,0,0,1,0,2211
1321219778558,5701WMGLNR515NI,100-42-5,2021,04,0,0,0,0,0,326
1317216051779,61554QKRTS1650S,7439-92-1,2017,01,0,0,0,0,1,322
1314212631143,90810CSTMF1711H,100-42-5,2014,04,0,0,0,0,0,336
1324222650943,95482LSNPC850HO,N100,2024,04,0,0,0,0,0,321
1324222665349,4470WRMTTN1935W,7429-90-5,2024,04,1,0,0,1,0,331
1314212503231,73143BCHMN2220S,75-15-0,2014,04,0,0,0,0,0,325
1320218742942,9713WDCNCX261CR,7439-92-1,2020,03,0,1,0,0,0,339
1323222404586,0773WCSMTC2182R,1222-05-5,2023,02,0,0,0,0,0,325
1322221043452,0060WSZDRYPR467,7697-37-2,2022,03,0,0,0,0,0,311
1319218588667,56308MCMPN2115S,50-00-0,2019,03,1,0,0,1,0,327
1323222275671,11706STRLC1714T,N090,2023,03,0,0,0,0,0,332
1316215701297,98661SCTRM6211N,N982,2016,04,0,0,0,0,0,311
1314212555989,48220GGPRD625WA,108-10-1,2014,05,0,0,0,0,0,325
1314213065170,29445SNCHM156BU,67-56-1,2014,05,0,1,0,0,0,325
1315218523532,00705TRCSNRD14K,79-21-0,2015,03,0,0,0,0,0,311
1324222461295,3037WBKTCH9GREA,110-54-3,2024,03,0,0,0,0,0,339
1315214223467,49431GRTLK800NW,N450,2015,05,1,0,0,1,0,331
1322220764827,39167CRBNCANDRE,7664-41-7,2022,07,0,0,0,0,0,325
1323222077289,36251WLBRNHWY77,1330-20-7,2023,05,0,0,0,0,0,337
1323222309914,62024LNCRPLEWIS,N100,2023,07,1,0,0,1,0,331
1316215458314,02865TCHNC5WELL,7664-41-7,2016,03,0,0,0,0,0,332
1314212753242,76118DVNCC7101B,N230,2014,05,1,0,1,0,0,4246
1324223159753,11706STRLC1714T,N090,2024,03,0,0,0,0,0,332
1314212996262,7701WLGNLT111LU,7440-47-3,2014,04,0,0,0,0,0,332
1315213758004,37821GRTLKROUTE,67-56-1,2015,05,0,0,0,0,0,325
1322220667289,74868PRKSM711BR,100-42-5,2022,04,0,0,0,0,0,336
1315214349173,14304NRTNW6600W,N511,2015,02,1,0,0,1,0,327
1317216306934,74363GLPCH1MILE,7637-07-2,2017,04,1,0,1,1,0,325
1317216243131,07066PLYCH160TE,67-56-1,2017,04,0,0,0,0,0,311
1314213046028,92310SDDNTDIREC,115-07-1,2014,04,1,0,0,0,0,999
1315213645411,30917CLBCR4152W,7440-47-3,2015,04,0,0,0,0,0,336
1323221572199,08014CSTMB210HI,N230,2023,02,0,0,0,0,0,327
1314213240524,14094VNDMR1NORT,108-90-7,2014,05,0,0,0,0,0,325
1324222750945,35950MLLRCWEAVE,108-88-3,2024,03,0,0,0,0,0,331
1314212442925,46383TTNDV5103E,N096,2014,02,0,0,0,0,0,339
1314212777736,42029GFCHMHIGHW,7664-41-7,2014,05,0,0,0,0,0,325
1316215137985,75243RLQDL13546,7697-37-2,2016,04,0,0,0,0,0,4246
1315213753179,14901KNNDY1021E,N100,2015,04,0,0,0,0,1,331
1316215052794,11356NDSTR20451,127-18-4,2016,01,0,1,1,0,0,325
1316215151438,4537WSGMCR1985W,108-88-3,2016,03,0,0,0,0,0,322
1316215791219,9712WCSCDS23176,7439-92-1,2016,01,0,0,0,0,0,334
1316215127453,47362DNCRP2700E,N120,2016,04,0,0,0,0,0,331
1314212902516,77515BNCHM3000T,7439-92-1,2014,01,0,0,0,0,0,334
1314212841492,0493WPKNDS15PIK,N590,2014,01,1,0,0,1,0,999
1318216969244,06096HMLTN1HAMI,N590,2018,01,1,0,0,0,0,336
1322221565551,33316KRNKS1010S,N590,2022,04,0,0,0,0,1,324
1321219689977,75006TXSFN1801S,108-88-3,2021,03,0,0,0,0,0,332
1317218615146,45817DTRND320SN,117-81-7,2017,03,0,0,0,0,0,326
1315214217263,3785WCPRST246ST,67-56-1,2015,04,0,0,0,0,0,326
1314212996300,7701WLGNLT111LU,7440-02-0,2014,04,0,0,0,0,0,332
1314212313934,54555PHLLP984NL,7440-47-3,2014,04,0,0,0,0,0,332
1322221148479,29304KHLRC4000S,100-42-5,2022,04,0,0,0,0,0,327
1315215310994,40475XDCRP876RI,7440-38-2,2015,04,1,0,0,0,0,335
1319218390654,45071MYLNH8814T,75-09-2,2019,05,0,0,0,0,0,325
1321219926615,45241DLTSC11500,N982,2021,03,0,0,0,0,0,326
1314213061916,64063TTTCH777NB,7664-39-3,2014,03,0,0,0,0,0,334
1322221274261,70079CYPRS16122,75-00-3,2022,04,1,0,0,1,0,325
1314212891598,80539HCHCX5600L,7439-92-1,2014,02,0,0,0,0,0,334
1320219337300,5300WLLCST217WE,7440-50-8,2020,03,0,0,0,0,0,331
1319218044675,19510CNCRPEXCEL,95-63-6,2019,04,0,0,0,0,0,332
1323221570841,35801CRFNT2122A,7439-92-1,2023,03,0,0,0,0,0,334
1320218748453,26505SWNSNSTATE,N090,2020,04,0,0,0,0,0,332
1315213820424,32905MCSSM2755K,N420,2015,03,0,0,0,0,0,334
1316215159536,91352NPLCR11912,100-42-5,2016,04,0,0,0,0,0,325
1321220123158,89506TYCVL9025M,7439-92-1,2021,03,0,1,0,0,0,332
1321219933379,92707NMLDB401WR,7697-37-2,2021,04,0,0,0,0,0,332
1322220742163,40033TYTBS2FRAN,110-82-7,2022,03,0,0,0,0,0,336
1314211948765,33691RVSST95102,N982,2014,04,1,0,0,1,0,332
1322220955292,42141MKBRK1765C,7440-66-6,2022,02,0,1,0,0,0,336
1314211938218,48150MBSTN31770,N511,2014,04,1,0,0,1,0,311
1315213894835,32501RCHHL407SO,N230,2015,05,0,0,0,0,0,325
1315214361899,55009BRGQS301WA,N230,2015,03,0,0,0,0,0,334
1314212802540,63401CNTNNHIGHW,N150,2014,12,1,0,0,1,0,327
1320218748008,77656STHHMFM418,108-88-3,2020,05,1,0,1,0,0,325
1318216798013,8522WTRMPH6733W,7440-47-3,2018,04,0,0,0,0,1,336
1323221727706,24203MRRSN400CO,100-42-5,2023,05,0,0,0,0,0,326
1317215820604,43137LXTTC215BI,7440-43-9,2017,02,0,0,0,0,0,339
1321220442281,48057HSPTR4150S,1330-20-7,2021,02,0,0,0,0,0,325
1315214452512,01887CHMGN33IND,67-66-3,2015,04,0,0,0,0,0,325
1319218162283,55104CPRTV1605I,N106,2019,03,1,0,0,1,0,332
1321220197216,64601HDSNV501MI,N982,2021,03,0,0,0,0,0,326
1317216382224,50616SLSBR1900R,108-88-3,2017,04,0,0,0,0,0,325
1321219677010,75006THGLD1900J,N420,2021,02,0,0,0,0,1,325
1324223124088,4817WRLKNS41144,N495,2024,05,1,1,1,0,0,331
1323221735780,50616SLSBR1900R,7664-41-7,2023,04,1,0,0,1,0,325
1316217664414,35811NTDPL5015B,7697-37-2,2016,03,0,0,0,0,0,332
1315213629405,02703LCHGR49PEA,N100,2015,03,1,0,0,1,0,331
1323222167850,23834CLNLH1106W,7440-50-8,2023,04,0,0,0,0,1,323
1314217031309,60607MRCNN1223W,71-55-6,2014,03,0,1,0,0,0,332
1315214288716,42141FLKRB125BE,7664-39-3,2015,03,0,0,0,0,0,331
1322220630812,68901DTTNL1601W,79-01-6,2022,04,0,0,0,0,0,332
1319217770433,32935DRSPT100NB,N420,2019,01,0,0,0,0,0,333
1323221821414,95023PCFCP2340B,872-50-4,2023,05,0,0,0,0,0,325
1321219569946,16063RBNSNGALLY,7440-47-3,2021,05,0,0,0,0,0,333
1323222284604,48057HSPTR4150S,95-63-6,2023,03,0,0,0,0,0,325
1322221030529,32501RZNCH411SO,1330-20-7,2022,05,0,0,0,0,0,325
1317216010278,75006THGLD1900J,N230,2017,05,0,0,0,0,0,325
1321220163808,52577CLWVL902SO,7439-96-5,2021,03,0,0,0,0,0,332
1321219665421,98032PRTCT1215N,106-94-5,2021,03,0,0,0,0,0,332
1317216432411,46514MRRYD1536G,N090,2017,06,0,0,0,0,0,332
1317216015685,15834PNNSYONECA,7440-50-8,2017,04,0,0,0,0,0,332
1315213661034,02745CSHNT215DU,N982,2015,04,0,1,0,0,0,339
1320219393384,77389PLYTH2400S,N120,2020,01,0,0,0,0,0,325
1314212322299,7506WLWSVL1225S,7439-92-1,2014,01,0,0,0,0,1,327
1317216422939,35806NGLHR9800K,N511,2017,04,0,0,0,0,0,336
1314213016456,56156GRNRG502SW,7664-41-7,2014,04,0,0,0,0,0,325
1314212416566,28401STRDY1822C,7439-92-1,2014,02,0,0,0,0,0,336
1315213606421,8090WDMNDM355NS,7440-50-8,2015,04,0,0,0,0,0,332
1316215264159,60140LCTRM15NRW,N090,2016,03,1,0,0,1,0,332
1314211915234,37821GRTLKROUTE,1330-20-7,2014,05,0,0,0,0,0,325
1315213996667,44050NSRVC110CO,N420,2015,03,0,0,0,0,0,334
1324222582431,5240WBSPRN946TH,N511,2024,03,1,0,0,1,0,311
1323221967211,23168GRYST7992R,N420,2023,03,1,0,0,1,0,332
1314212945493,63042GKNRS142JS,79-01-6,2014,04,0,0,0,0,0,336
1321219854611,4737WHRTLN4748W,N982,2021,03,0,0,0,0,0,311
1322221498470,7404WWBCND51FST,7440-50-8,2022,04,0,0,0,0,0,331
1324222594804,7584WTXSMC65MIN,N420,2024,02,0,0,0,0,1,327
1314213057033,54659TLSRSN75CU,7664-41-7,2014,01,1,0,0,1,0,325
1315213731591,62959DGRPH5307M,1330-20-7,2015,03,0,0,0,0,0,325
1318217021435,32905FRRSR2210W,67-56-1,2018,03,0,0,0,0,0,325
1323222323368,3054WHWLSNPBX48,7664-41-7,2023,03,0,0,0,0,0,325
1319222394621,32347BCKYCROUTE,7783-06-4,2019,03,1,0,0,1,0,322
1320218888333,03062TRDYN4PITT,N511,2020,03,1,0,0,1,0,334
1315214067872,28704DYNTR95GLE,100-42-5,2015,04,0,0,0,0,0,326
1314213010679,29151BCTNDAIRPO,N982,2014,04,0,0,0,0,0,339
1317216017145,30340PRFLX2654W,N450,2017,04,0,0,0,0,0,333
1314212857698,46808PRSSS2424W,7440-47-3,2014,04,0,0,0,0,0,339
1317216100812,43025RNSLC180NH,N120,2017,05,0,0,0,0,0,326
1315213191861,0605WMRSMM28HAR,7697-37-2,2015,03,0,0,0,0,0,332
1315214272813,40210NTDCT1227S,N982,2015,05,1,1,1,0,0,325
1322221218706,75602TRNTYR7BOX,108-88-3,2022,03,0,0,0,0,0,336
1320219305152,44024LSTCH145PA,N982,2020,04,0,1,1,0,0,326
1318216865978,0183WJHNSN3BNDS,N458,2018,02,0,0,0,0,0,4246
1316215579855,14304THGDY5408B,95-47-6,2016,05,0,0,0,0,0,325
1317216433755,38109BRMNG3601P,N420,2017,05,0,1,0,0,1,331
1320218865677,50595VNDSTOLDHW,834-12-8,2020,05,0,0,0,0,0,325
1316216627962,8440WBRNSR125SU,7664-39-3,2016,04,0,0,0,0,0,336
1323222044152,37744TRWNCSNAPP,1330-20-7,2023,04,0,1,0,0,0,333
1324222893152,37744TRWNCSNAPP,N982,2024,03,0,0,0,0,0,333
1315218552608,77047SYNTC14822,67-56-1,2015,04,1,0,0,1,0,325
1320218964548,28134RTLND9635I,N420,2020,01,0,0,0,0,1,325
1318217049927,97077TKTRN13700,7439-92-1,2018,02,0,0,0,0,0,334
1316214959278,60645NYLKC6465P,108-88-3,2016,03,0,0,0,0,0,332
1316215352891,80301HSRCH5555A,75-05-8,2016,05,0,0,0,0,0,325
1314211926771,5635WPRLNT11EAS,7697-37-2,2014,03,0,0,0,0,0,311
1314212874945,01527LWCTT86PRO,108-95-2,2014,05,0,0,0,0,0,325
1314212996286,7701WLGNLT111LU,7439-92-1,2014,03,0,0,0,0,0,332
1321220420095,4783WVCBRZ1825E,108-10-1,2021,04,0,0,0,0,0,325
1317216126173,44224MRCHM155ES,N982,2017,04,0,0,0,0,0,325
1316217695143,77562STHWS18310,115-07-1,2016,05,0,0,0,0,0,336
1317216200117,1722WTLSCP13278,7440-02-0,2017,04,0,0,0,0,0,333
1317216068395,44111BRTPL3000W,7440-47-3,2017,03,0,0,0,0,0,332
1321219630403,75668SCTND3756F,N090,2021,06,1,1,1,1,0,332
1320221515719,49735STNDR594AL,N982,2020,03,0,1,0,0,0,326
1324222542538,45241NYRND10700,N590,2024,05,0,0,0,0,0,324
1319218212569,37644SNPNTSTATE,7439-96-5,2019,05,0,0,0,0,0,332
1319217959790,37744BLLZNBALLR,N100,2019,04,1,0,1,1,0,331
1323222068987,94565CRTRN2850W,1313-27-5,2023,05,0,0,0,0,0,325
1315214215345,50616SLSBR1900R,108-88-3,2015,05,0,0,0,0,0,325
1314212641676,19605MSCPRSTINS,N230,2014,05,0,0,0,0,0,325
1315214084067,47804BFGDR3100N,117-81-7,2015,05,0,0,0,0,0,325
1323222063911,94553SHLLM10MOC,N740,2023,04,0,0,0,0,0,325
1317216057036,44024LSTCH145PA,96-45-7,2017,04,0,1,1,0,0,326
1321219611415,43026BCKRP4150L,7429-90-5,2021,03,0,0,0,0,0,325
1315214215358,50616SLSBR1900R,121-44-8,2015,04,0,0,0,0,0,325
1324223163229,6721WCHRMP3939W,N511,2024,04,0,0,0,0,0,332
1320219089327,45241DLTSC11500,108-88-3,2020,04,0,0,0,0,0,326
1315214406365,21741RSTLMINTER,100-41-4,2015,04,0,0,0,0,0,325
1321219882471,77032GHYDR33NSA,107-21-1,2021,03,0,0,0,0,0,333
1316215435165,28704DYNTR95GLE,100-42-5,2016,04,0,0,0,0,0,326
1315213944770,90262DVNDS2605I,N090,2015,04,0,0,0,0,0,332
1315214111751,45750VRDYBCOUNT,N450,2015,06,1,0,1,0,0,325
1320219220542,4413WCVNTY4639V,N090,2020,04,1,0,1,0,0,325
1315214463061,53092RCKWL6400W,7439-92-1,2015,02,0,0,0,0,0,335
1324222569992,19510CNCRPEXCEL,95-63-6,2024,04,0,0,0,0,0,332
1317215804257,79404PLNSC2901A,110-54-3,2017,04,0,0,0,0,0,311
1317215804826,62959DGRPH5307M,1330-20-7,2017,03,0,0,0,0,0,325
1316215579828,14304THGDY5408B,95-53-4,2016,05,0,0,0,0,0,325
1321219994860,76118DVNCC7101B,N230,2021,05,1,0,1,0,0,4246
1316214978672,77053CSSPR14211,7440-02-0,2016,04,0,0,0,0,0,333
1323221781521,91406NHSRB15800,N511,2023,05,0,0,0,0,0,3121
1316215635398,38109BRMNG3601P,N040,2016,03,1,0,0,0,1,331
1314212679385,29662QNTMC2GOLD,67-56-1,2014,04,1,0,0,1,0,325
1315213713035,4320WVSCLM987BU,7439-92-1,2015,04,0,0,0,0,1,332
1316215054964,02914RGNCD7484V,7440-47-3,2016,03,0,1,1,1,1,325
1320219319771,17405NWYRK829LO,N100,2020,03,0,0,0,0,0,331
1321220642666,46562SPXCR5ARNO,7440-02-0,2021,03,1,0,0,1,0,331
1321220142398,45030RTGRS10740,100-41-4,2021,05,0,0,0,0,0,325
1316214978660,77053CSSPR14211,7439-96-5,2016,04,0,0,0,0,0,333
1323221547274,6062WGLBLM2825W,7632-00-0,2023,04,0,0,0,0,0,327
1322221697257,46526BNTLR910SE,7440-50-8,2022,04,0,0,0,0,0,336
1315214277055,36105HYNDM7HYUN,100-41-4,2015,05,0,0,0,0,0,336
1322221098597,47229CRRWR1002I,7440-50-8,2022,06,0,0,0,0,0,331
1318217254705,77578KSHNB22102,71-36-3,2018,06,1,0,1,0,0,325
1314212623615,19382SRTMRBOLMA,108-88-3,2014,05,0,0,0,0,0,325
1314212444893,46992BLLDG387SW,N420,2014,05,1,0,0,1,1,335
1314212789491,19703LLDSG6100P,7664-39-3,2014,06,0,0,0,0,0,325
1319218198772,07077SHLLL111ST,191-24-2,2019,01,1,0,0,1,0,4247
1317216589693,98951MTCHC18EJN,100-42-5,2017,04,0,0,0,0,0,326
1322220694564,06239THDLT39WAU,N982,2022,04,1,0,0,1,0,326
1316215232277,46628BRNCR2001W,1330-20-7,2016,05,0,0,0,0,0,325
1315213619378,14564RDCMX1REDC,7439-92-1,2015,02,0,1,0,0,0,334
1324222878910,27804LCNCN400JE,N100,2024,06,0,0,0,0,0,332
1321219773886,5163WLSLCR87EAS,7439-92-1,2021,02,0,0,0,0,0,332
1315214412328,53545SHRXC2001A,75-21-8,2015,05,0,0,0,0,0,325
1324222684375,45502TRTCN4700G,7664-41-7,2024,03,0,0,0,0,0,332
1324222560094,37644SNPNTSTATE,7439-96-5,2024,05,0,0,0,0,0,332
1322221441227,28086CMMRC101CA,7440-47-3,2022,02,0,0,0,0,0,333
1314212469910,80723PBLCS14940,7647-01-0,2014,01,1,0,0,1,0,2211
1314212321590,02822HRTGC535SC,7439-92-1,2014,01,0,0,0,0,1,327
1314212524932,4993WBRTNN126WA,N420,2014,03,0,0,0,0,0,334
1314212585083,37809DTRTN199BO,108-10-1,2014,03,0,0,0,0,0,326
1316215711627,75668SCTND3756F,7440-50-8,2016,04,0,0,0,0,0,332
1319218199077,07077SHLLL111ST,71-43-2,2019,06,1,0,0,1,0,4247
1315214032714,75670WTCCROFFHW,98-82-8,2015,03,0,0,0,0,1,325
1314214388821,15301DRKNFWESTW,N096,2014,05,1,1,1,0,0,325
1314213253747,6308WCMNFC3RAMS,7439-92-1,2014,02,0,0,0,0,0,336
1314212861809,98055THBNG8THAN,108-10-1,2014,02,0,0,0,0,0,336
1324222868186,94952CLVRS91LAK,79-21-0,2024,03,0,0,0,0,0,311
1323221955255,56058CMBRX31496,100-42-5,2023,05,0,0,0,0,0,327
1318216694265,93745PPGND3333S,7439-92-1,2018,01,0,0,0,0,0,327
1322220669131,01472HLLNGTOWNS,N040,2022,05,0,0,0,0,0,322
1315213962374,16749QKRSTINTER,N420,2015,02,1,0,0,1,0,324
1319217666662,6108WWHLCL29NLC,108-95-2,2019,04,0,0,0,0,0,335
1323221705748,48917LNSNG3725S,N590,2023,02,1,0,0,1,0,2211
1323221571110,31503CRLNS3231F,100-42-5,2023,05,0,0,0,0,0,336
1323221535127,06001RFLXT120DA,108-88-3,2023,04,0,0,0,0,0,323
1324222408674,7806WFRCCH178PL,67-56-1,2024,02,0,0,0,0,0,325
1321220545368,07928STTNL116SU,50-00-0,2021,04,0,0,0,0,0,325
1321220553174,2650WFCMRG446GR,7439-92-1,2021,01,0,0,0,0,0,999
1315214048225,53585XCTNC2LDFA,7664-41-7,2015,03,0,0,0,0,0,325
1318217415999,46514MRRYD1536G,N096,2018,05,0,0,0,0,0,332
1324222861611,47374MNVLL814RI,N450,2024,05,0,0,0,0,0,327
1320218605780,42141MKBRK1765C,7440-50-8,2020,04,0,1,0,0,0,336
1314212321816,7703WLLNGT1715H,7439-92-1,2014,01,0,0,0,0,1,327
1316215132147,49015TKRKS100HI,7439-92-1,2016,03,0,0,0,0,0,335
1316215710815,00918NDLCX198CH,7697-37-2,2016,03,0,0,0,0,0,311
1316215084536,0060WHPNTRCARR1,N230,2016,05,0,0,0,0,0,325
1314212575219,60565BTTRY31W23,N420,2014,06,1,1,0,1,0,335
1316218552572,77047SYNTC14822,67-56-1,2016,03,1,0,0,1,0,325
1317216637835,76067TWSHK201GA,110-54-3,2017,03,0,0,0,0,0,325
1319217795184,32808FRTLY2800S,7697-37-2,2019,03,0,0,0,0,0,311
1315214180376,46750NTDTC1230S,N420,2015,01,0,0,0,0,0,336
1322221295797,53142LBNYC82001,7429-90-5,2022,05,0,0,0,0,0,331
1314212453587,18976PLYSC400VA,N420,2014,03,1,0,1,0,0,325
1314212588812,07509CSTML932MA,108-88-3,2014,04,0,0,0,0,0,313
1315213571817,53095SRGRP1859D,N230,2015,03,0,0,0,0,0,323
1322220955304,42141MKBRK1765C,7440-50-8,2022,04,0,1,0,0,0,336
1315214145435,01013HRCLS1111G,106-89-8,2015,05,0,0,0,0,0,325
1319218514507,92621LCTRN537WE,7697-37-2,2019,04,0,0,0,0,0,332
1314212342137,95054CSLNC529AL,7697-37-2,2014,03,0,0,0,0,0,332
1319217849987,13057NRNMC6635K,7439-92-1,2019,01,0,0,0,0,0,334
1322220746325,22601MCFMPROUTE,67-56-1,2022,03,0,0,0,0,1,326
1316215764352,06340RWDCR839PO,7440-47-3,2016,05,0,0,0,0,0,331
1318217007386,45217PMCSP501MU,67-56-1,2018,03,1,0,0,1,0,325
1321220477362,43612PRSTR600MA,75-07-0,2021,05,0,0,0,0,0,325
1323221988660,40210NTDCT1227S,N982,2023,05,1,1,1,0,0,325
1321219893563,72956STLYM610SO,67-56-1,2021,04,0,0,0,0,0,311
1314212463867,49601RBRKS201HA,108-88-3,2014,05,0,0,0,0,0,332
1317216057012,44024LSTCH160PA,96-45-7,2017,03,0,0,0,0,0,326
1320218653640,53573WSCNS810NE,N090,2020,05,1,0,0,1,0,332
1314212944464,87413BLMFLNO50C,100-41-4,2014,06,1,0,1,0,0,324
1315216627947,8440WBRNSR125SU,7664-39-3,2015,04,0,0,0,0,0,336
1323222363071,9081WFNQLT164DA,7440-47-3,2023,02,0,0,0,0,0,332
1319217915317,93268TFTCR19815,79-10-7,2019,01,1,0,0,1,0,325
1320219303219,8100WVSTST1TWER,100-41-4,2020,03,0,0,0,0,0,332
1322220672493,13424HMQCH170BA,7697-37-2,2022,03,0,0,0,0,0,332
1316215231111,67213RCPTL1702S,108-88-3,2016,03,0,0,0,0,0,332
1322221626753,45245KDPRC3975M,7439-92-1,2022,03,0,0,0,0,0,332
1316215372121,61554QKRTS1650S,7439-92-1,2016,01,0,0,0,0,0,322
1319218146191,0156WLNZMR63DUG,N420,2019,02,1,0,0,1,0,333
1320219028267,0150WNCMNC242ST,N420,2020,02,0,0,0,0,0,327
1314212767949,60436PLLCL1550M,N230,2014,03,0,0,0,0,0,325
1316215797008,64836FRDSFHIGHW,7664-41-7,2016,04,0,0,0,0,0,311
1317216564791,38965CLTNDHIGHW,1330-20-7,2017,01,0,0,0,0,0,336
1323221931672,75041MPCRP151WA,N120,2023,06,0,0,0,0,0,325
1316215487253,28516PRKRMHWY10,100-42-5,2016,03,0,0,0,0,0,336
1315214319410,29151BCTNDAIRPO,N982,2015,04,0,0,0,0,0,339
1317216217707,32905FRRSR2210W,110-54-3,2017,04,0,0,0,0,0,325
1320218728398,32785RMCDVHIGHW,7697-37-2,2020,04,0,0,0,0,0,331
1314212426338,60650CTGPT3737S,N982,2014,05,0,0,0,0,0,324
1316215625880,14564RDCMX1REDC,7439-92-1,2016,01,0,1,0,0,0,334
1324222878946,27804LCNCN400JE,N420,2024,05,0,0,0,0,0,332
1324222899561,46562SPXCR5ARNO,7439-92-1,2024,02,1,0,0,1,1,331
1323223117108,84321LNDHL710NO,128-04-1,2023,04,0,0,0,0,0,334
1323222332049,2821WRGNTS3825P,7697-37-2,2023,04,0,0,0,0,0,325
1323221594017,3514WMRBLT186AL,N495,2023,05,0,0,0,0,0,332
1314212437798,92647CMBMN7601C,100-42-5,2014,04,0,0,0,0,0,326
1320218865689,50595VNDSTOLDHW,7664-41-7,2020,06,0,0,0,0,0,325
1314212345779,46706RVSBRCR427,26471-62-5,2014,06,0,0,0,0,0,326
1323222314801,62024LNCRPLEWIS,7440-66-6,2023,06,1,0,1,1,0,331
1317215991795,84120JHNSN4601W,N982,2017,03,0,1,0,0,0,331
1316215167848,75006THGLD1900J,55406-53-6,2016,04,0,0,0,0,0,325
1323221603804,02703MNTRSROBER,1330-20-7,2023,04,0,0,0,0,0,325
1321219612177,57201FBRGL12251,100-42-5,2021,03,0,1,0,0,0,326
1314211948740,72764SPRNG81NJE,N982,2014,05,0,0,0,0,0,326
1322220799908,97217LCMSL3625N,75-05-8,2022,04,0,0,0,0,0,325
1320218758023,8052WNTNLN2EAST,1336-36-3,2020,01,0,0,0,0,0,999
1314212647717,01887SRFCC100EA,872-50-4,2014,05,0,0,0,0,0,325
1322220668545,31728THTRR2525T,100-42-5,2022,04,0,0,0,0,0,336
1322220830792,0382WTRBCM67CAL,N420,2022,02,0,0,0,0,0,332
1320218638599,46705TRNNC5HLTH,7439-92-1,2020,01,0,0,0,0,0,336
1319217827930,92707NMLDB401WR,7697-37-2,2019,04,0,0,0,0,0,332
1320219275892,28086CMMRC101CA,7440-50-8,2020,02,0,0,0,0,0,333
1324222560258,33597RBBNSSR50S,N090,2024,04,0,0,0,0,0,321
1315214215598,26164PCHNYROUTE,N450,2015,05,1,0,0,1,0,331
1315213788476,03106HKSTT38HAC,N590,2015,03,1,0,0,1,0,324
1318216823690,4945WPTRSN314WE,7697-37-2,2018,03,0,0,0,0,0,311
1320219220276,4816WHNRBC3SHIL,7664-93-9,2020,02,0,0,0,0,0,332
1316215436268,44224MRCHM155ES,N982,2016,04,0,0,0,0,0,325
1319217698416,06001RFLXT120DA,108-88-3,2019,03,0,0,0,0,0,323
1314213072655,54701WRRNV5200S,79-01-6,2014,04,0,0,0,0,0,562
1322221360858,16749QKRSTINTER,108-88-3,2022,05,0,0,0,0,0,324
1316215039138,60139WBSTR704EF,7664-41-7,2016,03,0,0,0,0,0,332
1324222732339,91761NMLDB1750M,7697-37-2,2024,04,0,0,0,0,0,332
1314212943397,77640FNLNDHIGHW,98-82-8,2014,03,1,0,0,0,0,324
1322220846810,0150WNCMNC242ST,N420,2022,02,0,0,0,0,0,327
1314212893705,9781WPPRCL772PL,7439-92-1,2014,01,0,0,0,0,1,321
1324223139306,54143NSLFRONEST,70969-47-0,2024,03,0,0,0,0,0,325
1323221649460,15840LLGHNRTE95,7440-47-3,2023,03,0,0,0,0,0,332
1316215048430,17026KYSTNCHEST,N511,2016,03,1,0,0,1,0,311
1318217457858,00936SNJNCKM267,N458,2018,01,0,0,0,0,1,999
1324222733572,02905MNRCH189GE,N106,2024,02,0,0,0,0,0,332
1314212434714,97405CDRPD86470,7439-96-5,2014,03,0,1,0,1,0,333
1316214961652,27709SCMMT2601W,N100,2016,06,1,0,1,0,0,331
1320219177108,53092RCKWL6400W,7439-92-1,2020,02,0,0,0,0,0,335
1321219847934,01851DLTPC1400M,108-88-3,2021,05,0,0,0,0,0,322
1315213777042,46767TWRST1491G,100-42-5,2015,04,0,0,0,0,0,326
1320218723512,48823SPRRB4893D,7439-92-1,2020,02,1,1,1,1,0,331
1322220647907,02860CLYNC50EST,N420,2022,02,0,0,0,0,0,313
1314212459440,97501MDTCR2685N,N120,2014,05,0,0,0,0,0,321
1317216306744,37744TRWNCSNAPP,7429-90-5,2017,04,0,1,0,0,0,333
1317218613711,52361KNZMNI80AT,7439-96-5,2017,04,0,0,0,0,0,333
1321219661055,00841VRGNSESTAT,N100,2021,04,0,0,0,0,0,3121
1316215370317,45225MCRMT3448S,N495,2016,04,1,0,0,1,0,332
1315214388910,15301DRKNFWESTW,N096,2015,05,1,1,1,0,0,325
1314212718910,43410WHRLP119BI,N450,2014,03,0,0,0,0,0,335
1317217732395,35594CNTNN2164T,7439-92-1,2017,03,0,0,0,0,0,333
1324223044633,3305WNVNCB47NW1,100-42-5,2024,04,0,0,0,0,0,336
1323221776875,21502BLTPV11521,N590,2023,07,1,0,1,0,0,324
1321219709375,06260DMNSN78HIG,108-88-3,2021,03,0,0,0,0,0,313
1322220831616,55422HNYWL1985D,7439-92-1,2022,04,0,0,0,0,0,334
1314212826046,36582MTSBS7800M,7664-39-3,2014,04,0,0,0,0,0,331
1315213828751,47274GTPRD1231A,N120,2015,04,0,0,0,0,0,336
1317215855521,45368YMDNN9CLUM,7440-66-6,2017,03,1,0,0,1,0,336
1314212789503,19703LLDSG6100P,67-56-1,2014,04,0,0,0,0,0,325
1324222579815,37086QLTYN130JO,7440-47-3,2024,01,0,0,0,0,0,336
1314213105101,0079WMDTRNHC1BX,7697-37-2,2014,03,0,0,0,0,0,334
1321219882735,95367THNDR34PAT,7440-47-3,2021,04,0,0,0,0,0,321
1315214206993,98206JHNFL6920S,7439-92-1,2015,02,0,0,0,0,0,334
1314212403315,90280TCHNC11220,7440-50-8,2014,05,0,0,0,0,0,331
1318217088006,18252SLBRLRD2HO,95-63-6,2018,04,0,0,0,0,1,331
1314213022167,84042NVRSL165W4,N982,2014,04,1,0,0,1,0,332
1318222367880,3016WCNCRD795TR,N420,2018,06,0,0,0,0,0,335
1324222825616,5544WRSTLM131XY,N230,2024,03,0,0,0,0,0,325
1316215558848,92665CNTNS520WG,N982,2016,04,0,0,0,0,0,332
1320219259215,78407JVLNC5314I,74-85-1,2020,05,0,0,0,0,0,325
1322221384718,77630JMHBRFM736,7783-06-4,2022,03,1,0,0,1,0,325
1315214299695,08817CLNLW85NAT,N010,2015,03,0,0,0,0,0,335
1315213731437,29706SPCLT869OL,108-05-4,2015,05,0,0,0,0,0,325
1316215766522,95023PCFCP2340B,107-21-1,2016,04,0,0,0,0,0,325
1315215827559,75607TXSSTOFFHI,100-42-5,2015,05,1,0,1,1,0,325
1315213584675,24740CMWDPROGER,8001-58-9,2015,05,0,0,0,0,0,321
1316215164993,99220SPKNSBUILD,7439-96-5,2016,03,0,0,0,0,0,331
1321220399087,27360THMSM1024R,N420,2021,05,0,0,0,0,0,332
1315214118933,45225MCRMT3448S,N090,2015,03,1,0,0,1,0,332
1323222137743,35806NGLHR9800K,N100,2023,05,0,0,0,0,0,332
1314213237593,76401FMCTL2825W,7439-96-5,2014,05,0,0,0,0,0,333
1319217822143,28241HRPRL11626,50-00-0,2019,04,0,0,0,0,0,325
1318217735517,03251BRNDYRT3AC,7697-37-2,2018,03,0,0,0,0,0,335
1322220910107,19020NTNLR539DU,7440-50-8,2022,04,0,1,0,0,0,333
1323222021457,37873PCLCN306GE,7440-50-8,2023,03,0,0,0,0,1,323
1324222800359,4912WMDNRP2121W,N982,2024,05,0,0,0,0,1,336
1316215045319,07083LCNPW901LE,7440-36-0,2016,05,0,1,1,0,0,331
1318216827459,02360TCHTC45ALD,N420,2018,02,0,0,0,0,0,332
1314212358927,06468MRCNH16COM,7664-41-7,2014,03,0,0,0,0,0,332
1315213798251,2721WCHMTK697CU,95-63-6,2015,04,0,0,0,0,1,325
1323222218289,22170TMTNC1200S,7697-37-2,2023,03,0,0,0,0,0,334
1322220670487,75668SCTND3756F,7439-92-1,2022,03,1,0,0,0,0,332
1315213714431,07503PRSRN91MIC,N230,2015,04,0,0,0,0,0,325
1319218385019,00918NDLCX198CH,7697-37-2,2019,03,0,0,0,0,0,311
1319218636583,64024GLMRH140CO,N040,2019,05,0,0,0,0,1,326
1322221426101,01757BNJMN49SUM,1330-20-7,2022,04,0,0,0,0,1,325
1321219827730,03062TRDYN4PITT,N100,2021,04,1,0,0,1,0,334
1324222762751,3562WSNPNT18771,7440-02-0,2024,05,0,0,0,0,0,332
1320218717369,48239ZBRTN26500,1330-20-7,2020,03,0,0,0,0,0,325
1321220522852,53545SHRXC2001A,75-56-9,2021,05,0,0,0,0,0,325
1314212822389,54952WSCNS3RDAN,7783-06-4,2014,02,1,0,0,1,0,322
1314212992287,03801SPRGR126RI,191-24-2,2014,01,0,0,0,0,0,4247
1324222780429,77536RHMXS1700T,80-62-6,2024,03,0,0,0,0,0,325
1315213825146,3730WDYNST11DYN,100-42-5,2015,04,0,0,0,0,0,326
1317215820895,19044DNCRP1160E,100-42-5,2017,03,0,0,0,0,0,326
1322220749497,85210PHMNP112WI,7439-96-5,2022,01,0,0,0,0,0,333
1320219391012,92621LCTRN537WE,N420,2020,02,0,0,0,0,0,332
1315219461151,28655SGLCR307JA,N590,2015,05,0,0,0,0,0,335
1315214280772,78503VLLMC6200S,N511,2015,02,1,0,0,1,0,336
1321219702382,19510CNCRPEXCEL,108-10-1,2021,04,0,0,0,0,0,332
1322220766570,53209HYDRP3525W,7440-47-3,2022,04,0,0,0,0,1,332
1316215655186,68601BCTNDINDUS,7664-41-7,2016,04,0,0,0,0,0,339
1320219034170,44125RSRCH4353E,67-56-1,2020,05,0,0,0,0,0,325
1320218774786,15022NTNLP9GUTT,1330-20-7,2020,03,0,0,0,0,0,325
1324222496301,30417CLXTNPOBOX,79-21-0,2024,05,0,0,0,0,0,311
1322220761365,17557BRKTK132WH,N982,2022,04,0,0,0,0,0,331
1314215201803,98070PCFCR10221,N458,2014,01,0,0,0,0,0,326
1317216854048,14075HMBRG3949J,N982,2017,04,1,0,0,1,0,332
1314212366660,71854RVRVL7500T,N511,2014,01,1,0,0,1,0,311
1323221915655,48309DCCRC2868B,7439-92-1,2023,02,0,0,0,0,0,334
1321223210131,48849SNNYF31BNA,79-21-0,2021,02,0,0,0,0,0,311
1316215553850,55963LNDLK2062N,7697-37-2,2016,03,1,0,0,1,0,311
1314213099637,47918CDCHR200WE,N420,2014,06,1,0,1,0,0,335
1315214251946,4941WGHSPJ125SB,7439-92-1,2015,03,0,0,0,0,0,334
1316215268929,10940RVRSMRD2BA,N150,2016,13,1,0,0,0,0,331
1315214365114,9135WQFNCR291AV,7440-47-3,2015,02,0,0,0,0,0,333
1316215117211,31601GRFFNROCKY,67-56-1,2016,04,0,0,0,0,0,325
1319217887456,37405KMTSM409SI,N230,2019,04,0,0,0,0,0,333
1314212900082,37644SNPNTSTATE,7439-96-5,2014,05,0,0,0,0,0,332
1314212321855,7704WHLMSR11HLM,7439-92-1,2014,01,0,0,0,0,1,327
1321219625365,38372PRXSN435IN,80-62-6,2021,03,0,0,0,0,0,326
1324223159765,11706STRLC1714T,7697-37-2,2024,03,0,0,0,0,0,332
1319218072674,69165MDWST27532,7664-41-7,2019,03,0,0,0,0,0,325
1316215745631,69361WSTRN2100E,N040,2016,04,1,0,0,0,0,311
1314212396358,30315PDCLR999GR,N090,2014,02,0,0,0,0,0,325
1316215052770,11356NDSTR20451,71-36-3,2016,02,0,0,0,0,0,325
1318216812824,77833BLBLL1101S,7664-41-7,2018,05,0,0,0,0,0,311
1323221648367,14228NTRNT310CO,1330-20-7,2023,03,0,0,0,0,0,339
1322220807337,16123VKNC0100VE,N010,2022,05,0,0,0,0,0,326
1320220592493,77541TXSBR4115E,95-63-6,2020,03,0,0,0,0,0,999
1320219337779,48057HSPTR4150S,108-88-3,2020,02,0,0,0,0,0,325
1324223030925,7751WNSLGM15916,74-85-1,2024,04,0,0,0,0,0,325
1322220696797,62959DGRPH5307M,1330-20-7,2022,03,0,0,0,0,0,325
1314211934310,33054CGRTT4355N,100-42-5,2014,03,0,0,0,0,0,336
1324222560233,33597RBBNSSR50S,N100,2024,04,0,0,0,0,0,321
1319218044752,19510CNCRPEXCEL,1330-20-7,2019,04,0,0,0,0,0,332
1315215311008,40475XDCRP876RI,N010,2015,05,1,0,0,0,0,335
1322221247745,74937KFDSN1000O,79-21-0,2022,04,0,0,0,0,0,311
1314212357216,22802MNTBL812NM,1330-20-7,2014,02,0,0,0,0,0,332
1324222579005,06492LBRCH1DUDL,7440-50-8,2024,04,0,0,0,0,0,331
1315213207501,46176RYBDC800MA,7439-96-5,2015,04,0,0,0,0,0,331
1316215460597,17604JLCLR303NO,1330-20-7,2016,04,0,0,0,0,1,332
1315214371712,98203PPLDT63MER,7439-92-1,2015,02,0,0,0,0,0,334
1314212322325,7503WFRSCP155ST,7439-92-1,2014,01,0,0,0,0,1,327
1321220007037,17540DRTCN60EAS,100-42-5,2021,05,0,0,0,0,0,325
1321220188344,70776CBGGYRIVER,108-88-3,2021,06,0,0,0,0,1,325
1320218750141,28360LKYST88CAT,7440-47-3,2020,05,0,0,0,0,0,332
1315213896119,7840WBCKYT151SU,100-41-4,2015,05,1,0,0,1,1,324
1318217218674,37744TRWNCSNAPP,7429-90-5,2018,04,0,1,0,0,0,333
1314212545432,90023FRSTR3137E,75-09-2,2014,04,0,0,0,0,0,325
1323221555004,53083PLSTC2732N,62-53-3,2023,04,0,0,0,0,1,325
1321220587012,4832WSHNNN4425P,7439-96-5,2021,05,0,0,0,0,0,332
1320219232535,35806NGLHR9800K,7697-37-2,2020,03,0,0,0,0,0,336
1322221175615,3704WHNKKT1325I,7439-92-1,2022,05,0,0,0,0,0,335
1320219278684,53704BLLLB3699K,107-06-2,2020,03,0,0,0,0,0,325
1324222582443,5240WBSPRN946TH,7697-37-2,2024,04,0,0,0,0,0,311
1314212379818,75980MDRLLHWY69,N090,2014,05,0,1,0,0,0,325
1316215596356,61061BRDNNWHITE,50-00-0,2016,03,0,0,0,0,0,325
1323221734953,47229CRRWR1002I,N010,2023,04,0,0,0,0,0,335
1321219509472,9211WLLMNX52ILL,75-09-2,2021,04,0,0,0,0,0,334
1314212909321,66739LLCCH22MIS,7439-97-6,2014,01,0,0,0,0,0,325
1314212891143,23803PRCNN220SP,110-82-7,2014,04,0,0,0,0,0,313
1316215127477,47362DNCRP2700E,108-95-2,2016,04,0,0,0,0,0,331
1320218999175,7757WGSNNV185EH,74-85-1,2020,05,0,0,0,0,0,4247
1316215231147,61085TWDND301SO,7439-96-5,2016,03,0,0,0,0,0,336
1320218684672,94509WSTRN2200W,108-10-1,2020,03,0,0,0,0,0,332
1321220522940,53545SHRXC2001A,64-67-5,2021,04,0,0,0,0,0,325
1324223044227,3305WNVNCB47NW1,80-62-6,2024,03,0,0,0,0,0,336
1322221375759,3031WMNSTL761BE,7440-02-0,2022,05,0,0,0,0,0,332
1314213104856,4942WLGCHM1LGWA,115-07-1,2014,04,0,1,1,0,0,335
1316215300916,61032MCRSWWALNU,7439-92-1,2016,02,0,0,0,0,0,335
1324222426862,07114GJCHM37037,96-33-3,2024,05,0,1,1,0,0,4246
1316215731213,38965CLTNDHIGHW,1330-20-7,2016,01,0,0,0,0,0,336
1320218765903,45242CNCNN5901C,7440-47-3,2020,02,0,0,0,0,0,332
1314213563719,46526GSHNR1525S,N982,2014,04,0,0,0,0,0,326
1318217305705,32571RPRDC4575E,67-56-1,2018,07,0,0,0,0,0,325
1319217705045,84404LKYWS551SD,7440-02-0,2019,04,0,0,0,0,0,332
1316215046208,42101CLTND1801R,7439-92-1,2016,01,0,0,0,0,1,336
1317218160289,55112CRDCP4100H,N450,2017,04,0,0,0,0,0,334
1319217629652,35631MCFRTCORNE,N982,2019,03,0,0,0,0,0,325
1319217738780,14760HYSLL211FR,79-94-7,2019,03,0,0,0,0,0,325
1319217710185,04841FSHRN50GOR,N495,2019,02,0,0,0,0,0,333
1314213022193,6676WCSTML48VER,7439-92-1,2014,01,0,0,0,0,1,331
1324222711881,95023PCFCP2340B,872-50-4,2024,05,0,0,0,0,0,325
1314212312526,94601PCFCG71546,N982,2014,04,1,0,0,1,0,332
1314212423937,29841CBRDC131RE,108-88-3,2014,04,0,0,0,0,0,325
1314215788314,17061MMTLSRT209,N230,2014,03,0,0,0,0,0,331
1322220641334,08030NDCNCNRAIL,7632-00-0,2022,03,0,0,0,0,0,325
1320218616009,8040WBSTWY1888H,N511,2020,04,0,0,0,0,0,327
1322220800825,28645LNRMR1658N,N420,2022,04,0,0,0,0,0,327
1314212313872,31728THTRR2525T,100-42-5,2014,04,0,0,0,0,0,336
1314212804645,91749CMCCH18383,64-18-6,2014,04,0,0,0,0,0,325
1323221677432,77536RHMXS1700T,80-62-6,2023,03,0,0,0,0,0,325
1315213940190,18403DVFFRJFKEN,7439-92-1,2015,03,0,0,0,0,0,332
1319217707571,2900WTBLCC61INN,7440-02-0,2019,02,0,0,0,0,0,332
1322220666059,60185CLRTL530IN,141-32-2,2022,05,0,0,0,0,0,325
1324222413813,62959DGRPH5307M,1330-20-7,2024,03,0,0,0,0,0,325
1322220697318,03062TRDYN4PITT,N230,2022,03,0,0,0,0,0,334
1316215559889,49221GNRLM1450E,N120,2016,05,0,0,0,0,0,336
1316215713102,9705WNRTHW2929W,7440-50-8,2016,03,1,0,0,1,0,331
1317216566455,38965CLTNDHIGHW,7440-47-3,2017,05,0,0,0,0,0,336
1318216958672,36193RHMMN2600E,N120,2018,04,0,0,0,0,0,335
1319218238386,61911SCHRC217SO,1330-20-7,2019,03,0,0,0,0,0,337
1314212985992,77507HLDRT10010,71-36-3,2014,04,0,0,0,0,0,325
1320219089315,45241DLTSC11500,7440-36-0,2020,03,0,0,0,0,0,326
1314212980712,19153CHMSN7825H,N040,2014,05,0,1,1,0,0,325
1321219602594,05446CHMPLHERCU,N982,2021,03,0,0,0,0,0,335
1316218617037,12150SCHNC1000M,108-95-2,2016,06,0,0,0,0,0,325
1318216708026,85019TRNWY4626N,100-42-5,2018,04,0,0,0,0,0,327
1314212406250,4524WMVRCK11379,67-56-1,2014,03,0,0,0,0,0,325
1323221987023,01950LCTRN85PAR,7664-41-7,2023,03,0,0,0,0,0,334
1317219298383,62618XCLCRRR1BO,N511,2017,05,1,0,0,1,1,311
1321220642209,46562SPXCR5ARNO,7439-92-1,2021,02,1,0,0,1,1,331
1314212442937,46383TTNDV5103E,N100,2014,03,0,0,0,0,0,339
1320219275955,28086CMMRC101CA,N982,2020,03,0,0,0,0,0,333
1322221016191,3762WTRCTY161AR,N495,2022,02,0,0,0,0,1,331
1319218192615,4804WZFMRY29BUS,7664-41-7,2019,03,0,0,0,0,0,336
1321220153579,94553SHLLM10MOC,N740,2021,05,0,0,0,0,0,325
1321219715707,53209HYDRP3525W,7440-47-3,2021,04,0,0,0,0,1,332
1314212891117,2380WPRCNN321BR,7439-92-1,2014,02,0,0,0,0,0,313
1320219199662,60193GLLCT1735M,7440-50-8,2020,01,0,0,0,0,0,334
1314212757278,27262PRCHM1670E,91-20-3,2014,03,0,0,0,0,0,325
1318217041589,89423BNTLY1631B,7439-92-1,2018,03,0,0,0,0,0,334
1320219209715,5544WQNTRN8389T,7439-92-1,2020,01,0,0,0,0,0,334
1319218632230,38654THMPS10136,94-36-0,2019,04,0,0,0,0,0,325
1316215342813,17519CNSTG245RE,1330-20-7,2016,03,0,0,0,0,0,337
1322221032194,44103DYGLC4515S,50-00-0,2022,04,0,0,0,0,0,325
1317215909553,29526HNYWL440AL,N090,2017,04,0,1,0,0,0,332
1321220471674,37744TRWNCSNAPP,N982,2021,03,0,0,0,0,0,333
1321220499469,07036PRMNT1515W,7697-37-2,2021,03,0,0,0,0,0,332
1322221433105,91730WSTRN8875I,N230,2022,04,0,0,0,0,0,332
1314212975926,45887FLXBLBAILE,26471-62-5,2014,05,0,0,0,0,0,326
1314213084205,44107NNCRB11709,N511,2014,05,1,0,0,1,0,335
1314212377624,30720CPTLD300CR,67-56-1,2014,04,0,0,0,0,0,325
1315215827635,75607TXSSTOFFHI,100-41-4,2015,05,1,0,1,1,0,325
1315213926850,92707NMLDB401WR,7697-37-2,2015,04,0,0,0,0,0,332
1320219382936,45214SCHNL1625C,N511,2020,05,0,0,0,0,0,3121
1317217672272,37644SNPNTSTATE,7440-47-3,2017,04,0,0,0,0,0,332
1316215584881,49112MRCRY2528U,7439-92-1,2016,01,0,0,0,0,0,335
1322221058478,33853LCMPC5937H,7664-41-7,2022,04,0,0,0,0,0,311
1324222938627,9880WSRPXX434LD,N420,2024,03,0,0,0,0,0,334
1321220593040,0286WDNSNP1PWDE,108-95-2,2021,04,0,0,0,0,0,325
1318218071278,28001CLLNS313BE,N096,2018,03,0,0,0,0,0,314
1321220041988,50595VNDSTOLDHW,N535,2021,05,0,0,0,0,0,325
1315213701889,27261MRSHF1001S,1330-20-7,2015,04,0,0,0,0,0,337
1319218184000,75006THGLD1900J,N982,2019,05,0,0,0,0,0,325
1323222137756,35806NGLHR9800K,7697-37-2,2023,04,0,0,0,0,0,332
1315214399851,70075MRPHY2500E,67-56-1,2015,04,0,1,0,0,0,324
1316214998142,73111WGNMT1018E,100-42-5,2016,03,0,0,0,0,0,326
1317215909591,29526HNYWL440AL,12185-10-3,2017,03,0,0,0,0,0,332
1316215711641,0680WMMRYC3BERK,67-56-1,2016,03,0,0,0,0,0,339
1318217139385,24505GRFFNADAMS,N420,2018,03,0,0,0,0,1,331
1324222776686,45066CNCRT95MOU,7647-01-0,2024,04,0,0,0,0,0,327
1316215573015,43410WHRLP119BI,N450,2016,03,0,0,0,0,0,335
1314212846493,27520MLSNCHWY70,75-45-6,2014,04,0,0,0,0,0,325
1319217841206,28144MCKNZSTLUK,N120,2019,04,0,0,0,0,0,326
1316215370281,45225MCRMT3448S,N090,2016,03,1,0,0,1,0,332
1314212345348,53201WHBRD2230W,100-42-5,2014,04,0,0,0,0,0,322
1314212737581,90262DVNDS2605I,N090,2014,04,0,0,0,0,0,332
1317218588705,56308MCMPN2115S,108-95-2,2017,04,0,0,0,0,0,327
1323222364693,12118CSCDS51SMA,96-23-1,2023,02,0,0,0,0,1,322
1318217457821,00936SNJNCKM267,N150,2018,12,1,0,0,1,0,999
1321221498330,1634WWBCND32PRG,7439-96-5,2021,04,0,0,0,0,0,331
1315218598908,50138MNNST3406E,108-88-3,2015,05,1,0,0,1,0,322
1316215167812,75006THGLD1900J,N982,2016,05,0,0,0,0,0,325
1315213684638,42718NGRSL11IND,7440-50-8,2015,04,0,0,0,0,0,333
1321219645518,37815MHLNCHWY11,N100,2021,04,0,0,0,0,0,336
1316215205384,3811WNLSTL2315P,7439-96-5,2016,04,0,0,0,0,0,332
1314212390429,06492CYRNDSOUTH,107-13-1,2014,05,0,0,0,0,0,325
1319218556761,7756WCSTMC823FM,108-88-3,2019,04,0,0,0,0,0,4246
1324222949923,44432LBCFN230WM,7429-90-5,2024,03,0,0,0,0,0,331
1315214331340,00965SSCTBSTATE,98-82-8,2015,06,0,0,0,0,0,4247
1315214264362,54307FRTHW1919S,N770,2015,03,1,0,0,1,0,322
1318221497973,75243RYTHN13510,7439-92-1,2018,01,0,0,0,0,0,334
1324222893137,37744TRWNCSNAPP,7439-96-5,2024,04,0,0,0,0,0,333
1318216679264,0793WCPNTC7VREE,N420,2018,04,0,0,0,0,0,334
1322220684967,50703DVNCD2825M,79-01-6,2022,03,0,0,0,0,0,332
1317215947300,9176WDNCNX1745E,7697-37-2,2017,04,0,0,0,0,0,332
1315213673054,06723THWTR114PO,N100,2015,03,1,0,0,0,0,332
1315214371914,93279BLSCP744DE,N230,2015,02,0,0,0,0,0,332
1314212545331,7560WMNNDS16LTR,67-56-1,2014,05,0,0,0,0,0,325
1319218160339,55112CRDCP4100H,N450,2019,04,0,0,0,0,0,334
1319218358442,45420TNNCK2555W,N090,2019,04,0,0,0,0,0,336
1322221369085,98909DWTYR2720W,7440-47-3,2022,04,0,0,0,0,0,336
1324222770859,55318MCLGH4001P,75-09-2,2024,05,0,0,0,0,0,325
1315214339145,1500WNLSTL2975D,7439-96-5,2015,04,0,0,0,0,0,332
1316215006230,02780PMSTR355CO,7439-92-1,2016,01,0,0,0,0,0,335
1314212846772,22901GFNCTUS29N,7439-92-1,2014,03,0,0,0,0,0,334
1314212652933,61061BRDNNWHITE,N090,2014,04,0,0,0,0,0,325
1316215770431,77028RSSLL4004H,1330-20-7,2016,04,0,0,0,0,0,332
1315214291611,92083FRRLC1395A,108-88-3,2015,04,0,0,0,0,0,325
1314211925134,96793BRWRN275EW,40487-42-1,2014,04,0,0,0,0,0,4246
1318217108505,79602TGBTS181HW,100-42-5,2018,04,0,0,0,0,0,336
1321221471927,4382WRDGCR5777R,77-73-6,2021,04,0,0,0,0,0,326
1314212684652,00937SSLMMLUISM,110-54-3,2014,04,0,0,0,0,0,4247
1323221530052,44420LTRNC712TR,7439-92-1,2023,03,0,0,0,0,0,334
1322221062868,22170TMTNC1200S,N100,2022,04,1,0,1,1,0,334
1322220898807,32221SFTMR13575,N495,2022,05,0,1,0,0,0,335
1324223018603,63376WNWRG17CER,7439-96-5,2024,05,0,0,0,0,1,336
1322222381713,02780PRFSS40MYL,75-21-8,2022,03,0,0,0,0,0,999
1321220116166,18201NRGBRVALMO,N120,2021,06,0,0,0,0,0,326
1322220636361,4942WGRTKN4211H,7440-66-6,2022,04,0,1,0,0,0,332
1323221539986,07114GJCHM37037,79-10-7,2023,05,0,0,0,0,0,4246
1314212558136,75243DRSNF13532,67-56-1,2014,03,0,0,0,0,0,334
1321220277432,28086CMMRC101CA,N420,2021,03,0,0,0,0,0,333
1322220642060,16823SPLCNSUPEL,108-88-3,2022,03,0,0,0,0,0,334
1323221626548,37644SNPNTSTATE,7440-50-8,2023,03,0,0,0,0,1,332
1314213627680,46131KYBND2525N,N090,2014,04,1,0,0,1,1,336
1317216421457,19118MTLBC1000E,7664-41-7,2017,03,0,0,0,0,0,332
1321220471635,37744TRWNCSNAPP,7439-96-5,2021,04,0,0,0,0,0,333
1318217316456,7757WGSNNV185EH,115-07-1,2018,05,0,0,0,0,0,4247
1317215828106,47546KMBLLW12TH,1330-20-7,2017,03,0,0,0,0,0,337
1317215852031,48316FRCTM6226M,N120,2017,05,0,0,0,0,0,326
1314212310748,74344GLPCHHWY10,7439-92-1,2014,03,0,1,0,0,0,335
1316215574359,71602TRFLR5100I,N106,2016,02,0,0,0,0,0,314
1323222022434,77041TSHBN13131,7440-02-0,2023,05,0,0,0,0,0,335
1322220648125,02860CLYNC50EST,108-88-3,2022,04,0,0,0,0,0,313
1324222514580,9170WLNDSY76NGE,100-42-5,2024,03,0,0,0,0,0,332
1321219630819,75668SCTND3756F,7439-92-1,2021,04,1,0,0,0,0,332
1321220303693,30474TLNTCATLAN,87-86-5,2021,04,0,0,0,0,0,321
1318216947945,80002FRNTR6155W,7697-37-2,2018,04,0,0,0,0,0,332
1318217187107,13601KNWLT213FA,108-95-2,2018,04,0,0,0,0,0,322
1318218367528,89506VKWST14250,N090,2018,03,0,0,0,0,0,326
1320219244682,68107NRTHR3435G,79-21-0,2020,04,0,0,0,0,0,311
1322220776823,92649SPDYC5332C,N100,2022,03,0,1,0,0,0,334
1314212782787,14150FMCCR37SAW,7664-41-7,2014,04,0,0,0,0,0,325
1315213581337,50703BRTCH1205P,71-36-3,2015,04,0,0,0,0,0,337
1324222469114,42240DNCRP301BI,N090,2024,04,0,0,0,0,0,336
1324222681951,28901TBRDM1000H,115-07-1,2024,03,0,0,0,0,0,333
1323221623705,15632DVNCD9001C,7439-92-1,2023,02,0,0,0,0,0,334
1319218138028,15632DVNCD9001C,7439-92-1,2019,02,0,0,0,0,0,334
1322220898771,32221SFTMR13575,7440-50-8,2022,05,0,0,0,0,0,335
1322221467994,30144CHMTR1825C,75-52-5,2022,01,0,0,0,0,0,325
1315213995261,85034HMLTN17EUN,7439-92-1,2015,02,0,0,0,0,0,336
1319217984929,7757WGSNNV185EH,115-07-1,2019,05,0,0,0,0,0,4247
1324222878934,27804LCNCN400JE,7440-66-6,2024,03,0,0,0,0,0,332
1322221071855,02905MNRCH189GE,7440-02-0,2022,03,0,0,0,0,0,332
1321219860259,28134RTLND9635I,117-81-7,2021,05,0,1,0,0,1,325
1322220933079,62881RDCBR1015S,91-20-3,2022,04,0,0,0,0,0,327
1316215297298,85034FLPCH3701E,872-50-4,2016,03,0,0,0,0,0,334
1314212841795,74116LMFNS2104N,108-88-3,2014,03,0,0,0,0,0,336
1319218089151,44004MLDDF1601W,100-42-5,2019,05,0,0,0,0,0,326
1314212490647,17601CLRKF3649H,67-56-1,2014,03,0,0,0,0,0,336
1319218115436,01923MDTRN37ACH,110-54-3,2019,03,0,0,0,0,0,339
1316215668094,7757WGSNNV185EH,74-85-1,2016,05,0,0,0,0,0,4247
1318217282363,38965CLTNDHIGHW,7440-02-0,2018,04,0,0,0,0,0,336
1321219613837,91761NLNDC5100J,7664-41-7,2021,02,1,0,0,1,0,322
1322221113160,55311BSTNS2SCIM,7697-37-2,2022,03,0,0,0,0,0,339
1317215899485,51031WLLSD12THL,N511,2017,04,1,0,0,1,0,311
1321220660942,17094TRNGLJUNIA,71-36-3,2021,04,0,0,0,0,0,337
1316215774884,56308NRTHR601TH,7697-37-2,2016,04,0,0,0,0,0,311
1317216499982,28392CRLNFHWY87,67-56-1,2017,05,0,0,0,0,0,311
1322220824419,61018BRNRC2034C,7697-37-2,2022,03,0,0,0,0,0,311
1315213572100,94089NFNRC1322B,872-50-4,2015,03,0,0,0,0,0,334
1324222559623,92126NMPSX9395C,67-56-1,2024,03,0,0,0,0,0,325
1323221560384,6672WHLNDS3928R,1330-20-7,2023,03,0,0,0,0,0,337
1317216293872,13601KNWLT213FA,108-95-2,2017,04,0,0,0,0,0,322
1323222044149,37744TRWNCSNAPP,108-88-3,2023,03,0,1,0,0,0,333
1324222940342,9880WSRPXX434LD,7697-37-2,2024,03,0,0,0,0,0,334
1324223145513,07111RCHRD517LY,7697-37-2,2024,04,0,0,0,0,0,999
1314212501011,05452BMXXX1000R,107-21-1,2014,04,0,0,0,0,0,334
1316215754250,48180MSTGC20219,N040,2016,04,0,0,0,0,0,325
1319217978079,32905FRRSR2210W,110-54-3,2019,04,0,0,0,0,0,325
1323221997378,13323NDMCR23ROB,7439-92-1,2023,04,0,1,0,0,1,325
1321219890365,72206WLSPN931FR,7439-96-5,2021,04,0,0,0,0,0,331
1321220187367,08030NDCNCNRAIL,7632-00-0,2021,03,0,0,0,0,0,325
1316218598922,50138MNNST3406E,100-41-4,2016,02,0,0,0,0,0,322
1323222228025,7217WPPLDN1392S,N090,2023,04,0,0,0,0,0,332
1322221441254,28086CMMRC101CA,N450,2022,04,0,0,0,0,0,333
1321219770765,60609CDPRD6W41S,N535,2021,07,1,0,0,0,0,4246
1320219055100,98936BYZNC301WC,N982,2020,03,0,1,1,0,0,325
1323222341556,33316KRNKS1010S,1330-20-7,2023,02,0,0,0,0,1,324
1321219773557,3002WSNNCR475HR,7439-92-1,2021,02,0,0,0,0,0,334
1323221580830,9505WQPSMC2945A,N420,2023,02,0,0,0,0,0,334
1315213732252,44131SFCSL5708S,N495,2015,04,1,1,1,1,0,332
1323221933450,52361KNZMNI80AT,7439-96-5,2023,03,0,0,0,0,0,333
1324222679007,37744BLLZNBALLR,7439-92-1,2024,03,0,0,0,0,1,331
1323221664612,53072NRTHR845HI,7440-02-0,2023,04,0,0,0,0,0,331
1316215671367,84530LSBNV92SCU,N511,2016,06,0,1,0,0,0,2122
1314212727022,29385SYBRN10150,100-44-7,2014,05,0,0,0,0,0,325
1315214229193,51360PLRSN1900H,N230,2015,03,0,0,0,0,0,336
1314213029477,99216CMNCLEAST1,7440-36-0,2014,04,0,0,0,0,0,332
1323221724952,16749QKRSTINTER,108-88-3,2023,05,0,0,0,0,0,324
1314212440073,49504VRYSB524BU,108-88-3,2014,03,0,0,0,0,0,313
1316215381397,75961GRNCR928BU,7664-41-7,2016,04,0,1,0,1,0,311
1318217336243,28392CRLNFHWY87,N511,2018,05,1,0,0,1,0,311
1314212403303,90280TCHNC11220,7440-48-4,2014,04,0,0,0,0,0,331
1322221261720,54840PRKRH533NO,7440-02-0,2022,04,1,0,0,1,0,332
1314213125990,97210CSRFN6350N,7439-97-6,2014,01,0,0,0,0,0,324
1318216946703,07753LCTRN405ES,7440-50-8,2018,04,0,0,0,0,0,999
1323221821438,95023PCFCP2340B,107-21-1,2023,04,0,0,0,0,0,325
1320218682856,54153CRSRS804PE,100-42-5,2020,04,0,0,0,0,0,336
1315213666175,75668RLLYTPOBOX,85-01-8,2015,05,0,0,0,0,1,325
1318217183019,28208TRNSR4500M,7440-50-8,2018,05,0,0,0,0,0,333
1314212372369,75247WKSHL911GV,7440-50-8,2014,04,0,0,0,0,0,335
1324222576579,46750MCSTL25CMM,N495,2024,04,0,0,0,0,1,332
1315214052324,02852DVLPM300OL,N458,2015,02,0,0,0,0,0,325
1321220140065,18969FYBRC700EM,100-42-5,2021,03,0,0,0,0,0,333
1314214973428,46131SSXGR3200E,100-41-4,2014,03,0,1,0,0,0,331
1319218568121,01460MTRLS543GR,N420,2019,03,0,0,0,0,0,334
1320221489483,90001LLYSC1960E,7664-39-3,2020,04,0,0,0,0,0,332
1320218847477,02054TRSCB66MAI,7439-92-1,2020,02,0,0,0,0,1,327
1319218268959,53573MSCDPPOBOX,N511,2019,01,0,0,0,0,0,311
1319218276412,48764TWSPL510IN,N495,2019,03,0,0,0,0,0,332
1315213860380,60153CHSPR19THS,7632-00-0,2015,03,0,0,0,0,0,325
1319218447201,15145STLDN200BR,7439-92-1,2019,04,0,0,0,0,0,332
1322221384581,77630JMHBRFM736,463-58-1,2022,02,1,0,0,1,0,325
1319218326623,43612CHMBN6175A,67-56-1,2019,06,0,0,0,0,0,325
1324223206184,92411FRMDL1049W,7697-37-2,2024,03,0,0,0,0,0,311
1314212953881,58027NRTHR55251,N150,2014,13,1,0,0,1,0,311
1315213716095,84087CRYSN2355S,100-41-4,2015,04,1,0,1,0,0,324
1323222329082,86004RLSTN4700E,N982,2023,03,0,0,0,0,0,311
1323222136828,1511WHLTCM76BRA,7439-92-1,2023,04,0,0,0,0,0,332
1318216727711,06076CNNCXRIVER,50-00-0,2018,03,0,0,0,0,1,333
1320218940587,0150WNCMNC242ST,7439-92-1,2020,03,0,0,0,0,0,327
1320219359181,85301GLBRT5310W,7439-92-1,2020,04,1,0,0,1,0,332
1319218378533,03856THKNGROUTE,7440-02-0,2019,02,0,0,0,0,0,326
1318217041045,81501CPCNC1328W,7439-92-1,2018,02,0,0,0,0,1,332
1322221468236,67219THCLM801E3,7440-50-8,2022,05,0,0,0,0,0,333
1318217383355,8100WVSTST1TWER,1330-20-7,2018,04,1,0,0,0,1,332
1317216114809,48205NDSTR11900,50-00-0,2017,03,0,0,0,0,0,327
1314212703716,40403MTRWHGLADE,7439-96-5,2014,05,0,0,0,0,0,332
1314212324370,16438MLDDF55FOU,100-42-5,2014,04,0,0,0,0,0,326
1315213950177,18702NSNNG1141H,7440-02-0,2015,04,0,0,0,0,0,336
1316215544949,50616SLSBR1900R,75-09-2,2016,05,0,0,0,0,0,325
1315214339158,7702WNLSTL95CLI,7439-96-5,2015,04,0,0,0,0,0,332
1324222759084,3774WMCCRP15IND,7439-96-5,2024,04,0,0,0,0,0,335
1324223123769,4817WRLKNS41144,7429-90-5,2024,04,1,0,1,0,0,331
1316215117906,26330PRTTWBENED,7440-47-3,2016,04,0,0,0,0,0,336
1321219601008,54241PNTBC6610N,7439-92-1,2021,02,0,0,0,0,0,2211
1316215129913,44035NGLHR120PI,N090,2016,05,0,0,0,0,0,325
1315214423319,53563XXNCH1012T,7440-02-0,2015,04,0,0,0,0,0,325
1322220787396,3514WMRBLT186AL,N090,2022,05,0,0,0,0,0,332
1315213641816,13654LSRDF3454U,7697-37-2,2015,03,0,0,0,0,0,311
1317215948593,62301PRRFR415N2,7697-37-2,2017,03,0,0,0,0,0,311
1320219395997,9502WRYLCR21HAM,N420,2020,02,0,0,0,0,0,334
1321219680624,55336THPLL101W8,7697-37-2,2021,03,0,0,0,0,0,311
1315214416036,92301MFGWS9400H,100-42-5,2015,04,0,0,0,0,0,326
1315213984141,05452BMXXX1000R,7664-39-3,2015,04,1,0,0,1,0,334
1320219171461,62301QDMMR3400W,N450,2020,05,1,0,0,1,0,332
1321219697923,31404NCLCR110FO,N982,2021,06,0,0,0,0,0,324
1315214104996,75041NNCRB2326L,80-62-6,2015,05,0,0,0,0,0,325
1324222650741,43613RSTLT5540J,7664-41-7,2024,03,0,0,0,0,0,332
1322221507445,19123NTNLC401NO,N535,2022,05,0,1,0,0,0,325
1321220116521,7406WQKWTR8939W,7440-02-0,2021,04,0,0,0,0,0,333
1324222800649,5472WNRDSN145LA,7440-50-8,2024,04,1,1,1,0,1,333
1319217968801,94025SDSTN2575S,7439-92-1,2019,06,0,0,0,0,0,999
1317215997875,40033CRTSM665ME,N495,2017,03,0,1,1,0,0,336
1319218082790,9530WBRBSC22EGR,50-00-0,2019,01,0,0,0,0,0,337
1316215390547,92138NTNLSHARBO,1330-20-7,2016,03,0,0,0,0,0,336
1321219644679,76240MLDDF3333N,100-42-5,2021,04,0,0,0,0,0,326
1316215023488,73036GMNLC101SW,67-56-1,2016,05,0,0,0,0,0,325
1320220217929,77562HPRTN409EA,N982,2020,05,0,0,0,0,0,324
1323221628542,02865TNRYN6NEWE,N740,2023,02,0,0,0,0,0,332
1315213819889,60178SYMRF917CR,108-10-1,2015,04,0,0,0,0,0,325
1314212321273,13654LSRDF3454U,7697-37-2,2014,03,0,0,0,0,0,311
1318220606988,16823SPLCNSUPEL,108-88-3,2018,03,0,0,0,0,0,334
1316215670643,98532MPRLF26MAU,7439-96-5,2016,04,0,0,0,0,0,336
1324222553125,26037WHLNGPENNM,7440-47-3,2024,03,0,0,0,0,0,332
1324222851622,30336QKRTS1650W,79-21-0,2024,03,0,0,0,0,0,3121
1324222424347,18017NTNLM1210W,N982,2024,04,0,0,0,0,0,327
1323221844816,27804LCNCN400JE,N100,2023,06,0,0,0,0,0,332
1317216234714,18707NSNNG71CRE,7440-48-4,2017,04,0,0,0,0,0,336
1319218069502,9530WBRBSC22EGR,71-36-3,2019,02,0,0,0,0,0,337
1320218958066,9205WMTRRF393IN,N450,2020,05,0,0,0,0,1,332
1322220838155,45242CNCNN5901C,7440-48-4,2022,02,0,0,0,0,0,332
1315213696646,30125SHBYGHWY10,N230,2015,03,0,0,0,0,0,325
1314212637526,32703TRQNT1818S,872-50-4,2014,03,0,0,0,0,0,334
1319217760584,14304PRCSP2124L,N495,2019,04,1,1,1,0,0,332
1321220167769,52577CLWVL902SO,7440-02-0,2021,04,0,0,0,0,0,332
1314212504486,37744KRFTNBOHAN,7664-41-7,2014,04,0,0,0,0,0,311
1318217819438,28086CYPRSJCT18,554-13-2,2018,06,1,1,1,0,0,325
1317216180822,45502NVSTR6125U,71-36-3,2017,03,0,0,0,0,0,336
1314212943409,77640FNLNDHIGHW,110-82-7,2014,06,0,1,0,0,1,324
1314212997579,37406WDBRD100JU,584-84-9,2014,05,0,0,0,0,0,326
1324222899522,46619MGNRN1302W,N495,2024,04,0,0,0,0,0,332
1314212993808,94565GNRLCNICHO,7664-41-7,2014,05,0,0,0,0,0,325
1315213701675,15701MCCRR1600W,N420,2015,02,0,0,0,0,0,326
1315214067314,17516TRKYHRD2BO,N511,2015,03,1,0,0,1,0,311
1322221467350,30144CHMTR1825C,71-36-3,2022,01,0,0,0,0,0,325
1317222367892,3016WCNCRD795TR,N420,2017,05,0,0,0,0,0,335
1314212434702,97405CDRPD86470,7440-50-8,2014,03,0,1,0,1,0,333
1314213022142,84042NVRSL165W4,7439-92-1,2014,03,0,0,0,0,1,332
1322220634909,80026DHRMC265CR,75-05-8,2022,03,0,0,0,0,0,325
1315213554874,31907CLLWY6603C,71-36-3,2015,05,1,0,0,1,0,325
1318217221252,23860CMRCSBERMU,107-21-1,2018,06,0,0,0,0,0,325
1323221558529,4382WRDGCR5777R,77-73-6,2023,04,0,0,0,0,0,326
1314212551511,78409SMKNB91LEP,7664-41-7,2014,04,0,0,0,0,0,311
1314212423281,46321MNSTR9505C,7440-66-6,2014,03,0,0,0,0,0,332
1318217419617,36582BSFPR4201A,7664-41-7,2018,03,1,0,1,1,0,325
1318216958405,75668SCTND3756F,7439-92-1,2018,04,1,0,0,0,0,332
1315214496578,3515WKSTHS178SY,N590,2015,03,0,1,0,0,0,324
1315213984293,53022ZNTHSN112W,7440-02-0,2015,02,0,0,0,0,0,332
1320218720466,3002WSNYCH215SA,N230,2020,05,0,0,0,0,0,325
1316215553811,54479LNDLK306PA,N511,2016,03,1,0,0,1,0,311
1315213200316,42633BLDNWWESTH,N010,2015,04,0,0,0,0,0,335
1314212684676,00937SSLMMLUISM,108-88-3,2014,06,0,0,0,0,0,4247
1314212543829,70518SCHMT5750H,100-41-4,2014,05,0,0,0,0,0,325
1321219529120,5416WKCSNT7EGLE,100-42-5,2021,03,0,0,0,0,0,336
1321219720428,5543WGNRLD113HA,7439-92-1,2021,02,0,0,0,0,0,334
1316215036082,37642FGNDSAFGRD,7782-49-2,2016,04,0,0,0,0,0,327
1314212823304,35603SXTNC3101S,N230,2014,04,0,0,0,0,0,332
1314212543856,70518SCHMT5750H,67-56-1,2014,06,0,0,0,0,0,325
1324222932612,94533THCLR2600H,N230,2024,05,0,0,0,0,0,325
1324222813495,24112CMMNW345BE,108-10-1,2024,03,0,0,0,0,0,326
1318216884496,27419RCHRDPOBOX,7697-37-2,2018,04,0,0,0,0,0,325
1320219037874,16143YNGGLPOBOX,N982,2020,03,1,0,0,0,0,332
1321219816182,38478MRMNTBENNE,N090,2021,01,0,0,0,0,0,336
1317220637300,7601WHNTSM3315E,107-21-1,2017,04,0,0,0,0,0,325
1324222720765,4635WPRRPC7277S,7697-37-2,2024,04,1,0,1,0,0,4246
1319217942147,73071GLTDG302SP,7697-37-2,2019,04,0,0,0,0,0,311
1315214198564,7516WLTTMR179ST,N420,2015,01,0,0,0,0,1,327
1314212881914,46304MGNTC1111N,7782-50-5,2014,04,1,0,0,1,0,325
1318217073877,33710MLXTC23757,7440-50-8,2018,05,0,0,0,0,0,334
1322221325881,7603WTRCHM26NCR,N230,2022,03,0,0,0,0,0,4246
1316215582483,8539WBRZWS13677,7632-00-0,2016,01,0,0,0,0,0,999
1321220378083,84070DSRTM9450S,75-21-8,2021,03,0,0,0,0,0,339
1315213774680,54162CRVRBINDUS,100-42-5,2015,04,0,0,0,0,0,336
1323222219115,60185CLRTL530IN,141-32-2,2023,05,0,0,0,0,0,325
1321220442267,48057HSPTR4150S,26471-62-5,2021,04,0,0,0,0,0,325
1323221663596,62448VPCNC71EJU,100-42-5,2023,02,0,0,0,0,0,326
1321219681160,62881RDCBR1015S,91-20-3,2021,05,0,0,0,0,0,327
1319218431892,71107GSRFN620AE,N458,2019,02,0,0,0,0,1,324
1319218383901,56284STHRNEASTH,N150,2019,12,1,0,0,1,0,311
1322220650550,9363WBLTMR15341,N495,2022,05,0,0,0,0,0,333
1323221708682,60152RNLDN300WE,106-94-5,2023,03,0,0,0,0,0,332
1319218447199,15145STLDN200BR,7440-47-3,2019,06,0,0,0,0,0,332
1315213668268,19554CSTMC5FEIC,100-42-5,2015,03,0,0,0,0,0,326
1319218623837,01801FRNCR324NE,127-18-4,2019,03,0,0,0,0,0,332
1319217975895,06075NRTHMOLDMO,N230,2019,04,0,0,0,0,0,334
1317215912027,36201SDDSR7FRAN,N090,2017,04,0,0,0,0,0,999
1322220779401,01520RDPLSHOLDE,N982,2022,04,0,0,0,0,0,325
1322220803151,45802RCDNH1900F,N100,2022,05,1,0,0,0,1,325
1323222022269,77041TSHBN13131,7440-50-8,2023,05,0,0,0,0,0,335
1315213819865,60178SYMRF917CR,N230,2015,04,0,0,0,0,0,325
1315214278549,80539HCHCX5600L,7439-92-1,2015,02,0,0,0,0,0,334
1315214288730,42141FLKRB125BE,N511,2015,02,1,0,0,1,0,331
1316215342181,69165GRLDGSHWY2,7439-97-6,2016,02,1,0,1,0,0,2211
1317215820200,55432MCRCN7956M,7439-92-1,2017,02,0,0,0,0,0,334
1314212942270,98944DRGLD400AL,N511,2014,05,1,0,0,1,0,311
1314212892107,53022ZNTHSN112W,7440-50-8,2014,04,0,0,0,0,0,332
1324222743128,43311BLLTC700WL,N420,2024,03,0,1,1,0,0,327
1319218525246,65440BCKSMHIGHW,N420,2019,10,1,0,1,0,0,331
1319218333944,37620BCHML501FI,75-09-2,2019,03,0,0,0,0,0,325
1314212469478,75243RLQDL13546,7664-41-7,2014,04,0,0,0,0,0,4246
1322220992869,31402NNCMPWESTL,N450,2022,01,1,0,0,1,0,322
1319218193290,77015MRCHM1914H,95-48-7,2019,07,0,1,1,0,0,325
1320219247057,95131LMLDS370WT,7697-37-2,2020,03,0,0,0,0,0,334
1321220412783,19061BPLCMPOSTR,7664-39-3,2021,04,0,1,0,0,0,324
1314212690337,31601GRFFNROCKY,N982,2014,04,0,1,1,0,0,325
1322221144254,27709SCMMT2601W,7439-92-1,2022,02,0,0,0,0,1,331
1322220732352,27261MRSHF1001S,1330-20-7,2022,03,0,0,0,0,0,337
1322221058656,44036LYRFN120FI,7439-96-5,2022,03,0,0,0,0,0,331
1323221628908,2725WNDLRX932EA,100-42-5,2023,05,0,0,0,0,0,325
1314211918685,98073PHYSC11811,N420,2014,02,0,0,0,0,0,334
1314212501062,05452BMXXX1000R,7697-37-2,2014,04,0,0,0,0,0,334
1324222709115,4355WMDWST14314,N100,2024,04,0,0,0,0,0,321
1314213122411,35217GLSFR3943V,100-42-5,2014,04,0,0,0,0,0,326
1323221714797,95134SNMNS2700N,N420,2023,01,0,0,0,0,0,334
1319218029914,4941WGHSPJ125SB,7439-92-1,2019,03,0,0,0,0,0,334
1317215988573,55369NVRSL8860Z,7440-50-8,2017,03,0,0,0,0,0,334
1318216694479,57201FBRGL12251,100-42-5,2018,03,0,1,0,0,0,326
1321219448394,17066WNSCRUSROU,131-11-3,2021,03,0,0,0,0,0,326
1316214961613,6672WHLNDS3928R,71-36-3,2016,03,0,0,0,0,0,337
1322220828673,29304STNDR100QU,N982,2022,04,0,0,0,0,0,326
1317216089983,07501LTTLF189CA,7664-41-7,2017,03,0,0,0,0,0,331
1321219898398,45242CNCNN5901C,7440-02-0,2021,02,0,0,0,0,0,332
1319218523468,28392CRLNFHWY87,7783-06-4,2019,02,1,0,0,1,0,311
1315213686936,77015PNNWL2231H,7783-06-4,2015,04,1,0,0,0,0,325
1314213076882,50010HCHCM100DA,1313-27-5,2014,04,0,0,0,0,0,325
1314212845566,98108VXCRP6701S,N420,2014,04,0,0,0,0,0,327
1316215538986,28052FRGHT1400T,7440-50-8,2016,06,0,0,0,0,0,336
1322220814786,69361WSTRN2100E,7664-41-7,2022,04,1,0,0,1,0,311
1323222163723,77541RHNPL6213H,1330-20-7,2023,04,0,0,0,0,0,325
1314212748331,36105HYNDM7HYUN,108-88-3,2014,05,0,0,0,0,0,336
1316215163421,78526CHMPR5224F,100-42-5,2016,04,0,0,0,0,0,339
1314212444145,90509LLDSG20263,N420,2014,03,1,0,0,1,0,336
1314213174218,73401TTLPTHIGHW,95-63-6,2014,06,1,1,1,0,0,324
1321219676172,55427VRSDC3943Q,7439-92-1,2021,01,0,0,0,0,0,334
1321219744568,14228NTRNT310CO,67-56-1,2021,03,0,0,0,0,0,339
1316214979371,5605WTBLKC52182,7440-02-0,2016,04,0,0,0,0,0,336
1316214986008,16365NTRLC1401L,N420,2016,04,0,0,0,0,0,335
1323221898327,9450WSCSTGCASTG,7439-92-1,2023,03,0,0,0,0,0,999
1321220355263,77073HBSSN1413R,100-42-5,2021,07,0,0,0,0,0,326
1322221300167,47712BTZPL2301W,N982,2022,03,0,0,0,0,0,332
1320219126950,55449PLSTD3920P,1330-20-7,2020,04,0,0,0,0,0,325
1315214308734,88210STRSR1300W,N420,2015,04,0,0,0,0,0,999
1316215545563,54307FRTHW1919S,N590,2016,02,1,0,0,1,0,322
1322221220484,67801FRMLN3MILE,7664-41-7,2022,08,1,0,1,1,0,325
1317216196004,44004MLDDF1601W,100-42-5,2017,05,0,0,0,0,0,326
1324223047349,77905NVSTS2695L,N096,2024,04,0,0,0,0,0,325
1321219785173,46580DNCND245DE,7697-37-2,2021,04,0,0,0,0,0,332
1321219676741,75006THGLD1900J,N230,2021,04,0,0,0,0,0,325
1322220783563,61061BRDNNWHITE,50-00-0,2022,02,0,0,0,0,0,325
1318217035536,27603DWRDV1900S,7440-02-0,2018,03,0,0,0,0,0,332
1321220152250,94565CRTRN2850W,N096,2021,04,0,0,0,0,0,325
1321220165260,01001HPHDN233MA,7697-37-2,2021,04,0,0,0,0,0,311
1322220732960,53083PLSTC2732N,62-53-3,2022,04,0,0,0,0,1,325
1321220518068,02780TNTNM1314S,7783-06-4,2021,04,0,0,0,0,1,2211
1318217217405,92126NMPSX9395C,67-56-1,2018,03,0,0,0,0,0,325
1318217282336,38965CLTNDHIGHW,7440-50-8,2018,05,0,0,0,0,0,336
1324222971929,65109MDNMN1502S,7439-92-1,2024,04,0,0,0,0,0,336
1315214331439,00965SSCTBSTATE,110-54-3,2015,07,0,0,0,0,0,4247
1314212936773,27263LPFMN2222S,26471-62-5,2014,05,0,0,0,0,0,326
1315213202474,48079HRNTM4918G,7439-92-1,2015,02,0,0,0,0,0,332
1315213658925,90280TCHNC11220,7440-48-4,2015,04,0,0,0,0,0,331
1315214325526,08086GRLCK700MI,7439-92-1,2015,03,0,0,0,0,0,333
1316215033945,44035NYLNG1301L,75-15-0,2016,05,1,0,0,1,0,325
1323221648645,25703RBRLT2501G,N120,2023,05,0,0,0,0,0,339
1315213929134,14527TRNSL1789T,N040,2015,04,1,1,0,0,0,325
1319218503492,60120HNKLD1345G,108-88-3,2019,04,0,0,0,0,0,325
1320219372404,9205WNNSTN4115A,68-12-2,2020,03,0,0,0,0,0,313
1320219320874,39730VSTPLPOBOX,7782-50-5,2020,03,1,0,0,1,0,325
1316219408287,2618WHNMTR1HINW,107-21-1,2016,05,0,0,0,0,0,336
1315213832672,53573MSCDPPOBOX,N511,2015,04,0,0,0,0,0,311
1314212953917,58027NRTHR55251,N590,2014,04,1,0,0,1,0,311
1319218491052,9024WSPCLK1336H,7440-47-3,2019,05,0,0,0,0,0,332
1323221636828,15022NTNLP9GUTT,N530,2023,03,0,0,0,0,0,325
1315217687831,60123LGLYN1565F,7439-96-5,2015,03,0,0,0,0,0,331
1321219811229,28360LKYST88CAT,7440-48-4,2021,03,0,0,0,0,0,332
1322220673483,5203WBLLVS29427,1344-28-1,2022,04,0,1,0,0,0,327
1323222224281,92665HMLTN345WE,108-05-4,2023,02,0,0,0,0,0,327
1315214097887,77501CCDNT4403L,67-56-1,2015,04,0,1,0,0,0,325
1315213592583,83221BLCKF591W1,N982,2015,04,0,0,0,0,0,331
1320219292315,70721FNLCHLAHWY,N982,2020,05,0,0,0,0,0,325
1317216482087,6304WPLYDS4285R,85-44-9,2017,04,0,0,0,0,0,325
1321219615768,20892NTNLN9000R,7439-97-6,2021,01,0,0,0,0,0,999
1315214357232,27330PCFBN1616H,100-42-5,2015,04,0,0,0,0,0,326
1315214117905,45891FDRLM150FI,N982,2015,03,0,0,0,0,1,339
1314212823645,49072LRSGL236WE,N120,2014,05,0,0,0,0,0,336
1314212632083,01453GRYCHPIONE,117-81-7,2014,05,0,1,0,0,0,325
1321219790692,3045WGRTDN177GA,N120,2021,03,0,0,0,0,0,336
1314212503268,73143BCHMN2220S,67-56-1,2014,04,0,0,0,0,0,325
1315214236857,77640FNLNDHIGHW,92-52-4,2015,06,1,0,0,0,0,324
1320219275841,37744TRWNCSNAPP,108-88-3,2020,03,0,1,0,0,0,333
1322220763344,75006THGLD1900J,N420,2022,01,0,0,0,0,1,325
1319218044725,19510CNCRPEXCEL,108-10-1,2019,04,0,0,0,0,0,332
1320222385650,77017MBLCH9822L,74-85-1,2020,06,1,0,0,1,0,325
1321219926072,45241DLTSC11500,108-88-3,2021,04,0,0,0,0,0,326
1319218456325,35007VNTPL700IN,67-56-1,2019,03,0,0,0,0,0,325
1323221539404,14760HYSLL211FR,79-94-7,2023,03,0,0,0,0,0,325
1319218325241,61834FBRTQ3650S,50-00-0,2019,02,0,0,0,0,0,327
1321220071284,27420GLBRC7300F,7439-92-1,2021,03,0,1,0,0,1,333
1324223229497,47670TYTMT4000T,N450,2024,05,0,0,0,0,0,336
1323222176479,44036LYRFN120FI,7440-02-0,2023,03,0,0,0,0,0,331
1318216983472,16749QKRSTINTER,N420,2018,02,1,0,0,1,0,324
1317215940572,46580DNCND245DE,N511,2017,04,1,0,0,1,0,332
1315213951369,5314WKNLLM1255T,7439-92-1,2015,02,0,0,0,0,0,335
1317216462352,79721FNLNDIS20E,71-43-2,2017,08,1,0,1,0,0,324
1316214956409,30071GCNCX2782S,100-42-5,2016,04,0,0,0,0,0,326
1323222155347,01801LPHND20SYL,872-50-4,2023,04,0,0,0,0,0,334
1323221543200,07603STRNC35WFR,7439-92-1,2023,01,0,0,0,0,0,327
1319218088363,45242XMXCR4444C,7440-02-0,2019,04,0,0,0,0,0,332
1316216491959,31401HRCLSOLDLO,67-56-1,2016,04,1,0,0,1,0,325
1318218606123,12550CVNTR89TAF,1330-20-7,2018,03,0,0,0,0,0,325
1320219184948,7860WDRLNG264FA,N511,2020,03,1,0,0,1,0,311
1321219456086,42240MRTRS102BI,7440-47-3,2021,03,0,0,0,0,0,332
1316215516473,80401DLPHC12THF,7664-41-7,2016,05,0,0,0,0,0,3121
1320219202684,42303WRGRC5525U,110-54-3,2020,05,0,0,0,0,0,326
1321220274296,98134LSKNC32006,N090,2021,04,0,0,0,0,0,332
1314212526848,32780CPCNV6000U,7664-41-7,2014,03,1,0,0,1,0,2211
1315214128605,19486MRCKSSUMNE,N150,2015,13,1,0,0,1,0,325
1314212792612,75236MRCNF3333D,7697-37-2,2014,04,0,0,0,0,0,311
1314213090549,16601MRWYN3701B,7439-92-1,2014,04,0,0,0,0,0,331
1324222987012,45212MSCNC2909H,68-12-2,2024,04,0,1,1,0,0,4246
1316215576719,42303WRGRC5525U,110-54-3,2016,05,0,0,0,0,0,326
1324223007360,42420CCRDC2315A,N982,2024,03,0,0,0,0,0,336
1323221571603,31516SNDNC6131S,100-42-5,2023,04,0,0,0,0,0,326
1315213992504,29606MCMPNPERIM,1330-20-7,2015,04,0,0,0,0,0,322
1316215305160,01720THHRT87HAY,108-10-1,2016,03,0,0,0,0,0,336
1315214229472,44451SVRGN12080,N100,2015,03,1,0,1,0,0,334
1314212960037,19426SPRRT3900G,7664-39-3,2014,04,0,0,0,0,0,331
1315214272825,40213NTDCT4900C,N982,2015,04,1,0,1,0,0,325
1317216135576,16749QKRSTINTER,191-24-2,2017,01,1,0,0,1,0,324
1315213557667,91744MNTXN13300,N230,2015,05,0,0,0,0,0,325
1315214343651,13601KNWLT213FA,50-00-0,2015,04,0,0,0,0,0,322
1320219112289,06492BYKCH524SO,100-41-4,2020,04,0,1,1,0,1,325
1316215055892,32905FRRSR2210W,7726-95-6,2016,04,0,0,0,0,0,325
1320218718157,46510LSDRY7344S,110-54-3,2020,05,0,0,0,0,0,311
1315213554886,31907CLLWY6603C,95-47-6,2015,04,0,0,0,0,0,325
1315214232744,4804WZFMRY29BUS,7664-41-7,2015,03,0,0,0,0,0,336
1315214237099,77640FNLNDHIGHW,108-88-3,2015,06,1,0,1,1,0,324
1316215770417,77028RSSLL4004H,108-95-2,2016,03,0,0,0,0,0,332
1315214024150,36467MLDDF2HATT,100-42-5,2015,04,0,0,0,0,0,326
1317216458479,48846MRDNT719WM,95-63-6,2017,03,0,0,0,0,0,336
1322221350907,29223CRLNC9931T,7664-39-3,2022,01,1,0,0,1,1,327
1323222031433,30161LCNBLANDER,1330-20-7,2023,03,0,0,0,0,0,331
1323221977655,55432STYLM6536M,7697-37-2,2023,04,0,0,0,0,0,337
1314212966307,29440VCHMCPENNY,75-07-0,2014,04,0,0,0,0,0,325
1319218061810,9836WWSTPR637MA,100-42-5,2019,04,0,0,0,0,0,336
1319218429569,7207WNTNLC39NCT,7782-50-5,2019,01,0,0,0,0,0,999
1315213891827,95125LLYHR441PE,7664-41-7,2015,03,0,0,0,0,0,332
1319218514014,78521NRTNC1505M,108-95-2,2019,04,0,0,0,0,0,327
1314212605909,56751PLRSNHWY89,N450,2014,04,0,0,0,0,0,336
1314213032319,29302BSFCR3455S,107-21-1,2014,04,1,0,0,1,0,325
1317216345710,92123DPSTN4540V,108-10-1,2017,04,0,0,0,0,0,326
1323221819194,29446BLCHMPOBOX,75-21-8,2023,05,0,0,0,0,0,4246
1323221612361,19438PCRCR165WA,1330-20-7,2023,04,0,0,0,0,0,325
1322220904433,97116TKTRN1521P,N230,2022,03,0,0,0,0,0,334
1321219968839,7761WRNWBL651HG,67-56-1,2021,06,0,0,0,0,0,325
1316215701246,13021GLDSP1GOUL,7440-50-8,2016,05,0,0,0,0,0,333
1315213591528,02763MTFBN332JO,7439-92-1,2015,03,0,0,0,0,0,332
1319218199065,07077SHLLL111ST,120-12-7,2019,06,1,0,0,1,0,4247
1323222384721,37172WCRNG1100I,N495,2023,06,0,0,0,0,0,335
1314212380265,16066MNSFT1000C,7439-92-1,2014,03,0,0,0,0,0,334
1315214097913,77501CCDNT4403L,N511,2015,02,1,0,0,1,0,325
1314212873311,2870WVRTQN115VI,67-56-1,2014,03,0,0,0,0,0,333
1316215298908,37744TRWNCSNAPP,108-88-3,2016,03,0,1,0,0,0,333
1316215516725,97077TKTRN13700,7439-92-1,2016,01,0,0,0,0,0,334
1323221534555,91730PRCSN11155,7697-37-2,2023,04,0,0,0,0,0,336
1323221649496,15840LLGHNRTE95,7439-92-1,2023,02,0,0,0,0,0,332
1314212533261,45820CRCHMROUTE,7664-93-9,2014,06,1,0,0,1,0,325
1315214005922,28352LBBYWHWY74,7647-01-0,2015,01,1,0,0,1,0,327
1319218486734,37744TRWNCSNAPP,7440-47-3,2019,04,0,0,0,0,0,333
1321220452421,40210NTDCT1227S,N090,2021,05,1,1,1,0,0,325
1322220670158,4670WSCTND1729W,7439-96-5,2022,05,1,0,1,0,0,999
1316215475017,56093TRNNC241NS,7439-92-1,2016,02,0,0,0,0,0,334
1321220477386,43612PRSTR600MA,50-00-0,2021,06,1,0,1,0,0,325
1317216090249,32672MRTNM498OA,7439-92-1,2017,03,0,0,0,0,0,334
1323221994751,27420GLBRC7300F,7439-92-1,2023,03,0,1,0,0,1,333
1324222438386,14760HYSLL211FR,118-74-1,2024,01,0,0,0,0,1,325
1323221690074,38555STNPK238PR,107-21-1,2023,04,0,0,0,0,0,327
1324222434920,92131PLSCN10121,7664-41-7,2024,01,0,0,0,0,0,332
1321220646160,46268LLTTC9200Z,106-94-5,2021,03,0,0,0,0,0,326
1321219677337,95380MDVLL2600S,7697-37-2,2021,05,0,0,0,0,0,311
1314212944425,87413BLMFLNO50C,95-63-6,2014,06,1,0,1,0,0,324
1322221229356,45309MCGRG365CA,7439-92-1,2022,03,0,0,0,0,0,334
1315214425896,94710PCFCS1333S,7439-96-5,2015,03,0,0,0,0,0,331
1318216767564,29715RMNDSBANKS,111-42-2,2018,05,0,0,0,0,0,325
1318217423742,90245TRSTR2201R,7697-37-2,2018,02,0,0,0,0,0,334
1317216424958,77028RSSLL4004H,71-36-3,2017,03,0,0,0,0,0,332
1314212844714,85034HMLTN17EUN,7439-92-1,2014,02,0,0,0,0,0,336
1323221674397,39358KMPRPBOX10,N150,2023,17,1,0,0,1,1,321
1319218524039,77562HPRTN409EA,MIXTURE,2019,04,0,0,0,0,0,325
1322221395445,65803CMSTR2101N,N090,2022,03,0,0,0,0,0,332
1319218496673,77064QLTYP9610F,108-10-1,2019,03,0,0,0,0,0,332
1322220650562,9363WBLTMR15341,7440-48-4,2022,04,0,0,0,0,0,333
1315214048439,46161FRDNB487WM,67-56-1,2015,03,0,0,0,0,0,326
1314212980229,77562HPRTN409EA,N982,2014,05,0,0,0,0,0,325
1317215908637,30501HRRSC2345M,7440-50-8,2017,04,0,0,0,0,0,333
1323222149116,35035CHBPRRT1BO,87-86-5,2023,04,0,0,0,0,0,321
1315213574116,55066RCHRD118MA,110-54-3,2015,04,0,0,0,0,0,311
1314212684649,00937SSLMMLUISM,100-41-4,2014,05,0,0,0,0,0,4247
1322220962450,0288WNTYTC333ST,7440-50-8,2022,05,0,0,0,0,0,334
1324223230931,02916HNDYH231FE,7439-92-1,2024,02,0,0,0,0,1,332
1320219290398,66002MDWST1300M,75-56-9,2020,04,0,0,0,0,0,3121
1318217642735,4655WSMRTL768CR,N230,2018,03,0,0,0,0,0,337
1314211915261,35986RNSVL189RT,108-88-3,2014,04,0,0,0,0,0,326
1316215771421,0305WLCMMN9AKIR,N420,2016,02,0,0,0,0,0,333
1314212776722,49684SRLBK2314S,107-21-1,2014,04,0,0,0,0,0,311
1315213629429,02703LCHGR49PEA,7697-37-2,2015,03,0,0,0,0,0,331
1321219984325,77707MBLCHHWY90,110-54-3,2021,02,0,0,0,0,1,325
1321220091399,2618WCHMRS848DU,7664-93-9,2021,01,1,0,0,1,0,325
1316215464355,72651TTRLRRTE12,7439-96-5,2016,04,0,0,0,0,0,336
1319217671674,9883WSGLTM8789R,74-90-8,2019,01,1,0,0,1,0,335
1322221044365,15767PRFRM700MA,7440-47-3,2022,03,0,0,0,0,0,332
1323222139305,03053CYTYC2PREI,67-56-1,2023,05,0,1,1,0,0,325
1315213614112,32724NTLLT1485J,N420,2015,03,0,0,0,0,0,334
1316215765862,55427VRSDC3943Q,7439-92-1,2016,02,0,0,0,0,0,334
1315214038438,43410WHRLP119BI,7632-00-0,2015,04,0,0,0,0,0,335
1323221846734,37087PRMPP1310Q,N090,2023,04,0,1,1,0,0,332
1315214427092,37040LLDSG780AR,7664-41-7,2015,04,0,0,0,0,0,336
1324222514111,53590HLLMN501SB,MIXTURE,2024,01,0,0,0,0,0,325
1314212682850,71483CHMBNHIGHW,67-56-1,2014,06,0,0,0,0,0,325
1314212338444,30125SHBYGHWY10,95-63-6,2014,02,0,0,0,0,0,325
1322220777231,00621SLNDCLUCHE,108-10-1,2022,02,0,0,0,0,0,332
1322220816437,01085WSTFL68NOR,7697-37-2,2022,03,0,0,0,0,0,332
1318216983484,16749QKRSTINTER,N458,2018,01,1,0,0,1,0,324
1315214155576,9402WCSBCX2KELL,75-05-8,2015,03,0,0,0,0,0,325
1323221848144,75418VLNTRHIGHW,1928-43-4,2023,06,0,0,0,0,0,325
1324222466536,1230WFRTTC215TE,N450,2024,03,0,0,0,0,0,325
1316215750175,43952BRMCHCOUNT,N420,2016,04,0,1,1,0,0,325
1314212350817,12502SCHWT2424R,191-24-2,2014,01,0,0,0,0,0,322
1320219123825,78112CLRWT4420S,67-56-1,2020,05,0,0,0,0,0,325
1320218930194,84116L3CMM640N2,7439-92-1,2020,02,0,0,0,0,0,334
1316215536830,74131TDWLL6801S,7439-92-1,2016,04,0,0,0,0,0,333
1321219921879,2821WRGNTS3825P,67-56-1,2021,04,0,0,0,0,0,325
1324222559787,92126NMPSX9395C,75-05-8,2024,03,0,0,0,0,0,325
1316215019199,12138TCNCPCOONB,1330-20-7,2016,03,0,0,0,0,0,313
1317216015646,40330HTCHT955WA,7439-92-1,2017,03,0,0,0,0,0,336
1315214279388,27573LSNPC10475,N120,2015,05,0,0,0,0,0,321
1314212843369,85222FRTLY1450W,7697-37-2,2014,03,0,0,0,0,0,311
1324223117185,7757WGSNNV185EH,74-85-1,2024,05,0,0,0,0,0,4247
1316215187840,9453WPPLDM445FR,7697-37-2,2016,04,0,0,0,0,0,332
1320219126125,8504WRSTLM321S5,1330-20-7,2020,03,0,0,0,0,0,325
1321219640543,55112CRDCP4100H,N450,2021,04,0,0,0,0,0,334
1317216501167,42141RMNCX20ABE,7440-50-8,2017,03,0,1,0,0,0,336
1317216129357,48030KCJNS321WT,N100,2017,03,1,0,0,1,0,332
1323221641071,28392CRLNFHWY87,7783-06-4,2023,02,1,0,0,1,0,311
1316215531017,12150SCHNC1000M,N530,2016,05,1,0,1,0,0,325
1319217968078,91790NTRSP2009S,N420,2019,06,0,0,0,0,0,335
1314214247292,06095WNDSR169OL,7440-02-0,2014,04,0,0,0,0,0,336
1314212895421,28217WSTNG5101W,7440-47-3,2014,04,0,0,0,0,0,333
1323221615798,5948WBGSKY13786,67-56-1,2023,04,0,0,0,0,0,339
1314212902555,07105DLTMR26BLA,N230,2014,03,0,0,0,0,0,325
1315213630318,75051TXSRC417ID,108-88-3,2015,03,0,0,0,0,0,332
1315214335022,4771WNSLNC1GRVE,N982,2015,04,0,0,0,0,0,325
1315214160929,3760WLMTXX167RW,7439-92-1,2015,03,0,0,0,0,0,333
1316215283286,04106NTNLS5FODE,N511,2016,01,1,0,0,1,0,334
1315214027435,48764TWSPL510IN,N495,2015,04,0,0,0,0,0,332
1323222301525,02703CHMTC52GAR,67-56-1,2023,04,0,0,0,0,0,332
1318216771838,7975WCTLYS11999,7664-41-7,2018,04,1,0,0,1,0,325
1324222535270,17603TTNGN33CEN,7439-92-1,2024,02,0,0,0,0,0,332
1321220512836,98270RCLLN12806,108-95-2,2021,03,0,0,0,0,0,336
1314213003662,16823PZKNT66ERL,N420,2014,04,0,0,0,0,0,334
1315213200328,42633BLDNWWESTH,7440-50-8,2015,06,0,0,0,0,0,335
1315213203514,75119KRLND1504S,100-42-5,2015,04,0,0,0,0,0,326
1322220969000,94509WSTRN2200W,100-41-4,2022,03,0,0,0,0,0,332
1322221445327,90001LLYSC1960E,7697-37-2,2022,04,0,0,0,0,0,332
1315214162226,56284STHRNEASTH,7664-41-7,2015,05,1,0,0,1,0,311
1317216256519,15557RCKWD300MA,7440-47-3,2017,05,0,0,0,0,0,332
1315214276875,60072MRTNT5005B,N120,2015,05,0,0,0,0,0,325
1319219430915,36652SCTTPBAYBR,N511,2019,03,1,0,0,1,0,322
1322220961041,4034WMRCNH289MC,N120,2022,05,0,0,0,0,0,336
1318217268681,53218GNRCC545W2,7440-50-8,2018,04,0,0,0,0,0,335
1315218634463,8943WPPGND5PITT,N982,2015,03,0,0,0,0,0,325
1314212556753,46750MCSTL25CMM,N450,2014,06,0,0,0,0,0,332
1315214215319,50616SLSBR1900R,872-50-4,2015,04,0,0,0,0,0,325
1316215694062,75502CPRTRRT12P,N096,2016,04,1,0,0,1,0,326
1323222157327,70776CBGGYRIVER,107-21-1,2023,06,0,0,0,0,0,325
1320219403476,06902PLYCS69SOU,80-62-6,2020,05,0,0,0,0,0,326
1317216315111,32571RPRDC4575E,67-56-1,2017,07,0,0,0,0,0,325
1322221427065,98134LSKNC32006,N100,2022,04,0,0,0,0,0,332
1320218656167,3780WSNTRG471PT,N511,2020,05,1,0,1,1,0,325
1324223001900,32444TRNCX200AB,7440-50-8,2024,06,0,0,0,0,0,333
1318216946715,07753LCTRN405ES,7439-92-1,2018,02,0,0,0,0,0,999
1321219810064,3764WCLRWR151ID,7664-41-7,2021,04,0,0,0,0,0,314
1323221628326,2725WNDLRX932EA,79-10-7,2023,02,0,0,0,0,0,325
1317216217719,32905FRRSR2210W,67-56-1,2017,04,0,0,0,0,0,325
1317216304384,77578KSHNB22102,71-36-3,2017,06,1,0,1,0,0,325
1314214466726,63110PCNCF4001G,7440-02-0,2014,05,0,0,0,0,0,332
1323222059786,49120SHLLR1501S,7439-96-5,2023,05,0,0,0,0,1,336
1319218342525,28392CRLNFHWY87,7664-41-7,2019,05,1,0,0,1,0,311
1314212818025,44094KLCRC37721,1330-20-7,2014,04,0,0,0,0,0,325
1323221829690,16143YNGGLPOBOX,N982,2023,03,0,0,0,0,1,332
1320219181068,93304NNSPN22NDS,67-56-1,2020,05,0,0,0,0,0,325
1322220799997,23228MNVLL7400R,N010,2022,04,0,0,0,0,0,322
1322220636637,79912SMTXS65NDE,N100,2022,05,0,0,0,0,0,331
1314212545204,17557VCTRF403SO,N511,2014,03,1,0,0,1,0,311
1314213125988,97210CSRFN6350N,7439-92-1,2014,01,0,0,0,0,0,324
1316215580109,0887WRCHML18USH,75-09-2,2016,03,0,0,0,0,0,325
1315213735640,46580DPYDVUS30E,7697-37-2,2015,03,0,0,0,0,0,339
1324222681316,06405TRBNC4COMM,7440-02-0,2024,04,0,1,0,0,0,332
1317217693516,97210WCKRS7200N,N511,2017,03,1,0,0,1,0,334
1324222587851,29730HRRLL2495C,N100,2024,04,1,0,1,0,0,325
1321219744570,14228NTRNT310CO,108-88-3,2021,05,0,0,0,0,0,339
1318217126681,98837TKTMS9255R,7664-41-7,2018,03,1,0,0,1,0,325
1324222475295,90247HFDCM140EG,7697-37-2,2024,03,0,0,0,0,0,336
1322220668053,77590DLLSG301DO,7664-41-7,2022,06,0,0,0,0,0,325
1320219266424,95023PCFCP2340B,107-21-1,2020,04,0,0,0,0,0,325
1322220767166,31601GRFFNROCKY,67-56-1,2022,04,0,0,0,0,0,325
1320219275930,28086CMMRC101CA,N450,2020,04,0,0,0,0,0,333
1321219923683,44036LYRFN120FI,7439-96-5,2021,03,0,0,0,0,0,331
1322221307352,6811WQNGLB571FS,110-54-3,2022,03,0,0,0,0,0,325
1321219925029,7111WMNSPC1399H,N982,2021,05,0,0,0,0,0,324
1315213231463,54848PPTLBEWORD,95-63-6,2015,04,0,0,0,0,0,322
1316215154877,08903KZCHM500JE,67-56-1,2016,04,0,0,0,0,0,325
1315213624315,07095LCNBL11CRA,7439-92-1,2015,01,0,0,0,0,0,332
1315213686924,77015PNNWL2231H,75-15-0,2015,06,1,0,1,0,0,325
1316215211614,97405CDRPD86470,7440-50-8,2016,03,0,0,0,0,0,333
1314212986424,15071NDSTR11AKD,7439-92-1,2014,02,0,0,0,0,0,334
1317215884533,30917CLBCR4152W,7440-47-3,2017,04,0,0,0,0,0,336
1316215481452,40065BNDMN2720P,108-88-3,2016,04,0,0,0,0,0,326
1314212992919,90813SCHRM1480C,N420,2014,03,1,0,0,0,0,332
1315213666163,75668RLLYTPOBOX,91-20-3,2015,06,0,0,0,0,1,325
1314213104805,4942WLGCHM1LGWA,7440-50-8,2014,05,0,1,1,0,0,335
1316215040712,30135CSTMB6551W,100-42-5,2016,04,0,0,0,0,0,326
1324222615953,13212CMCNT7313W,7440-50-8,2024,04,0,1,0,0,0,335
1324222731147,48030KCJNS321WT,N495,2024,03,1,0,0,1,0,332
1324223196078,43570TRNTY6AKST,7439-92-1,2024,03,0,0,0,0,0,325
1324222512954,4844WSHNNN616ST,7439-96-5,2024,03,0,0,0,0,0,332
1315214440962,02703CHMTC52GAR,N740,2015,06,1,0,1,0,0,332
1314212779096,91761NMLDB1750M,N511,2014,04,1,0,0,1,0,332
1314213083064,40403TKCSN301MA,N420,2014,02,1,0,0,1,0,336
1314212545329,7560WMNNDS16LTR,107-21-1,2014,05,0,0,0,0,0,325
1314212368979,72653BXTRH1900N,107-21-1,2014,04,1,0,0,1,0,326
1321219933292,9176WDNCNX1745E,N511,2021,04,1,0,0,1,0,332
1319218003578,29526HNYWL440AL,12185-10-3,2019,04,0,0,0,0,0,332
1322220938601,7406WQKWTR8939W,7440-47-3,2022,03,0,0,0,0,0,333
1323221787132,14432GWLSK2SOUT,106-94-5,2023,04,0,0,0,0,0,332
1318217178286,74363GLPCH1MILE,7637-07-2,2018,04,1,0,1,1,0,325
1315214068328,46220THRMS5101E,80-62-6,2015,04,0,0,0,0,0,325
1318217301670,19510CNCRPEXCEL,91-20-3,2018,04,0,0,0,0,0,332
1317216649032,14701WBRKN441CH,7439-92-1,2017,01,0,0,0,0,0,332
1323221676947,47240BHNNGHIGHW,N420,2023,04,0,0,0,0,0,336
1315214046017,17837PLYWR1BUFF,N982,2015,03,0,0,0,0,0,339
1322221401476,90509LLDSG20263,N420,2022,03,1,0,0,1,0,336
1315214466777,53029BRGGS3333W,N090,2015,03,0,1,0,0,0,336
1316215428638,9176WSTRCT336EN,115-07-1,2016,03,0,0,0,0,0,332
1318217307394,44460WRRNM800PE,100-41-4,2018,02,0,0,0,0,0,326
1317216138634,54476CRYST2608R,N090,2017,03,0,0,0,0,0,332
1315214445809,07036XXNCH1400P,115-07-1,2015,02,1,0,0,1,0,325
1324223159245,38127CCRYL2665F,74-90-8,2024,01,0,0,0,0,0,325
1322221380114,3774WHFNRT395TE,1330-20-7,2022,04,0,0,0,0,0,332
1323223228545,35565FNTNTOLDDE,100-41-4,2023,02,0,0,0,0,0,336
1324222899573,46562SPXCR5ARNO,7440-02-0,2024,03,1,0,0,0,0,331
1314212889380,74361WLGRF5THHU,7664-41-7,2014,07,1,0,1,0,0,325
1322221369097,98909DWTYR2720W,7440-02-0,2022,04,0,0,0,0,0,336
1320219135807,91761WMBRR1400S,100-42-5,2020,04,0,0,0,0,0,326
1318219408275,2618WHNMTR1HINW,67-56-1,2018,04,0,0,0,0,0,336
1320218732143,4832WSHNNN4425P,7439-96-5,2020,05,0,0,0,0,0,332
1316215381385,02542SRMYNBLDG4,7439-92-1,2016,03,0,0,0,0,0,999
1315213681998,95367THNDR34PAT,7440-50-8,2015,04,0,0,0,0,0,321
1315214052704,65453BRKPR16MID,N090,2015,03,0,0,0,0,0,332
1323221994522,6013WTHLNC769IN,N120,2023,03,0,0,0,0,0,336
1320219216468,31404NCLCR110FO,N982,2020,06,0,0,0,0,0,324
1319218186029,43025CLBNC383NH,107-21-1,2019,04,0,0,0,0,0,325
1318216867388,31728TRRNG2525T,7664-41-7,2018,03,0,0,0,0,0,332
1314212461533,15301XMRKC21NMA,7439-96-5,2014,04,0,0,0,0,0,332
1316215559319,73118MCKLN4041N,7697-37-2,2016,04,0,0,0,0,0,333
1323221755390,06492BYKCH524SO,N535,2023,04,1,0,0,0,0,325
1315213959582,46992THFRD775MA,7439-92-1,2015,04,0,0,0,0,1,331
1315214144014,17013PPGND400PA,N420,2015,01,1,0,0,0,1,327
1323221910767,0887WRCHML18USH,75-05-8,2023,04,0,0,0,0,0,325
1321220522825,53545SHRXC2001A,77-78-1,2021,05,0,0,0,0,0,325
1321219759192,35806NGLHR9800K,N040,2021,04,0,1,0,0,0,336
1321219870348,8523WBHMNT1331W,7664-41-7,2021,04,0,0,0,0,0,325
1318216827093,03766LMNSC4LUCE,115-07-1,2018,04,0,0,0,0,0,335
1314212974024,60614HRWNL2015N,N450,2014,04,0,0,0,0,0,316
1319218178756,0887WRCHML18USH,67-56-1,2019,03,0,0,0,0,0,325
1324223196066,43570TRNTY6AKST,N040,2024,04,0,0,0,0,0,325
1320219141722,19963CLKDN779EA,67-56-1,2020,03,0,0,0,0,0,339
1315214432142,58206NRTHD1823M,74-83-9,2015,03,0,0,0,0,0,311
1315214341101,49518WSTNG43003,7440-50-8,2015,04,0,0,0,0,1,337
1320219089341,45241DLTSC11500,N982,2020,03,0,0,0,0,0,326
1320218811180,77511QNTMC2MILE,74-85-1,2020,06,0,0,0,0,0,325
1319218341891,44432LBCFN230WM,N100,2019,04,0,0,0,0,0,331
1319217685369,44203MLCPR361FA,1330-20-7,2019,04,0,0,0,0,0,325
1323221879164,05647CBTFRBOX12,7697-37-2,2023,03,0,0,0,0,0,311
1319217949611,12090FLRGL1LIBE,108-88-3,2019,04,0,0,0,0,0,322
1324222844437,02056CMGRC364MA,67-56-1,2024,04,0,0,0,0,0,325
1315213541939,77536FNLND1818B,N982,2015,03,0,0,0,0,0,325
1317216181747,2421WHPCXX26252,7440-66-6,2017,05,0,0,0,0,0,332
1314212892158,53051ZNTHSW156N,7440-50-8,2014,03,0,0,0,0,0,332
1320219356425,38381KLGRP155KI,110-54-3,2020,04,0,0,0,0,0,325
1316219407095,78407JVLNC5314I,115-07-1,2016,05,0,0,0,0,0,325
1319218298711,42303WRGRC5525U,110-82-7,2019,05,0,0,0,0,0,326
1321219759988,03251BRNDYRT3AC,128-04-1,2021,03,0,0,0,0,0,335
1316215529468,8100WNLSTL319LC,7439-96-5,2016,04,0,0,0,0,0,332
1315213894936,32501RCHHL407SO,108-88-3,2015,05,0,0,0,0,0,325
1316215236175,56093BRWNPHIGHW,N511,2016,02,0,0,0,0,0,323
1314211948068,28144THRMD1801S,N982,2014,04,0,0,0,0,0,326
1315213205964,60645NYLKC6465P,108-88-3,2015,03,0,0,0,0,0,332
1319218465540,1634WWBCND32PRG,7440-47-3,2019,04,0,0,0,0,0,331
1316215552744,96113SRRRMSIERR,26471-62-5,2016,02,0,0,0,0,0,999
1319218071456,33597RBBNSSR50S,N100,2019,04,0,0,0,0,0,321
1314212685263,55416NRTHL5005H,100-42-5,2014,03,0,0,0,0,0,332
1324222498824,93517SMRNCHWY10,7439-92-1,2024,01,0,0,0,0,0,999
1322221401779,6606WGRMNN11E1B,7439-92-1,2022,03,0,0,0,0,0,334
1315214344006,36345CLMBYRTE2B,7697-37-2,2015,03,0,0,0,0,0,311
1314212737670,5570WMSBNG65HIG,N420,2014,03,1,0,0,1,1,331
1322220719342,9211WLLMNX52ILL,75-09-2,2022,04,0,0,0,0,0,334
1318218588717,56308MCMPN2115S,108-95-2,2018,04,0,0,0,0,0,327
1316215068519,84302MRTNT250AM,N100,2016,05,0,0,0,0,0,336
1314213138860,32934MNMNC3900D,7439-92-1,2014,02,0,0,0,0,0,334
1317215921127,9213WTLDYN9855C,N420,2017,03,0,0,0,0,0,335
1316215785332,77009DFNDR2408E,7440-50-8,2016,04,0,0,0,0,0,331
1320218661573,02766BBSFN135EH,7440-50-8,2020,03,0,0,0,0,0,331
1322220746921,53959STSNC1515I,N495,2022,01,0,0,0,0,1,336
1322220685679,6111WCQMFG8155B,7439-92-1,2022,02,0,0,0,0,0,332
1321220162616,38555STNPK238PR,N090,2021,04,0,0,0,0,0,327
1324222678031,32221SFTMR13575,N450,2024,05,0,1,0,0,0,335
1320218728804,19406LCTRS416EC,N420,2020,02,0,0,0,0,0,334
1320218835080,85205MCDNN5000E,79-94-7,2020,02,0,0,0,0,0,336
1321220520074,43160YSCRP151JA,108-88-3,2021,03,0,0,0,0,1,336
1314212723326,52404GNNCR10004,7664-41-7,2014,04,1,0,0,1,0,325
1321220142374,77656STHHMFM418,1330-20-7,2021,05,1,0,1,0,0,325
1314212410195,01730MLLPR80ASH,872-50-4,2014,04,0,0,0,0,0,334
1322220849792,27330STNDY2609C,7440-50-8,2022,05,0,0,0,0,0,332
1317215830340,8100WVSTST1TWER,100-41-4,2017,04,0,0,0,0,0,332
1317216182889,77571VNLRC10850,N230,2017,03,0,0,0,0,0,332
1314212322275,7507WPRSPR77SDA,7439-92-1,2014,01,0,0,0,0,1,327
1317216122642,68601BCTNDINDUS,7439-96-5,2017,03,0,0,0,0,0,339
1316214983239,74868PRKSM711BR,100-42-5,2016,04,0,0,0,0,0,336
1315214429247,92841CSTLN761PA,N106,2015,03,0,0,0,0,0,332
1318216890741,85009TRFFR1021N,7697-37-2,2018,03,0,0,0,0,0,332
1314212748281,36105HYNDM7HYUN,91-20-3,2014,05,0,0,0,0,0,336
1314212584736,5860WWRTHN1796S,108-88-3,2014,03,0,0,0,0,0,332
1317216433767,38109BRMNG3601P,N450,2017,05,0,1,0,0,1,331
1319218212571,37644SNPNTSTATE,7440-02-0,2019,05,0,0,0,0,0,332
1316214978633,77053CSSPR14211,7440-50-8,2016,04,0,0,0,0,0,333
1316215571845,38821TRTMPHIGHW,N495,2016,04,0,0,0,0,0,332
1324222910996,4737WFRTRC71ECR,7439-92-1,2024,02,0,0,0,0,0,332
1324223057237,4817WMCLNM4485S,7439-96-5,2024,04,0,0,0,0,0,332
1315214363638,48091MCHMP23343,N090,2015,04,0,0,0,0,0,325
1323221786712,28732BLRDG180MI,7664-93-9,2023,04,0,0,0,0,0,331
1323223208620,17519CNSTG245RE,N230,2023,03,0,0,0,0,0,321
1320219256524,76031SCHMN2311P,74-87-3,2020,05,0,0,0,0,0,325
1315214399798,70075MRPHY2500E,74-85-1,2015,03,1,0,0,0,1,324
1318217251925,55746LMRDT1414E,7440-50-8,2018,05,0,1,1,0,0,336
1316215381183,37620BCHML501FI,7647-01-0,2016,01,0,1,0,0,0,325
1315214500922,35811MSKRD3440S,7439-96-5,2015,06,0,0,0,0,0,332
1321220489785,33860WSTVCPOBOX,111-42-2,2021,05,0,0,0,0,0,325
1314212553301,30549KBTND11MCC,108-10-1,2014,04,0,0,0,0,0,333
1314212569127,40216LFTCH4350C,80-62-6,2014,05,0,0,0,0,0,326
1321220317883,37363PWRSR9404O,N420,2021,06,0,0,0,0,0,335
1323221650500,14150CRBRN168CR,7664-41-7,2023,04,0,0,0,0,0,325
1316215335757,29731TTCHS1750O,N090,2016,05,0,0,0,0,0,325
1315213896107,7840WBCKYT151SU,110-82-7,2015,06,1,0,0,1,1,324
1316215168939,16686WSTVC1600P,7647-01-0,2016,05,1,0,0,1,0,322
1322220740120,75006TXSFN1801S,1330-20-7,2022,03,0,0,0,0,0,332
1317216250225,89408QBCRP2000E,108-88-3,2017,05,0,0,0,0,0,323
1316214988343,77015PNNWL2231H,7783-06-4,2016,04,1,0,0,0,0,325
1315215816442,36652SCTTPBAYBR,N511,2015,03,1,0,0,1,0,322
1315214341125,49518WSTNG43003,7439-92-1,2015,02,0,0,0,0,1,337
1323221770934,3764WCLRWR151ID,7664-41-7,2023,04,0,0,0,0,0,314
1316215656430,43612CHMBN6175A,108-95-2,2016,06,0,0,0,0,0,325
1318217626112,53901CPSLR2500W,50-00-0,2018,03,1,0,0,1,0,325
1322221565765,33316KRNKS1010S,1330-20-7,2022,02,0,0,0,0,1,324
1314212321602,7201WBNTNP198DA,7439-92-1,2014,01,0,0,0,0,1,327
1314212728695,43952BRMCHCOUNT,N040,2014,05,1,1,1,0,0,325
1321220412769,19061BPLCMPOSTR,74-85-1,2021,04,1,0,0,1,0,324
1314212638009,53950WLKRS625ST,7440-02-0,2014,05,0,0,0,0,0,332
1318216705552,47229CRRWR1002I,7440-50-8,2018,06,0,0,0,0,0,331
1319218524003,77562HPRTN409EA,MIXTURE,2019,04,0,0,0,0,0,325
1324222907608,13654LSRDF3454U,7697-37-2,2024,02,0,0,0,0,0,311
1324222584563,30531THCNN70CLA,108-88-3,2024,04,0,0,0,0,0,339
1317216458202,8504WMCNLS4256E,7439-96-5,2017,04,0,0,0,0,0,336
1323221745363,45242CNCNN5901C,7440-50-8,2023,02,0,0,0,0,0,332
1322220765010,91761NMLDB1750M,7697-37-2,2022,04,0,0,0,0,0,332
1324222715183,6811WQNGLB571FS,75-09-2,2024,03,0,0,0,0,0,325
1316215023538,73036GMNLC101SW,N230,2016,05,0,0,0,0,0,325
1314212748228,36105HYNDM7HYUN,110-82-7,2014,05,0,0,0,0,0,336
1314212584460,90039CBGGY5121S,84-74-2,2014,03,0,0,0,0,0,325
1314212550471,91746MCLNC420SO,N982,2014,04,0,0,0,0,0,325
1320219175357,33597RBBNSSR50S,N100,2020,04,0,0,0,0,0,321
1315213733165,46540MDDLB58481,71-36-3,2015,02,0,0,0,0,0,337
1323221878491,08701LKWDC123EN,110-54-3,2023,04,0,0,0,0,0,2211
1314215816430,36652SCTTPBAYBR,N511,2014,03,1,0,0,1,0,322
1317216293860,13601KNWLT213FA,67-56-1,2017,05,0,0,0,0,0,322
1316215553797,54479LNDLK306PA,7697-37-2,2016,03,0,0,0,0,0,311
1318216974915,13021WCKSM1WICK,7439-92-1,2018,03,0,0,0,0,0,336
1317216494803,77262GDYRT2000G,N590,2017,04,0,0,0,0,1,325
1321220392777,79912BRDRSVINTO,7439-96-5,2021,03,1,0,0,1,0,331
1324222799165,07080MNRLP1CLID,N010,2024,03,0,1,1,0,0,4246
1318217512072,70508SSFNT29GLA,100-42-5,2018,03,0,0,0,0,0,326
1319218209068,90001FBRCT724E6,108-88-3,2019,04,0,0,0,0,0,313
1314212305003,14304CHRSR5300F,7439-92-1,2014,01,1,0,0,1,0,2211
1322220740106,75006TXSFN1801S,131-11-3,2022,03,0,0,0,0,0,332
1323221670387,5538WLSNPC514TH,N982,2023,04,1,0,0,1,0,321
1323221816061,44258RCPPR230NS,7440-50-8,2023,04,0,1,1,1,0,332
1321220513079,9915WCDZDC51NNE,67-56-1,2021,03,0,0,0,0,0,336
1316215172370,07503PRSRN91MIC,N230,2016,04,0,0,0,0,0,325
1323221715257,23834LDNCR16101,7664-41-7,2023,04,0,0,0,0,0,326
1321219897283,7276WWBBWH455NC,7440-47-3,2021,05,0,0,0,0,0,336
1321220650081,30120NHSRB100BU,7664-41-7,2021,05,1,0,0,0,0,3121
1314212408456,07008SHLND350RO,95-63-6,2014,04,0,0,0,0,0,4246
1315214277016,36105HYNDM7HYUN,95-63-6,2015,05,0,0,0,0,0,336
1321219738883,32785RMCDVHIGHW,7440-02-0,2021,06,0,0,0,0,0,331
1320219318918,47167FRRLYBECKS,7439-96-5,2020,03,0,0,0,0,0,332
1323222076248,53154THMCR530WE,1344-28-1,2023,04,0,0,0,0,0,325
1322221339815,84337WSTLB845N2,7664-41-7,2022,04,0,0,0,0,0,311
1315214134292,30503CTTRL2125C,7439-92-1,2015,02,0,0,0,0,0,336
1320218728350,32785RMCDVHIGHW,7664-39-3,2020,04,0,0,0,0,0,331
1324222832610,85353SNLND651SO,79-21-0,2024,04,0,0,0,0,0,311
1323221570005,38126FRRLL221EC,1330-20-7,2023,04,0,0,0,0,0,325
1314212741300,61630STPRP600WE,95-63-6,2014,03,0,0,0,0,0,333
1324222435822,54481JRNSH5555J,N120,2024,03,0,0,0,0,0,334
1322220780961,3179WMBRML9WGLD,76-06-2,2022,04,0,0,0,0,0,325
1323222111460,70508SSFNT29GLA,100-42-5,2023,03,0,0,0,0,0,326
1321220522914,53545SHRXC2001A,100-44-7,2021,04,0,0,0,0,0,325
1323221645082,46514MRRYD1536G,N770,2023,05,0,0,0,0,0,332
1319218352211,29556NTRNTHWY52,7664-41-7,2019,04,0,0,0,0,0,311
1320218672374,55432MCRCN7956M,7439-92-1,2020,02,0,0,0,0,0,333
1317218613673,52361KNZMNI80AT,12185-10-3,2017,02,0,0,0,0,0,333
1324222530913,2725WNDLRX932EA,79-10-7,2024,02,0,0,0,0,0,325
1314212748230,36105HYNDM7HYUN,100-41-4,2014,05,0,0,0,0,0,336
1321220331779,94025SDSTN2575S,7439-92-1,2021,06,0,0,0,0,0,999
1324222918207,14125CMSTC40STE,7664-41-7,2024,04,0,0,0,0,0,311
1316215770393,77028RSSLL4004H,100-41-4,2016,03,0,0,0,0,0,332
1321219853049,60622SPMTL1720E,N090,2021,05,0,0,0,0,0,331
1320219013428,37686MCRPR596IN,79-01-6,2020,05,0,0,0,0,0,326
1314212918991,37744BLLZNBALLR,N495,2014,03,1,0,1,1,0,331
1318216859052,06320SCSTG15MOH,N590,2018,03,1,0,0,1,0,999
1318216991772,7505WLTCRT1711B,554-13-2,2018,04,0,0,0,0,0,325
1318217301617,19510CNCRPEXCEL,N230,2018,04,0,0,0,0,0,332
1316215167798,75006THGLD1900J,107-21-1,2016,04,0,0,0,0,0,325
1315213776192,97405CDRPD86470,7440-50-8,2015,03,0,0,0,0,0,333
1315213798275,2721WCHMTK697CU,N590,2015,03,0,0,0,0,1,325
1318217262361,08817CLNLW85NAT,N010,2018,04,0,0,0,0,0,335
1323221690441,06111DVNCD681NM,80-62-6,2023,04,0,0,0,0,0,325
1321220038549,42101LRDCR2800P,7664-93-9,2021,04,0,1,0,0,0,326
1322220898783,32221SFTMR13575,N450,2022,05,0,1,0,0,0,335
1324222553885,17059MPRKSRD3RI,75-45-6,2024,02,0,0,0,0,0,311
1321219800784,47374BLDNW350NO,N100,2021,06,0,0,0,0,0,331
1315214025936,37686PLYMR688IN,1330-20-7,2015,03,0,0,0,0,0,326
1323222309926,62024LNCRPLEWIS,N420,2023,03,1,0,0,1,0,331
1324222504159,32955DLTGR395GU,7439-92-1,2024,03,0,0,0,0,0,334
1316215542604,01453NVCRC31FUL,N982,2016,04,0,0,0,0,0,326
1320218748325,26201CRHRTROUTE,N090,2020,05,0,0,0,0,0,327
1320221547906,33316KRNKS1010S,1330-20-7,2020,03,0,0,0,0,1,324
1321220084279,78045MDWST121GE,75-21-8,2021,04,0,0,0,0,0,339
1321220606899,5153WSSNTP1347H,7697-37-2,2021,03,0,0,0,0,0,311
1321219753910,9176WLGHTN85EFR,N458,2021,03,0,0,0,0,0,562
1323222176455,44036LYRFN120FI,7440-50-8,2023,03,0,0,0,0,0,331
1316215489244,91730PRCSN11155,127-18-4,2016,04,0,0,0,0,0,336
1315214065827,07083LCNPW901LE,7440-50-8,2015,06,0,1,1,0,0,331
1324222980702,52553JNMTS1AJIN,N535,2024,05,0,0,0,0,0,325
1316215367881,23168GRYST7992R,N090,2016,04,0,0,0,0,0,332
1318216876072,85281LTTNS1215S,N420,2018,03,0,0,0,0,0,333
1321219956529,52809GHRML7001B,7664-41-7,2021,04,0,1,0,0,0,325
1320219275904,37744TRWNCSNAPP,7440-47-3,2020,04,0,0,0,0,0,333
1315213987757,76011BRRYM3800E,79-01-6,2015,04,0,0,0,0,0,325
1319217671179,1230WFRTTC215TE,N450,2019,04,0,0,0,0,0,325
1315214277042,36105HYNDM7HYUN,110-82-7,2015,05,0,0,0,0,0,336
1314212447472,98108RLMJR8531E,7440-50-8,2014,03,0,0,0,0,0,332
1314212472474,45891FDRLM150FI,N450,2014,03,0,0,0,0,1,339
1316215801212,3707WNVTTC175LD,7439-92-1,2016,03,0,0,0,0,0,336
1321220383792,01757BNJMN49SUM,1330-20-7,2021,04,0,0,0,0,1,325
1319218198707,3760WCRWNL349LA,N982,2019,04,0,0,0,0,0,325
1317215941954,28610CMMSC3642U,N040,2017,04,0,0,0,0,0,335
1314212556043,48220GGPRD625WA,1330-20-7,2014,05,0,0,0,0,0,325
1314212433940,30085DXNDS4925S,N982,2014,04,1,0,0,1,0,332
1315213969076,2965WDRCRL2375H,7440-02-0,2015,03,0,0,0,0,0,332
1317216057087,44024LSTCH160PA,137-26-8,2017,03,0,1,1,0,0,326
1322221232616,24112PNPRD315CA,7439-92-1,2022,02,0,1,0,0,1,321
1320218996573,95340FNLNN455GR,100-42-5,2020,04,0,0,0,0,0,336
1324222855710,19087JHNSN43645,N040,2024,04,0,0,0,0,0,336
1321219676487,48823SPRRB4893D,7440-50-8,2021,05,1,1,1,1,0,331
1321219904568,41018MYRTL1462D,7440-02-0,2021,02,0,0,0,0,0,336
1314212509400,1705WLBRND93AIR,N495,2014,04,1,0,0,0,0,332
1317216005874,77705LNCRP1400O,7664-93-9,2017,07,1,0,1,0,0,325
1321219767807,38108WTCCR1231P,N495,2021,04,0,0,0,0,0,325
1321220544795,17201LXCFR8DEVE,7632-00-0,2021,05,0,0,0,0,0,325
1318219273923,40206RMRFD1200S,7664-41-7,2018,05,1,1,0,1,0,311
1322221025618,94565CRTRN2850W,1313-27-5,2022,05,0,0,0,0,0,325
1323221690062,38555STNPK238PR,7440-48-4,2023,04,0,0,0,0,0,327
1315213604491,5581WCRRSD495MI,108-88-3,2015,04,0,0,0,0,0,336
1320218929267,28315CRLNGSR207,7440-02-0,2020,04,0,0,0,0,0,331
1315213997568,27603DWRDV1900S,7440-47-3,2015,04,0,0,0,0,0,332
1322221401185,37644SNPNTSTATE,7439-96-5,2022,05,0,0,0,0,0,332
1315219435221,30549KBTND11MCC,7440-02-0,2015,03,0,0,0,0,0,333
1324222574105,46714MTLDY131WH,7440-50-8,2024,04,0,0,0,0,0,336
1318217055399,45242CNCNN5901C,7440-48-4,2018,02,0,0,0,0,0,332
1317216021283,14564RDCMX1REDC,7439-92-1,2017,02,0,1,0,0,0,334
1321220127613,56057FBRGL315WI,100-42-5,2021,04,0,0,0,0,0,335
1319217666611,6108WWHLCL29NLC,7440-47-3,2019,04,0,0,0,0,0,335
1319218377644,92663HXSNM829PR,7697-37-2,2019,03,0,0,0,0,0,332
1321219755055,27709SCMMT2601W,N100,2021,06,1,1,1,0,0,331
1315213557287,54901LKSDP450W3,N420,2015,03,0,0,0,0,0,325
1314212378398,73036GMNLC101SW,100-41-4,2014,04,0,0,0,0,0,325
1316215504984,91749CMCCH18383,N230,2016,04,0,0,0,0,0,325
1318217139373,24505GRFFNADAMS,N120,2018,03,0,0,0,0,0,331
1321220153047,72701CMPBL1100W,79-21-0,2021,03,0,0,0,0,0,311
1315213778083,7211WKMBRL5MURP,N230,2015,04,0,0,0,0,0,313
1315214216362,49112MRCRY2528U,7439-97-6,2015,03,0,0,0,0,0,335
1316215588601,13601KNWLT213FA,67-56-1,2016,05,0,0,0,0,0,322
1315213890080,11704PNLWN38PAT,7664-41-7,2015,04,0,0,0,0,0,2211
1318216818310,45040CNCNN75INN,7439-92-1,2018,04,0,0,0,0,0,334
1318217316443,7757WGSNNV185EH,74-85-1,2018,06,0,0,0,0,0,4247
1319217818071,15301DRKNFWESTW,N010,2019,04,1,1,1,0,0,325
1315214279390,27573LSNPC10475,50-00-0,2015,03,1,0,0,1,0,321
1319218466706,07114CHMFL92896,77-73-6,2019,04,0,0,0,0,0,325
1321220477374,43612PRSTR600MA,123-72-8,2021,06,0,0,0,0,0,325
1317216623658,56501TMNDS1551R,7440-50-8,2017,04,0,0,0,0,0,331
1317219408388,2618WHNMTR1HINW,91-20-3,2017,04,0,0,0,0,0,336
1322221278031,72902KFDSNREEDL,79-21-0,2022,03,0,0,0,0,0,311
1316215167863,75006THGLD1900J,4080-31-3,2016,04,0,0,0,0,0,325
1314212610859,18041BRWNP668GR,N230,2014,04,0,0,0,0,0,323
1322220779262,6011WNFDWR338WU,7440-50-8,2022,05,0,0,0,0,0,331
1316215026814,53022CSTMPN118W,100-41-4,2016,04,0,0,0,0,0,325
1323221823659,92707NMLDB401WR,N511,2023,04,1,0,0,1,0,332
1323221982097,44460WRRNM800PE,95-63-6,2023,03,0,0,0,0,0,326
1315213753229,14901KNNDY1021E,N982,2015,04,0,0,0,0,1,331
1317215842067,17066WNSCRUSROU,100-42-5,2017,04,0,0,0,0,0,326
1321219695929,85210PHMNP112WI,7440-50-8,2021,01,0,0,0,0,0,333
1321219702420,19510CNCRPEXCEL,7440-50-8,2021,05,0,0,0,0,0,332
1315214406377,21741RSTLMINTER,108-88-3,2015,05,0,0,0,0,0,325
1315213923939,48057HSPTR4150S,26471-62-5,2015,04,0,0,0,0,0,325
1314212655411,16749QKRSTINTER,N458,2014,01,1,0,0,1,0,324
1316215450089,54487HRLYD426ES,71-36-3,2016,02,0,0,0,0,0,336
1315213959467,13165WRGRC228EA,107-13-1,2015,04,0,0,0,0,0,325
1315213752912,9176WPCFCR1671S,26471-62-5,2015,05,0,0,0,0,0,326
1317216234548,40206RMRFD1200S,7664-41-7,2017,05,1,1,0,1,0,311
1315213984180,05452BMXXX1000R,10028-15-6,2015,01,1,0,0,0,0,334
1319218252070,37167NSSNMNISSA,N982,2019,05,0,0,0,0,0,336
1319218265510,3620WRSPCC37KNI,N090,2019,04,0,0,0,0,0,332
1320219302256,38114CCHRN2227D,67-56-1,2020,05,0,0,0,0,0,325
1320218768226,49423NTRRT1776A,108-88-3,2020,02,0,0,0,0,0,336
1315213624277,07095LCNBL11CRA,N010,2015,03,0,0,0,0,0,332
1317215915543,37914MRCNS2820M,7440-47-3,2017,04,0,0,0,0,0,332
1314212626915,84104TWDMB1847S,7440-47-3,2014,03,1,0,0,1,0,336
1321219647171,14845HRDNG3575O,7439-92-1,2021,02,0,0,0,0,0,333
1314212412415,46131SSXGR3200E,95-63-6,2014,03,0,0,0,0,0,331
1318217245164,95131LMLDS370WT,N511,2018,01,1,0,0,1,0,334
1319218057711,47670TYTMT4000T,7440-47-3,2019,04,0,0,0,0,0,336
1316215066616,4241WJLKCR88SAN,100-42-5,2016,04,0,0,0,0,0,325
1321219738869,32785RMCDVHIGHW,7664-39-3,2021,04,0,0,0,0,0,331
1316215232707,76140MDLND4800E,7440-50-8,2016,05,0,0,0,0,0,331
1319217801113,75119PLYGR3801H,108-88-3,2019,05,0,0,0,0,1,325
1324222422634,31078PLYCR125GN,80-05-7,2024,05,0,0,0,0,0,325
1323222008841,27108WNSBROLDRO,N420,2023,02,1,0,0,0,0,327
1324223071224,5701WMGLNR515NI,100-42-5,2024,05,0,0,0,0,0,326
1317216583144,97321SLMTN33992,7664-39-3,2017,04,0,0,0,0,0,331
1316215756370,17356GNRLD200EH,7440-02-0,2016,03,0,0,0,0,0,336
1317215816671,60007PNRYC1801E,67-56-1,2017,04,0,0,0,0,0,325
1316215588892,52655GNRLL510AG,7440-50-8,2016,05,1,0,0,1,0,335
1319218090936,24112VRGNM300MO,N420,2019,03,0,0,0,0,0,327
1322221150093,55318MCLGH4001P,75-09-2,2022,05,0,0,0,0,0,325
1315213899709,77037BKRHG17015,7439-92-1,2015,02,0,0,0,0,0,333
1314212654178,80110KLPPN2627W,7440-02-0,2014,04,0,0,0,0,0,332
1318217166495,29662QNTMC2GOLD,111-42-2,2018,04,0,0,0,0,0,325
1314212536282,86402NRTHS3000H,N420,2014,01,1,0,0,1,1,331
1319218516882,4680WFRCCL451AI,7440-47-3,2019,03,0,0,0,0,0,336
1314212807440,42029CYMTC2468I,74-85-1,2014,01,0,0,0,0,0,325
1319217894714,74015GRCVR23302,7782-50-5,2019,04,0,0,0,0,0,325
1322221163660,49221MCHGN1336E,7697-37-2,2022,02,0,0,0,0,0,311
1324223044088,4406WDNRTC63TIN,7647-01-0,2024,04,0,0,0,0,0,332
1319217649019,6788WLYSSS795SU,7664-41-7,2019,06,0,0,0,0,0,325
1318216902128,72616TYSNF110WF,7664-41-7,2018,05,1,0,0,1,0,311
1319217984917,7757WGSNNV185EH,74-85-1,2019,06,0,0,0,0,0,4247
1320218648057,37406SYNRC2003A,108-45-2,2020,04,0,0,0,0,0,325
1318216893368,9211WLLMNX52ILL,75-05-8,2018,04,0,0,0,0,0,334
1317216227684,73101CMCRPINTER,107-21-1,2017,01,0,0,0,0,0,333
1322221361468,30701SPRNGNINDU,107-21-1,2022,03,0,0,0,0,0,313
1314212385278,61802GRDNW601GU,N090,2014,04,1,0,0,1,0,336
1314213027980,55330TSCMC12616,7440-02-0,2014,03,0,0,0,0,0,332
1318217335280,67357GRNDV1601S,71-36-3,2018,03,0,1,0,0,0,337
1323222341531,33316KRNKS1010S,111-42-2,2023,04,0,0,0,0,1,324
1314212448637,40214BNKWR5540N,N511,2014,03,1,0,0,1,0,331
1324222592634,3780WSNTRG471PT,N511,2024,07,1,0,1,1,0,325
1324222620270,2323WDPNTT541AR,108-88-3,2024,05,0,0,0,0,0,325
1323221950266,76234MPRLFHWY38,7440-47-3,2023,05,0,0,0,0,0,336
1323221565183,45414MDRNN3337N,N120,2023,05,0,0,0,0,0,326
1319218352983,28208TRNSR4500M,7440-02-0,2019,04,0,0,0,0,0,333
1314213104692,29732MCMTL445BR,N420,2014,01,0,0,0,0,0,332
1314211934967,46224CCLND1400P,115-07-1,2014,04,0,0,0,0,0,4246
1320218967824,53813WSCNS932NO,N511,2020,01,1,0,0,1,0,311
1314212509374,1705WLBRND93AIR,N100,2014,04,1,0,0,0,0,332
1320218626760,46526GSHNR1525S,N982,2020,03,0,0,0,0,0,326
1322220668065,77590DLLSG301DO,7647-01-0,2022,06,0,0,0,0,0,325
1318217450244,74361WLGRF5THHU,N511,2018,08,1,0,1,0,0,325
1318217672296,37644SNPNTSTATE,7440-02-0,2018,05,0,0,0,0,0,332
1315213574926,76044WNLTL121CU,7439-92-1,2015,04,0,0,0,0,0,325
1315213197015,43952BRMCHCOUNT,N010,2015,04,0,0,0,0,0,325
1318218342513,28392CRLNFHWY87,10049-04-4,2018,01,1,0,0,0,0,311
1319218067650,27804LCNCN400JE,7440-66-6,2019,04,0,0,0,0,0,332
1318216709269,19044DNCRP1160E,100-42-5,2018,03,0,0,0,0,0,326
1314212655120,3340WLTCRT6769W,1344-28-1,2014,04,0,0,0,0,0,325
1314211883463,0192WTRNSN1ELEC,7697-37-2,2014,03,0,0,0,0,0,325
1314212574913,87113MTRLN4800A,N420,2014,04,1,1,1,0,0,334
1315214043477,38108QCHMC3324C,7664-41-7,2015,05,0,0,0,0,0,325
1319217801101,75119PLYGR3801H,110-54-3,2019,04,0,0,0,0,0,325
1321220645941,46268LLTTC9200Z,N120,2021,04,0,0,0,0,0,326
1315213851898,68131RBRTS2901C,7697-37-2,2015,04,0,0,0,0,0,311
1316215232265,46628BRNCR2001W,110-82-7,2016,04,0,0,0,0,0,325
1315213587797,34294PRDYN8550U,7439-92-1,2015,03,1,0,0,1,0,334
1316215286042,48453GRPNT63EUC,7439-92-1,2016,02,0,0,0,0,0,336
1316215305158,01720THHRT87HAY,N010,2016,04,0,0,0,0,0,336
1319218212532,37644SNPNTSTATE,7440-47-3,2019,04,0,0,0,0,0,332
1316215477581,26155PPGNDSTATE,7647-01-0,2016,01,1,0,0,1,0,325
1315214102372,43537NTRCN434WD,67-56-1,2015,04,0,0,0,0,0,325
1314212942837,4361WRKRPR491ST,111-42-2,2014,01,0,0,0,0,0,336
1324222515710,55432STYLM6536M,7697-37-2,2024,04,0,0,0,0,0,337
1324222890788,84321LNDHL710NO,128-04-1,2024,04,0,0,0,0,0,334
1319217946969,85281LTTNS1215S,N420,2019,03,0,0,0,0,0,333
1315213785239,50704JHNDR3801W,107-21-1,2015,03,0,0,0,0,0,333
1314212375531,30903CLMBN23COL,7439-97-6,2014,01,1,0,0,1,0,325
1323221563719,1972WCLRWR251ED,7439-96-5,2023,02,0,0,0,0,0,332
1320219079819,7310WCLMTC1427N,7440-47-3,2020,05,0,0,0,0,0,333
1315214230753,08086PNNWLCROWN,75-35-4,2015,05,0,0,0,0,1,325
1315214390938,3002WBXTRH55BAX,79-21-0,2015,01,0,0,0,0,0,325
1319218447415,0680WMMRYC3BERK,N511,2019,03,0,0,0,0,0,339
1321220370617,61834FBRTQ3650S,50-00-0,2021,03,0,0,0,0,0,327
1316215390535,92138NTNLSHARBO,71-36-3,2016,03,0,0,0,0,0,336
1317216279404,95351FSTRF415KA,N511,2017,03,1,0,0,1,0,311
1322221403328,90501CNSYS548AM,7440-47-3,2022,04,0,0,0,0,0,332
1317216245249,46176RYBDC800MA,7440-66-6,2017,05,1,0,0,1,0,331
1318216958696,36193RHMMN2600E,7440-02-0,2018,05,0,0,0,0,1,335
1323221704265,92704PWRCR2645S,N100,2023,05,0,0,0,0,0,334
1323221699907,68131RBRTS2901C,7697-37-2,2023,03,0,0,0,0,0,311
1322220959175,49660MRTNT1806T,N420,2022,02,1,0,0,0,1,311
1320219028990,28392CRLNFHWY87,10049-04-4,2020,01,1,0,0,0,0,311
1319218213852,1409WTRKNC19WAL,7439-92-1,2019,02,0,0,0,0,0,335
1324222501278,8710WDLTGR4521A,7439-92-1,2024,02,0,0,0,0,0,334
1323222354437,98134LSKNC32006,N090,2023,04,0,0,0,0,0,332
1323221825692,29607RYMTL12MCD,N982,2023,04,1,0,0,0,0,332
1318217440775,76710WCCMP32S27,100-42-5,2018,04,0,0,0,0,0,326
1314212792903,1731WCLPNM155PI,100-41-4,2014,05,0,0,0,0,0,2211
1319218199038,07077SHLLL111ST,1330-20-7,2019,07,0,0,0,0,0,4247
1315213670906,75119PLYGR3801H,110-54-3,2015,05,0,0,0,0,0,324
1314212412441,46131SSXGR3200E,1319-77-3,2014,03,0,0,0,0,0,331
1322221487489,30030TLNTM224RI,100-42-5,2022,04,0,0,0,0,0,326
1315213795432,2959WFDRLC831HI,7439-92-1,2015,02,0,0,0,0,0,999
1314212321842,7753WCHNNL117SH,7439-92-1,2014,01,0,0,0,0,1,327
1318216726998,21227DLLPL453AN,N982,2018,04,0,0,0,0,0,325
1317215900150,67801RFFNN500ET,7664-41-7,2017,06,0,0,0,0,0,325
1321219669710,65453BRKPR16MID,7697-37-2,2021,04,0,0,0,0,0,332
1317216373959,76240SPRYL3333N,80-05-7,2017,04,0,0,0,0,0,325
1315214184830,9028WPRKRH11121,N982,2015,03,0,0,0,0,0,326
1315213538527,65536GNRTN901CO,7439-96-5,2015,06,0,0,0,0,0,336
1314212946127,59025DCKRC12LAK,7439-92-1,2014,01,0,0,0,0,0,2121
1322220753937,23834LDNCR16101,7664-41-7,2022,04,0,0,0,0,0,326
1319218160810,55744BLNDN115SW,67-56-1,2019,01,1,0,0,0,0,322
1321220591022,3075WCCLLN1324N,872-50-4,2021,03,0,0,0,0,0,339
1321219987524,16365RXNRD304MA,N230,2021,04,0,0,0,0,0,332
1321221489394,90001LLYSC1960E,7697-37-2,2021,04,0,0,0,0,0,332
1315213925884,80401DLPHC12THF,7664-41-7,2015,05,0,0,0,0,0,3121
1319217799865,74728DMNNCRTE3B,50-00-0,2019,02,1,0,0,1,0,321
1324222588600,48161NRTHS3000E,N090,2024,06,0,0,0,0,1,331
1315214011823,55060TRTHH700WB,7439-92-1,2015,01,0,0,0,0,0,332
1323222013738,53209HYDRP3525W,7440-47-3,2023,04,0,0,0,0,1,332
1324222981033,94565CRTRN2850W,N096,2024,04,0,0,0,0,0,325
1314212309544,30501HRRSC2345M,7440-50-8,2014,04,0,0,0,0,0,333
1316215436344,23602LLDSG615BL,7440-47-3,2016,04,0,0,0,0,0,336
1317215830225,60044JSSPM1701R,110-54-3,2017,04,0,0,0,0,0,313
1323222070955,41042SMTHC8160H,N040,2023,04,0,0,0,0,0,325
1323222059329,6304WPLYDS4285R,N982,2023,04,0,0,0,0,0,325
1319218325254,61834FBRTQ3650S,67-56-1,2019,03,0,0,0,0,0,327
1317216380182,3065WMTCSL1421A,N040,2017,04,0,0,0,0,0,326
1322221249511,13838MPHNL4060D,N100,2022,04,0,0,0,0,0,334
1317216592422,14304THGDY5408B,95-53-4,2017,05,0,0,0,0,0,325
1317215857816,53022CSTMPN118W,100-41-4,2017,04,0,0,0,0,0,325
1319218273492,16749QKRSTINTER,N420,2019,02,1,0,0,1,0,324
1319218273555,16749QKRSTINTER,N982,2019,04,1,0,0,1,0,324
1321219680131,68521MLXNC700KI,N100,2021,06,0,0,0,0,0,334
1314212551004,87124NTLCR4100S,N230,2014,04,0,0,0,0,0,334
1324222760478,80907MNSTN115TA,100-42-5,2024,02,0,0,0,0,0,326
1314212983439,48764TWSPL510IN,N495,2014,04,0,0,0,0,0,332
1316215731163,38965CLTNDHIGHW,7440-02-0,2016,04,0,0,0,0,0,336
1318216878773,31601BYLNR601WI,100-42-5,2018,04,0,0,0,0,0,336
1321220069381,90248NDPND14705,67-56-1,2021,02,0,0,0,0,0,325
1314212475925,84074HNTRP51SEM,N120,2014,06,0,0,0,0,0,326
1322220780757,6570WRCHTC77WHW,108-10-1,2022,03,0,0,0,0,0,332
1324222449922,25703RBRLT2501G,107-21-1,2024,04,0,0,0,0,0,339
1316215588613,13601KNWLT213FA,108-95-2,2016,04,0,0,0,0,0,322
1314212734750,43056RCKWLROUTE,7440-02-0,2014,04,0,0,0,0,0,336
1316215558293,11787GLLLC300MA,7439-92-1,2016,02,0,0,0,0,0,336
1316215442548,2870WVRTQN115VI,67-56-1,2016,03,0,0,0,0,0,333
1315213965041,94621MRCNB7825S,N450,2015,03,1,0,0,1,0,331
1315213968175,35217GLSFR3943V,100-42-5,2015,04,0,0,0,0,0,326
1322220836783,44050NSRVC110CO,7439-92-1,2022,02,0,0,0,0,0,334
1314212579510,98682CNTRL395NE,7439-92-1,2014,03,0,0,0,0,0,334
1315213874605,73143BCHMN2220S,1330-20-7,2015,04,0,0,0,0,0,325
1323221536269,53551TFFYC865ES,100-42-5,2023,04,0,0,0,0,0,326
1315213690478,95052HWLTT5301S,110-86-1,2015,03,0,0,0,0,0,334
1316215689771,76065GFFRDPOBOX,N982,2016,02,0,0,0,0,0,327
1314211914472,62240KMPNPPOBOX,1330-20-7,2014,04,0,0,0,0,0,325
1323221675541,4406WDNRTC63TIN,7647-01-0,2023,04,0,0,0,0,0,332
1321219680117,68521MLXNC700KI,106-94-5,2021,03,0,0,0,0,0,334
1324223215714,33710MLXTC23757,N982,2024,05,0,0,0,0,0,334
1316215036258,02093TLNTC10CUS,7664-41-7,2016,04,0,0,0,0,0,332
1314212971232,24019VFPNC4520E,7440-47-3,2014,03,0,0,0,0,0,332
1315213702499,85282SCNTG77WGE,7697-37-2,2015,03,0,0,0,0,0,332
1322220776835,92649SPDYC5332C,N420,2022,02,0,1,0,0,0,334
1323221550231,01950NNSPC3MALC,N120,2023,05,0,0,0,0,0,325
1320218748022,77656STHHMFM418,110-54-3,2020,06,1,0,1,0,0,325
1315213721018,30217FRNKL266MA,7439-96-5,2015,01,0,0,0,0,1,331
1316215673068,56284STHRNEASTH,191-24-2,2016,01,1,0,0,1,0,311
1314212916326,94538PLXSC40675,N420,2014,03,1,0,0,1,0,334
1317216637823,76067TWSHK201GA,67-56-1,2017,03,0,0,0,0,0,325
1319218395958,38555STNPK238PR,N090,2019,04,0,0,0,0,0,327
1315214146021,36201MNSNT300BI,71-43-2,2015,05,0,0,0,0,0,325
1315214161628,14895LSTMP121SM,7439-96-5,2015,05,0,0,0,0,0,332
1316215159296,30720CPTLD300CR,110-54-3,2016,05,0,0,0,0,0,325
1316215558180,01801FRNCR324NE,127-18-4,2016,03,0,0,0,0,0,332
1319218071316,28001CLLNS313BE,N420,2019,02,1,0,0,1,1,314
1317216591279,75668SCTND3756F,7439-92-1,2017,04,1,0,0,0,0,332
1323221774045,55746LMRDT1414E,7440-50-8,2023,05,0,0,0,0,0,336
1320218865828,50595VNDSTOLDHW,1982-69-0,2020,05,0,0,0,0,0,325
1320219275928,37744TRWNCSNAPP,7439-96-5,2020,04,0,0,0,0,0,333
1324222857789,54840BRNTT11631,N511,2024,04,1,0,0,1,0,311
1320218865766,50595VNDSTOLDHW,67-56-1,2020,04,0,0,0,0,1,325
1323221991680,49660MRTNT1806T,N420,2023,02,0,0,0,0,1,311
1316215382211,77587GLFST300CH,N590,2016,03,0,0,0,0,0,324
1317216245199,46176RYBDC800MA,7439-92-1,2017,04,0,0,0,0,0,331
1314213043983,72209MRNNM11605,95-63-6,2014,05,0,0,0,0,0,325
1316215035609,48060TNDCS24071,7697-37-2,2016,04,0,0,0,0,0,332
1316215131929,06723YLTCR2712S,7440-50-8,2016,04,0,0,0,0,0,332
1317216895502,03304PTCFR509RT,7439-96-5,2017,02,0,1,1,0,0,333
1315213696661,30125SHBYGHWY10,71-36-3,2015,03,0,0,0,0,0,325
1317216013932,02766BBSFN135EH,7439-92-1,2017,04,0,0,0,0,0,331
1314217790803,75607TXSSTOFFHI,74-85-1,2014,05,1,0,1,0,0,325
1316215352459,36467MLDDF2HATT,100-42-5,2016,03,0,0,0,0,0,326
1319217998879,49404RCHST999RA,7697-37-2,2019,03,0,0,0,0,0,311
1321220586806,4832WSHNNN4425P,7440-47-3,2021,04,0,0,0,0,0,332
1324222735944,38930VKNGR561VI,N120,2024,05,0,0,0,0,0,335
1321220513081,9915WCDZDC51NNE,108-95-2,2021,04,0,0,0,0,0,336
1324223163193,6721WCHRMP3939W,7697-37-2,2024,04,0,0,0,0,0,332
1323221630686,37086QLTYN130JO,7440-47-3,2023,01,0,0,0,0,0,336
1324222992176,94566PPLDB655SU,75-05-8,2024,04,0,0,0,0,0,325
1316214948984,14550MRTNS45RIB,7439-97-6,2016,01,0,0,0,0,1,311
1316215530991,12150SCHNC1000M,108-10-1,2016,04,0,0,0,0,0,325
1318216771865,7975WCTLYS11999,108-88-3,2018,04,0,0,0,0,0,325
1315214429262,92841CSTLN761PA,7697-37-2,2015,03,0,0,0,0,0,332
1314213018892,48836THRMFONETH,N010,2014,04,0,0,0,0,0,325
1314213715523,54703HTCHN2435A,N090,2014,03,0,0,0,0,1,334
1317216346991,21720FLTCN12129,67-56-1,2017,03,0,0,0,0,0,313
1314213116167,45817DTRND320SN,117-81-7,2014,03,0,0,0,0,0,326
1314211888882,55350HRCLS35ADA,7697-37-2,2014,03,0,0,0,0,0,311
1314211948310,31601SFTMR711IN,7697-37-2,2014,04,0,0,0,0,0,335
1324222712539,9050WPLYPP365MA,67-56-1,2024,04,0,0,0,0,0,325
1315213624341,07095LCNBL11CRA,71-36-3,2015,04,0,0,0,0,0,332
1320218885008,75006THGLD1900J,107-21-1,2020,04,0,0,0,0,0,325
1315214159838,48030KCJNS321WT,N106,2015,03,0,0,0,0,0,332
1321221498660,1634WWBCND32PRG,7440-50-8,2021,03,0,0,0,0,0,331
1322221275365,9770WSTRRL295NE,1634-04-4,2022,04,0,0,0,0,0,325
1319217839923,48895MNCHS845PR,N120,2019,04,0,0,0,0,0,336
1323221566348,5544WWLMNP92WYM,7439-92-1,2023,03,0,0,0,0,0,339
1314211928078,38555DRBLP137DA,N120,2014,04,0,0,0,0,0,326
1315213238064,28458HSFRF3333H,7664-41-7,2015,04,0,0,0,0,0,311
1323221982123,44460WRRNM800PE,1330-20-7,2023,03,0,0,0,0,0,326
1318217683426,74403FRTHW5600E,N040,2018,03,1,0,0,1,0,322
1323221732478,66105PRCTR1900K,N230,2023,04,0,0,0,0,0,325
1321219934775,06477LGHTS37ROB,7439-97-6,2021,01,0,0,0,0,0,335
1315214124176,02360TCHTC45ALD,N420,2015,02,0,0,0,0,0,332
1322221268081,43612CHMBN6175A,50-00-0,2022,06,1,0,1,0,0,325
1316215573054,44657PCCRF3860U,80-05-7,2016,04,0,0,0,0,0,336
1322221236021,3562WSNPNT18771,7440-02-0,2022,05,0,0,0,0,0,332
1318217033099,61554QKRTS1650S,7439-92-1,2018,01,0,0,0,0,1,322
1322220769463,27542CNSTG621JH,1330-20-7,2022,03,0,0,0,0,0,321
1315213238278,9311WTRSPC6325L,67-56-1,2015,02,0,0,0,0,0,326
1320218870626,3946WCPPLL1912R,8001-58-9,2020,05,0,0,0,0,0,321
1321219944598,44105NRTHC8806C,71-36-3,2021,02,0,0,0,0,0,332
1314212647729,01887SRFCC100EA,108-88-3,2014,06,0,0,0,0,0,325
1324223120662,48084SLZRP1972M,N090,2024,04,1,1,1,0,0,331
1318216983496,16749QKRSTINTER,N590,2018,03,1,0,0,1,0,324
1316215711615,24441RYNLDCAVER,N982,2016,04,0,0,0,0,0,326
1321219646837,45036SCHMD360HA,100-42-5,2021,03,0,0,0,0,0,326
1324222463729,89410RVPCF1198S,7440-66-6,2024,05,0,0,0,0,0,325
1317216281410,06723THWTR114PO,N100,2017,03,1,0,0,0,0,332
1315214187128,80501CRCLG129TH,N230,2015,04,0,0,0,0,0,323
1316214915314,5273WNVBFL56444,67-56-1,2016,05,0,0,0,0,0,324
1322221450632,14502RCHRD3268B,N511,2022,04,0,0,0,0,0,311
1321219910965,43311BLLTC700WL,N420,2021,03,0,1,1,0,0,327
1320218865727,50595VNDSTOLDHW,330-54-1,2020,05,0,0,0,0,0,325
1320219328907,37744BLLZNBALLR,N982,2020,06,1,1,1,1,0,331
1323222241008,53177SCJHN2512W,N230,2023,05,0,0,0,0,0,325
1324222910731,2937WSPCTR228IN,7664-41-7,2024,03,0,0,0,0,0,325
1316214978645,77053CSSPR14211,7440-47-3,2016,04,0,0,0,0,0,333
1314212404230,75160VKSTH17MET,N090,2014,03,0,0,0,0,0,326
1317216425583,42141MKBRK1765C,7440-50-8,2017,05,0,0,0,0,0,336
1320218747994,77656STHHMFM418,91-20-3,2020,05,0,0,0,0,0,325
1316215765379,21741RSTLMINTER,100-41-4,2016,04,0,0,0,0,0,325
1315214272736,40213NTDCT4900C,N495,2015,05,1,1,1,0,0,325
1317216126312,3764WCLRWR151ID,7664-41-7,2017,04,0,0,0,0,0,314
1315214040608,23803PRCNN220SP,110-82-7,2015,04,0,0,0,0,0,313
1314212736843,46312NTNLP4506W,7647-01-0,2014,05,1,0,0,1,0,332
1319218193326,77665MRCHMHWY12,108-39-4,2019,06,0,0,0,0,0,325
1320219015070,01701GNZYM76NEW,107-21-1,2020,05,0,0,0,0,0,325
1315214073847,56073MCMPN1700N,N458,2015,01,0,0,0,0,0,335
1315214217275,3785WCPRST246ST,71-36-3,2015,04,0,0,0,0,0,326
1318216834414,63111RHNPL133EK,63-25-2,2018,05,0,0,0,0,0,325
1322221292776,37087TSHBM1420T,7440-02-0,2022,05,0,1,1,0,0,334
1316215761343,28105RDTRS600RA,75-09-2,2016,05,0,0,0,0,0,325
1318217399601,68107NRTHR3435G,79-21-0,2018,03,0,0,0,0,0,311
1322220915627,6870WWLNDN86WSU,7440-47-3,2022,03,0,0,0,0,0,332
1320219210224,63111RHNPL133EK,63-25-2,2020,05,0,1,0,0,0,325
1317216335190,20707STCST9090W,7664-41-7,2017,05,0,0,0,0,0,311
1321219995584,37167CMBRLONESW,N982,2021,04,0,0,0,0,0,325
1314214388807,15301DRKNFWESTW,N040,2014,05,1,1,1,0,0,325
1321219595648,02766BBSFN135EH,7440-50-8,2021,03,0,0,0,0,0,331
1314212449122,29696JHNSN124LD,N420,2014,06,0,1,0,0,0,326
1314212900094,37644SNPNTSTATE,7440-02-0,2014,05,0,0,0,0,0,332
1315213221233,5707WLMRDT224WE,7440-50-8,2015,05,0,1,1,0,0,336
1322220866863,14304NCTCR40047,79-11-8,2022,05,1,0,1,0,0,325
1314212795900,27409PPGND109PP,N100,2014,03,0,0,0,0,0,325
1314212804520,8523WBHMNT1331W,N982,2014,04,0,0,0,0,0,325
1318216958658,8464WBRNSB38NRT,7439-92-1,2018,04,0,0,0,0,0,332
1316215662836,95351FSTRF415KA,79-21-0,2016,03,0,0,0,0,0,311
1317215971336,36105HYNDM7HYUN,1330-20-7,2017,05,0,0,0,0,0,336
1322221430313,68521MLXNC700KI,N982,2022,06,0,0,0,0,0,334
1321220184016,92649SPDYC5332C,N100,2021,03,0,1,0,0,0,334
1314213026723,9513WNFNTS391N1,7439-92-1,2014,02,0,0,0,0,0,334
1317216592410,14304THGDY5408B,123-31-9,2017,06,0,0,0,0,0,325
1315214089435,65301TYSNF19571,7664-41-7,2015,05,1,0,0,1,0,311
1315214015000,20707STCST9090W,7664-41-7,2015,05,0,0,0,0,0,311
1318216790600,7748WLGCYQ1475A,107-21-1,2018,04,0,0,0,0,0,333
1323221755402,06492BYKCH524SO,1330-20-7,2023,05,0,1,1,0,0,325
1320221547894,33316KRNKS1010S,N590,2020,01,0,0,0,0,1,324
1320219259203,78407JVLNC5314I,115-07-1,2020,05,0,0,0,0,0,325
1324222505380,35801CRFNT2122A,7439-92-1,2024,03,0,0,0,0,0,334
1315213679564,42101BDCMP31WNO,7440-36-0,2015,04,0,0,0,0,0,336
1317216234361,78112CLRWT4420S,100-44-7,2017,05,0,0,0,0,0,325
1316215497482,8943WPPGND5PITT,107-21-1,2016,03,0,0,0,0,0,325
1318218611440,72209TRNRC691IN,N511,2018,01,0,0,0,0,0,311
1323221988621,40210NTDCT1227S,N511,2023,05,1,0,0,1,0,325
1321220420069,4783WVCBRZ1825E,95-63-6,2021,03,0,0,0,0,0,325
1315214384733,9050WPLYPP365MA,75-09-2,2015,04,0,0,0,0,0,325
1319217794938,6412WCSTMT771EC,7439-92-1,2019,03,0,0,0,0,1,333
1320219089339,45241DLTSC11500,1330-20-7,2020,04,0,0,0,0,0,326
1316215364593,16749QKRSTINTER,7647-01-0,2016,03,1,0,0,1,0,324
1314212613640,07304DNLPR400CL,N230,2014,04,0,0,0,0,0,325
1321219950007,91761WMBRR1400S,100-42-5,2021,04,0,0,0,0,0,326
1320219007921,51054TRRNTPORTN,7664-41-7,2020,08,1,0,1,0,0,325
1314212454957,21742PHNXC18249,N230,2014,03,0,0,0,0,0,323
1320218575987,07111RCHRD517LY,7440-50-8,2020,07,0,1,1,0,0,999
1319218198808,07077SHLLL111ST,98-82-8,2019,05,0,0,0,0,0,4247
1322221339928,45750FRMSCMILLC,7439-96-5,2022,04,0,0,0,0,0,333
1324222825046,92634KYNRM800SS,7440-47-3,2024,04,0,0,0,0,0,332
1319217753363,32672MRTNM498OA,7439-92-1,2019,03,0,0,0,0,0,334
1321220454716,1630WWBCND363SE,7440-47-3,2021,04,0,0,0,0,0,331
1317216607364,95023PCFCP2340B,107-21-1,2017,04,0,0,0,0,0,325
1318217298518,67357PRSNS3333M,127-18-4,2018,03,0,0,0,0,0,336
1321220145419,30014NSSHN14381,7440-50-8,2021,04,0,0,0,0,0,336
1317216433730,38109BRMNG3601P,N090,2017,04,0,0,0,0,1,331
1322221048073,15857PWDRM879WA,7440-50-8,2022,04,0,0,0,0,0,332
1320221484292,21921CLNLM505BL,N495,2020,03,1,0,0,1,0,325
1314212828242,6143WBRNCH52SEI,N100,2014,03,0,0,0,0,0,331
1317216329538,92570TCHLL2500A,7440-50-8,2017,03,0,0,0,0,0,331
1321221498355,1634WWBCND32PRG,7440-47-3,2021,03,0,0,0,0,0,331
1324222436267,54153CRSRS205CH,100-42-5,2024,03,0,0,0,0,0,336
1314212872725,15412MRCNR2WHEE,7782-50-5,2014,01,1,0,0,1,0,325
1315213624265,07095LCNBL11CRA,95-63-6,2015,04,0,0,0,0,0,332
1315214214544,49093DYNTR111DA,108-88-3,2015,04,0,0,0,0,0,326
1316215394901,37744BLLZNBALLR,N495,2016,03,1,0,1,1,0,331
1317216582282,94555SCNTF6550D,7439-92-1,2017,01,0,0,0,0,0,334
1321220443218,30721MRCHM115AB,N090,2021,05,0,0,0,0,0,325
1314212407643,32678DLTLBCR326,108-88-3,2014,05,0,0,0,0,0,325
1317216438919,47170MLTCLHWY31,872-50-4,2017,04,0,0,0,0,0,323
1316215120344,45242STLCR9017B,78-92-2,2016,04,0,0,0,0,0,332
1317215977556,48103THTFR7101J,67-56-1,2017,04,0,0,0,0,0,325
1323221649510,15857CRBNC150FO,7440-02-0,2023,03,0,0,0,0,0,332
1323221654407,3760WLPNCX56TWI,100-42-5,2023,05,0,1,0,0,0,326
1316215161732,46377PRDGN23326,108-10-1,2016,03,0,0,0,0,0,323
1324222410490,53214RBPCH150SO,N230,2024,04,0,0,0,0,0,325
1322220830234,0382WTRBCM38RED,N495,2022,04,0,0,0,0,0,332
1323222182610,3101WSTLLJ35PAT,N150,2023,17,0,0,0,0,1,321
1318216923058,14048RLSTN3800M,N982,2018,05,0,0,0,0,0,311
1324223038757,61455NTNBW711NO,7664-41-7,2024,03,0,0,0,0,0,332
1321219452962,0192WTRNSN1ELEC,7664-39-3,2021,04,0,1,1,0,0,325
1321219900317,4470WRMTTN1935W,7429-90-5,2021,04,1,0,0,1,0,331
1314212811350,77532KMCNC16503,107-21-1,2014,07,1,0,1,1,0,325
1316215397047,14214WLLMS2978M,7697-37-2,2016,05,0,0,0,0,0,331
1317216227987,53212JHNSN900EK,7439-92-1,2017,05,0,0,0,0,0,335
1320218632560,46550NWMRC355ND,1330-20-7,2020,03,0,0,0,0,0,336
1315213564471,23832LLDSGEXIT5,76-13-1,2015,05,0,0,0,0,0,325
1322220680033,02763MTFBN332JO,7440-47-3,2022,03,0,0,0,0,0,332
1318217469509,02895TCHNC300PA,50-00-0,2018,03,0,0,0,0,0,331
1324222750236,75051LTVRS1701W,7440-47-3,2024,04,0,0,0,0,0,336
1317216482075,6304WPLYDS4285R,N100,2017,05,0,0,0,0,0,325
1324222535229,14048RLSTN3800M,N982,2024,05,0,0,0,0,0,311
1316215497468,93706CRGLL3115S,7664-41-7,2016,04,0,0,0,0,0,311
1320219145291,4804WZFMRY29BUS,7664-41-7,2020,03,0,0,0,0,0,336
1323221769971,3562WSNPNT18771,7440-50-8,2023,03,0,0,0,0,0,332
1321220274120,1511WHLTCM76BRA,7439-96-5,2021,05,0,0,0,0,0,332
1316215579867,14304THGDY5408B,62-53-3,2016,05,0,0,0,0,0,325
1317215867894,44062MDDLF15815,N511,2017,04,1,0,0,1,0,311
1314212482513,75606STMCN300IN,N982,2014,04,0,0,0,0,0,336
1317216290369,29445KMRCH1514B,7664-41-7,2017,03,0,0,0,0,0,325
1315214240398,14304THGDY5408B,95-47-6,2015,05,0,0,0,0,0,325
1323221648633,25703RBRLT2501G,107-21-1,2023,04,0,0,0,0,0,339
1323221758853,61364WNSLL901NS,N420,2023,03,1,0,0,0,0,327
1315214117867,45891FDRLM150FI,67-56-1,2015,03,0,0,0,0,0,339
1315214154320,77380SGMGN9186S,75-05-8,2015,05,0,0,0,0,0,325
1321219456112,14120NCRND100ME,100-42-5,2021,04,0,0,0,0,0,326
1321220041964,50595VNDSTOLDHW,21087-64-9,2021,05,0,0,0,0,0,325
1316215175718,07114RHSKR131MA,N495,2016,04,0,0,0,0,0,311
1315214331338,00804SSSTTCYRIL,71-43-2,2015,04,0,0,0,0,0,4247
1315214264335,54307FRTHW1919S,N590,2015,02,1,0,0,1,0,322
1323221899281,6811WQNGLB571FS,110-54-3,2023,03,0,0,0,0,0,325
1315213885371,24084TRMSY320NE,N120,2015,04,0,0,0,0,0,336
1318217181460,77017MBLCH9822L,108-88-3,2018,04,1,0,0,1,0,325
1316215205461,5061WWLSRN71CHA,7440-47-3,2016,05,0,0,0,0,0,332
1318218456135,4524WWNCMN11444,7632-00-0,2018,03,0,0,0,0,1,325
1324222987051,45212MSCNC2909H,71-43-2,2024,04,0,1,1,0,0,4246
1323222112447,36105HGRHN150FO,N495,2023,04,0,0,0,0,0,332
1321220279968,7505WSFTYT92WCA,100-42-5,2021,04,0,0,0,0,0,326
1320219029004,28392CRLNFHWY87,7783-06-4,2020,02,1,0,0,1,0,311
1321219758202,44202MCRMR1395D,N982,2021,04,0,0,0,0,0,325
1314214004780,37055WBSHLSOUTH,N982,2014,06,1,0,1,0,0,331
1320219275854,37744TRWNCSNAPP,1330-20-7,2020,04,0,1,0,0,0,333
1323221772635,5240WBSYST78256,7439-92-1,2023,02,0,0,0,0,0,334
1319217718550,54901LKSDP450W3,N420,2019,03,0,0,0,0,0,325
1315213716032,84087CRYSN2355S,71-43-2,2015,04,1,0,1,0,0,324
1315214032334,61821HDSNT342NM,306-83-2,2015,05,0,0,0,0,0,325
1321219479211,30030TLNTM224RI,100-42-5,2021,04,0,0,0,0,0,326
1323221758042,00613RSTNDROUTE,7440-50-8,2023,04,0,0,0,0,0,335
1322220831655,6672WHLNDS3928R,108-88-3,2022,02,0,0,0,0,0,337
1316215006533,56258HRLSY64WER,7439-92-1,2016,02,0,0,0,0,0,334
1320218704296,7603WTRCHM26NCR,N230,2020,04,0,0,0,0,0,4246
1319218261927,06354GRSWL1RIVE,N590,2019,02,1,0,0,1,1,326
1319218456212,4524WWNCMN11444,7632-00-0,2019,03,0,0,0,0,1,325
1319218496750,45309MCGRG365CA,7439-92-1,2019,03,0,1,0,0,0,334
1323222349502,30269HSHZK618HW,7439-96-5,2023,04,0,0,0,0,0,333
1323222376156,5710WRVNND111WA,N420,2023,01,0,0,0,0,0,334
1315214422610,44107NNCRB11709,N511,2015,05,1,0,0,1,0,335
1314212472486,45891FDRLM150FI,67-56-1,2014,03,0,0,0,0,0,339
1315213685732,45856PRTCC5000C,N982,2015,04,1,0,0,1,1,332
1317216402584,82701WYMNG740WE,98-82-8,2017,04,1,0,0,0,1,324
1315214180604,24540DNRVRSTATE,110-82-7,2015,04,0,0,0,0,0,325
1315214339210,5061WWLSRN71CHA,7439-96-5,2015,04,0,0,0,0,0,332
1320218973283,15145STLDN200BR,7440-02-0,2020,06,0,0,0,0,0,332
1319218532265,18017NTNLM1210W,N495,2019,03,0,0,0,0,0,327
1323221682483,45503SKLLY318EA,91-20-3,2023,02,0,0,0,0,0,331
1320219362047,55440HNYWL2600R,79-01-6,2020,04,0,0,0,0,0,334
1314212469656,10702GRPHT1050N,7440-50-8,2014,04,0,0,0,0,0,335
1324222848549,3762WTRCTY161AR,N090,2024,02,0,0,0,0,1,331
1316215523251,17516TRKYHRD2BO,7697-37-2,2016,03,0,0,0,0,0,311
1315214464529,91355NVCPX25111,N420,2015,02,0,0,0,0,0,334
1314212450795,30103LGCHM31LGD,100-42-5,2014,04,0,0,0,0,0,325
1320219171485,44720DBLDN5571G,N120,2020,04,0,0,0,0,0,999
1317216307708,35007VNTPL700IN,67-66-3,2017,04,0,0,0,0,0,325
1314212797967,36207NRTHM106NA,108-88-3,2014,04,0,0,0,0,0,336
1314212489064,32905FRRSR2210W,110-54-3,2014,04,0,0,0,0,0,325
1323221628035,17557BRKTK132WH,N982,2023,04,0,0,0,0,0,331
1316215060260,55044TMTDS2777K,7439-92-1,2016,02,0,0,0,0,0,334
1315213984255,53022ZNTHSN112W,7440-50-8,2015,05,0,0,0,0,0,332
1321220087934,91331MCPRD12306,N230,2021,05,0,0,0,0,1,325
1315214245971,89015THTCH7300L,7782-50-5,2015,05,0,1,0,0,0,325
1322220711978,14218SPRKC33SPA,7439-92-1,2022,03,0,0,0,0,0,334
1314212703728,40403MTRWHGLADE,7440-02-0,2014,04,0,0,0,0,0,332
1322221210800,47374BLDNW350NO,N010,2022,05,0,0,0,0,0,331
1316214941609,55746LMRDT1414E,7440-50-8,2016,05,0,1,1,0,0,336
1314213039581,85281MCRRL2434W,7439-92-1,2014,02,0,0,0,0,0,334
1319218069413,9530WBRBSC22EGR,91-20-3,2019,01,0,0,0,0,0,337
1315214161604,14895LSTMP121SM,7440-50-8,2015,05,0,0,0,0,0,332
1316215155755,14304VSHYT2160L,7439-92-1,2016,02,0,0,0,0,0,334
1322220683078,55746LMRDT1414E,7440-50-8,2022,05,0,0,0,0,0,336
1323221664016,85210PHMNP112WI,7440-02-0,2023,01,0,0,0,0,0,333
1321219967270,77061LMNSG7300A,7440-02-0,2021,03,0,0,0,0,0,332
1323221803164,42129SMTML687IN,7440-22-4,2023,04,0,0,0,0,0,334
1314212374817,54162CRVRBINDUS,100-42-5,2014,04,0,0,0,0,0,336
1323221565334,37043SPXCN901AL,7440-66-6,2023,05,0,1,0,0,0,331
1322220718910,3001WPRMRS2291P,84-74-2,2022,04,0,0,0,0,0,325
1315214247254,06095WNDSR169OL,7440-47-3,2015,04,0,0,0,0,0,336
1314212846430,28052FRGHT1400T,7440-47-3,2014,04,0,0,0,0,0,336
1317218606857,05301FLFLXPUTNE,191-24-2,2017,01,0,0,0,0,1,326
1316214964708,24244TMPRP4700B,26471-62-5,2016,05,0,0,0,0,0,337
1319217841408,4816WHNRBC3SHIL,7664-93-9,2019,02,0,0,0,0,0,332
1320219112327,06492BYKCH524SO,1330-20-7,2020,05,0,1,1,0,0,325
1315214161770,21720FLTCN12129,67-56-1,2015,04,0,0,0,0,0,313
1319218258299,77630JMHBRFM736,463-58-1,2019,02,1,0,0,1,0,325
1314212390468,06492CYRNDSOUTH,80-62-6,2014,06,0,0,0,0,0,325
1320219126099,8504WRSTLM321S5,N230,2020,03,0,0,0,0,0,325
1323221806449,71360DRWDTWADLE,87-86-5,2023,04,0,0,0,0,0,321
1318217400934,4484WJHNSM49LCK,N982,2018,04,0,0,0,0,0,326
1314212383323,08066DPNCX2000N,107-21-1,2014,04,0,0,0,0,0,325
1315213570676,5635WPRLNT11EAS,7697-37-2,2015,03,0,0,0,0,0,311
1315214136208,23168GRYST7992R,N090,2015,04,0,0,0,0,0,332
1320218726230,01507NCMNCRT169,N420,2020,03,0,0,0,0,0,327
1315218160327,55112CRDCP4100H,N450,2015,04,0,0,0,0,0,334
1323221947981,28134RTLND9635I,117-81-7,2023,05,0,1,0,0,1,325
1324222585770,37873PCLCN306GE,7440-66-6,2024,04,0,0,0,0,1,323
1319218082764,9530WBRBSC22EGR,MIXTURE,2019,01,0,0,0,0,0,337
1315213975802,16511LKRBF167EL,67-56-1,2015,06,0,0,0,0,0,325
1317215909577,29526HNYWL440AL,N096,2017,04,0,1,0,0,0,332
1314212368548,07470NRTNC150DE,7697-37-2,2014,03,0,0,0,0,0,326
1316215066022,4589WVHCPR6793U,7664-41-7,2016,04,0,0,0,0,0,311
1314212439323,32254NRGBR5510W,N120,2014,05,0,0,0,0,0,326
1318216770281,07114SHMRCFTFPA,N230,2018,04,0,0,0,0,0,325
1322220660118,48084SLZRP1972M,N090,2022,04,1,1,1,0,0,331
1316215701261,13021GLDSP1GOUL,7439-96-5,2016,04,0,0,0,0,0,333
1314212428041,7609WSTHLK1968B,N511,2014,03,0,0,0,0,0,327
1314212478186,0098WPPGRC63FER,100-41-4,2014,04,0,0,0,0,0,325
1322220648683,06002SCHRR40EAS,108-88-3,2022,03,0,0,0,0,0,322
1318216911558,97116TKTRN1521P,N420,2018,02,1,0,0,1,0,334
1316215115801,03103SNMNC140AB,7439-92-1,2016,03,0,0,0,0,0,334
1320218833731,44203MLCPR361FA,92-52-4,2020,04,0,0,0,0,0,325
1315213197041,43952BRMCHCOUNT,N420,2015,04,0,1,1,0,0,325
1320218906358,48441THNTR30BUE,50-00-0,2020,02,1,0,0,1,0,325
1316215216716,0276WDSTRN87JHN,N420,2016,02,0,0,0,0,0,334
1321220142160,77656STHHMFM418,71-43-2,2021,05,1,0,1,0,0,325
1320219374802,91746LGHTM13329,7440-47-3,2020,03,0,0,0,0,1,331
1320221547870,33316KRNKS1010S,98-82-8,2020,02,0,0,0,0,1,324
1320219132762,55901STFFR24027,7697-37-2,2020,04,0,0,0,0,0,311
1322221222704,3769WKYCRP146CU,7439-96-5,2022,03,0,0,0,0,0,332
1315214387122,19087JHNSN43645,N040,2015,04,0,0,0,0,0,336
1322221340680,7754WCRTVF698MI,88-06-2,2022,06,1,0,0,1,0,325
1324223229459,47670TYTMT4000T,N495,2024,04,0,0,0,0,0,336
1314212688218,15238CHSCR128FI,1330-20-7,2014,01,0,1,0,0,0,325
1315214390650,1462WJFFRS135JE,7439-92-1,2015,03,0,0,0,0,0,334
1317216295105,89431SRRCH2302L,7782-50-5,2017,04,0,0,0,0,0,4246
1314212620429,03053CYTYC2PREI,67-56-1,2014,05,0,0,0,0,0,325
1316215253360,45502NVSTR6125U,N230,2016,04,0,0,0,0,0,336
1314212516696,18707NSNNG71CRE,7440-48-4,2014,04,0,0,0,0,0,336
1315213682242,06111CMPNN68HOL,7440-02-0,2015,04,0,0,0,0,0,332
1316215523491,46220THRMS5101E,80-62-6,2016,03,0,0,0,0,0,325
1322221275264,60103FLXNC300ED,106-94-5,2022,04,0,0,0,0,0,332
1315213588270,18051KRFTNPOBOX,7697-37-2,2015,04,0,0,0,0,0,311
1315214218796,4942WJHNSN7WEST,7440-50-8,2015,04,0,0,0,0,0,335
1316215044138,60007PNRYC1801E,108-88-3,2016,04,0,0,0,0,0,325
1319217709601,02703CHMTC52GAR,7697-37-2,2019,05,0,0,0,0,0,332
1318217547431,28052FRGHT1400T,N982,2018,01,0,0,0,0,0,336
1315214331377,00965SSCTBSTATE,110-82-7,2015,06,0,0,0,0,0,4247
1319218238335,61911SCHRC217SO,71-36-3,2019,03,0,0,0,0,0,337
1319218574263,73505RPBLC881SW,N511,2019,04,1,0,0,1,0,322
1322220999609,35805VXLCT4807B,7439-92-1,2022,02,0,0,0,0,0,334
1321219601782,38126FRRLL221EC,1330-20-7,2021,04,0,0,0,0,0,325
1322221261718,54840PRKRH533NO,7439-96-5,2022,04,1,0,0,1,0,332
1318217079538,06354GRSWL1RIVE,191-24-2,2018,01,1,0,0,1,0,326
1321220153795,94565CRTRN2850W,7697-37-2,2021,04,0,0,0,0,0,325
1319219028279,0150WNCMNC242ST,N420,2019,02,0,0,0,0,0,327
1320219033495,79556NTDST1USGR,N420,2020,03,0,0,0,0,1,327
1321220143919,97077TKTRN13700,7439-92-1,2021,02,0,0,0,0,0,334
1322221207071,83303MLGMTPOBOX,N420,2022,02,1,0,0,1,0,311
1320219504925,7730WJYTMR3575P,N420,2020,05,0,0,0,0,1,332
1322221073733,98168FRWST4522S,1330-20-7,2022,03,0,0,0,0,0,325
1315214250312,1996WBLTMR1162H,N495,2015,04,0,0,0,0,0,333
1316215505049,91749CMCCH18383,79-21-0,2016,04,1,0,0,0,0,325
1315213690466,95052HWLTT5301S,75-05-8,2015,04,0,0,0,0,0,334
1320218684633,3378WQWRXX14566,100-42-5,2020,03,0,0,0,0,0,326
1315213701612,55369CRMTR325HW,1330-20-7,2015,04,0,0,0,0,0,325
1315213629619,46131KYBND2525N,N090,2015,05,1,0,0,1,1,336
1315214343295,84302MRTNT250AM,N100,2015,05,0,0,0,0,0,336
1318217541770,14304NRTNW6600W,7697-37-2,2018,04,0,1,0,0,0,327
1316215505064,91749CMCCH18383,7664-41-7,2016,03,0,0,0,0,0,325
1321220164394,27804LCNCN400JE,7440-66-6,2021,04,0,0,0,0,0,332
1323221606609,65340CNGRF253WE,7697-37-2,2023,04,0,0,0,0,0,311
1319218215756,37873PCLCN306GE,N982,2019,02,0,0,0,0,0,323
1315213731401,29706SPCLT869OL,80-62-6,2015,05,0,0,0,0,0,325
1314212803605,77630NVSTS355AF,92-52-4,2014,03,1,0,0,1,0,325
1316215044076,60007PNRYC1801E,95-63-6,2016,03,0,0,0,0,1,325
1320218747929,77656STHHMFM418,7440-47-3,2020,01,0,0,0,0,0,325
1322220712273,31503CRLNS3231F,100-42-5,2022,05,0,0,0,0,0,336
1318216782019,47112HDSNF545VA,79-21-0,2018,02,0,0,0,0,0,311
1321219699321,45502NVSTR6125U,95-63-6,2021,03,0,0,0,0,0,336
1314213045469,97030LSLGC23400,7664-41-7,2014,03,0,0,0,0,0,334
1320219129549,67401MCSHR1835E,94-36-0,2020,05,0,1,1,0,0,311
1323222284705,7757WGSNNV185EH,115-07-1,2023,04,0,0,0,0,0,4247
1320219336094,43015PPGND760PI,N420,2020,01,0,0,0,0,0,325
1314214247278,06095WNDSR169OL,7440-47-3,2014,04,0,0,0,0,0,336
1314214069837,17516TRKYHRD2BO,N511,2014,03,1,0,0,1,0,311
1316215626716,66115CRTNT103FU,N420,2016,01,1,0,0,1,1,327
1316215044239,60090SPCKG440DE,1330-20-7,2016,04,0,0,0,0,0,325
1320218599013,63936WWWDP1182L,1330-20-7,2020,03,0,0,0,0,0,337
1322220875595,28677KWNSC2700W,85-44-9,2022,04,0,0,0,0,0,337
1322220925693,53950WLKRS625ST,7439-96-5,2022,05,0,0,0,0,0,332
1323221769995,3562WSNPNT18771,7439-96-5,2023,03,0,0,0,0,0,332
1314212362115,18705NTRMT1101N,N450,2014,03,0,0,0,0,0,332
1323221625546,45216FRSFR110EA,75-07-0,2023,04,0,0,0,0,0,311
1322221284197,42071PLLCR37PEL,100-42-5,2022,04,0,0,0,0,0,326
1316216622415,98270RCLLN12806,108-95-2,2016,04,0,0,0,0,0,336
1323222386765,54701WRRNV5200S,106-94-5,2023,04,0,0,0,0,0,562
1319218071280,28001CLLNS313BE,N090,2019,01,0,0,0,0,0,314
1319218464903,3886WGNRLT112BR,7439-92-1,2019,03,0,0,0,0,0,335
1315213906985,38113CRGLL2330B,7439-92-1,2015,01,1,0,0,1,1,311
1316215023502,73036GMNLC101SW,108-88-3,2016,05,0,0,0,0,0,325
1314212500399,37312SCHLL4207M,N982,2014,05,0,0,0,0,0,325
1316215328687,36105HYNDM7HYUN,67-56-1,2016,04,0,0,0,0,0,336
1316215615345,93707PBDYF2494S,7440-47-3,2016,04,0,0,0,0,0,333
1316215197056,20707STCST9090W,7664-41-7,2016,05,0,0,0,0,0,311
1315213792690,30085DXNDS4925S,N982,2015,04,1,0,0,1,0,332
1315213805993,40403MTRWHGLADE,7439-96-5,2015,05,0,0,0,0,0,332
1316215136146,18707NSNNG71CRE,7440-47-3,2016,05,0,0,0,0,0,336
1317216209635,30643MNRTQ200MC,N090,2017,04,0,0,0,0,0,336
1318216958684,36193RHMMN2600E,7439-96-5,2018,06,0,0,0,0,1,335
1315214264309,54307FRTHW1919S,N495,2015,03,1,0,0,1,0,322
1314213000502,63111RHNPL133EK,63-25-2,2014,05,0,0,0,0,0,325
1317216458897,49518WSTNG43003,7440-47-3,2017,03,0,0,0,0,1,337
1324223047364,77905NVSTS2695L,N982,2024,05,1,0,0,1,0,325
1315214308494,7560WMNNDS16LTR,1330-20-7,2015,04,0,0,0,0,0,325
1316215445735,17981DYTNS55NPI,7439-96-5,2016,04,0,0,0,0,0,332
1318217000102,36105HYNDM7HYUN,71-36-3,2018,04,0,0,0,0,0,336
1317216583171,97321SLMTN33992,7697-37-2,2017,04,0,0,0,0,0,331
1319218036097,28704DYNTR95GLE,108-88-3,2019,05,0,0,0,0,0,326
1319217942301,55069LNDLK404EA,N982,2019,05,0,0,0,0,0,311
1322220991665,72206WLSPN931FR,1344-28-1,2022,04,0,0,0,0,0,331
1321220442230,48057HSPTR4150S,108-88-3,2021,02,0,0,0,0,0,325
1314212590020,46221NTNLS1515D,75-56-9,2014,05,0,0,0,0,0,311
1321219742780,23836KTNGR833LI,N100,2021,04,1,0,0,1,1,332
1321219621950,92704LMNMP2621S,7440-50-8,2021,03,0,0,0,0,0,332
1318216849051,44062MDDLF15815,N511,2018,03,1,0,0,1,0,311
1317216309233,4524WGRLLG215EK,N120,2017,05,0,0,0,0,0,4246
1320218702645,47374BLDNW350NO,N982,2020,04,0,0,0,0,0,331
1321220464109,78343CLNSNONEMI,N120,2021,02,0,0,0,0,0,325
1321219923695,44036LYRFN120FI,7440-02-0,2021,03,0,0,0,0,0,331
1323221641905,9211WLLMNX52ILL,75-09-2,2023,04,0,0,0,0,0,334
1322221400765,65440BCKSMHIGHW,N420,2022,09,1,0,1,0,0,331
1323221695909,4563WMRCSS925CU,100-41-4,2023,05,0,0,0,0,0,325
1315213945619,72209MRNNM11605,71-36-3,2015,05,0,0,0,0,0,325
1317216335152,52627CHVRN1800S,121-75-5,2017,04,0,0,0,0,0,325
1318217022615,7704WPGNTR1611V,7440-47-3,2018,04,0,1,1,0,0,332
1314212826022,36582MTSBS7800M,7664-41-7,2014,03,0,0,0,0,0,331
1314212714479,83276NWSTN3010C,7664-41-7,2014,06,0,0,0,0,0,325
1314212522609,60481DWCHM91EKA,N120,2014,06,0,0,0,0,0,325
1318216923401,44203MLCPR361FA,N230,2018,04,0,0,0,0,0,325
1318217018961,77340GRDNRHWY75,N420,2018,01,0,0,0,0,0,327
1314212450579,03055HNDRXOLDWI,98-86-2,2014,04,0,1,0,1,0,335
1315215441256,44004MLDDF1601W,100-42-5,2015,05,0,0,0,0,0,326
1314212991350,9175WGSPLY3687B,N120,2014,04,0,0,0,0,0,325
1315213926847,91006NMLDB36LAP,7697-37-2,2015,04,0,0,0,0,0,332
1316214897365,55350HRCLS35ADA,7664-41-7,2016,04,0,0,0,0,0,311
1323222386221,89801PHMNP5244E,7439-96-5,2023,05,0,0,0,0,0,333
1322220645269,19134PHLDLAMBER,N420,2022,01,0,0,0,0,0,332
1316215629801,30240NTRFCORCHA,N420,2016,02,0,0,0,0,1,314
1316215139635,60072HNTSM5015B,N120,2016,05,0,0,0,0,0,325
1317219407020,78407JVLNC5314I,74-85-1,2017,05,0,0,0,0,0,325
1315213857396,13760NDCTT1701N,107-21-1,2015,03,0,0,0,0,0,334
1324222774592,4614WFKTYT599NL,7439-96-5,2024,04,0,0,0,0,0,336
1315213581578,28610CMMSC3642U,N010,2015,04,0,0,0,0,0,335
1317219407057,78407JVLNC5314I,67-56-1,2017,04,0,0,0,0,0,325
1316215198399,47170MLTCLHWY31,108-88-3,2016,04,0,0,0,0,0,323
1314212516708,18707NSNNG71CRE,7440-02-0,2014,05,0,0,0,0,0,336
1316214979635,42302WNSBR719EA,N420,2016,01,1,0,0,0,0,311
1314211902162,75160MDXNC201SK,95-63-6,2014,03,0,0,0,0,0,337
1314213221411,45231PRKWY10293,101-14-4,2014,03,0,0,0,0,0,326
1316215253257,46515HRMSL1101L,7439-97-6,2016,03,0,0,0,0,0,335
1314212584748,5860WWRTHN1796S,1330-20-7,2014,03,0,0,0,0,0,332
1320218668111,77507NSSNC12330,67-56-1,2020,04,0,0,0,0,0,325
1315213895586,1091WRCNTR1RITA,7440-50-8,2015,04,0,0,0,0,0,333
1318217026335,93707PBDYF2494S,7440-47-3,2018,04,0,0,0,0,0,333
1319217786906,1907WDVSVS385WE,7439-92-1,2019,02,0,0,0,0,0,339
1315214046169,42101CLTND1801R,7439-92-1,2015,01,0,0,0,0,1,336
1322221025998,29834VLCHMCARLI,1330-20-7,2022,05,0,0,0,0,0,325
1315214113476,83639GSTFSBRUNE,118-74-1,2015,01,0,0,0,0,1,325
1323221624505,7270WDLTGR3115W,7439-92-1,2023,02,0,0,0,0,0,334
1316216622391,9915WCDZDC51NNE,50-00-0,2016,03,0,0,0,0,0,336
1315213776990,55075VNHVN505HA,7664-41-7,2015,01,1,0,0,1,0,311
1314213002138,4411WFLWPL17STC,137-26-8,2014,04,0,0,0,0,0,325
1314212407617,32678DLTLBCR326,67-56-1,2014,04,0,0,0,0,0,325
1320218672970,95824SLGNC6200F,108-10-1,2020,03,0,0,0,0,0,332
1320218964575,28134RTLND9635I,117-81-7,2020,05,0,1,0,0,1,325
1317218150694,48909JTDXX5300A,7697-37-2,2017,04,0,0,0,0,0,336
1314212428229,53573WSCNS810NE,N090,2014,05,1,0,0,1,0,332
1319218032567,56352KRFTN1000E,7697-37-2,2019,03,0,0,0,0,0,311
1324222612158,07005RFLLC353PO,7439-92-1,2024,02,0,0,0,0,0,335
1324222615597,3802WDVLYM1845M,7697-37-2,2024,03,0,0,0,0,0,311
1315214277156,36105HYNDM7HYUN,108-88-3,2015,05,0,0,0,0,0,336
1322220870479,35403PHFRW4400K,127-18-4,2022,03,0,0,0,0,0,313
1316215179223,11235SCNTF13NEP,7439-92-1,2016,01,0,0,0,0,0,334
1319217607062,49424RQSTF3460J,7664-41-7,2019,05,0,0,0,0,0,311
1319217908553,35565FNTNTOLDDE,1330-20-7,2019,04,0,0,0,0,0,336
1319218399640,98134LSKNC32006,N100,2019,04,0,0,0,0,0,332
1324222426557,07114GJCHM37037,79-10-7,2024,05,0,0,0,0,0,4246
1314213018928,32674MRGNC1701S,7440-50-8,2014,03,0,0,0,0,0,336
1319217726710,31516SNDNC6131S,100-42-5,2019,04,0,0,0,0,0,326
1322220865303,60609CDPRD6W41S,50-00-0,2022,04,1,0,1,0,0,4246
1321220420071,4783WVCBRZ1825E,N230,2021,04,0,0,0,0,0,325
1322220991677,72206WLSPN931FR,N450,2022,04,0,0,0,0,0,331
1315213564533,4953WPLSNC3195W,N230,2015,03,0,0,0,0,0,336
1323221948540,7406WQKWTR8939W,7440-47-3,2023,03,0,0,0,0,0,333
1321220142931,45030RTGRS10740,1330-20-7,2021,05,0,0,0,0,0,325
1322220636258,90505GLBLC23155,872-50-4,2022,03,0,0,0,0,0,334
1320218820189,33534NWNGC12949,N458,2020,02,0,0,0,0,1,327
1322220904902,86004RLSTN4700E,N100,2022,02,0,0,0,0,0,311
1323221558885,02860CLYNC50EST,N420,2023,01,0,0,0,0,0,313
1324222829400,21701MCCRM7202M,107-21-1,2024,04,0,0,0,0,0,325
1319218617621,01821MRCNS829MI,N420,2019,04,0,0,0,0,0,334
1320219261310,5223WHWKYR134HA,N420,2020,01,0,0,0,0,1,327
1320218879373,38555STNPK238PR,107-21-1,2020,04,0,0,0,0,0,327
1323222301653,02703CHMTC52GAR,N740,2023,06,1,0,1,0,0,332
1315214036903,48422MCHGN159SO,N420,2015,01,0,0,0,0,1,311
1320219209766,4524WWNCMN11444,7632-00-0,2020,03,0,0,0,0,1,325
1315213593890,48150MBSTN31770,7697-37-2,2015,04,0,0,0,0,0,311
1314212555914,48220GGPRD625WA,71-43-2,2014,03,0,0,0,0,1,325
1316215150727,87045MCKNLCOUNT,533-74-4,2016,02,0,0,0,0,0,322
1316215786120,77520RPRDSOFFCA,67-56-1,2016,05,0,0,0,0,0,325
1314212962979,73106HSPNT1700W,1330-20-7,2014,04,0,0,0,0,0,325
1316215353792,92069SMTML915AR,107-21-1,2016,04,0,0,0,0,0,325
1319218377430,44460WRRNM800PE,95-63-6,2019,03,0,0,0,0,0,326
1319218005940,14048RLSTN3800M,N982,2019,05,0,0,0,0,0,311
1320218962328,18062MCKTR7000A,67-56-1,2020,03,0,0,0,0,0,336
1314211917618,91790NTRSP2009S,N420,2014,06,0,0,0,0,0,335
1323222297463,52001MRRSN24THA,7439-92-1,2023,03,0,0,0,0,0,332
1319218067647,27804LCNCN400JE,N495,2019,05,0,0,0,0,0,332
1315213661022,02745CSHNT215DU,108-10-1,2015,03,0,0,0,0,0,339
1317215971387,36105HYNDM7HYUN,95-63-6,2017,05,0,0,0,0,0,336
1317216616464,14304NRTNW6600W,108-95-2,2017,04,1,0,0,1,0,327
1314213149014,45377LCSLD801SC,7439-92-1,2014,02,0,0,0,0,0,334
1320219410115,30024KTLCM70CRE,N420,2020,03,0,0,0,0,0,336
1322221000666,07503PRSRN91MIC,N230,2022,04,0,0,0,0,0,325
1320218888295,03062TRDYN4PITT,N100,2020,04,1,0,0,1,0,334
1322220722870,60436RVNCCI55FR,N120,2022,05,0,0,0,0,0,332
1321219811231,28360LKYST88CAT,7440-50-8,2021,04,0,0,0,0,0,332
1317216129371,48030KCJNS321WT,N495,2017,04,1,0,0,1,0,332
1317216135638,16749QKRSTINTER,7664-93-9,2017,03,1,0,0,1,0,324
1322221210875,55721BSWLL1200N,N982,2022,06,0,0,0,0,1,2211
1314212841771,74116LMFNS2104N,N090,2014,05,0,0,0,0,0,336
1322220663898,30071GCNCX2782S,100-42-5,2022,04,0,0,0,0,0,326
1324222893149,37744TRWNCSNAPP,7440-02-0,2024,04,0,0,0,0,0,333
1321219666599,33054CGRTT4355N,100-42-5,2021,03,0,0,0,0,0,336
1324222712895,8575WSWNRD931SS,N590,2024,03,1,0,0,0,1,324
1315213804949,27409PPGND109PP,N982,2015,04,0,0,0,0,0,325
1316218623268,73505CHMCL5201S,108-95-2,2016,04,0,0,0,0,0,325
1316215566605,29556NTRNTHWY52,7664-41-7,2016,04,0,0,0,0,0,311
1320218897700,71107GSRFN620AE,N590,2020,04,0,0,0,0,1,324
1319218418972,76708PRCSH6613N,N090,2019,05,0,0,0,0,0,332
1321219776566,4635WPRRPC7277S,7664-39-3,2021,05,1,0,1,0,0,4246
1317216129597,55428VTCFN9101S,N511,2017,03,1,0,0,1,0,332
1314212682355,14207DPNTYSHERI,75-02-5,2014,05,0,0,0,0,0,326
1315214381663,96003CLVRS15390,7647-01-0,2015,04,1,0,0,0,0,327
1315213198171,55350HRCLS35ADA,7664-41-7,2015,04,0,0,0,0,0,311
1315214162303,56284STHRNEASTH,N511,2015,10,1,0,0,1,0,311
1323221675349,44103DYGLC4515S,N982,2023,04,0,0,0,0,0,325
1319218154730,43619NRPLS7825C,67-56-1,2019,03,0,0,0,0,0,336
1314212714620,12550DNSKM594RI,N040,2014,01,1,0,0,1,0,2211
1321220371987,48764TWSPL510IN,N495,2021,03,0,0,0,0,0,332
1316214979357,5605WTBLKC52182,7439-92-1,2016,02,0,0,0,0,0,336
1324222551172,7312WNTDNG5555W,107-21-1,2024,03,0,0,0,0,0,333
1322220662985,6110WTRGTL2433F,7439-96-5,2022,03,0,0,0,0,0,332
1314212654560,78414MJKBT71SAL,100-42-5,2014,02,0,0,0,0,0,336
1316215446232,46176RYBDC800MA,7440-66-6,2016,05,1,0,0,1,0,331
1324223114202,77631SMNTNFM100,76-13-1,2024,05,0,0,0,0,0,325
1319218499224,98661SCTRM6211N,N982,2019,04,0,0,0,0,0,311
1316215538911,28052FRGHT1400T,N450,2016,05,0,0,0,0,0,336
1317216424921,77028RSSLL4004H,50-00-0,2017,02,0,0,0,0,0,332
1321220161499,46721THRMTREJON,100-42-5,2021,05,0,0,0,0,0,326
1315214276887,60072MRTNT5005B,107-21-1,2015,04,0,0,0,0,0,325
1316215384595,40475XDCRP876RI,N420,2016,06,1,0,0,0,0,335
1316215193842,07840LSTMLESNAD,N982,2016,03,0,0,0,0,0,335
1322220945986,28392CRLNFHWY87,7664-41-7,2022,05,1,0,0,1,0,311
1315214104984,75041NNCRB2326L,140-88-5,2015,04,0,0,0,0,0,325
1323222194084,21030CRPRTYORKR,1336-36-3,2023,01,0,0,0,0,0,336
1314212782825,41015FLNSL3535L,108-31-6,2014,07,0,0,0,0,0,325
1323222275834,77507HLDRT10010,7440-62-2,2023,04,0,0,0,0,0,325
1322221062704,1335WRMRMS14HEF,N420,2022,03,0,0,0,0,0,332
1323222164182,17405NWYRK829LO,N100,2023,03,0,0,0,0,0,331
1322220679928,85613SRMYGATTNA,7439-92-1,2022,03,0,0,0,0,0,999
1320218889828,80204LFRGW1151Q,N106,2020,03,0,0,0,0,0,327
1320219050960,55744BLNDN115SW,7439-97-6,2020,01,0,0,0,0,1,322
1324222987048,45212MSCNC2909H,1330-20-7,2024,04,0,1,1,0,0,4246
1324222418523,53573WSCNS810NE,N420,2024,04,1,0,0,1,0,332
1324222419374,60139WBSTR704EF,7664-41-7,2024,03,0,0,0,0,0,332
1315214178687,16601MRWYN3701B,7439-92-1,2015,04,0,0,0,0,0,331
1316215527666,43606HLCHR2282A,N420,2016,03,0,0,0,0,0,332
1314212652958,61061BRDNNWHITE,108-95-2,2014,04,0,0,0,0,0,325
1320218723740,02542SCSTG3162H,7439-92-1,2020,03,0,0,0,0,0,999
1324222845758,45872PLSTM733EW,N010,2024,04,0,0,0,0,0,325
1321219729629,2122WKMRWT3925F,N420,2021,02,1,0,0,0,1,325
1314212478465,03766LMNSC4LUCE,115-07-1,2014,04,0,0,0,0,0,335
1318217333398,47842LLLLYSTATE,N420,2018,01,1,0,0,1,1,325
1324222598043,47670TYTMT4000T,98-82-8,2024,02,0,0,0,0,0,336
1320219234515,4903WTDMRC475WD,N096,2020,06,1,1,1,0,0,325
1315213950001,18707NSNNG71CRE,7440-48-4,2015,04,0,0,0,0,0,336
1321220001059,06241NTNLPBOX41,7440-50-8,2021,06,0,0,0,0,0,335
1321220034072,44224STRKT201ES,N535,2021,03,0,0,0,0,0,325
1319218335279,0741WCSMDF19PAR,75-21-8,2019,03,0,0,0,0,0,339
1322221114580,40330HTCHT955WA,7440-47-3,2022,01,0,0,0,0,0,336
1315214277093,36105HYNDM7HYUN,71-36-3,2015,04,0,0,0,0,0,336
1314212937953,3765WFMPRD11SUT,N495,2014,04,0,0,0,0,0,326
1317216438869,22170TMTNC1200S,N420,2017,03,1,0,1,1,0,334
1314212321792,7746WCNCPL1977F,7439-92-1,2014,01,0,0,0,0,1,327
1321220001097,37406SYNRC4001N,108-95-2,2021,05,0,0,0,0,0,325
1321219738503,32785RMCDVHIGHW,7440-47-3,2021,06,0,0,0,0,0,331
1314212624997,23434LLDCL2301W,107-13-1,2014,06,0,0,0,0,0,325
1315213672215,29696JHNSN124LD,N420,2015,06,0,1,0,0,0,326
1322221144823,42101KBLMN525CE,7697-37-2,2022,04,0,0,0,0,0,332
1322220639482,7806WFRCCH178PL,107-21-1,2022,05,0,0,0,0,0,325
1315214325045,60072HNTSM5015B,N120,2015,05,0,0,0,0,0,325
1321219954411,65340CNGRF253WE,N511,2021,03,1,0,0,1,0,311
1318217021474,32905FRRSR2210W,75-09-2,2018,03,0,0,0,0,0,325
1317216267942,7906WPMPFL821FM,67-56-1,2017,07,1,0,1,0,0,325
1317215900325,19134PRLTC3620G,100-42-5,2017,04,0,0,0,0,0,325
1321220720561,5635WPRLNT11EAS,7697-37-2,2021,03,0,0,0,0,0,311
1316215167394,04005FBRMT5MORI,N590,2016,03,0,0,0,0,0,335
1319217965932,7111WMNSPC1399H,N982,2019,05,0,0,0,0,0,324
1315213207499,46176RYBDC800MA,7439-92-1,2015,04,0,0,0,0,0,331
1322221279110,4301WNGSCH1INNV,7429-90-5,2022,03,0,0,0,0,0,325
1315214396184,98532MPRLF26MAU,7440-47-3,2015,05,0,0,0,0,0,336
1319218529360,39168GRGPCHIGHW,67-56-1,2019,06,0,1,1,0,1,325
1322221059924,54601THTRN1700H,7440-47-3,2022,04,0,0,0,0,0,333
1318217000001,36105HYNDM7HYUN,95-63-6,2018,05,0,0,0,0,0,336
1320219027644,37134MTHSN200MA,7782-50-5,2020,04,0,0,0,0,0,325
1315219431160,0651WGRNLF1WATE,67-56-1,2015,06,0,0,0,0,0,325
1324222724256,44110TMWND17SAI,N120,2024,02,0,0,0,0,0,326
1316215532476,19406LCTRS416EC,N420,2016,04,0,0,0,0,0,334
1317215831975,76140MDLND4800E,7440-50-8,2017,05,0,0,0,0,0,331
1321220291177,14432GWLSK2SOUT,106-94-5,2021,04,0,0,0,0,0,332
1321219632407,45212SMNSN4620F,N090,2021,06,0,0,0,0,1,335
1320219051000,49015NPPNDONEDE,7439-96-5,2020,03,0,1,0,0,0,336
1314212543868,70518SCHMT5750H,110-54-3,2014,06,0,0,0,0,0,325
1324223229473,47670TYTMT4000T,N420,2024,02,0,0,0,0,0,336
1318216829806,46580DPYDVUS30E,7697-37-2,2018,03,0,0,0,0,0,339
1318216873253,1722WTLSCP13278,7439-96-5,2018,04,0,0,0,0,0,333
1318216798165,3760WLPNCX56TWI,100-42-5,2018,05,0,1,0,0,0,326
1314212469617,60609CRWFR4165S,100-41-4,2014,03,0,0,0,0,0,325
1314212881445,53081THVLL1236N,7440-47-3,2014,06,0,0,0,0,0,332
1314213012139,49423HWRTHONEHA,108-88-3,2014,04,0,0,0,0,0,337
1314213174396,73401TTLPTHIGHW,N420,2014,01,1,0,0,1,1,324
1320218835092,44203MLCPR361FA,N230,2020,04,0,0,0,0,0,325
1315213926811,92707NMLDB401WR,N511,2015,04,1,0,0,1,0,332
1319217927413,9701WMLWKL114NW,N420,2019,02,0,0,0,0,0,334
1324223047061,7751WNSLGM15916,7664-41-7,2024,02,0,0,0,0,0,325
1319218071431,33597RBBNSSR50S,N090,2019,04,0,0,0,0,0,321
1315214320335,44115MTLSP2800E,79-01-6,2015,04,0,0,0,0,0,332
1315214438261,9270WJDPRC222CA,7697-37-2,2015,04,0,0,0,0,0,332
1314212390761,98002FRMLC4432C,N230,2014,03,0,0,0,0,0,325
1317215838792,23168GRYST7992R,N090,2017,04,0,0,0,0,0,332
1316215051451,44870MRCNC1110E,95-63-6,2016,04,0,0,0,0,0,325
1319217851904,27115DRYFR2221P,N511,2019,01,0,0,0,0,0,311
1322220629051,4021WCRRRV34FER,1330-20-7,2022,02,0,0,0,0,0,333
1315213962436,16749QKRSTINTER,N982,2015,04,1,0,0,1,0,324
1321220422909,29304STNDR100QU,N982,2021,04,0,0,0,0,0,326
1320219216342,3774WHFNRT395TE,67-56-1,2020,04,0,0,0,0,0,332
1323221533805,7806WFRCCH178PL,107-21-1,2023,05,0,0,0,0,0,325
1314213115532,3714WKYWMR139FR,1330-20-7,2014,02,0,0,0,0,0,326
1314213126764,75203LXTTC2465J,7440-43-9,2014,02,1,0,0,0,0,339
1315213731387,29706SPCLT869OL,141-32-2,2015,05,0,0,0,0,0,325
1318217206806,38305DLTFC3441R,7439-92-1,2018,05,0,0,0,0,1,332
1316215784380,54220ZNTHS5710V,7440-50-8,2016,03,0,0,0,0,0,332
1316215136437,72834TYSNFSIXTH,79-21-0,2016,03,0,0,0,0,0,311
1315214236818,77640FNLNDHIGHW,95-63-6,2015,03,1,0,0,0,0,324
1315214107866,21801CCDNTRT11B,N040,2015,04,0,0,0,0,0,326
1319218313486,3708WRLNCW11CEN,N106,2019,01,0,0,0,0,0,332
1319218524015,77562HPRTN409EA,107-21-1,2019,05,0,0,0,0,0,325
1317216216820,48071FRNDL31600,7440-47-3,2017,04,0,0,0,0,0,332
1323222104390,3025WLXTTC1GREE,7439-92-1,2023,03,0,0,0,0,0,339
1321219905041,56284STHRNEASTH,191-24-2,2021,01,0,0,0,0,0,311
1320218595066,44030XMTNC1100M,554-13-2,2020,03,0,0,0,0,0,327
1322221181946,97124BCDWR21421,107-21-1,2022,03,0,0,0,0,0,332
1320219313881,3810WLCTRL3231P,7440-47-3,2020,03,0,0,0,0,0,335
1317216235097,18707NSNNG71CRE,7440-02-0,2017,05,0,0,0,0,0,336
1323222132882,1443WTHMSL28DAV,N420,2023,02,0,0,0,0,0,334
1322220671515,4490WBRSHC1595W,7697-37-2,2022,03,0,0,0,0,0,336
1316215495449,24150CHMCL2093B,N420,2016,03,1,0,0,0,1,327
1322222404624,5312WNGNDR4134C,7439-92-1,2022,03,0,0,0,0,0,336
1323221837596,19510CNCRPEXCEL,7440-50-8,2023,05,0,0,0,0,0,332
1314212550418,67530THFLLWESTP,106-46-7,2014,04,0,0,0,0,0,325
1314212904965,53565NLSND856FA,N495,2014,04,0,0,0,0,0,336
1323221844830,27804LCNCN400JE,N495,2023,05,0,0,0,0,0,332
1317216558496,60071SRGPT5205R,1330-20-7,2017,03,0,0,0,0,0,325
1316215116676,75050SRGRD23501,108-88-3,2016,04,0,0,0,0,0,325
1317215876069,49855MRQTTEHAMP,N458,2017,01,1,0,0,1,0,2211
1315214275859,14072XYCHM2801L,67-56-1,2015,04,0,0,0,0,0,325
1321219775133,4739WMRSXC241NE,7440-47-3,2021,04,0,0,0,0,0,332
1323222075828,05830NNBTTBAXTE,N590,2023,01,0,0,0,0,0,333
1315214132932,79072MRTNRHWY19,7664-41-7,2015,05,0,0,0,0,0,325
1315214048237,53585XCTNC2LDFA,N230,2015,04,0,0,0,0,0,325
1315214039859,29644CLRRS300IN,55406-53-6,2015,04,0,0,0,0,0,325
1315214309371,44036TRWNC7900W,7439-96-5,2015,03,0,0,0,0,0,332
1323222077226,36251WLBRNHWY77,108-88-3,2023,03,0,0,0,0,0,337
1320218575429,37398CKRNDRTE3B,108-88-3,2020,03,0,1,0,0,0,326
1316215747371,40391CNTCH700TE,7439-92-1,2016,02,0,0,0,0,1,332
1324222862714,52060MQKTC141JA,7440-50-8,2024,04,0,0,0,0,0,332
1323221837228,7312WNTDNG5555W,107-21-1,2023,03,0,0,0,0,0,333
1319218024267,68434TNNCT14752,7439-96-5,2019,02,0,0,0,0,0,336
1321220170462,6661WMRSCH1MARS,7664-41-7,2021,04,0,0,0,0,0,311
1324223112448,53545SHRXC2001A,71-36-3,2024,01,0,0,0,0,0,325
1315213948274,38965CLTNDHIGHW,1330-20-7,2015,01,0,0,0,0,0,336
1316215044114,60007PNRYC1801E,7632-00-0,2016,04,0,0,0,0,0,325
1320221472259,4382WRDGCR5777R,77-73-6,2020,04,0,0,0,0,0,326
1314212549188,75006KTCHM1200W,67-56-1,2014,04,0,0,0,0,0,325
1318216862312,80551KDKCLCOUNT,67-56-1,2018,04,0,0,0,0,0,325
1317216293884,56265MCRDY1646N,7439-92-1,2017,03,0,0,0,0,0,334
1317216335149,52627CHVRN1800S,107-21-1,2017,04,0,0,0,0,0,325
1317216260048,28052FRGHT1400T,7440-48-4,2017,04,0,0,0,0,0,336
1321220362127,01950FLMRK5MALC,108-88-3,2021,04,0,0,0,0,0,322
1322220978884,9028WSMRKC8636T,N230,2022,04,0,0,0,0,0,325
1322220795114,47167KMBLLHWY56,12185-10-3,2022,03,0,0,0,0,0,337
1314212721308,77507DXCHM10701,1330-20-7,2014,05,0,0,0,0,0,325
1318217398510,01757BNJMN49SUM,N982,2018,04,0,0,0,0,0,325
1323221665185,93727JGLLW5610O,7664-41-7,2023,05,0,0,0,0,0,3121
1314213128768,3505WLBMCL46ALA,7440-47-3,2014,02,0,0,0,0,1,336
1321219742778,23836KTNGR833LI,N420,2021,02,0,0,0,0,1,332
1320219404098,72206WLSPN931FR,7439-96-5,2020,04,0,0,0,0,0,331
1323222086403,39452TRSTTEVANS,7440-50-8,2023,03,0,0,0,0,0,332
1321219529132,5416WKCSNT7EGLE,80-62-6,2021,03,0,0,0,0,0,336
1324223091834,70776CBGGYRIVER,108-88-3,2024,06,0,0,0,0,1,325
1322221463490,53213GRDFN6432W,7439-92-1,2022,01,0,0,0,0,1,331
1315213846569,91749CMCCH18383,N230,2015,03,0,0,0,0,0,325
1314212649610,06525LTCRT91AMI,1344-28-1,2014,05,0,0,0,0,0,325
1324222825059,92634KYNRM800SS,7440-02-0,2024,05,0,0,0,0,0,332
1324223018223,63376WNWRG17CER,7429-90-5,2024,06,0,0,0,0,1,336
1322220852471,38108WTCCR1231P,N495,2022,04,0,0,0,0,0,325
1316215203353,49036CLMXS460JA,7664-41-7,2016,02,0,0,0,0,1,332
1321220047221,01040SNCPR2SARG,7439-92-1,2021,02,0,0,0,0,1,322
1324222416873,4670WSCTND1729W,N090,2024,05,1,0,0,1,0,332
1324222851444,00771CTLRH50JES,7440-02-0,2024,05,0,0,0,0,0,335
1321219648348,28120RRCHM201WE,67-56-1,2021,05,0,0,0,0,0,325
1322221441330,37744TRWNCSNAPP,1330-20-7,2022,04,0,1,0,0,0,333
1320218957025,84337WSTLB845N2,7664-41-7,2020,04,0,0,0,0,0,311
1323221663560,47201MPCTF20805,7440-47-3,2023,03,0,0,0,0,0,332
1314212890875,48117GRDNN14600,N420,2014,02,0,0,0,0,1,327
1320218660696,47112HDSNF545VA,79-21-0,2020,03,0,0,0,0,0,311
1322220904977,86004RLSTN4700E,N982,2022,03,0,0,0,0,0,311
1322221106750,3787WRRWRC325IN,7439-92-1,2022,02,0,0,0,0,1,331
1319217928201,55449PLSTD3920P,1330-20-7,2019,04,0,0,0,0,0,325
1320218684660,94509WSTRN2200W,100-41-4,2020,03,0,0,0,0,0,332
1322220830222,0382WTRBCM38RED,N090,2022,04,0,0,0,0,1,332
1314212324230,7708WRNWCK5511R,7439-92-1,2014,01,0,0,0,0,1,327
1314212412478,46131SSXGR3200E,108-95-2,2014,03,0,0,0,0,0,331
1314212345161,6475WRDNCK153SE,100-42-5,2014,04,0,0,0,0,0,326
1314213008283,32548MCRSY35HIL,7439-92-1,2014,02,0,0,0,0,0,334
1321219905092,56284STHRNEASTH,N511,2021,10,1,0,0,1,0,311
1320218696995,90248NCMTL417WE,N090,2020,05,0,0,0,0,0,332
1322220930768,4420WPYRTK355CA,N120,2022,04,0,0,0,0,0,332
1315213968264,16143YNGGLPOBOX,N982,2015,04,0,0,0,0,0,332
1315214006431,12150SCHNC1000M,108-95-2,2015,06,0,0,0,0,0,325
1314212368536,07470NRTNC150DE,N511,2014,02,1,0,0,1,0,326
1316215115837,73143BCHMN2220S,107-21-1,2016,04,0,0,0,0,0,325
1314212541116,89423BNTLY1631B,7439-92-1,2014,03,0,0,0,0,0,334
1316215253218,06422PRMTRAIRLI,N590,2016,02,0,0,0,0,0,321
1323221675554,4406WDNRTC63TIN,71-36-3,2023,04,0,0,0,0,0,332
1314212321741,7706WGRNSP1123G,7439-92-1,2014,01,0,0,0,0,1,327
1323221855873,3785WCPRST246ST,71-36-3,2023,02,0,0,0,0,0,326
1315213604402,53201WHBRD2230W,108-88-3,2015,05,0,0,0,0,0,322
1318217301643,19510CNCRPEXCEL,7439-96-5,2018,05,0,0,0,0,0,332
1314212409205,32696MRCNCRTE4B,100-42-5,2014,03,0,0,0,0,0,326
1318216862336,80551KDKCLCOUNT,108-88-3,2018,04,0,0,0,0,0,325
1318217669872,41015FLNSL3535L,100-42-5,2018,07,0,0,0,0,0,325
1314212647743,01887SRFCC100EA,1330-20-7,2014,04,0,0,0,0,0,325
1323221753890,07080MNRLP1CLID,N010,2023,04,0,1,1,0,0,4246
1322220722868,60436RVNCCI55FR,7440-50-8,2022,05,0,0,0,0,0,332
1319218456085,3547WHRBXL12982,67-56-1,2019,06,0,0,0,0,0,325
1321220583025,31907RCPLYONERU,107-21-1,2021,05,0,0,0,0,0,325
1317216260137,28052FRGHT1400T,N982,2017,01,0,0,0,0,0,336
1321219722776,6362WVLLYM66LDB,N420,2021,02,1,0,0,1,0,327
1317215949266,30217FRNKL266MA,7439-96-5,2017,01,0,0,0,0,1,332
1315217687829,60123LGLYN1565F,7440-50-8,2015,02,0,0,0,0,0,331
1320218639250,43026BCKRP4150L,7429-90-5,2020,04,0,0,0,0,0,325
1319218494591,81001SHLND250WI,7664-39-3,2019,05,0,0,0,0,0,325
1319218059703,95340FNLNN455GR,100-42-5,2019,04,0,0,0,0,0,336
1316214928160,67401PHLPS3861S,7439-97-6,2016,02,0,0,0,0,0,335
1319218044737,19510CNCRPEXCEL,71-36-3,2019,04,0,0,0,0,0,332
1314212392536,91730NNVTV853MI,N458,2014,03,0,0,0,0,0,325
1323221889355,54456NLSND1401E,N120,2023,04,0,0,0,0,0,336
1314212428623,03062TRDYN4PITT,N511,2014,03,1,0,0,1,0,334
1324222726628,17540DRTCN60EAS,100-42-5,2024,05,0,0,0,0,0,325
1320218605968,15301WSTPN2833W,N010,2020,03,0,0,0,0,0,335
1318217073636,30503CTTRL2125C,7439-96-5,2018,04,0,0,0,0,0,336
1315213238482,76202PTRBL3200A,71-36-3,2015,02,0,0,0,0,0,336
1315213701877,27261MRSHF1001S,71-36-3,2015,04,0,0,0,0,0,337
1321219919014,91006NMLDB36LAP,7697-37-2,2021,04,0,0,0,0,0,332
1320219055819,98936BYZNC301WC,N420,2020,03,0,0,0,0,1,325
1318217033238,2421WHPCXX26252,7429-90-5,2018,05,0,0,0,0,0,332
1316215171000,45309MCGRG365CA,7439-92-1,2016,03,0,0,0,0,0,334
1315213971601,84321LNDHL710NO,N100,2015,04,0,0,0,0,0,334
1314214481436,06852KNGNDSCIEN,98-95-3,2014,05,0,0,0,0,0,325
1322220887576,38372PRXSN435IN,80-62-6,2022,03,0,0,0,0,0,326
1315213880166,19030KTCHN18CAN,75-09-2,2015,04,0,0,0,0,0,4246
1316215236466,47933RYBST1204D,7440-50-8,2016,04,0,0,0,0,0,336
1321219666841,86301STRMRRUGER,7439-92-1,2021,04,0,0,0,0,0,332
1316215648458,77571PPGND1901A,67-56-1,2016,04,0,0,0,0,0,325
1317216382147,50616SLSBR1900R,75-09-2,2017,05,0,0,0,0,0,325
1319218154692,43619NRPLS7825C,98-82-8,2019,03,0,0,0,0,0,336
1314213105923,75247MRYKY1330R,N230,2014,03,0,0,0,0,0,325
1323221591047,55449RRWCR16719,75-09-2,2023,04,0,0,0,0,0,332
1318217131604,98532MPRLF26MAU,7440-47-3,2018,06,0,0,0,0,0,336
1318217305731,32571RPRDC4575E,N511,2018,05,0,0,0,0,1,325
1321219914696,50616SLSBR1900R,872-50-4,2021,04,0,0,0,0,0,325
1314212497402,36505MVCCH12650,120-83-2,2014,05,0,0,0,0,0,325
1322221237631,60435CPNRG10IND,N100,2022,05,1,1,1,0,0,325
1322221001326,04740JMHBRPOBOX,N420,2022,02,1,0,0,1,1,321
1315213937687,37716DHCMP1260C,100-41-4,2015,04,0,0,0,0,1,325
1314211912530,91355RMNCX28101,N120,2014,02,0,0,0,0,0,339
1314214193587,66044TRWNC2400P,7440-50-8,2014,05,0,0,0,0,0,331
1319217865880,16823PZKNT66ERL,N420,2019,04,1,0,0,0,0,334
1314212490650,17601CLRKF3649H,108-95-2,2014,01,0,0,0,0,0,336
1316214977744,53095SRGRP1859D,N230,2016,03,0,0,0,0,0,323
1319218495291,28086CMMRC101CA,7440-50-8,2019,02,0,0,0,0,0,333
1321220484012,36602TLNTCDUNLA,115-07-1,2021,04,0,0,0,0,0,336
1320218642484,92667BBCCK1717W,67-56-1,2020,03,0,0,0,0,0,339
1318218732004,77656STHHMFM418,7440-47-3,2018,01,0,0,0,0,0,325
1322220849778,52531YMNCX1701H,7440-50-8,2022,03,0,1,0,0,0,332
1318216835999,23168GRYST7992R,N090,2018,04,0,0,0,0,0,332
1315219435233,30549KBTND11MCC,7440-47-3,2015,05,0,0,0,0,0,333
1320218774774,15022NTNLP9GUTT,N530,2020,03,0,0,0,0,0,325
1320219003237,01570GNTXP183WE,67-56-1,2020,04,0,1,0,0,0,339
1319218335812,57032SHWPL1ENTE,108-88-3,2019,03,0,0,0,0,0,337
1322221145562,16143YNGGLPOBOX,7664-93-9,2022,03,0,0,0,0,0,332
1324222601484,47167KMBLLHWY56,7439-92-1,2024,01,0,0,0,0,0,337
1324222560132,47240BHNNGHIGHW,N420,2024,04,0,0,0,0,0,336
1323221939717,43085MTKSL875DE,7439-92-1,2023,02,0,0,0,0,0,335
1323221563618,27261MRSHF1001S,71-36-3,2023,03,0,0,0,0,0,337
1320218644856,5704WGLBLPPBX46,107-21-1,2020,04,0,0,0,0,0,326
1314212825893,29127GRGPCHIGHW,67-56-1,2014,01,1,0,0,1,0,321
1320218858936,32905FRRSR2210W,75-09-2,2020,03,0,0,0,0,0,325
1315214105001,75041NNCRB2326L,924-42-5,2015,04,0,0,0,0,0,325
1323222154801,33860WSTVCPOBOX,N230,2023,05,0,0,0,0,0,325
1314212615569,53094SPNCSPOBOX,7440-47-3,2014,05,0,0,0,0,0,331
1324222586644,8503WBNCHM321EH,7439-92-1,2024,02,0,0,0,0,0,334
1314212682862,71483CHMBNHIGHW,108-95-2,2014,05,0,1,0,0,0,325
1314212539946,44004MLDDF1601W,100-42-5,2014,05,0,0,0,0,0,326
1314211914270,31601BTHCR1610J,100-42-5,2014,04,0,0,0,0,0,326
1317216057075,44024LSTCH160PA,N420,2017,04,0,1,1,0,0,326
1314212613653,07304DNLPR400CL,100-41-4,2014,03,0,0,0,0,1,325
1318217450194,74361WLGRF5THHU,7664-41-7,2018,07,1,0,1,0,0,325
1320219146014,47170MLTCLHWY31,108-88-3,2020,04,0,0,0,0,0,323
1314211933813,98233FBRXC401SH,100-42-5,2014,03,0,0,0,0,0,326
1320218973232,15145STLDN200BR,7440-47-3,2020,06,0,0,0,0,0,332
1316215303900,35601MNSNTCOURT,7664-93-9,2016,02,1,0,0,1,0,325
1320218863189,91761NMLDB1750M,7697-37-2,2020,04,0,0,0,0,0,332
1314212814230,70057NNCRBHWY31,71-43-2,2014,07,1,0,1,1,0,325
1324222981223,16823PZKNT66ERL,N420,2024,04,1,1,0,0,0,334
1315213693183,55318MCLGH4001P,75-09-2,2015,04,0,0,0,0,0,325
1322221497492,92803CCCLF1226N,N511,2022,03,1,0,0,1,0,3121
1323222044051,28086CMMRC101CA,N450,2023,04,0,0,0,0,0,333
1323221527777,76140MDLND4800E,7440-50-8,2023,05,0,0,0,0,0,331
1315213216916,45036SCHMD360HA,100-42-5,2015,03,0,0,0,0,0,326
1314212943563,77640FNLNDHIGHW,N590,2014,03,1,0,0,0,0,324
1324223118047,8504WDNNDW52S67,7632-00-0,2024,04,0,0,0,0,0,325
1323221552540,03055CRTRN528RT,7439-92-1,2023,02,0,0,0,0,0,334
1318217143078,54601THTRN1700H,306-83-2,2018,05,0,0,0,0,0,333
1320219301328,8021WBSLTX49RAC,7439-92-1,2020,02,0,0,0,0,1,327
1319218342552,28392CRLNFHWY87,N511,2019,05,1,0,0,1,0,311
1324222483885,49340NTDST7839C,100-42-5,2024,04,0,0,0,0,0,326
1320218842526,24441RYNLDCAVER,N982,2020,04,0,0,0,0,0,326
1321220140875,28392CRLNFHWY87,7783-06-4,2021,02,1,0,0,1,0,311
1319218193276,77015MRCHM1914H,105-67-9,2019,07,0,1,1,0,0,325
1320218873293,0173WNTGRS9CRSB,117-81-7,2020,04,0,0,0,0,0,326
1318216696575,96705KLCTR4392W,7664-41-7,2018,04,0,0,0,0,0,2211
1315214351975,52655GNRLL510AG,7440-50-8,2015,05,0,0,0,0,0,335
1314212793335,44138MRCNW7951B,N010,2014,02,0,0,0,0,0,335
1315213755515,92123DPSTN4540V,108-88-3,2015,04,0,0,0,0,0,326
1324222601205,8371WTHZKC11EGW,N982,2024,05,0,0,0,0,0,326
1318217074071,68601BCTNDINDUS,7439-96-5,2018,03,0,0,0,0,0,339
1321219822715,01566BRLLCSTURB,N420,2021,03,0,0,0,0,0,334
1323223208760,17519CNSTG245RE,108-10-1,2023,03,0,0,0,0,0,321
1314212748343,36105HYNDM7HYUN,1330-20-7,2014,05,0,0,0,0,0,336
1314212519490,49093DYNTR111DA,108-88-3,2014,04,0,0,0,0,0,326
1318216748475,03820DTMGN140CR,7439-92-1,2018,03,0,0,0,0,0,334
1321220381230,7566WTRMPH73LDG,7439-92-1,2021,01,0,0,0,0,1,332
1315219435245,30549KBTND11MCC,7439-96-5,2015,05,0,0,0,0,0,333
1322221158595,95691NRCLB2286S,7697-37-2,2022,03,0,0,0,0,0,3121
1317216385676,01757BNJMN49SUM,N982,2017,04,0,0,0,0,0,325
1321219822537,24210STRNG26770,100-42-5,2021,05,0,0,0,0,0,326
1322220861114,4406WDNRTC63TIN,7647-01-0,2022,04,0,0,0,0,0,332
1314211919814,60146GRPHC100N6,N420,2014,02,0,0,0,0,0,334
1320219243969,4613WBCCPR214EA,N458,2020,01,0,0,0,0,0,325
1314212996298,7701WLGNLT111LU,7439-96-5,2014,04,0,0,0,0,0,332
1318217021462,32905FRRSR2210W,7664-41-7,2018,03,0,0,0,0,0,325
1314212509499,98373BCGFB18001,7440-50-8,2014,04,0,0,0,0,0,336
1324222637530,55369NVRSL8860Z,7439-92-1,2024,03,0,0,0,0,0,334
1319218403929,29101SMTHWUSHWY,N450,2019,05,0,0,0,0,0,333
1319217761358,75652FBRGL1505I,100-42-5,2019,04,0,0,0,0,0,326
1314212462028,15146PPGND440CO,108-88-3,2014,05,0,0,0,0,0,325
1314212872535,89431SRRCH2302L,7782-50-5,2014,06,0,0,0,0,0,4246
1318216752889,46573HLDYR400IN,67-56-1,2018,03,0,0,0,0,0,336
1315213798263,2721WCHMTK697CU,191-24-2,2015,02,0,0,0,0,1,325
1317215816606,60090SPCKG440DE,100-41-4,2017,03,0,0,0,0,1,325
1314212462016,15146PPGND440CO,7439-97-6,2014,01,0,0,0,0,0,325
1317216217214,48071FRNDL31600,7439-96-5,2017,04,0,0,0,0,0,332
1316215772930,1350WMTTBR811ED,79-21-0,2016,02,0,0,0,0,0,3121
1320218839470,5574WMNNST825LI,N420,2020,01,1,0,0,1,0,326
1320219342882,32501RZNCH411SO,108-95-2,2020,05,0,0,0,0,0,325
1314212615025,8943WPPGND5PITT,N230,2014,03,0,0,0,0,0,325
1314212914485,02861TKNRP505CE,N010,2014,05,0,0,0,0,0,325
1317216198820,42029WSTLK2468I,7782-50-5,2017,06,1,0,1,0,0,325
1316215352915,80301HSRCH5555A,75-09-2,2016,04,0,0,0,0,0,325
1316215295926,33612RBBNSNEBRA,N100,2016,04,0,0,0,0,0,321
1322220877450,70578BKRPT135IN,67-56-1,2022,06,0,0,0,0,0,4246
1314212679359,29662QNTMC2GOLD,111-42-2,2014,04,0,0,0,0,0,325
1319218669063,37801RBBRM1427W,71-36-3,2019,04,0,0,0,0,0,339
1323221837610,20774NWDWN16001,N230,2023,04,0,0,0,0,0,325
1321220238036,16143YNGGLPOBOX,N982,2021,03,1,0,0,0,1,332
1314213010263,9556WHMBLD18MAI,7439-92-1,2014,02,0,0,0,0,1,321
1321220412922,19061BPLCMPOSTR,108-88-3,2021,06,0,1,0,1,0,324
1323221559964,97217LCMSL3625N,108-88-3,2023,04,0,0,0,0,0,325
1320219347198,7756WCSTMC823FM,1330-20-7,2020,04,0,0,0,0,0,4246
1322221436886,37744TRWNCSNAPP,7440-47-3,2022,04,0,0,0,0,0,333
1324222462475,6572WZSRKS156NF,N420,2024,02,0,0,0,0,0,324
1319218576849,49015TKRKS100HI,7439-92-1,2019,04,0,0,0,0,0,336
1314213130913,19543DVNCDTHOUS,108-88-3,2014,03,0,0,0,0,0,323
1323222301640,02703CHMTC52GAR,7697-37-2,2023,05,0,0,0,0,0,332
1316215442575,2870WVRTQN115VI,1330-20-7,2016,04,0,0,0,0,1,333
1320218831271,98032XTCMT5411S,106-94-5,2020,03,0,0,0,0,0,336
1324223165034,48057HSPTR4150S,26471-62-5,2024,04,0,0,0,0,0,325
1315213207513,46176RYBDC800MA,7440-02-0,2015,04,0,0,0,0,0,331
1320218591182,38425MRCNW316VI,100-42-5,2020,04,0,0,0,0,0,326
1321220357343,3774WHFNRT395TE,1330-20-7,2021,04,0,0,0,0,0,332
1318219429937,98607LNRTC4200N,7664-93-9,2018,01,1,0,0,0,0,334
1324222457905,14902PRLTR3MIRA,7439-92-1,2024,02,0,0,0,0,0,336
1320219342680,51640MNLDR100GE,N511,2020,03,1,0,0,1,0,311
1321219829266,55744BLNDN115SW,N511,2021,04,0,0,0,0,0,322
1315214406340,21741RSTLMINTER,95-63-6,2015,03,0,0,0,0,0,325
1318217021423,32905FRRSR2210W,110-54-3,2018,03,0,0,0,0,0,325
1320218890022,8090WRCKYM2725C,N106,2020,03,0,0,0,0,0,327
1315213735638,46580DPYDVUS30E,7440-48-4,2015,04,0,0,0,0,0,339
1315213616927,55318CRCTB4300P,N100,2015,04,0,1,0,0,0,334
1316215305172,01720THHRT87HAY,872-50-4,2016,03,0,0,0,0,0,336
1317216614572,90280TCHNC11220,7440-48-4,2017,04,0,0,0,0,0,331
1317215808849,60504DNLXX555NC,7440-50-8,2017,04,0,0,0,0,0,334
1324222682890,46176KNFFB240EL,50-00-0,2024,04,0,0,0,0,0,327
1322221456864,18103RPRDC2801M,7440-50-8,2022,04,0,0,0,0,0,332
1318217695384,52655GNRLL510AG,7440-50-8,2018,05,1,0,0,1,0,335
1319218395059,3377WDSNZH734BR,7439-92-1,2019,03,1,0,0,1,0,334
1319218120234,30503CTTRL2125C,7439-92-1,2019,02,0,0,0,0,0,336
1318217038583,48316FRCTM6226M,N120,2018,05,0,0,0,0,0,326
1315214203515,28052FRGHT1400T,N495,2015,05,0,0,0,0,0,336
1323221659523,6337WCNTNN27GUE,100-42-5,2023,04,0,0,0,0,0,335
1324222517854,17061BRBKR200FR,N040,2024,04,1,0,0,0,0,333
1319217950260,3774WSRYBT79AND,100-42-5,2019,04,0,0,0,0,0,326
1321220333619,55440HNYWL2600R,7439-92-1,2021,02,0,0,0,0,0,334
1314212459150,19554CSTMC5FEIC,100-42-5,2014,03,0,0,0,0,0,326
1322220861254,38555STNPK238PR,107-21-1,2022,04,0,0,0,0,0,327
1316215365925,37334MNRFR1810W,7440-02-0,2016,04,0,0,0,0,0,335
1321221534567,60153KRNKM2601G,98-82-8,2021,04,0,0,0,0,1,324
1322220810877,33597RBBNSSR50S,N090,2022,04,0,0,0,0,0,321
1320218952404,7860WFDRLC1341H,7439-92-1,2020,02,0,0,0,0,0,999
1316215344490,44258RCPPR230NS,7440-50-8,2016,04,0,1,1,1,0,332
1319218447252,15145STLDN200BR,7440-02-0,2019,06,0,0,0,0,0,332
1321220303679,30474TLNTCATLAN,118-74-1,2021,01,0,0,0,0,1,321
1318217463342,15145STLDN200BR,7440-02-0,2018,06,0,0,0,0,0,332
1315214236820,77640FNLNDHIGHW,106-99-0,2015,05,1,0,0,1,0,324
1318217074083,68601BCTNDINDUS,7440-02-0,2018,04,0,0,0,0,0,339
1318217124282,47170MLTCLHWY31,110-54-3,2018,04,0,0,0,0,0,323
1317216138659,54476CRYST2608R,131-11-3,2017,04,0,0,0,0,0,332
1320218756753,24102BLRDGSTATE,1330-20-7,2020,04,0,0,0,0,0,325
1319217981291,14094CNDLL24MIC,108-88-3,2019,03,0,0,0,0,0,337
1322221058427,55952RVRSDONERI,7439-92-1,2022,03,0,0,0,0,0,335
1321219807486,49601RBRKS201HA,7439-92-1,2021,01,0,0,0,0,1,332
1318217301896,32347BCKYCROUTE,75-07-0,2018,03,1,0,0,1,0,322
1321220313858,0850WLLNTW165CU,7440-02-0,2021,04,0,0,0,0,0,332
1319218399626,98134LSKNC32006,N090,2019,04,0,0,0,0,0,332
1314212943346,77640FNLNDHIGHW,106-99-0,2014,05,1,0,0,1,0,324
1322220670451,96705KLCTR4392W,7664-41-7,2022,03,0,0,0,0,0,2211
1316215019187,12138TCNCPCOONB,108-88-3,2016,04,0,0,0,0,0,313
1317216308902,43952BRMCHCOUNT,N040,2017,05,1,1,1,0,0,325
1321219935842,0887WRCHML18USH,75-09-2,2021,03,0,0,0,0,0,325
1321220659458,48084SLZRP1972M,7429-90-5,2021,04,1,0,1,0,0,331
1323222255693,27409MPNCB719PE,N495,2023,04,0,0,0,0,0,336
1314212321881,7749WKTYPL2861K,7439-92-1,2014,01,0,0,0,0,1,327
1324222798961,66046STRNV3841G,108-88-3,2024,04,0,0,0,0,0,322
1314211909712,0887WNWWRL1RAND,7440-47-3,2014,05,0,0,0,0,0,331
1315214231591,92665CNTNS520WG,N982,2015,04,0,0,0,0,0,332
1318217426283,4021WKCHFL841AB,N120,2018,03,0,0,0,0,0,333
1321219676552,37686PLYMR688IN,N982,2021,02,0,0,0,0,0,326
1316215573078,43410WHRLP119BI,N982,2016,04,0,0,0,0,0,335
1318217480755,49345SPRTF252EG,7440-50-8,2018,01,0,0,0,0,0,331
1323221563620,27261MRSHF1001S,1330-20-7,2023,03,0,0,0,0,0,337
1324223228444,36505MTCHMHWY43,TRD SECRT,2024,05,0,0,0,0,0,325
1321219762958,04401SRMYM3HILD,7439-92-1,2021,03,0,0,0,0,0,999
1322220697371,03062TRDYN4PITT,7697-37-2,2022,03,0,0,0,0,0,334
1323222335061,84020BLLRD12050,107-21-1,2023,03,0,0,0,0,0,339
1318216890893,37148CHLLN200CH,N982,2018,05,0,0,0,0,0,335
1314213189069,02886NGLHR263KI,7440-50-8,2014,06,0,0,0,0,0,331
1314213233822,52655GNRLL510AG,7440-50-8,2014,05,0,0,0,0,0,335
1314212901045,68802MNFRT555SO,N511,2014,04,1,0,0,1,0,311
1315213752672,75006STHWS2901B,111-42-2,2015,04,0,0,0,0,0,325
1315214191850,44024LSTCH145PA,N010,2015,04,0,0,0,0,0,326
1319218139309,37406WDBRD100JU,91-08-7,2019,05,0,0,0,0,0,326
1320219047255,93501MPRLW18700,7782-50-5,2020,06,0,0,0,0,0,325
1314212748216,36105HYNDM7HYUN,N230,2014,04,0,0,0,0,0,336
1314212443194,19936PPGNDCOUNT,N230,2014,04,0,0,0,0,0,325
1324222585768,37873PCLCN306GE,7440-50-8,2024,03,0,0,0,0,1,323
1324222409272,05830NNBTTBAXTE,N590,2024,01,0,0,0,0,0,333
1315214458919,43137LXTTC215BI,7439-92-1,2015,02,0,0,0,0,0,339
1315214007318,0307WWKFLD33BRI,7440-50-8,2015,04,0,0,0,0,0,331
1315214197699,7626WLTTMR1689N,N420,2015,01,0,0,0,0,1,327
1316215026826,53022CSTMPN118W,1330-20-7,2016,04,0,0,0,0,0,325
1321220135180,3769WKYCRP146CU,7440-47-3,2021,04,0,0,0,0,0,332
1315213929110,32905FRRSR2210W,108-88-3,2015,04,0,0,0,0,0,325
1317216100026,28631MRCNP407TH,7429-90-5,2017,04,0,1,0,0,0,332
1314212491423,06002KMTCSBLUEH,7697-37-2,2014,03,0,0,0,0,0,336
1316215084664,08816MNCND5JOAN,110-54-3,2016,04,0,0,0,0,0,325
1322221110000,48089MDRNH12880,N495,2022,03,0,0,0,0,0,332
1314212931721,92069HGHSC54SPA,N100,2014,04,0,1,0,0,1,334
1318217142140,80751STRLN45ANG,110-54-3,2018,02,1,0,0,0,0,325
1321220412896,19061BPLCMPOSTR,115-07-1,2021,05,1,0,0,1,0,324
1315213919121,15095TRCTHCRANB,7439-92-1,2015,01,0,0,0,0,1,332
1317215997863,40033CRTSM665ME,7440-50-8,2017,05,0,1,1,0,0,336
1316215162633,17557VCTRF403SO,N511,2016,02,1,0,0,1,0,311
1316214944567,02763MTFBN332JO,7439-92-1,2016,03,0,0,0,0,0,332
1318217139803,55987LKCNT5752I,N420,2018,02,0,0,0,0,0,336
1316215683451,35125RVRSDTRUSS,91-20-3,2016,04,0,0,0,0,0,999
1321219921867,2821WRGNTS3825P,N458,2021,01,0,0,0,0,0,325
1316215288667,33597RBBNSSR50S,N100,2016,04,0,0,0,0,0,321
1323221954694,39074HGHSRRTE5B,7439-92-1,2023,03,0,0,0,0,0,334
1322221008194,6013WTHLNC769IN,N120,2022,03,0,0,0,0,0,336
1318217152469,75006THGLD1900J,55406-53-6,2018,03,0,0,0,0,0,325
1314212805129,98271SCSTN61303,80-05-7,2014,04,0,0,0,0,0,331
1314213581073,0700WHNRYR59E1S,7439-92-1,2014,04,0,0,0,0,0,332
1319218073827,45216FRSFR110EA,75-07-0,2019,04,0,0,0,0,0,311
1320219359066,68008MDWST650IN,7664-41-7,2020,03,0,0,0,0,0,325
1320219009065,69001DYCPR400SO,N982,2020,05,0,0,0,0,0,326
1320218595078,44030XMTNC1100M,N450,2020,04,0,0,0,0,0,327
1321219914660,50616SLSBR1900R,7647-01-0,2021,03,1,0,0,1,0,325
1324222661365,77541RLQDFFM523,74-85-1,2024,03,0,0,0,0,1,325
1323222048441,45846FRTRC2440S,7440-50-8,2023,03,0,0,0,0,0,332
1323221644875,77805LNCXX615CA,95-63-6,2023,03,0,0,0,0,0,332
1316215357625,92621BRSTL630EL,7440-47-3,2016,03,0,0,0,0,0,332
1316215137492,31408MNDSTOLEAR,N511,2016,04,1,0,0,1,0,325
1322220969277,47670TYTMT4000T,100-41-4,2022,03,0,0,0,0,0,336
1315213894595,14207DPNTYSHERI,75-02-5,2015,05,0,0,0,0,0,326
1321219738907,32785RMCDVHIGHW,7697-37-2,2021,04,0,0,0,0,0,331
1315214191658,48667THDWCMICHI,108-88-3,2015,06,1,0,0,1,1,325
1320218595179,45036SCHMD360HA,100-42-5,2020,03,0,0,0,0,0,326
1315213738913,48239GLVNZ25425,7439-92-1,2015,04,0,0,0,0,1,332
1314212433357,14513CLCTR105NO,7439-92-1,2014,03,1,0,0,1,0,334
1315213624366,07095LCNBL11CRA,1330-20-7,2015,04,0,0,0,0,0,332
1324222587836,29730HRRLL2495C,64-18-6,2024,04,0,0,0,0,0,325
1323221770009,3562WSNPNT18771,7440-02-0,2023,05,0,0,0,0,0,332
1322221020872,45036SCHMD360HA,100-42-5,2022,03,0,0,0,0,0,326
1319217987991,56308NRTHR601TH,N511,2019,03,1,0,0,1,0,311
1317216034785,75082FJTSN2801T,7439-92-1,2017,02,0,0,0,0,0,334
1319217799218,27261RLNCN1431P,100-41-4,2019,04,0,0,0,0,1,325
1319217791274,32571RPRDC4575E,124-40-3,2019,07,1,0,1,0,0,325
1319218468458,00705TRCSNRD14K,79-21-0,2019,03,0,0,0,0,0,311
1314213531472,59101TRNSB1525L,94-75-7,2014,06,0,1,0,0,0,325
1316215012384,35803SCTCH13000,7439-92-1,2016,03,0,0,0,0,0,334
1322220994469,6621WDVNCR1389W,N982,2022,03,0,0,0,0,0,326
1319218113708,36582BSFPR4201A,7664-41-7,2019,03,1,0,1,1,0,325
1323221768841,44050NSRVC110CO,7439-92-1,2023,02,0,0,0,0,0,334
1320219374410,9205WNNSTN4115A,872-50-4,2020,03,0,0,0,0,0,313
1314212882981,48057HSPTR4150S,98-82-8,2014,02,0,0,0,0,0,325
1324223041548,76708PRCSH6613N,N090,2024,05,0,0,0,0,0,332
1314213111976,85301GLBRT5310W,7439-92-1,2014,03,1,0,0,1,0,332
1323221594029,3514WMRBLT186AL,N090,2023,05,0,0,0,0,0,332
1321219630821,75668SCTND3756F,7440-50-8,2021,04,0,0,0,0,0,332
1320218865816,50595VNDSTOLDHW,40487-42-1,2020,06,0,0,0,0,0,325
1320218869220,49509MDMRC2140C,7664-41-7,2020,04,0,0,0,0,0,311
1314212917660,45365THSTL1501W,N230,2014,03,0,0,0,0,0,332
1314212699096,07066PLYCH160TE,67-56-1,2014,04,0,0,0,0,0,311
1315214213631,12883NTRNTSHORE,N982,2015,03,1,0,0,1,0,322
1317219425244,64772MNVDPHIGHW,1330-20-7,2017,05,0,0,0,0,0,326
1318217152457,75006THGLD1900J,N230,2018,05,0,0,0,0,0,325
1317216309803,07083LCNPW901LE,7440-66-6,2017,04,0,1,1,0,0,331
1314212900132,50616SLSBR1900R,7664-41-7,2014,04,0,0,0,0,0,325
1324222639181,21113HTCHC1721M,108-10-1,2024,04,0,0,0,0,0,325
1321220443547,63111RHNPL133EK,1897-45-6,2021,05,0,0,0,0,0,325
1319218470122,74361WLGRF5THHU,7782-50-5,2019,04,0,0,0,0,0,325
1314211909662,77037TXSWL10210,115-07-1,2014,04,0,0,0,0,0,4246
1319218247169,83653SMPLT4912E,N511,2019,04,1,0,0,1,0,311
1315213606940,68524KWSKM6600N,N982,2015,03,0,0,0,0,0,336
1316214986527,55066RCHRD118MA,110-54-3,2016,05,0,0,0,0,0,311
1318216743310,80642CHMCLHUDSO,N420,2018,01,0,0,0,0,1,325
1324223205016,6052WVPKNC5321D,94-36-0,2024,03,0,0,0,0,0,325
1315217720364,84116LTTNG2211W,7439-92-1,2015,02,0,0,0,0,0,334
1319218300770,55110WTRGR1610W,79-01-6,2019,04,0,0,0,0,0,331
1314211886977,77032NDRSY1662C,100-42-5,2014,09,0,0,0,0,0,325
1321220452318,02892TDRDT1LIBE,7440-50-8,2021,04,0,0,0,0,0,333
1323222086415,39452TRSTTEVANS,7440-47-3,2023,03,0,0,0,0,0,332
1316215435316,29154CRSCN43486,N511,2016,04,1,0,0,1,0,332
1321220142309,77656STHHMFM418,91-20-3,2021,05,0,0,0,0,0,325
1317216402659,82701WYMNG740WE,110-54-3,2017,05,1,0,0,0,1,324
1323221659600,36037RHMMNHARDS,67-56-1,2023,04,0,0,0,0,0,325
1324222620522,48180MSTGC20219,MIXTURE,2024,02,0,0,0,0,0,325
1324222645703,53119GNRCP211MU,7440-02-0,2024,05,0,0,0,0,0,335
1321220253292,77905NVSTS2695L,N495,2021,05,1,0,0,1,0,325
1320218962227,07730FFCMP600ST,N230,2020,04,0,0,0,0,0,325
1314212948133,0196WTCHNC15CEN,7440-47-3,2014,04,0,0,0,0,0,334
1322221059951,54601THTRN1700H,7439-96-5,2022,04,0,0,0,0,0,333
1323221944299,93606CTGRN4516N,N982,2023,05,0,0,0,0,0,325
1317215977543,48103THTFR7101J,50-00-0,2017,04,0,0,0,0,0,325
1314211913948,46742TNCRP7825S,N982,2014,06,1,1,0,1,0,332
1314212690390,45433SDDSFDEPAR,7647-01-0,2014,04,1,0,0,1,0,999
1324223043454,64701CHMSY1701V,N120,2024,03,0,0,0,0,0,325
1320219191386,07083LCNPW901LE,7440-36-0,2020,05,0,1,1,0,0,331
1319218504379,92101SLRTR2200P,7440-48-4,2019,04,0,1,0,0,0,333
1318217137532,11801GNRLF50LUD,7697-37-2,2018,03,0,0,0,0,0,311
1314212378436,73036GMNLC101SW,108-88-3,2014,05,0,0,0,0,0,325
1321219616505,13601NWYRKSTARB,7439-92-1,2021,02,0,0,0,0,0,336
1322220668279,52001MRRSN24THA,7440-50-8,2022,04,0,0,0,0,0,332
1322221025620,94565CRTRN2850W,N495,2022,04,0,0,0,0,0,325
1320219337692,48057HSPTR4150S,1330-20-7,2020,02,0,0,0,0,0,325
1322221534011,07066KRNKC330CE,95-63-6,2022,04,0,0,0,0,1,324
1316214947867,19044DNCRP1160E,100-42-5,2016,03,0,0,0,0,0,326
1314212634341,46540JYCNC58075,1330-20-7,2014,03,0,0,0,0,0,336
1318217302177,55912GHRML500NE,7664-41-7,2018,05,1,0,0,1,0,311
1321219731054,32210STHRN1433L,7440-50-8,2021,03,0,0,0,0,0,321
1316215127275,02766BBSFN135EH,7439-92-1,2016,04,0,0,0,0,0,331
1319218350650,38118NGRSL5558F,1330-20-7,2019,02,0,0,0,0,0,333
1317216216008,01570GNTXP183WE,67-56-1,2017,04,0,0,0,0,0,339
1324222925378,72956STLYM610SO,67-56-1,2024,04,0,0,0,0,0,311
1321220518070,02780TNTNM1314S,N590,2021,03,1,0,0,1,1,2211
1322220985459,08110CLTXC1500J,106-94-5,2022,04,0,0,0,0,0,326
1316215535168,43756JPTRN5037N,N100,2016,05,0,0,0,0,0,333
1315218476594,46268LNPSN6925G,75-09-2,2015,05,0,0,0,0,0,325
1323221998952,13424CLDWL6152C,7439-92-1,2023,02,0,0,0,0,0,335
1324222912774,35094SCPWR81CHU,7440-47-3,2024,03,0,0,0,0,0,335
1321220542930,48836MRDNT8887W,100-41-4,2021,03,0,0,0,0,0,336
1318217079627,75134PHLPS151IN,100-42-5,2018,05,0,0,0,0,0,326
1318216704371,38372PRXSN435IN,100-42-5,2018,04,0,0,0,0,0,326
1314213002140,4411WFLWPL17STC,N982,2014,04,0,0,0,0,0,325
1316215466311,40258KNTCK77INT,108-10-1,2016,03,0,0,0,0,0,336
1321219751664,54302GRNBY1601N,7782-50-5,2021,01,1,0,0,1,0,322
1323221704289,92704PWRCR2645S,N420,2023,02,0,0,0,0,0,334
1323221548009,17057PHNXC586FU,7439-92-1,2023,02,0,0,0,0,0,335
1323222042881,0660WBRDGP2ATLA,7664-41-7,2023,03,0,0,0,0,0,2211
1318217336229,28392CRLNFHWY87,7783-06-4,2018,02,1,0,0,1,0,311
1314212779767,1071WKMBRM112SA,7440-47-3,2014,04,0,0,0,0,0,332
1317216027577,48043DPNTM400GR,95-63-6,2017,04,0,1,1,0,0,325
1318217592346,17813BVRTW441WE,N590,2018,02,1,0,0,0,0,321
1317216075349,79022HLMRC124US,N511,2017,05,1,0,0,0,0,311
1322221320789,40210NTDCT1227S,N040,2022,04,1,1,1,0,0,325
1317215809397,60139WBSTR704EF,7440-50-8,2017,04,0,0,0,0,0,332
1315214215550,26164PCHNYROUTE,N090,2015,04,1,0,0,1,0,331
1323221810637,3424WYLLWF65719,100-42-5,2023,04,0,0,0,0,0,336
1322220858385,56502SJLCT22650,7439-92-1,2022,02,0,0,0,0,0,334
1319218032391,54479LNDLK306PA,N511,2019,03,1,0,0,1,0,311
1322221218783,29020KMTSX29BAT,N420,2022,05,0,0,0,0,0,332
1314212962967,73106HSPNT1700W,N230,2014,02,0,0,0,0,0,325
1321219633690,74015RXCHN5215A,7439-92-1,2021,01,0,0,0,0,1,333
1321219921246,30503CTTRL2125C,7439-92-1,2021,02,0,0,0,0,0,336
1319218252930,37686PLYMR688IN,1330-20-7,2019,03,0,0,0,0,0,326
1321220568416,48178SNSTL550MI,N040,2021,04,0,0,0,0,0,332
1314212313959,54555PHLLP984NL,N495,2014,04,0,0,0,0,0,332
1315213945532,72209MRNNM11605,95-63-6,2015,05,0,0,0,0,0,325
1314212737631,5570WMSBNG65HIG,N040,2014,05,1,0,0,1,1,331
1320220710711,0376WFJFLM19ETN,108-88-3,2020,03,0,0,0,0,0,334
1317216614584,90280TCHNC11220,7440-47-3,2017,04,0,0,0,0,0,331
1318217037910,80542BLDRS5983R,67-56-1,2018,04,0,0,0,0,0,325
1322221452699,61761DMNDS100ND,7439-92-1,2022,05,0,0,0,0,0,336
1314213144823,32501RZNCH411SO,100-41-4,2014,04,0,0,0,0,0,325
1324223055928,37801RBBRM1427W,71-36-3,2024,06,0,0,0,0,0,339
1324222545206,02346CNSPRBRIDG,N590,2024,01,1,0,0,1,0,311
1321219725951,3290WMCKTC755TE,N420,2021,03,0,0,0,0,0,334
1318217411180,01970THRML1TECH,7782-50-5,2018,04,0,0,0,0,0,333
1319218032631,27360THMSM1024R,N420,2019,05,0,0,0,0,0,332
1314212825095,24441RYNLDCAVER,N982,2014,04,0,0,0,0,0,326
1316215159322,30720CPTLD300CR,108-88-3,2016,04,0,0,0,0,0,325
1315214229496,44451SVRGN12080,N420,2015,03,1,0,1,0,0,334
1314212737682,5570WMSBNG65HIG,N458,2014,01,1,0,0,1,1,331
1323221531801,75652FBRGL1505I,100-42-5,2023,04,0,0,0,0,0,326
1324222461865,24501WYNNS3700M,N420,2024,01,0,0,0,0,0,326
1324222980310,94553SHLLM10MOC,7664-41-7,2024,03,0,0,0,0,0,325
1316215167824,75006THGLD1900J,N420,2016,02,0,0,0,0,1,325
1321220153769,94565CRTRN2850W,1313-27-5,2021,05,0,0,0,0,0,325
1315213983378,43725LMCST804BY,N420,2015,02,0,0,0,0,0,326
1316215468570,60504DNLXX555NC,7440-50-8,2016,04,0,0,0,0,0,334
1319218034306,48836THRMFONETH,N010,2019,03,1,0,1,0,0,325
1317216246254,53589NRYLP501SW,N010,2017,04,0,0,0,0,0,313
1315213722313,02370VNTRT30COM,67-56-1,2015,04,0,0,0,0,0,322
1314212568063,53589NRYLP501SW,872-50-4,2014,04,0,0,0,0,0,313
1321219901168,4652WFRSTR27827,1330-20-7,2021,03,0,0,0,0,0,336
1322220765554,92707NMLDB401WR,N511,2022,04,1,0,0,1,0,332
1322221320575,49015TKRKS100HI,108-88-3,2022,03,0,0,0,0,0,336
1314212943411,77640FNLNDHIGHW,100-41-4,2014,05,1,0,0,1,0,324
1316215003854,17701CHRMG2475T,108-88-3,2016,03,0,0,0,0,0,331
1315213735626,46580DPYDVUS30E,7440-47-3,2015,04,0,0,0,0,0,339
1315214220941,53589NRYLP501SW,N010,2015,04,0,0,0,0,0,313
1315213836238,32178CDRSYAIRPO,100-42-5,2015,04,0,0,0,0,0,327
1324222989345,3774WHFNRT395TE,67-56-1,2024,04,0,0,0,0,0,332
1320218825368,46580DNCND245DE,7697-37-2,2020,04,0,0,0,0,0,332
1321219740608,4841WBLDMN125ST,107-21-1,2021,04,0,0,0,0,0,331
1323221628011,17557BRKTK132WH,N010,2023,04,0,0,0,0,0,331
1315218634487,8943WPPGND5PITT,107-21-1,2015,05,0,0,0,0,0,325
1323221539012,45368YMDNN9CLUM,7440-66-6,2023,03,0,0,0,0,0,336
1315214272724,40210NTDCT1227S,N450,2015,04,1,1,1,0,0,325
1323221565979,84104DLTFB1235S,100-42-5,2023,03,0,0,0,0,0,326
1315214259158,73402THNRY1101U,N096,2015,03,0,0,0,0,0,326
1316215327851,62243SMNSM410WE,7439-92-1,2016,03,0,0,0,0,0,335
1318218637698,64501HLLYR402NO,N982,2018,05,0,0,0,0,0,325
1323222286130,4420WPYRTK355CA,N120,2023,04,0,0,0,0,0,333
1314212588230,37403DXPRT1120K,2699-79-8,2014,04,0,0,0,0,0,311
1320218761183,55112CRDCP4100H,N450,2020,04,0,0,0,0,0,334
1321219450917,55346MCRDY6201B,7439-92-1,2021,03,0,0,0,0,0,334
1323222286027,48057HSPTR4150S,1330-20-7,2023,02,0,0,0,0,0,325
1317216076998,42129SMTML687IN,7439-92-1,2017,03,0,0,0,0,0,334
1319217909441,9721WPRTTN121SE,N420,2019,03,1,1,0,1,0,327
1317216309563,84321LNDHL710NO,N230,2017,03,0,0,0,0,0,334
1324222474633,4832WMMTLF1987T,7440-02-0,2024,03,0,0,0,0,0,336
1316215162379,87113SMTCM9401S,7647-01-0,2016,05,1,0,0,1,0,334
1314214944819,77047SYNTC14822,67-56-1,2014,04,1,0,0,1,0,325
1318216727836,02062THSVG259LE,75-09-2,2018,04,0,0,0,0,0,325
1315213755275,11788SPLLM475WI,7439-92-1,2015,03,0,0,0,0,0,334
1320218868053,65721FCCHF5030F,7439-92-1,2020,06,0,0,0,0,0,332
1321219659998,79927MCGLL9560P,N010,2021,03,0,0,0,0,0,335
1315213766355,73036GMNLC101SW,100-41-4,2015,04,0,0,0,0,0,325
1315214340162,45439DMXLT3100D,7664-41-7,2015,04,0,0,0,0,0,333
1324222914412,08030NDCNCNRAIL,7632-00-0,2024,03,0,0,0,0,0,325
1322220917874,55041HTNGL800JE,1330-20-7,2022,03,0,0,0,0,0,333
1324223165046,48057HSPTR4150S,108-88-3,2024,02,0,0,0,0,0,325
1321220157539,15840LLGHNRTE95,7440-50-8,2021,03,0,0,0,0,0,332
1317216428375,7560WMNNDS16LTR,107-21-1,2017,05,0,0,0,0,0,325
1317215942323,91006NMLDB36LAP,N511,2017,04,1,0,0,1,0,332
1320218814022,19510CNCRPEXCEL,91-20-3,2020,04,0,0,0,0,0,332
1319217852399,03062TRDYN4PITT,7697-37-2,2019,03,0,0,0,0,0,334
1314212663658,24141NWRVRRTE11,122-39-4,2014,04,0,1,0,0,0,325
1323222210724,78521NRTNC1505M,108-95-2,2023,04,0,0,0,0,0,327
1318217419415,50010HCHCM100DA,N458,2018,02,0,0,0,0,0,325
1322220756860,3946WCPPLL1912R,N590,2022,04,0,0,0,0,0,321
1316215604822,36105HGRHN150FO,N495,2016,04,0,0,0,0,0,332
1316217695218,77562STHWS18310,106-99-0,2016,05,0,0,0,0,0,336
1316215256835,46383TTNDV5103E,N096,2016,02,0,0,0,0,0,339
1319218025548,37355BTSVLPOBOX,N230,2019,03,0,0,0,0,0,339
1319218481202,53181FVSTR36620,100-42-5,2019,03,0,0,0,0,0,326
1321219443850,76140MDLND4800E,7440-50-8,2021,05,0,0,0,0,0,331
1317216194821,43140STNLY1627S,100-42-5,2017,05,0,0,0,0,0,336
1323223215789,3934WLZBYN9482E,N420,2023,01,0,0,0,0,0,337
1315214396196,98532MPRLF26MAU,7440-50-8,2015,05,0,0,0,0,0,336
1323222275808,77507HLDRT10010,N495,2023,05,0,1,0,0,0,325
1319218165239,37166NTRNC1GRIZ,7440-50-8,2019,03,0,0,0,0,0,336
1315213973629,45356HRTZL11SMA,100-42-5,2015,03,0,0,0,0,0,333
1322220670335,53573WSCNS810NE,N090,2022,05,1,0,0,1,0,332
1318217423843,9556WHMBLD18MAI,7439-92-1,2018,01,0,0,0,0,0,321
1315213726110,37312SCHLL4207M,N982,2015,05,0,0,0,0,0,325
1322221357003,61455NTNBW711NO,7664-41-7,2022,03,0,0,0,0,0,332
1315214176149,30024KTLCM70CRE,N420,2015,03,0,0,0,0,0,336
1317215932942,67217CNTRN255SC,7439-92-1,2017,02,0,0,0,0,0,332
1322220879415,3730WDYNST11DYN,100-42-5,2022,03,0,0,0,0,0,326
1316215007372,6044WWLLBR1133M,7439-92-1,2016,02,0,0,0,0,1,327
1319217705019,84404LKYWS551SD,7440-47-3,2019,04,0,0,0,0,0,332
1314212852937,31078PLYCR125GN,80-05-7,2014,04,0,0,0,0,0,325
1317216213468,90502RDMNQ198NR,7439-96-5,2017,01,0,0,0,0,0,332
1315214457780,24301WSTPNBURGI,N090,2015,03,0,0,0,0,0,313
1320219381682,85539BHPCPHWY60,7439-96-5,2020,05,0,0,0,0,0,2122
1320218865715,50595VNDSTOLDHW,124-40-3,2020,05,0,0,0,0,0,325
1319218044701,19510CNCRPEXCEL,100-41-4,2019,04,0,0,0,0,0,332
1317216217760,32905FRRSR2210W,7726-95-6,2017,04,0,0,0,0,0,325
1316215390067,83709BSSPH545WG,N511,2016,04,0,0,0,0,0,324
1322221401146,37644SNPNTSTATE,7440-47-3,2022,04,0,0,0,0,0,332
1314212423875,29841CBRDC131RE,7440-50-8,2014,04,0,0,0,0,0,325
1317216604850,9915WCDZDC51NNE,67-56-1,2017,03,0,0,0,0,0,336
1319218273353,54476CRYST2608R,N230,2019,03,0,0,0,0,0,332
1317216041285,02048SMTHN13FRB,7440-47-3,2017,03,0,0,0,0,0,339
1319217801137,75119PLYGR3801H,1330-20-7,2019,04,0,0,0,0,0,325
1316215587116,72110RKNSSHIGHW,N450,2016,03,1,0,0,1,0,322
1322220719241,48626HMLCK12334,75-45-6,2022,05,0,0,0,0,0,327
1322221248356,0887WRCHML18USH,75-05-8,2022,04,0,0,0,0,0,325
1317216100798,43025RNSLC180NH,584-84-9,2017,04,0,0,0,0,0,326
1321219965819,76202PTRBL3200A,107-21-1,2021,05,0,0,0,0,0,336
1322220880619,28451GNRLWHIGHW,87-86-5,2022,05,0,0,0,0,0,321
1315213937636,40004TRMMS1051W,110-82-7,2015,04,0,0,0,0,0,336
1317215940747,4942WJHNSN7WEST,7440-50-8,2017,04,0,0,0,0,0,335
1315213817467,15501BRKBL1216R,107-21-1,2015,03,0,0,0,0,0,325
1316215115825,73143BCHMN2220S,N230,2016,04,0,0,0,0,0,325
1317216432260,46203SCHST901ET,7439-92-1,2017,02,0,0,0,0,0,327
1314211941467,53925MRCNP850WE,108-88-3,2014,04,0,0,0,0,0,323
1314212630622,84530LSBNV92SCU,N511,2014,06,0,1,0,0,0,2122
1323221963301,14105FMCCR100NI,98-82-8,2023,02,0,0,0,0,0,325
1316215170046,99216CMNCLEAST1,110-54-3,2016,03,0,0,0,0,0,332
1317216234296,78112CLRWT4420S,67-56-1,2017,05,0,0,0,0,0,325
1318216913158,92707NMLDB401WR,N511,2018,04,1,0,0,1,0,332
1315213833989,17605HGHSTPOBOX,1344-28-1,2015,03,0,0,0,0,0,332
1319217963053,45242CNCNN5901C,7440-47-3,2019,02,0,0,0,0,0,332
1324222438905,7601WHNTSM3315E,N535,2024,06,0,0,0,0,0,325
1314212695023,37334FRNKC1796W,7440-47-3,2014,05,0,0,0,0,0,332
1322222395333,53051RNDLLN82W1,N230,2022,04,0,0,0,0,0,323
1317216141743,19406LCTRS416EC,N420,2017,03,0,0,0,0,0,334
1319218039360,96950CMMNWCHALA,N982,2019,01,1,0,0,0,1,2211
1324222904435,29648MNSNTHIGHW,92-52-4,2024,04,0,0,0,0,0,325
1318217538343,33597RBBNSSR50S,N020,2018,04,0,0,0,0,0,321
1320218732422,9363WBLTMR15341,N495,2020,04,0,0,0,0,0,333
1319218193314,77015MRCHM1914H,108-95-2,2019,07,0,1,1,0,0,325
1321220434361,66536NYXCL22AND,100-42-5,2021,05,0,0,0,0,0,326
1316215057845,37914MRCNS2820M,7440-47-3,2016,04,0,0,0,0,0,332
1316218378521,03856THKNGROUTE,7439-96-5,2016,04,0,0,0,0,0,326
1324222895714,9732WCMCMN375AR,67-56-1,2024,06,0,0,0,0,0,325
1314212655409,16749QKRSTINTER,N420,2014,02,1,0,0,1,0,324
1318216934036,01432PHRMC25PAT,75-09-2,2018,04,0,0,0,0,0,325
1323222354425,44667SMTHD230NO,7697-37-2,2023,03,0,0,0,0,0,311
1324222559801,37644SNPNTSTATE,7440-02-0,2024,05,0,0,0,0,0,332
1314212315865,4739WMRSXC241NE,7440-47-3,2014,05,0,0,0,0,0,332
1314212536561,53209MRCNN6000N,67-56-1,2014,05,0,0,0,0,0,325
1317216147809,31078PLYCR125GN,N530,2017,04,0,0,0,0,0,325
1322220919219,45801TRNTY425EO,7439-92-1,2022,02,0,0,0,0,1,332
1315214215333,50616SLSBR1900R,7632-00-0,2015,04,0,0,0,0,0,325
1322221298829,37744BLLZNBALLR,7782-50-5,2022,05,0,0,0,0,0,331
1322221188511,55112CRDCP4100H,N450,2022,04,0,0,0,0,0,334
1315213874581,73143BCHMN2220S,107-21-1,2015,04,0,0,0,0,0,325
1315214308431,92805RYVCN251EP,N120,2015,05,0,0,0,0,0,325
1316215802909,76301NTDLC50151,7440-50-8,2016,05,0,0,0,0,0,333
1317216488395,44663LRNMN2228R,117-81-7,2017,04,0,0,0,0,0,326
1317216059790,27542CNSTG621JH,1330-20-7,2017,02,0,0,0,0,0,337
1315215127390,29160TPKNCSTARR,N511,2015,03,1,0,0,1,0,311
1316215366194,16143YNGGLPOBOX,7664-93-9,2016,04,0,0,0,0,0,332
1315214256101,98661SCTRM6211N,N982,2015,04,0,0,0,0,0,311
1316215208909,80550VSTSB1114E,N120,2016,04,0,0,0,0,0,326
1315214162238,56284STHRNEASTH,191-24-2,2015,01,1,0,0,1,0,311
1315213857384,13760NDCTT1701N,N100,2015,04,1,0,0,1,0,334
1324223035306,3064WNSTLP266IN,N982,2024,04,0,0,0,0,0,311
1316215544990,50616SLSBR1900R,67-56-1,2016,05,0,0,0,0,0,325
1320219123748,78112CLRWT4420S,100-44-7,2020,04,0,0,0,0,0,325
1324222500706,0176WSGNTC1GENE,N120,2024,01,0,0,0,0,0,999
1320220599892,48057HSPTR4150S,307-55-1,2020,02,0,0,0,0,0,325
1323221676582,95691NRCLB2286S,7697-37-2,2023,03,0,0,0,0,0,3121
1320219219906,48043DPNTM400GR,95-63-6,2020,04,0,1,1,0,0,325
1324222784252,52404KLNGR5555H,N230,2024,04,0,0,0,0,0,325
1320218818312,55317QNTMC1691L,7439-92-1,2020,02,0,0,0,0,0,335
1322221071828,02905MNRCH189GE,7440-50-8,2022,03,0,0,0,0,0,332
1321219785247,11743TLPHN770PA,7439-92-1,2021,02,0,0,0,0,0,334
1314213103462,13045BRWRT45CLE,7439-92-1,2014,03,0,0,0,0,1,332
1319218089148,01960TRBNC8FIFT,7697-37-2,2019,03,0,0,0,0,0,336
1318216858757,37620BCHML501FI,7440-22-4,2018,01,0,0,0,0,0,325
1314213012115,42101SSPNS3251N,80-05-7,2014,04,0,0,0,0,0,332
1320218818223,72209TRNRC691IN,7697-37-2,2020,03,0,0,0,0,0,311
1316215160021,56751PLRSNHWY89,107-21-1,2016,05,0,0,0,0,0,336
1314211923216,80640DLTRC9155B,107-21-1,2014,05,0,0,0,0,0,324
1316215606967,77017MBLCH9822L,N090,2016,05,1,0,0,0,0,325
1317216420303,55744BLNDN115SW,7439-92-1,2017,02,0,0,0,0,1,322
1316215373984,38555STNPK238PR,N090,2016,04,0,0,0,0,0,327
1316215766647,92880CNCDB345CE,7440-50-8,2016,04,0,0,0,0,0,332
1321219639263,01507NCMNCRT169,N420,2021,03,0,0,0,0,0,327
1322220626891,76140MDLND4800E,7440-50-8,2022,05,0,0,0,0,0,331
1315214441875,98270RCLLN12806,108-95-2,2015,04,0,0,0,0,0,336
1315214019630,38017LPHRSHIGHW,108-31-6,2015,07,0,0,0,0,0,325
1315214356091,33054CGRTT4355N,100-42-5,2015,03,0,0,0,0,0,336
1318217740721,57104DSGNT612WB,100-42-5,2018,04,0,1,0,0,0,326
1323221596669,00632BCRDCSTREE,191-24-2,2023,01,1,0,0,1,0,3121
1315213541840,9093WRGCHM3933I,1330-20-7,2015,04,0,0,0,0,0,4246
1315213696697,30125SHBYGHWY10,1330-20-7,2015,04,0,0,0,0,0,325
1319218199014,07077SHLLL111ST,108-88-3,2019,07,1,0,0,1,0,4247
1315214118844,17405NWYRK829LO,N100,2015,02,0,0,0,0,0,331
1324222676470,01950NNSPC3MALC,N230,2024,03,0,0,0,0,0,325
1324222807657,49289KZCHM9901S,N230,2024,04,0,0,0,0,0,325
1324222602637,47918CDCHR200WE,N420,2024,06,1,0,1,0,0,335
1317216499970,28392CRLNFHWY87,7783-06-4,2017,02,1,0,0,1,0,311
1314212554416,67301FBRGL1018W,100-42-5,2014,04,0,1,0,0,0,326
1323222323545,6721WCHRMP3939W,7664-39-3,2023,02,0,0,0,0,0,332
1317215828296,86301STRMRRUGER,7632-00-0,2017,03,0,0,0,0,0,332
1322220688648,38126FRRLL221EC,1330-20-7,2022,04,0,0,0,0,0,325
1319217909670,28906CLFTNHWY14,7439-92-1,2019,02,0,0,0,0,0,335
1317215951587,46041DNLDSSTATE,50-00-0,2017,03,0,0,0,0,1,336
1320219409428,22405CLNLC1026W,7439-92-1,2020,02,0,0,0,0,1,334
1314212900171,50616SLSBR1900R,7647-01-0,2014,05,1,0,0,1,0,325
1319218495289,28086CMMRC101CA,7440-47-3,2019,02,0,0,0,0,0,333
1322220787687,46953CBLCN440EA,7440-50-8,2022,06,0,0,0,0,0,335
1316215217201,08052CVCSP2980R,67-56-1,2016,04,0,0,0,0,0,325
1321220029565,95050SGMCR393MA,7697-37-2,2021,03,0,0,0,0,0,334
1322220852469,38108WTCCR1231P,67-56-1,2022,05,0,0,0,0,0,325
1324223202375,6308WCMNFC3RAMS,7440-50-8,2024,04,0,0,0,0,0,336
1315214276812,13135STHRN67COU,N420,2015,03,1,0,0,1,0,323
1314212412427,46131SSXGR3200E,105-67-9,2014,03,0,0,0,0,0,331
1315214425908,94710PCFCS1333S,7440-02-0,2015,03,0,0,0,0,0,331
1317215816657,60007PNRYC1801E,95-63-6,2017,03,0,0,0,0,1,325
1316215089499,29349HDSNNCAMPT,7440-22-4,2016,05,0,0,0,0,0,331
1323221710128,3383WFLRKN244CM,N120,2023,05,0,0,0,0,0,325
1323222137729,4783WVCBRZ1825E,108-10-1,2023,05,0,0,0,0,0,325
1322220898112,31404NCLCR110FO,N982,2022,06,0,0,0,0,0,324
1319217812989,65775BRCHR508TH,N420,2019,03,1,0,0,1,1,321
1317216135665,16749QKRSTINTER,N982,2017,04,1,0,0,1,0,324
1323222217515,22170TMTNC1200S,N420,2023,03,1,0,1,1,0,334
1314212840084,19406LCTRS416EC,N420,2014,04,0,0,0,0,0,334
1317216245225,46176RYBDC800MA,7440-02-0,2017,04,0,0,0,0,0,331
1322220791279,3764WCLRWR151ID,7664-41-7,2022,04,0,0,0,0,0,314
1324222576567,46750MCSTL25CMM,N450,2024,05,0,0,0,0,0,332
1323221921517,08030NDCNCNRAIL,7632-00-0,2023,03,0,0,0,0,0,325
1322220955520,7757WGSNNV185EH,115-07-1,2022,04,0,0,0,0,0,4247
1319217816444,08691WBTCH108NG,108-88-3,2019,03,0,0,0,0,0,323
1315214291989,56031WGHTR1000A,7439-92-1,2015,02,0,0,0,0,1,333
1320219246865,44460WRRNM800PE,95-63-6,2020,03,0,0,0,0,0,326
1316215655200,68601BCTNDINDUS,7439-96-5,2016,04,0,0,0,0,0,339
1319218031843,93274DRYMN400SO,N511,2019,04,1,0,0,1,0,311
1319217827928,92707NMLDB401WR,N511,2019,04,1,0,0,1,0,332
1316215684743,76053KLLYM301WE,N982,2016,03,0,1,0,0,0,325
1318216843565,15022NTNLP9GUTT,N530,2018,03,0,0,0,0,0,325
1320219275827,37744TRWNCSNAPP,100-41-4,2020,03,0,1,0,0,0,333
1317216473912,16823PZKNT66ERL,N420,2017,04,0,0,0,0,0,334
1315214500934,35811MSKRD3440S,7440-02-0,2015,05,0,0,0,0,0,332
1315214201497,67301FBRGL1018W,100-42-5,2015,04,0,1,0,0,0,326
1314212500627,36750MPLSV7475A,7439-92-1,2014,02,1,0,0,1,1,321
1315213218062,64801GLPCHCPORT,N420,2015,02,0,0,0,0,0,335
1314212450783,30103LGCHM31LGD,80-62-6,2014,05,0,0,0,0,0,325
1315214203770,19703LLDSG6100P,7664-39-3,2015,06,0,0,0,0,0,325
1316215037122,56215CHPPW27020,75-07-0,2016,01,1,0,0,0,0,325
1324223050547,18103RPRDC2801M,7440-50-8,2024,04,0,0,0,0,0,332
1316215765381,21741RSTLMINTER,1330-20-7,2016,05,0,0,0,0,0,325
1321220420158,4783WVCBRZ1825E,100-41-4,2021,03,0,0,0,0,0,325
1315214124137,10314VSYPP4435V,128-03-0,2015,02,0,0,0,0,0,322
1315213733443,56069PLLSB5THST,7697-37-2,2015,03,0,0,0,0,0,311
1314212516684,18707NSNNG71CRE,7440-47-3,2014,05,0,0,0,0,0,336
1319217978081,32905FRRSR2210W,1330-20-7,2019,03,0,0,0,0,0,325
1318216970400,57032SHWPL1ENTE,1330-20-7,2018,03,0,0,0,0,0,337
1315213663786,78754SMSNG12100,128-04-1,2015,04,0,0,0,0,0,334
1320219024270,17605HGHSTPOBOX,7439-96-5,2020,05,0,0,0,0,0,332
1324222417774,28075FLRDSHWY49,N230,2024,03,0,0,0,0,0,332
1317216057051,44024LSTCH145PA,N982,2017,05,0,1,1,0,0,326
1316214979369,5605WTBLKC52182,7439-96-5,2016,04,0,0,0,0,0,336
1324222588016,80120NCRCT8192S,N100,2024,04,1,0,1,1,0,334
1314212943904,37310LNCRPLOWER,7439-97-6,2014,04,0,0,0,0,0,325
1318217282351,38965CLTNDHIGHW,7439-92-1,2018,03,0,0,0,0,0,336
1324222634747,13476DRYLCWARDS,N511,2024,02,1,0,0,1,0,311
1317216015697,15834PNNSYONECA,7440-02-0,2017,04,0,0,0,0,0,332
1323221624226,01606KMTKX40ROC,7440-02-0,2023,03,0,0,0,0,0,332
1322220998696,97479RNCSY814AI,100-42-5,2022,05,0,0,0,0,0,326
1320218739771,53095SRGRP1859D,N230,2020,03,0,0,0,0,0,323
1322220647010,0204WNXTGN11NRF,N230,2022,07,0,0,0,0,0,325
1319217705033,84404LKYWS551SD,7439-96-5,2019,03,0,0,0,0,0,332
1314212520403,35565FNTNTOLDDE,N230,2014,03,0,0,0,0,0,336
1316215744374,14304NRTNW6600W,N511,2016,02,1,0,0,1,0,327
1323222218897,30058WDBRD2399S,91-08-7,2023,01,0,0,0,0,0,326
1317216138661,54476CRYST2608R,100-41-4,2017,03,0,0,0,0,0,332
1316215534660,90280TCHNC11220,7440-48-4,2016,04,0,0,0,0,0,331
1321220462790,44622GRRST624BL,N090,2021,04,0,0,0,0,0,331
1322220826162,65340CNGRF253WE,7697-37-2,2022,04,0,0,0,0,0,311
1315213719406,74523JLNLMHC67B,8001-58-9,2015,03,0,0,0,0,0,321
1323221940392,21720FLTCN12129,67-56-1,2023,04,0,0,0,0,0,313
1316215457932,61554HNNST220HA,7439-96-5,2016,05,0,0,0,0,0,332
1316215406505,35811NTDPL3400S,7697-37-2,2016,03,0,0,0,0,0,332
1316215187307,07066PLYCH160TE,67-56-1,2016,04,0,0,0,0,0,311
1316215072733,52101DRLLT13011,7440-50-8,2016,03,0,0,0,0,0,332
1320218657361,47348VSYPP501SS,7664-41-7,2020,03,0,0,0,0,0,322
1317216057024,44024LSTCH145PA,N010,2017,04,0,0,0,0,0,326
1316215205434,7702WNLSTL95CLI,7440-02-0,2016,04,0,0,0,0,0,332
1317219408349,2618WHNMTR1HINW,107-21-1,2017,05,0,0,0,0,0,336
1319217806595,30240NTRFCORCHA,N420,2019,01,0,0,0,0,1,314
1316215023870,58075PRMBR2441N,N120,2016,06,0,0,0,0,0,339
1322220733063,56751PLRSNHWY89,N230,2022,04,0,0,0,0,0,336
1322220772127,4210WMRCNH445JD,N120,2022,05,0,0,0,0,0,336
1320218689750,90248CSTPL128W1,N090,2020,05,0,0,0,0,0,332
1320218756993,60007LKGRV776LU,7697-37-2,2020,03,0,0,0,0,0,332
1321219829518,44258RCPPR230NS,7440-50-8,2021,04,0,1,1,1,0,332
1323222327658,2821WRGNTS3825P,7439-97-6,2023,01,0,0,0,0,0,325
1324222452880,75901PLGRMCORNE,79-21-0,2024,05,0,0,0,0,0,311
1324222803696,49120SHLLR1501S,7439-96-5,2024,05,0,0,0,0,1,333
1323221930910,97378TYLRLROCKC,N150,2023,17,0,0,0,0,1,321
1314212536559,53209MRCNN6000N,N420,2014,03,0,0,0,0,0,325
1323221950520,65536DTRTT100CA,7440-02-0,2023,05,0,0,0,0,0,332
1318216914919,5543WGNRLD113HA,7439-92-1,2018,02,0,0,0,0,0,334
1319218369787,29662QNTMC2GOLD,107-21-1,2019,04,0,0,0,0,0,325
1314213836240,32178CDRSYAIRPO,100-42-5,2014,04,0,0,0,0,0,326
1314212481663,02809PTCCR51BAL,108-88-3,2014,04,0,0,0,0,0,322
1318217123417,0887WRCHML18USH,67-56-1,2018,03,0,0,0,0,0,325
1318217398419,30117DCSTR1DECM,108-10-1,2018,03,0,0,0,0,0,336
1317216126185,76063MRCHM1300F,N010,2017,05,0,0,0,0,0,325
1324222530887,2725WNDLRX932EA,140-88-5,2024,05,0,0,0,0,0,325
1314212782369,92665CNTNS520WG,N982,2014,04,0,0,0,0,0,332
1315213938261,51640MNLDR100GE,N511,2015,04,1,0,0,0,0,311
1323221684386,55719MNNST611WE,79-01-6,2023,04,0,0,0,0,0,333
1316215704014,77032GHYDR33NSA,107-21-1,2016,03,0,0,0,0,0,333
1317216506752,75455PLGR11000S,7664-41-7,2017,04,1,1,0,1,0,311
1324223206196,92411FRMDL1049W,N511,2024,01,0,1,0,1,0,311
1317215995782,55413LCTRC800CE,7440-50-8,2017,04,0,0,0,0,0,335
1314212505135,28677NTRNTHIGHW,121-44-8,2014,03,0,0,0,0,0,322
1323221611318,03062TRDYN4PITT,50-00-0,2023,03,0,0,0,0,0,334
1321219752161,98909DWTYR2720W,7440-47-3,2021,04,0,0,0,0,0,336
1314211922669,0305WLCMMN9AKIR,N420,2014,02,0,0,0,0,0,333
1320218764138,5542WPNRMT48QUE,7697-37-2,2020,04,0,0,0,0,0,332
1315213546169,5581WHRLSY4418H,7439-92-1,2015,01,0,0,0,0,0,334
1315213681986,95367THNDR34PAT,7440-47-3,2015,03,0,0,0,0,0,321
1316215686763,76011BRRYM3800E,1330-20-7,2016,04,0,0,0,0,0,325
1315213659461,19543DVNCDTHOUS,108-88-3,2015,03,0,0,0,0,0,323
1316215503083,60071SRGPT5205R,1330-20-7,2016,03,0,0,0,0,0,325
1324222608604,00632BCRDCSTREE,7783-06-4,2024,02,1,0,0,1,0,3121
1322221441379,28086CMMRC101CA,N982,2022,03,0,0,0,0,0,333
1316215015379,03062TRDYN4PITT,7647-01-0,2016,04,1,0,0,0,0,334
1322221205851,7812WWTXSX565BL,110-54-3,2022,01,0,0,0,0,0,336
1314212552665,50664WPSVL30010,7697-37-2,2014,03,0,0,0,0,0,311
1319218208686,91331MCPRD12306,N230,2019,04,0,0,0,0,1,325
1315213876941,79022HLMRC124US,7664-41-7,2015,04,1,0,0,1,0,311
1314212337226,36615TLDYN2000N,7664-41-7,2014,03,0,0,0,0,0,336
1314212556031,48220GGPRD625WA,108-88-3,2014,05,0,0,0,0,0,325
1314212808570,29512FLKBR579WI,50-00-0,2014,03,0,0,0,0,0,321
1315214212476,53081SHBYG1439N,108-88-3,2015,04,0,0,0,0,0,325
1319217980034,33801TSTMK4705U,67-56-1,2019,05,0,0,0,0,0,311
1317216208304,45631FDRLM2160E,106-94-5,2017,01,0,0,0,0,0,332
1318217021447,32905FRRSR2210W,108-10-1,2018,04,0,0,0,0,0,325
1323221614338,36330CNGRBHWY14,79-21-0,2023,07,0,0,0,0,0,311
1317216013336,1320WMPRVS694FL,7439-92-1,2017,02,0,0,0,0,0,339
1319218046845,17403NRTHM609EA,1313-27-5,2019,04,0,0,0,0,0,325
1319218440004,29905SMCMRBLVDD,N420,2019,01,1,0,0,1,0,999
1319218075644,9530WBRBSC22EGR,MIXTURE,2019,02,0,0,0,0,0,337
1319218003539,29526HNYWL440AL,N090,2019,04,0,1,0,0,0,332
1315213920491,02703MNTRSROBER,N982,2015,04,0,0,0,0,0,325
1314212878615,77571NVSTS12455,N495,2014,04,1,0,0,1,0,325
1315213658521,34243DNZMR81611,100-42-5,2015,03,0,0,0,0,0,336
1315213243417,99220SPKNSBUILD,7440-47-3,2015,03,0,0,0,0,0,331
1315214062578,54952WSCNS3RDAN,7783-06-4,2015,02,1,0,0,1,0,322
1320218796819,17061MMTLSRT209,1330-20-7,2020,03,0,0,0,0,0,331
1316214961118,60156DVNCD14WAL,100-41-4,2016,03,0,0,0,0,0,326
1322221415716,24112CMMNW345BE,872-50-4,2022,04,0,0,0,0,0,326
1315214080158,60609CRWFR4165S,100-41-4,2015,03,0,0,0,0,0,325
1324222616575,65340CNGRF253WE,7697-37-2,2024,04,0,0,0,0,0,311
1322220650523,9363WBLTMR15341,N090,2022,04,0,0,0,0,0,333
1321220324040,44030XMTNC1100M,554-13-2,2021,03,0,0,0,0,0,327
1322220892665,35810TYTMT1CTTN,7440-50-8,2022,05,0,0,0,0,0,336
1315218696843,82070MNTNC5SAND,N458,2015,01,1,0,0,1,1,327
1321219666587,35217GLSFR3943V,100-42-5,2021,05,0,0,0,0,0,326
1321220087997,65349SLTRF432WL,7439-96-5,2021,04,0,0,0,0,0,333
1323222322378,6721WCHRMP3939W,N511,2023,04,0,0,0,0,0,332
1322220904965,86004RLSTN4700E,N450,2022,03,0,0,0,0,0,311
1320219273606,33860WSTVCPOBOX,111-42-2,2020,05,0,0,0,0,0,325
1314213548922,90620LLYDC6550C,7439-92-1,2014,03,0,0,0,0,1,331
1322220877498,70578BKRPT135IN,1330-20-7,2022,06,0,0,0,0,0,4246
1318216874901,35812NSMRSMARSH,7439-92-1,2018,03,0,0,0,0,0,999
1320218648083,37406SYNRC2003A,584-84-9,2020,04,0,0,0,0,0,325
1324223039809,49456MRDNN18558,7440-47-3,2024,03,0,0,0,0,1,337
1324223121183,48084SLZRP1972M,N100,2024,04,1,1,1,0,0,331
1319218364747,93707PBDYF2494S,7440-50-8,2019,04,0,0,0,0,0,333
1319217824541,24087PRCHM51ENT,N040,2019,04,0,0,0,0,0,325
1321220517460,95828CRMCR59508,N420,2021,02,1,0,0,1,0,332
1317216097194,35803SCTCH13000,7439-92-1,2017,03,0,0,0,0,0,334
1315214410007,60008LNHNT900CA,N230,2015,05,0,0,0,0,0,325
1321220164406,27804LCNCN400JE,N982,2021,05,0,0,0,0,0,332
1314212400396,94555SCNTF6550D,7439-92-1,2014,01,0,0,0,0,0,334
1324223083573,75160PWRLB1145S,N420,2024,06,1,1,1,0,0,325
1320218625630,5860WWRTHN1796S,108-38-3,2020,02,0,0,0,0,0,332
1323222028742,31404NCLCR110FO,N982,2023,06,0,0,0,0,0,324
1314212932798,32832CRRCT147AE,80-62-6,2014,03,0,0,0,0,0,336
1315214313975,31008CMRCSJUNIP,N420,2015,02,0,0,0,0,0,325
1320218728006,01453CMCMN165PI,67-56-1,2020,06,0,0,0,0,0,325
1319218383899,56284STHRNEASTH,191-24-2,2019,02,0,0,0,0,0,311
1323221549645,53573WSCNS810NE,N090,2023,05,1,0,0,1,0,332
1324223208240,1702WHNPRP22NCE,79-21-0,2024,03,0,0,0,0,0,311
1318217434570,29376SMNSNHIGHW,N511,2018,02,1,0,0,1,0,335
1324223071301,10963FDRLC2MILE,7439-92-1,2024,02,0,0,0,0,0,999
1319218067635,27804LCNCN400JE,N420,2019,05,0,0,0,0,0,332
1317215940584,46580DNCND245DE,7697-37-2,2017,04,0,0,0,0,0,332
1321220403240,45414MDRNN3337N,N120,2021,05,0,0,0,0,0,326
1323221811490,39577DSTTR941SM,8001-58-9,2023,04,0,0,0,0,0,321
1321219679204,0076WLNRCVPMB19,110-54-3,2021,04,0,0,0,0,0,324
1322221349347,03103PMCCR680HA,N420,2022,01,0,0,0,0,0,335
1316215689769,76065GFFRDPOBOX,N458,2016,01,0,0,0,0,1,327
1322220797789,15022NTNLP9GUTT,N530,2022,03,0,0,0,0,0,325
1323221914690,06790RBCRC2788W,7440-47-3,2023,04,0,0,0,0,0,332
1314212555674,19543DVNCDTHOUS,1330-20-7,2014,03,0,0,0,0,0,323
1318217385020,53573MSCDPPOBOX,7697-37-2,2018,04,0,0,0,0,0,311
1314212549176,75006KTCHM1200W,107-21-1,2014,04,0,0,0,0,0,325
1319218262677,02760LCHGR255JO,N100,2019,05,1,1,1,1,1,331
1314211941923,07114GJCHM37037,108-88-3,2014,05,0,1,1,0,0,4246
1322221094814,60423MTCLF401CE,N982,2022,05,0,0,0,0,0,325
1316215394812,90503RPSCN285CL,7439-92-1,2016,03,0,0,0,0,0,334
1324222527119,42303HMPSH5529U,107-13-1,2024,04,0,0,0,0,0,325
1315214131789,24531SRTMR601TI,1330-20-7,2015,04,0,0,0,0,0,325
1322220997151,19510CNCRPEXCEL,7440-50-8,2022,05,0,0,0,0,0,332
1319217978004,32905FRRSR2210W,108-88-3,2019,04,0,0,0,0,0,325
1321219507365,62634LKHRTELKHA,7439-97-6,2021,01,0,0,0,0,0,2121
1322221043779,00936SZDRYAVEDE,N511,2022,03,1,0,0,1,0,311
1322221065687,3385WGNRLN14893,7439-96-5,2022,03,0,0,0,0,1,336
1321219739149,75061BSTLF2222V,7439-92-1,2021,04,0,0,0,0,0,324
1320219259227,78407JVLNC5314I,67-56-1,2020,04,0,0,0,0,0,325
1319217757576,15857WNDFLWESTC,N450,2019,01,0,0,0,0,0,332
1316215047958,37090LCHNV3MADD,7697-37-2,2016,03,0,0,0,0,0,332
1321219725482,15022NTNLP9GUTT,N530,2021,03,0,0,0,0,0,325
1318217377985,9050WPLYPP365MA,75-09-2,2018,04,0,0,0,0,0,325
1314213051636,06497HMPFR292LO,75-09-2,2014,04,0,0,0,0,0,325
1315214038756,37830MNFCT84SIL,7697-37-2,2015,01,0,0,0,0,0,332
1315214438398,62202CHMTC3500M,7664-39-3,2015,06,0,1,1,0,0,325
1314213174434,73401TTLPTHIGHW,110-54-3,2014,07,0,1,1,0,0,324
1322220993861,44138MRCNW7951B,7440-50-8,2022,05,0,0,0,0,0,335
1315214053062,77571NLTXL12220,74-85-1,2015,04,0,0,0,0,0,325
1320219175332,33597RBBNSSR50S,N020,2020,04,0,0,0,0,0,321
1321220041863,50595VNDSTOLDHW,1928-43-4,2021,06,0,0,0,0,0,325
1321220159267,44203MLCPR361FA,N230,2021,04,0,0,0,0,0,325
1316215045550,1580WWHTWV2852K,7697-37-2,2016,04,0,0,0,0,0,311
1320219197124,49601RBRKS201HA,7439-92-1,2020,01,0,0,0,0,1,332
1318216798102,12138TCNCPCOONB,100-41-4,2018,03,0,0,0,0,0,313
1319217843426,31404NCLCR110FO,N982,2019,05,0,0,0,0,0,324
1316215010758,77507NSSNC12330,67-56-1,2016,05,0,0,0,0,0,325
1314212779781,10705KMBRM1LAWT,7440-47-3,2014,04,0,0,0,0,0,332
1317215914704,61085TWDND301SO,7439-96-5,2017,02,0,0,0,0,0,336
1315213703174,03062BNCHM1INNV,7439-92-1,2015,03,0,0,0,0,0,334
1320219357338,4403WRDDLL751PE,1330-20-7,2020,04,0,0,0,0,0,339
1323221836531,19510CNCRPEXCEL,95-63-6,2023,04,0,0,0,0,0,332
1324222418586,53573WSCNS810NE,N090,2024,05,1,0,0,1,0,332
1316214948972,14550MRTNS45RIB,7439-92-1,2016,01,0,0,0,0,1,311
1317216289506,01720THHRT87HAY,108-10-1,2017,03,0,0,0,0,0,336
1316215162835,97116TKTRN1521P,7647-01-0,2016,02,1,0,0,0,0,334
1319218556912,75041CRRLL2900W,N230,2019,04,0,0,0,0,0,325
1317216390587,19951LLNFMPOBOX,N511,2017,02,1,0,0,1,0,311
1316215477605,26155PPGNDSTATE,N420,2016,01,1,0,0,1,0,325
1323222124024,6750WYDRSM1816E,1330-20-7,2023,04,0,0,0,0,0,335
1318217149210,38109BRMNG3601P,N096,2018,04,1,0,0,0,1,331
1314212618793,41143CKFML800CW,7632-00-0,2014,02,0,0,0,0,0,311
1322221174307,97222WRNND13270,7439-96-5,2022,04,0,0,0,0,0,336
1317216435014,4521WBNSLM5155F,N420,2017,01,0,0,0,0,1,327
1322221415250,31498MNVLL1FOUN,191-24-2,2022,01,1,0,0,1,1,324
1320218737272,7690WGDFLL46EAS,7439-92-1,2020,03,0,0,0,0,0,999
1318219433101,04005FBRMT5MORI,N590,2018,03,0,0,0,0,0,335
1314212514044,3424WLFLVL2359T,7440-50-8,2014,04,0,0,0,0,0,332
1315213635511,0305WLCMMN9AKIR,N420,2015,02,0,0,0,0,0,333
1317215816683,60007PNRYC1801E,N511,2017,03,0,0,0,0,0,325
1317216479651,2870WVRTQN115VI,108-88-3,2017,03,0,0,0,0,0,333
1322220757328,08816MNCND5JOAN,108-88-3,2022,04,0,0,0,0,0,325
1319218532188,27820GRGPCAMPAC,50-00-0,2019,06,1,0,1,0,0,325
1314211886953,77032NDRSY1662C,80-62-6,2014,08,0,0,0,0,0,325
1314212342950,2785WFWNLC1INDU,N420,2014,03,0,0,0,0,0,334
1320218684658,94509WSTRN2200W,N230,2020,04,0,0,0,0,0,332
1315213605948,63801LNWRC830SO,7440-50-8,2015,05,0,0,0,0,0,331
1315213736844,97210WCKRS7200N,7697-37-2,2015,04,0,0,0,0,0,334
1320218806406,35812NSMRSMARSH,7440-50-8,2020,05,0,0,0,0,0,999
1317216583070,92634KYNRM800SS,N078,2017,03,1,0,0,1,1,332
1315215788338,17061MMTLSRT209,N230,2015,03,0,0,0,0,0,331
1314211904735,38652MSTRBHIGHW,108-88-3,2014,03,0,0,0,0,0,333
1314212315319,30501MNCYM4321B,100-42-5,2014,04,0,0,0,0,0,326
1316215469762,50801CFPRC1310E,110-54-3,2016,04,0,0,0,0,0,311
1317216260113,28052FRGHT1400T,N495,2017,05,0,0,0,0,0,336
1315213844210,75050SRGRD23501,N230,2015,04,0,0,0,0,0,325
1314213098458,44092THHLL28960,N495,2014,05,1,1,1,0,0,325
1319217915331,93268TFTCR19815,50-00-0,2019,01,1,0,0,1,0,325
1323221824612,9176WDNCNX1745E,N511,2023,04,1,0,0,1,0,332
1315214240323,6045WWLLBR158LA,7439-92-1,2015,01,0,0,0,0,0,327
1316215554306,56352KRFTN1000E,7697-37-2,2016,04,0,0,0,0,0,311
1321219663061,98277TCHNC584WT,N420,2021,01,0,0,0,0,0,334
1314212558581,79927MCGLL9560P,N010,2014,05,0,0,0,0,0,335
1314212619264,47905LLLLYLILLY,75-09-2,2014,05,0,0,0,0,0,325
1315214345480,39703CLMBSCARSO,7783-06-4,2015,03,1,0,0,0,1,322
1323222258497,94566PPLDB655SU,75-05-8,2023,04,0,0,0,0,0,325
1314212660765,85034FLPCH3701E,872-50-4,2014,03,0,0,0,0,0,334
1314212451292,5001WCLRBT1725D,7664-41-7,2014,04,0,0,0,0,0,325
1322220899393,31601BTHCR1610J,100-42-5,2022,03,0,0,0,0,0,326
1315213969064,2965WDRCRL2375H,7439-96-5,2015,04,0,0,0,0,0,332
1318217197728,60120HNKLD1345G,1330-20-7,2018,05,0,0,0,0,0,325
1315214203489,28052FRGHT1400T,7440-50-8,2015,06,0,0,0,0,0,336
1314212465621,77507QSTSP12500,110-54-3,2014,04,0,0,0,0,1,325
1316215530371,27360STHRN3440D,50-00-0,2016,05,0,0,0,0,0,325
1319218183933,75006THGLD1900J,107-21-1,2019,04,0,0,0,0,0,325
1323221603032,14304PRCSP2124L,N040,2023,03,0,0,0,0,0,332
1321219943925,77205SMTHN16740,7440-02-0,2021,04,0,0,0,0,0,333
1324222914982,01507NCMNCRT169,N420,2024,03,0,0,0,0,0,327
1324223038769,61455NTNBW711NO,7440-47-3,2024,05,0,0,0,0,0,332
1323222255857,27709SCMMT2601W,7440-36-0,2023,05,1,0,1,0,0,331
1317216593804,93706CRGLL3115S,7664-41-7,2017,04,0,0,0,0,0,311
1324222969901,77833VLMNTHWY29,7440-47-3,2024,01,0,0,0,0,1,332
1316214982720,80504DLPHM43WCR,7439-92-1,2016,01,0,0,0,0,0,339
1320218979134,26547HLLNCROUTE,50-00-0,2020,02,0,0,0,0,0,327
1323221897743,12090FLRGL1LIBE,108-88-3,2023,04,0,0,0,0,0,322
1316218588693,56308MCMPN2115S,108-95-2,2016,04,0,0,0,0,0,327
1317216432435,46514MRRYD1536G,N100,2017,05,0,0,0,0,0,332
1323221966765,4912WMDNRP2121W,7439-92-1,2023,05,0,0,0,0,1,336
1320218596791,2900WTBLCC61INN,7440-47-3,2020,02,0,0,0,0,1,332
1317216553471,48164MRCNS36506,N420,2017,01,0,0,0,0,1,327
1319218165254,37166NTRNC1GRIZ,7439-96-5,2019,03,0,0,0,0,0,336
1322220788943,67880CLMBNRRROU,75-15-0,2022,01,1,0,0,1,1,325
1322221450051,7750WPSDNF11BRA,7440-02-0,2022,03,0,0,0,0,0,332
1320219029016,28392CRLNFHWY87,N511,2020,05,1,0,0,1,0,311
1320219216951,13021WCKSM1WICK,7439-92-1,2020,02,0,0,0,0,0,336
1323222239218,60609CDPRD6W41S,50-00-0,2023,04,1,0,1,0,0,4246
1316217604901,61554PKNNR1300S,7664-41-7,2016,04,0,0,0,0,0,325
1314212630281,9343WRYTHN425CM,N458,2014,02,0,0,0,0,0,334
1315214331326,00937SSLMMLUISM,108-88-3,2015,05,0,0,0,0,0,4247
1316215559853,49221GNRLM1450E,872-50-4,2016,04,0,0,0,0,0,336
1314212882955,48057HSPTR4150S,95-63-6,2014,04,0,0,0,0,0,325
1317216166191,46701PRKRHSTATE,7440-50-8,2017,04,0,0,0,0,0,332
1314213104831,4942WLGCHM1LGWA,872-50-4,2014,04,0,1,1,0,0,335
1317216422891,35806NGLHR9800K,7664-41-7,2017,03,0,0,0,0,0,336
1323222165108,4472WDBLDN35RCH,N120,2023,04,0,0,0,0,0,999
1315214189843,53081THVLL1236N,7440-47-3,2015,06,0,0,0,0,0,332
1316214922128,37821GRTLKROUTE,67-56-1,2016,05,0,0,0,0,0,325
1319218268961,53573MSCDPPOBOX,7697-37-2,2019,04,0,0,0,0,0,311
1315213959796,89423BNTLY1631B,7439-92-1,2015,03,0,0,0,0,0,334
1321220682304,48057HSPTR4150S,335-76-2,2021,02,0,0,0,0,0,325
1314212441341,30030TLNTM224RI,100-42-5,2014,04,0,0,0,0,0,326
1320218993107,55343SMNCS5951C,N120,2020,04,0,0,0,0,0,333
1319218399665,98134LSKNC32006,N495,2019,04,0,0,0,0,0,332
1317215841596,91719SBTTR1675S,N420,2017,05,0,1,0,0,0,335
1316215767664,21078MRCNC1300R,110-80-5,2016,04,0,0,0,0,0,325
1316215655224,68601BCTNDINDUS,N511,2016,05,1,0,0,1,0,339
1321220376115,77262GDYRT2000G,106-99-0,2021,06,0,1,0,0,0,325
1317218600827,0376WFJFLM19ETN,108-88-3,2017,02,0,0,0,0,0,334
1323221696091,0173WNTGRS9CRSB,67-56-1,2023,03,0,0,0,0,0,326
1323222137921,4783WVCBRZ1825E,78-92-2,2023,04,0,0,0,0,0,325
1322220936963,14432GWLSK2SOUT,106-94-5,2022,04,0,0,0,0,0,332
1323221844828,27804LCNCN400JE,N420,2023,05,0,0,0,0,0,332
1319217960525,8091WBSLTC3255D,N420,2019,01,0,0,0,0,1,327
1319217819147,33440STHRN755CO,7664-41-7,2019,05,0,0,0,0,0,311
1316215076593,21402SDDNS58BEN,7439-92-1,2016,04,0,0,0,0,0,999
1322220641854,16823SPLCNSUPEL,67-56-1,2022,03,0,0,0,0,0,334
1324222794935,87045MCKNLCOUNT,533-74-4,2024,02,0,0,0,0,0,322
1316215164981,99220SPKNSBUILD,7440-47-3,2016,03,0,0,0,0,0,331
1323222162923,77541RHNPL6213H,N120,2023,06,1,1,1,1,0,325
1315213703515,47670TYTMT4000T,7440-47-3,2015,04,0,0,0,0,0,336
1317215910023,48453DGPNC3260F,100-42-5,2017,03,0,0,0,0,0,326
1322220849994,19380ZKSCM1302G,7440-02-0,2022,03,0,0,0,0,1,333
1317216212910,70767TRDNT2660A,7632-00-0,2017,04,0,0,0,0,0,325
1316214986945,3065WRMTPT15IND,110-82-7,2016,03,0,0,0,0,0,325
1317216093789,81001SHLND250WI,7664-41-7,2017,06,1,0,1,0,0,325
1316215012877,90040LLYNC6900E,117-81-7,2016,04,0,0,0,0,0,326
1318217507728,98661SCTRM6211N,N982,2018,04,0,0,0,0,0,311
1323223239930,45502TRTCN4700G,N106,2023,04,0,0,0,0,0,332
1323221768649,62243SMNSM410WE,7439-92-1,2023,03,0,0,0,0,0,335
1316215359858,06075NRTHMOLDMO,N100,2016,05,1,0,0,1,0,334
1324222614012,02021SRNFL100DA,N010,2024,04,0,0,0,0,0,326
1324222517789,43952BRMCHCOUNT,N090,2024,04,1,1,1,0,0,325
1321219882659,74115BNGNR3330N,107-21-1,2021,04,0,0,0,0,0,336
1322220969430,47670TYTMT4000T,91-20-3,2022,03,0,0,0,0,0,336
1324222467716,43526PRKRH373ME,7439-92-1,2024,02,0,0,0,0,0,332
1321220442634,32602PCRNC5002S,N230,2021,04,0,0,0,0,0,325
1324223039393,61455NTNBW711NO,7440-02-0,2024,05,0,0,0,0,0,332
1316215594247,38108BCKMN1256N,7664-41-7,2016,04,1,0,0,1,0,325
1318217027717,43612CHMBN6175A,108-95-2,2018,06,0,0,0,0,0,325
1320218756637,44050NSRVC110CO,7439-92-1,2020,03,0,0,0,0,0,334
1322221360845,16749QKRSTINTER,110-82-7,2022,03,0,0,0,0,0,324
1314212774463,54901LKSDP450W3,N420,2014,03,0,0,0,0,0,325
1316215232911,07727PPLCD5029I,7439-92-1,2016,02,0,0,0,0,0,334
1316215513565,47670TYTMT4000T,N982,2016,06,0,0,0,0,0,336
1314212500742,36862KRDSR1061I,N982,2014,05,0,0,0,0,0,326
1321221534581,60153KRNKM2601G,1330-20-7,2021,04,0,0,0,0,1,324
1320219214133,98134LSKNC32006,N100,2020,04,0,0,0,0,0,332
1314212799365,70094CYRND18RIV,7439-92-1,2014,05,0,0,0,0,0,325
1316215107792,2900WTBLCC61INN,7440-02-0,2016,03,0,0,0,0,0,332
1319218075669,9530WBRBSC22EGR,MIXTURE,2019,02,0,0,0,0,0,337
1319218082814,9530WBRBSC22EGR,67-56-1,2019,01,0,0,0,0,0,337
1324222590390,0173WNTGRS9CRSB,67-56-1,2024,03,0,0,0,0,0,326
1314211953411,00731NDSTR1KMSO,7664-41-7,2014,04,0,0,0,0,0,325
1322221070093,78249SNMNS5757F,7439-92-1,2022,03,0,0,0,0,0,334
1322220752265,3045WGFCRP52JIM,N120,2022,05,0,0,0,0,0,326
1317216014858,11704MRCNC400SH,80-62-6,2017,04,0,0,0,0,0,326
1322220795088,47167KMBLLHWY56,7439-92-1,2022,02,0,0,0,0,0,337
1314213016443,76702VNTRN7711I,1330-20-7,2014,02,0,0,0,0,0,335
1319218365512,01102SMTHW2100R,7632-00-0,2019,04,0,0,0,0,0,332
1318217044787,30103LGCHM31LGD,100-42-5,2018,04,0,0,0,0,0,325
1315214288728,42141FLKRB125BE,7440-02-0,2015,02,0,0,0,0,0,331
1314212543831,70518SCHMT5750H,107-21-1,2014,05,0,0,0,0,0,325
1316215271077,02865TNRYN6NEWE,N100,2016,03,0,0,0,0,0,332
1314212960571,44036TRWNC7900W,7439-96-5,2014,03,0,1,0,1,0,332
1315216649323,01605LNDBR284GR,7664-41-7,2015,03,0,0,0,0,0,332
1315214102220,18403FLXBL13PWE,26471-62-5,2015,05,0,0,0,0,0,326
1315214299707,08817CLNLW85NAT,N100,2015,06,0,0,0,0,0,335
1316215218153,46624LLDSG3520W,7697-37-2,2016,04,0,0,0,0,0,336
1324222665770,86401MNSYP4685F,95-63-6,2024,05,0,0,0,0,0,324
1323222387894,60638THSTH7201W,7664-93-9,2023,04,0,0,0,0,0,325
1321219670914,23430GWLTNHIGHW,7664-41-7,2021,05,1,1,0,1,0,311
1317215833373,60156DVNCD14WAL,100-41-4,2017,03,0,0,0,0,0,326
1316214933475,9616WTRCKN12275,N511,2016,03,0,0,0,0,0,327
1321219664822,40004TRMMS1051W,110-82-7,2021,03,0,0,0,0,0,336
1323222326112,43570TRNTY6AKST,N982,2023,04,0,0,0,0,0,325
1321220274284,00918NDLCX198CH,7697-37-2,2021,03,0,0,0,0,0,311
1318217027729,43612CHMBN6175A,67-56-1,2018,06,0,0,0,0,0,325
1317215931914,45242CNCNN5901C,7440-02-0,2017,02,0,0,0,0,0,332
1322221194400,49601RBRKS201HA,108-88-3,2022,04,0,0,0,0,0,332
1319217782008,49355MWYCR7575E,71-36-3,2019,04,0,0,0,0,0,325
1319218047886,06002SCHRR40EAS,108-88-3,2019,03,0,0,0,0,0,322
1321219853052,60622SPMTL1720E,N420,2021,05,1,0,1,0,0,331
1323221679727,27542CNSTG621JH,1330-20-7,2023,03,0,0,0,0,0,321
1314212833798,44241CLVLN10048,N230,2014,03,0,0,0,0,0,332
1317216408423,61834FBRTQ3650S,50-00-0,2017,03,0,0,0,0,0,327
1315213896160,7840WBCKYT151SU,1330-20-7,2015,07,1,0,0,1,1,324
1321220027003,71730LDRDC4500N,N511,2021,07,1,0,1,0,0,325
1322221428826,60174NTDLB32037,N230,2022,04,0,0,0,0,0,325
1315213745197,27709SCMMT2601W,N982,2015,04,0,0,0,0,0,331
1321219851401,49015NPPNDONEDE,7439-96-5,2021,03,0,1,0,0,0,336
1314212442964,46383TTNDV5103E,N770,2014,01,0,0,0,0,0,339
1315213854666,38474SMLTRARROW,7440-50-8,2015,04,0,0,0,0,1,331
1314213178116,38109GNNPR2860H,1332-21-4,2014,04,0,0,0,0,0,336
1324222690327,64120GNRLM2917G,2699-79-8,2024,04,0,0,0,0,0,311
1316214985246,76504CNTRF3320P,N100,2016,04,0,0,0,0,0,331
1322221031329,92111RGRSC7447C,N420,2022,02,0,0,0,0,0,334
1324222684336,7785WMRSRC8127A,N458,2024,01,0,0,0,0,1,327
1316215101561,3606WFRSLN13ECH,108-95-2,2016,03,0,0,0,0,0,336
1316215499524,49518WSTNG43003,7439-92-1,2016,01,0,0,0,0,1,337
1317215894306,53538LCTRN1100N,N420,2017,02,0,0,0,0,0,334
1324222901771,6206WSTLSS2ACCE,7439-92-1,2024,03,0,0,0,0,0,332
1315213593433,66801MBLTR1601E,N982,2015,04,0,0,0,0,0,326
1324222449201,4104WRNNNG85PRD,N420,2024,04,0,0,0,0,0,334
1314212804660,91749CMCCH18383,79-21-0,2014,04,1,0,0,0,0,325
1320218649984,44420LTRNC712TR,7439-92-1,2020,03,0,0,0,0,0,334
1318216954420,36193RHMMN2600E,7440-50-8,2018,06,0,0,0,0,1,335
1323222157404,70776CBGGYRIVER,872-50-4,2023,05,0,0,0,0,0,325
1320218669051,97113SHLDN300N2,7440-47-3,2020,03,0,0,0,0,0,332
1315214105013,75041NNCRB2326L,100-42-5,2015,04,0,0,0,0,0,325
1318217365889,40403TKCSN301MA,N230,2018,03,0,0,0,0,0,336
1319218431916,71107GSRFN620AE,191-24-2,2019,02,0,0,0,0,1,324
1323221976626,57262WDLND2415E,71-36-3,2023,04,0,0,0,0,0,337
1319217825215,91006NMLDB36LAP,N511,2019,04,1,0,0,1,0,332
1322220966408,92704PWRCR2645S,50-00-0,2022,03,0,0,0,0,0,334
1314212611394,43612PRSTR600MA,50-00-0,2014,06,1,0,1,0,0,325
1320219126947,55449PLSTD3920P,108-88-3,2020,04,0,0,0,0,0,325
1322221112333,27804LCNCN400JE,7440-66-6,2022,03,0,0,0,0,0,332
1323222239206,60609CDPRD6W41S,N535,2023,04,1,0,0,0,0,4246
1320218804173,77541FRPRT2398V,7664-41-7,2020,04,0,0,0,0,0,325
1324223118631,52776LSRCH207WE,7664-41-7,2024,04,0,0,0,0,0,311
1316215694807,98134LSKNC32006,N100,2016,04,0,0,0,0,0,332
1320219099239,28208TRNSR4500M,7440-50-8,2020,05,0,0,0,0,0,333
1317216135564,16749QKRSTINTER,7664-41-7,2017,04,1,0,0,1,0,324
1323222135170,5536WPSHRS671EV,67-56-1,2023,04,0,0,0,0,0,325
1316215045396,40391LLTCH65RLL,7697-37-2,2016,03,0,0,0,0,0,311
1315214343980,01028SDDKR82DEE,N511,2015,04,0,0,0,0,0,322
1322220693295,71901CHMFB1923C,108-88-3,2022,03,0,0,0,0,0,336
1318216834705,77590MCLCM24015,95-47-6,2018,06,1,0,1,0,0,325
1322220988048,3575WTYNKM229PA,N420,2022,02,0,0,0,0,0,332
1319218289332,46514MRRYD1536G,N495,2019,06,0,0,0,0,0,332
1323222343372,40475XDCRP876RI,N010,2023,05,1,0,0,0,1,335
1318217164209,54868FGPRD3000P,100-42-5,2018,04,0,0,0,0,0,326
1321219867013,28273HRPRC11625,N090,2021,04,0,0,0,0,0,333
1314213126067,43160YSCRP151JA,100-41-4,2014,04,0,0,0,0,0,336
1322220776595,11704MRCNC400SH,100-42-5,2022,02,0,0,0,0,0,326
1323222271886,55440HNYWL2600R,7439-92-1,2023,02,0,0,0,0,0,334
1323222084915,16601MRWYN3701B,7439-92-1,2023,05,0,0,0,0,0,331
1322221228632,47635KSTLC6500N,N511,2022,03,0,0,0,0,1,331
1315214181671,47834GRTDNUSHIG,N120,2015,05,0,0,0,0,0,336
1319218480717,60007RCTRN1150P,7439-92-1,2019,03,0,0,0,0,0,334
1315213223439,12138TCNCPCOONB,100-41-4,2015,03,0,0,0,0,0,313
1324222527208,9176WLGHTN85EFR,N458,2024,03,0,0,0,0,0,562
1315214191405,29732CLSTM32BRY,N982,2015,03,0,0,0,0,0,326
1316214986768,53092THRMS10605,108-88-3,2016,03,0,0,0,0,0,327
1320219026438,94553SHLLM10MOC,N740,2020,05,0,0,0,0,0,325
1316214979332,5605WTBLKC52182,7440-47-3,2016,04,0,0,0,0,0,336
1314211936125,53913PRRYP1300S,107-21-1,2014,04,0,0,0,0,0,323
1318217195534,06002SCHRR40EAS,108-88-3,2018,04,0,0,0,0,0,322
1314212390470,06492CYRNDSOUTH,100-42-5,2014,05,0,0,0,0,0,325
1315214324713,92667BBCCK1717W,67-56-1,2015,03,0,0,0,0,0,339
1322220700379,4834WWDWRT5CENT,7664-41-7,2022,04,0,0,0,0,0,332
1323221913852,08817KZCHMMEADO,110-54-3,2023,05,0,0,0,0,0,325
1316215666049,53051ZNTHSW156N,7440-47-3,2016,03,0,0,0,0,0,332
1314212792752,39521BRGWRPORTB,80-62-6,2014,05,0,0,0,0,0,325
1320218616276,53095LVLVL807PL,7697-37-2,2020,03,0,0,0,0,0,311
1320218684645,94509WSTRN2200W,95-63-6,2020,03,0,0,0,0,0,332
1315213968795,44202MCRMR1395D,N010,2015,04,0,0,0,0,0,325
1314212389706,7610WSPMFL761WY,7440-50-8,2014,04,0,0,0,0,0,333
1320218819631,45502NVSTR6125U,N230,2020,03,0,0,0,0,0,336
1314212665436,60185GRFFN1920D,7440-47-3,2014,05,0,0,0,0,0,336
1314212872737,15412MRCNR2WHEE,7647-01-0,2014,06,1,0,0,1,0,325
1321219468889,35801CRFNT2122A,7439-92-1,2021,03,0,0,0,0,0,334
1316215057973,29730BSFST800CE,1330-20-7,2016,04,0,0,0,0,0,325
1316215697828,30318WHTKR1557M,108-10-1,2016,04,0,0,0,0,0,4247
1314212937940,3765WFMPRD11SUT,67-56-1,2014,04,1,0,0,1,0,326
1318217087004,55041HTNGL800JE,1330-20-7,2018,04,0,0,0,0,0,333
1318216788606,40324LSVLL596TR,7440-47-3,2018,01,0,0,0,0,0,332
1323221611344,03062TRDYN4PITT,N511,2023,03,1,0,0,1,0,334
1315218623256,73505CHMCL5201S,108-95-2,2015,04,0,0,0,0,0,325
1323221548504,01260MDSPCWILLO,50-00-0,2023,03,1,0,0,1,0,322
1323222395396,53051RNDLLN82W1,95-63-6,2023,04,0,0,0,0,0,323
1315213984267,53051ZNTHSW156N,7440-50-8,2015,03,0,0,0,0,0,332
1317216097788,14048RLSTN3800M,N982,2017,05,0,0,0,0,0,311
1319218494577,81001SHLND250WI,7664-41-7,2019,04,1,0,1,0,0,325
1321219776123,56502SJLCT22650,7439-92-1,2021,02,0,0,0,0,0,334
1321219468636,52156SWSSVHWY18,7697-37-2,2021,04,0,0,0,0,0,311
1319218334009,37620BCHML501FI,7440-22-4,2019,01,0,0,0,0,0,325
1324223229485,47670TYTMT4000T,7440-47-3,2024,04,0,0,0,0,0,336
1315214339222,5061WWLSRN71CHA,7440-02-0,2015,05,0,0,0,0,0,332
1321220142196,77656STHHMFM418,110-82-7,2021,05,1,0,0,1,0,325
1314212887083,01801FRNCR324NE,127-18-4,2014,03,0,0,0,0,0,332
1314212566463,34243DNZMR81611,100-42-5,2014,03,0,0,0,0,0,336
1314212893010,53585XCTNC2LDFA,7664-41-7,2014,04,0,0,0,0,0,325
1320218857377,28704DYNTR95GLE,108-88-3,2020,05,0,0,0,0,0,326
1321220303705,30474TLNTCATLAN,N590,2021,01,1,0,0,1,0,321
1315214240400,14304THGDY5408B,108-95-2,2015,05,0,0,0,0,0,325
1320218922538,46383PFZRP4901E,7664-41-7,2020,05,0,0,0,0,0,325
1324223196231,43570TRNTY6AKST,N982,2024,04,0,0,0,0,0,325
1322220955518,7757WGSNNV185EH,74-85-1,2022,05,0,0,0,0,0,4247
1317216045625,37801RBBRM1427W,71-36-3,2017,06,0,0,0,0,0,339
1315213794783,98020PGTSN92208,1330-20-7,2015,03,0,0,0,0,0,332
1323222149092,35035CHBPRRT1BO,N150,2023,18,1,0,0,1,1,321
1324222553240,62243SMNSM410WE,7439-92-1,2024,02,0,0,0,0,0,335
1323221616093,37416HRPRW7463B,N120,2023,03,0,0,0,0,0,332
1324223181482,44114PRSTL5109H,N125,2024,04,0,0,0,0,0,325
1316215080894,5510WPRFND51STA,7440-50-8,2016,03,0,0,0,0,0,331
1319218069488,9530WBRBSC22EGR,98-82-8,2019,01,0,0,0,0,0,337
1317216538153,53092RCKWL6400W,7439-92-1,2017,02,0,0,0,0,0,335
1314212713061,01069PLMRF22MTD,N120,2014,03,0,0,0,0,0,331
1320219054362,18201NRGBRVALMO,N120,2020,06,0,0,0,0,0,326
1314216076190,30184TYTRN366HW,N982,2014,05,0,0,0,0,0,326
1314212500401,54476CRYST2608R,95-63-6,2014,04,0,0,0,0,0,332
1322220885115,12801FNCHP1GLEN,N511,2022,03,1,0,0,1,0,322
1323221611357,03062TRDYN4PITT,7697-37-2,2023,03,0,0,0,0,0,334
1314212908952,23168GRYST7992R,N090,2014,04,0,0,0,0,0,332
1314212501163,30643MNRTQ200MC,N090,2014,04,0,0,0,0,0,336
1315213550318,26037WHLNGPENNM,7664-41-7,2015,03,0,0,0,0,0,332
1320219404086,72206WLSPN931FR,1344-28-1,2020,03,0,0,0,0,0,331
1315214198576,34956MRTNPSR710,7664-41-7,2015,04,1,0,0,1,0,2211
1320219031186,30721PLYST26BRK,71-36-3,2020,05,0,1,0,0,0,325
1317215816707,60007PNRYC1801E,108-88-3,2017,04,0,0,0,0,0,325
1317215880612,32254NRGBR5510W,N120,2017,05,0,0,0,0,0,326
1321220188054,70776CBGGYRIVER,56-23-5,2021,05,1,0,0,1,0,325
1324222550360,44202MCRMR1395D,N982,2024,04,0,0,0,0,0,325
1321219631645,02763MTFBN332JO,7440-47-3,2021,03,0,0,0,0,0,332
1322221249117,0887WRCHML18USH,75-09-2,2022,03,0,0,0,0,0,325
1314212925224,55901STFFR24027,7697-37-2,2014,04,0,0,0,0,0,311
1322221065675,5701WMGLNR515NI,100-42-5,2022,05,0,0,0,0,0,326
1314212959821,55413LCTRC800CE,7440-50-8,2014,04,0,0,0,0,0,335
1319218556619,26201CRHRTROUTE,N090,2019,05,0,0,0,0,0,327
1316215087913,30503CTTRL2125C,7439-92-1,2016,02,0,0,0,0,0,336
1317217774823,77507DPNTD9701B,68-12-2,2017,04,1,0,0,0,0,326
1322222299772,4320WMLLSM1977M,7440-50-8,2022,03,0,0,0,0,0,332
1321220222347,33597RBBNSSR50S,N090,2021,04,0,0,0,0,0,321
1317216245201,46176RYBDC800MA,7439-96-5,2017,04,0,0,0,0,0,331
1316215676115,76063MRCHM1300F,N090,2016,05,0,0,0,0,0,325
1322220927368,17066WNSCRUSROU,131-11-3,2022,03,0,0,0,0,0,326
1315214460368,02864TFFNY300MA,7440-22-4,2015,03,0,0,0,0,0,339
1324222407064,2826WVRTVP3999G,N120,2024,04,0,0,0,0,0,999
1314212653063,38113WMBRR2105C,67-56-1,2014,06,0,0,0,0,0,325
1315214125650,3740WNRGYS2CMPR,N090,2015,05,0,0,0,0,0,332
1320219274899,1906WNFNTY2PRGR,79-94-7,2020,04,0,0,0,0,0,325
1314211917570,3302WVVDRG325CM,108-88-3,2014,04,0,0,0,0,0,325
1314213076654,1460WXLSGS8LEER,7439-92-1,2014,02,0,0,0,0,0,333
1324222407102,30043NTXCR1055P,50-00-0,2024,05,0,0,0,0,0,325
1315213926823,91761NMLDB1750M,N511,2015,04,1,0,0,1,0,332
1315213738800,56093FJHNS299JO,7440-50-8,2015,03,0,0,0,0,0,334
1314212461521,40508HNTRM201WL,7439-92-1,2014,01,0,0,0,0,0,323
1316215184060,52406CRGLL17101,N420,2016,01,1,0,0,1,1,311
1320219026440,94553SHLLM10MOC,108-88-3,2020,05,0,0,0,0,0,325
1316215364629,16749QKRSTINTER,N590,2016,03,1,0,0,1,0,324
1317216484129,08817CLNLW85NAT,N010,2017,04,0,0,0,0,0,335
1315213935277,0887WRCHML18USH,75-05-8,2015,04,0,0,0,0,0,325
1321219704552,01950NNSPC3MALC,N120,2021,05,0,0,0,0,0,325
1324222468605,97113SHLDN300N2,7440-47-3,2024,03,0,0,0,0,0,332
1321219758315,44202MCRMR1395D,N010,2021,04,0,0,0,0,0,325
1315213896121,7840WBCKYT151SU,110-54-3,2015,07,1,0,0,1,1,324
1320218865739,50595VNDSTOLDHW,107-21-1,2020,06,0,0,0,0,0,325
1321220323986,44460WRRNM800PE,1330-20-7,2021,03,0,0,0,0,0,326
1316215039280,03766LMNSC4LUCE,115-07-1,2016,04,0,0,0,0,0,335
1315213890270,60632GLDGL4400S,67-56-1,2015,06,0,0,0,0,0,324
1317216464394,53051ZNTHSW156N,7440-02-0,2017,04,0,0,0,0,0,332
1321219892039,39440MSNTCSOUTH,100-42-5,2021,05,0,0,0,0,0,321
1318217457845,00936SNJNCKM267,N420,2018,02,0,0,0,0,1,999
1315214121699,62801NVRSLOLDRT,N230,2015,03,0,0,0,0,0,322
1314212953968,49221GNRLM1450E,872-50-4,2014,03,0,0,0,0,0,336
1318217053937,35007VNTPL700IN,67-66-3,2018,04,0,0,0,0,0,325
1322221375761,4382WRDGCR5777R,77-73-6,2022,04,0,0,0,0,0,326
1320220606851,16823SPLCNSUPEL,108-88-3,2020,03,0,0,0,0,0,334
1320218962696,30117DCSTR1DECM,108-10-1,2020,03,0,0,0,0,0,336
1322221465697,84104CHLTD331W9,N982,2022,04,1,1,1,0,0,311
1321221489382,90001LLYSC1960E,7664-39-3,2021,04,0,0,0,0,0,332
1321221320827,40210NTDCT1227S,N040,2021,04,1,1,1,0,0,325
1320218873305,0173WNTGRS9CRSB,67-56-1,2020,03,0,0,0,0,0,326
1316215180757,11704MRCNC400SH,80-62-6,2016,04,0,0,0,0,0,326
1323221573734,60140WRMDWALLEN,1330-20-7,2023,04,0,0,0,0,0,325
1323222012852,19804CBGGYJAMES,N511,2023,02,1,0,0,1,0,325
1323222343360,40475XDCRP876RI,N420,2023,06,1,0,0,0,0,335
1315214193082,43756JPTRN5037N,N420,2015,05,0,0,0,0,0,333
1315213645260,37745MRCNT79WAN,100-42-5,2015,04,0,0,0,0,0,326
1314213237617,76401FMCTL2825W,7440-66-6,2014,03,0,0,0,0,0,333
1322220782775,46514MRRYD1536G,N090,2022,05,0,0,0,0,0,332
1320219342870,32501RZNCH411SO,100-41-4,2020,05,0,0,0,0,0,325
1318216834717,77590MCLCM24015,106-42-3,2018,08,1,0,1,0,0,325
1317216563914,37744BLLZNBALLR,N982,2017,06,1,1,1,1,0,331
1318217323171,06075NRTHMOLDMO,N230,2018,04,0,0,0,0,0,334
1314213027535,03458NWHMPROUTE,67-56-1,2014,04,0,0,0,0,0,332
1323221663572,47201MPCTF20805,7440-02-0,2023,03,0,0,0,0,0,332
1317216057632,45820CRCHMROUTE,7664-93-9,2017,06,1,0,0,1,0,325
1323221674409,39358KMPRPBOX10,118-74-1,2023,01,0,0,0,0,1,321
1316215052806,11356NDSTR20451,7440-66-6,2016,01,0,0,0,0,0,325
1315213977972,19134PRLTC3620G,100-42-5,2015,04,0,0,0,0,0,325
1317216391060,91790NTRSP2009S,N420,2017,06,0,0,0,0,0,335
1316215342801,17519CNSTG245RE,108-88-3,2016,02,0,0,0,0,0,337
1314212594877,2103WBYNNS16ALT,N420,2014,03,0,0,0,0,0,326
1316215052782,11356NDSTR20451,77-09-8,2016,01,0,0,0,0,0,325
1314212460808,07083LCNPW901LE,7440-36-0,2014,05,0,1,1,0,0,331
1314211941479,53925MRCNP850WE,1330-20-7,2014,03,0,0,0,0,0,323
1317216592434,14304THGDY5408B,95-47-6,2017,05,0,0,0,0,0,325
1315214464810,46526GSHNR1525S,N982,2015,04,0,0,0,0,0,326
1316214897011,14692SCHLG1555J,N120,2016,04,0,0,0,0,0,326
1321220308946,04740JMHBRPOBOX,50-00-0,2021,01,1,0,0,1,0,321
1323221815970,2954WPLYQS172MI,107-21-1,2023,04,0,0,0,0,0,325
1321220371999,48764TWSPL510IN,7697-37-2,2021,03,0,0,0,0,0,332
1320219395480,17403NRTHM609EA,1313-27-5,2020,05,0,0,0,0,0,325
1316215673132,56284STHRNEASTH,N511,2016,10,1,0,0,1,0,311
1321219729910,6870WWLNDN86WSU,7440-47-3,2021,03,0,0,0,0,0,332
1316215390244,48205NDSTR11900,50-00-0,2016,03,0,0,0,0,0,327
1322220836466,12090FLRGL1LIBE,100-41-4,2022,03,0,0,0,0,0,322
1323221835681,2802WDNPMS4524E,67-56-1,2023,03,0,0,0,0,0,339
1317216433781,38109BRMNG3601P,N495,2017,03,0,1,0,0,1,331
1319218252839,9502WRYLCR21HAM,N100,2019,04,0,0,0,0,0,334
1324222583256,77041TSHBN13131,7439-96-5,2024,04,0,0,0,0,0,335
1320219185701,57032SHWPL1ENTE,1330-20-7,2020,03,0,0,0,0,0,337
1317216015798,40258KNTCK77INT,108-10-1,2017,03,0,0,0,0,0,336
1324222607121,51632NSKCR1100N,7440-47-3,2024,04,0,0,0,0,0,332
1321220001123,37406SYNRC4001N,106-44-5,2021,04,0,0,0,0,0,325
1315213770148,28659CRTNT1149A,7439-92-1,2015,03,0,0,0,0,1,327
1321220313845,0850WLLNTW165CU,7439-96-5,2021,04,0,0,0,0,0,332
1322221059963,54601THTRN1700H,7440-02-0,2022,04,0,0,0,0,0,333
1323221648090,71730GRRSN181CO,75-44-5,2023,04,0,0,0,0,0,325
1323221660018,0183WCDRSM45FUN,79-21-0,2023,03,0,0,0,0,0,311
1317216589782,44128MMCNT4475E,95-63-6,2017,04,0,0,0,0,1,325
1315214386866,91744TRPCN14380,79-21-0,2015,06,0,0,0,0,0,311
1321219622103,43725LMCST804BY,N982,2021,04,0,0,0,0,0,326
1317215844438,4601WNSTS431W7X,N511,2017,02,1,0,0,1,0,311
1320218605588,16823SPLCNSUPEL,67-56-1,2020,03,0,0,0,0,0,334
1320221534427,60153KRNKM2601G,95-63-6,2020,04,0,0,0,0,1,324
1316215205459,2623WNLSTL999EA,7439-96-5,2016,04,0,0,0,0,0,332
1316215384583,40475XDCRP876RI,7440-38-2,2016,04,1,0,0,0,0,335
1315213922014,76140MDLND4800E,7440-50-8,2015,05,0,0,0,0,0,331
1318217217417,92126NMPSX9395C,68-12-2,2018,03,0,0,0,0,0,325
1317215814272,0793WCPNTC7VREE,N420,2017,04,0,0,0,0,0,334
1316215162850,97116TKTRN1521P,N511,2016,02,1,0,0,1,0,334
1317216604975,19087JHNSN43645,N511,2017,05,0,0,0,0,0,336
1317215895259,97077TKTRN13700,7439-92-1,2017,01,0,0,0,0,0,334
1322220726184,77805LNCXX615CA,95-63-6,2022,03,0,0,0,0,0,332
1314212478200,0098WPPGRC63FER,108-88-3,2014,04,0,0,0,0,0,325
1323221648456,1980WHMCNC11HEA,7439-92-1,2023,01,0,0,0,0,1,327
1318217335088,92647CMBMN7601C,100-42-5,2018,04,0,0,0,0,0,326
1321219961822,11704LWRNC165FI,127-18-4,2021,03,0,0,0,0,0,332
1319217963065,45242CNCNN5901C,7440-48-4,2019,02,0,0,0,0,0,332
1316215640653,19703LLDSG6100P,67-56-1,2016,04,0,0,0,0,0,325
1316215289683,37322STRMC240IN,N420,2016,04,0,1,1,1,1,332
1318217149196,38109BRMNG3601P,N770,2018,04,1,0,0,0,1,331
1315214344234,25704HNTNG625MO,7439-92-1,2015,02,0,0,0,0,0,332
1314212690453,03053CTSNT34LON,7439-92-1,2014,02,0,0,0,0,0,334
1321219821004,44060YLGHT9150H,7439-97-6,2021,01,0,0,0,0,0,335
1321220238048,16143YNGGLPOBOX,7664-93-9,2021,03,0,0,0,0,0,332
1315213611369,06076CNNCXRIVER,50-00-0,2015,03,0,0,0,0,1,333
1319218145175,75607TXSSTOFFHI,78-84-2,2019,06,1,0,1,0,0,325
1320218777656,47546KMBLLW12TH,1330-20-7,2020,04,0,0,0,0,0,337
1316215690189,44128MMCNT4475E,1330-20-7,2016,05,0,0,0,0,0,325
1315213231160,60044JSSPM1701R,110-54-3,2015,04,0,0,0,0,0,313
1314212992592,11787GLLLC300MA,7439-92-1,2014,02,0,0,0,0,0,336
1319218560009,77511QNTMC2MILE,74-85-1,2019,06,0,0,0,0,0,325
1314212419372,77805LNCXX615CA,95-63-6,2014,03,0,0,0,0,0,332
1323221755236,55369NVRSL8860Z,7439-92-1,2023,03,0,0,0,0,0,334
1315213959442,29520STNLY100ST,67-56-1,2015,04,0,0,0,0,0,332
1323221532500,17403NRTHM609EA,1313-27-5,2023,06,0,0,0,0,0,325
1323221700127,06492TMSMC358HA,7440-50-8,2023,05,0,0,0,0,0,335
1324222519377,75081HNYWL830EA,7664-93-9,2024,04,0,0,0,0,0,334
1318217403486,3708WRLNCW11CEN,N100,2018,03,0,0,0,0,0,332
1319217961390,38108WTCCR1231P,7664-41-7,2019,05,0,0,0,0,0,325
1317216100800,43025RNSLC180NH,91-08-7,2017,04,0,0,0,0,0,326
1314214503118,97224GRBRL14200,7440-47-3,2014,01,0,0,0,0,0,332
1315214311209,51537JCBSC251S1,7440-47-3,2015,04,0,0,0,0,0,339
1317216432462,46514MRRYD1536G,N495,2017,06,0,0,0,0,0,332
1314212927420,50501FRSKS24005,N982,2014,01,0,0,0,0,0,311
1314212956674,15342MNTCH2045W,N090,2014,04,0,0,0,0,0,333
1322220756872,3946WCPPLL1912R,8001-58-9,2022,05,0,0,0,0,0,321
1315213751720,0887WNWWRL1RAND,7440-02-0,2015,05,0,0,0,0,0,331
1323221637782,5701WMGLNR515NI,100-42-5,2023,05,0,0,0,0,0,326
1320218944256,14432GWLSK2SOUT,N420,2020,03,0,0,0,0,0,332
1320218775258,80640DLTRC9155B,107-21-1,2020,04,0,0,0,0,0,324
1315214356661,42135FRNKL322BW,7440-50-8,2015,03,0,0,0,0,0,336
1315214185492,79007JMHBRHIGHW,71-43-2,2015,01,1,0,0,0,0,325
1317218606945,05301FLFLXPUTNE,N590,2017,01,0,0,0,0,1,326
1319217821368,68131RBRTS2901C,7697-37-2,2019,03,0,0,0,0,0,311
1315214191898,44024LSTCH160PA,N420,2015,04,0,1,1,0,0,326
1320219174733,3562WSNPNT18771,7440-02-0,2020,05,0,0,0,0,0,332
1315213966169,30701PCHML417SR,N120,2015,03,0,0,0,0,0,326
1316215298112,1722WTLSCP13278,7439-96-5,2016,04,0,0,0,0,0,333
1314212684664,00937SSLMMLUISM,91-20-3,2014,06,0,0,0,0,0,4247
1315213213958,49022THLMC1202T,108-88-3,2015,03,0,1,0,0,0,322
1315213729926,05478BNJRR900IN,7697-37-2,2015,03,0,0,0,0,0,311
1321219697796,2964WTWRNT141SU,7440-50-8,2021,04,0,0,0,0,0,336
1321220146221,0647WBYKSN33STI,N230,2021,03,0,1,1,0,0,325
1324222759096,3774WMCCRP15IND,12185-10-3,2024,04,0,0,0,0,1,335
1321219890377,73532MRCNG18972,7439-92-1,2021,02,0,0,0,0,1,327
1316215306919,1541WBRWNS18PAU,7439-96-5,2016,04,0,0,0,0,0,336
1323221549470,4670WSCTND1729W,N090,2023,05,1,0,0,1,0,999
1323222047944,28901TBRDM1000H,115-07-1,2023,03,0,0,0,0,0,333
1323221706373,48917LNSNG3725S,8001-58-9,2023,04,0,0,0,0,0,2211
1324222735072,92707NMLDB401WR,N511,2024,04,1,0,0,1,0,332
1324222539013,23511NVLBS1530G,7439-92-1,2024,03,0,0,0,0,0,999
1321220007203,16749QKRSTINTER,108-88-3,2021,05,0,0,0,0,0,324
1320219305277,06497HMPFR292LO,64-18-6,2020,04,0,0,0,0,0,325
1315213690480,95052HWLTT5301S,108-88-3,2015,03,0,0,0,0,0,334
1315213737947,55427VRSDC3943Q,7439-92-1,2015,02,0,0,0,0,0,334
1318216912648,63468CRRCP516WE,7440-50-8,2018,06,0,0,0,0,0,331
1314212556005,48220GGPRD625WA,71-36-3,2014,04,0,0,0,0,0,325
1315214196204,7506WLTTMR1EUNI,N420,2015,01,0,0,0,0,1,327
1318217541782,14304NRTNW6600W,108-95-2,2018,04,1,0,0,1,0,327
1317216114797,48205NDSTR11900,95-63-6,2017,03,0,0,0,0,0,327
1315214390902,3002WBXTRH55BAX,67-56-1,2015,03,0,0,0,0,0,325
1322220974149,45891RQPCR1225W,N982,2022,05,1,0,0,0,0,332
1317218637650,85301GLBRT5310W,7439-92-1,2017,03,1,0,0,1,0,332
1316215644333,65202MRCNR2100N,N120,2016,04,0,1,0,0,0,333
1320218814008,19510CNCRPEXCEL,7439-96-5,2020,05,0,0,0,0,0,332
1317215908928,70508SSFNT29GLA,100-42-5,2017,04,0,0,0,0,0,326
1315214245906,06492MRCNCSOUTH,71-36-3,2015,06,0,0,0,0,0,325
1314212393058,25070DMNDLSTRT6,7439-92-1,2014,03,0,0,0,0,0,336
1321219693379,19380ZKSCM1302G,7440-02-0,2021,03,0,0,0,0,1,333
1320218977080,74145SSCRT5311S,76-13-1,2020,02,0,0,0,0,0,334
1324222774655,49509MDMRC2140C,7664-41-7,2024,04,0,0,0,0,0,311
1322222388946,9074WPRTRS17115,75-21-8,2022,03,0,0,0,0,0,999
1321219933280,9176WDNCNX1745E,7697-37-2,2021,04,0,0,0,0,0,332
1315214087660,44224MRCHM155ES,N982,2015,04,0,0,0,0,0,325
1321219792811,75243DRSNF13532,67-56-1,2021,04,0,0,0,0,0,334
1317216603050,60008LNHNT900CA,N511,2017,04,1,0,0,0,1,325
1315214163192,38474CMRCSMTJOY,N530,2015,04,0,0,0,0,0,325
1322221298831,37744BLLZNBALLR,N100,2022,04,1,0,1,1,0,331
1314212385189,03062BNCHM1INNV,7439-92-1,2014,03,0,0,0,0,0,334
1324222762700,90744GSRFN1431W,N590,2024,02,0,0,0,0,1,324
1314212989634,28658GTRGG1848G,7439-92-1,2014,03,0,0,0,0,1,336
1320219034345,16749QKRSTINTER,110-82-7,2020,03,0,0,0,0,0,324
1315213637667,90040LLYNC6900E,117-81-7,2015,04,0,0,0,0,0,326
1316217492988,45320BLLNL950SF,7697-37-2,2016,04,0,0,0,0,0,335
1317216508554,73106HSPNT1700W,N230,2017,02,0,0,0,0,0,325
1322221205800,7812WWTXSX565BL,91-20-3,2022,01,0,0,0,0,0,336
1314212404343,16823SPLCNSUPEL,75-09-2,2014,04,0,0,0,0,0,334
1321219667464,95131SNMNC2068B,7697-37-2,2021,04,0,0,0,0,0,334
1314212401537,04005VXTNT69LAN,7439-92-1,2014,02,0,0,0,0,1,334
1320219434141,00705TRCSNRD14K,N511,2020,02,1,0,0,1,0,311
1314212926998,92366MLYCRI15AN,7782-50-5,2014,04,1,0,0,1,0,2122
1320219239023,24301WSTPNBURGI,N090,2020,01,0,0,0,0,0,313
1316215519113,8950WRNXXX4655A,7439-92-1,2016,02,0,0,0,0,0,334
1314212704858,51360PLRSN1900H,N230,2014,03,0,0,0,0,0,336
1322221007610,4466WMGRRV171NM,7440-50-8,2022,03,0,1,0,0,0,332
1315214024162,36467MLDDF18361,100-42-5,2015,04,0,0,0,0,0,326
1314212551143,68131RBRTS2901C,N511,2014,04,1,0,0,1,0,311
1319217615362,55746LMRDT1414E,7440-50-8,2019,05,0,0,0,0,0,336
1316215365863,37334MNRFR1810W,7440-50-8,2016,06,0,0,0,0,0,335
1315214412443,40342GNRLC1381B,N420,2015,04,0,0,0,0,0,335
1323222067656,19353DRBLM140SH,7440-47-3,2023,03,0,0,0,0,0,332
1319218465856,6126WRCKRV9ECMM,7664-93-9,2019,03,0,0,0,0,0,331
1317216135590,16749QKRSTINTER,7647-01-0,2017,03,1,0,0,1,0,324
1314212302917,55306RBCSS14255,100-42-5,2014,04,0,0,0,0,0,326
1317216402610,82701WYMNG740WE,74-85-1,2017,02,1,0,0,0,0,324
1320218585418,3352WSRCRT15246,1330-20-7,2020,04,0,0,0,0,0,325
1319218352223,29556NTRNTHWY52,110-54-3,2019,04,0,0,0,0,0,311
1322220921706,02346CNSPRBRIDG,191-24-2,2022,04,1,0,0,1,0,311
1316215132135,49015TKRKS100HI,7440-50-8,2016,04,0,0,0,0,0,335
1316215136223,18702NSNNG1141H,7440-48-4,2016,03,0,0,0,0,0,336
1318216757056,60193MRCRY121SM,7440-47-3,2018,05,0,0,0,0,0,332
1319218147561,38965CLTNDHIGHW,7440-50-8,2019,05,0,0,0,0,0,336
1319219434242,32347BCKYCROUTE,67-56-1,2019,05,1,0,0,1,0,322
1315213576186,61364PBDYM1621S,7440-02-0,2015,02,0,0,0,0,0,336
1324222987669,7650WWLSNR211BA,80-62-6,2024,05,0,0,0,0,0,326
1323221784111,32571RPRDC4575E,7664-41-7,2023,06,1,0,0,0,1,325
1316215437132,7815WVSNWR661GU,7439-92-1,2016,03,0,0,0,0,0,339
1318217338072,49518WSTNG43003,N982,2018,02,0,0,0,0,1,337
1317215959331,77833BLBLL1101S,7697-37-2,2017,03,0,0,0,0,0,311
1320218973257,15145STLDN200BR,7439-92-1,2020,04,0,0,0,0,0,332
1319217799194,27261RLNCN1431P,1330-20-7,2019,05,0,0,0,0,1,325
1320218766222,2967WMCHLN28GRI,N120,2020,04,0,0,0,0,0,326
1323221646399,14304BTLSP5000P,67-56-1,2023,04,0,1,0,0,1,325
1320219172436,77641KMCNC2450S,100-41-4,2020,10,0,0,0,0,0,325
1322220744662,92376DRTCH2720S,100-42-5,2022,04,0,0,0,0,0,325
1314212855807,20707STCST9090W,7664-41-7,2014,05,0,0,0,0,0,311
1322221563024,12901BMBRD71WAL,7440-02-0,2022,04,0,0,0,0,0,336
1316215439365,06723THWTR114PO,N100,2016,03,1,0,0,0,0,332
1323222157442,70776CBGGYRIVER,122-34-9,2023,06,1,0,0,0,1,325
1322221135445,08052CVCSP2980R,95-47-6,2022,05,0,0,0,0,0,325
1315214127161,72543BRDGS99BLT,7440-50-8,2015,04,0,0,0,0,0,335
1324222660514,90221FLKMN19402,335-67-1,2024,01,0,0,0,0,0,325
1314212823506,77520LNXSS85WBA,84-74-2,2014,04,1,0,0,1,1,325
1321220342517,48750TTNDS4700N,N010,2021,04,0,0,0,0,0,326
1322221016189,3762WTRCTY161AR,N420,2022,04,0,0,0,0,1,331
1322220697991,17094TRNGLJUNIA,71-36-3,2022,04,0,0,0,0,0,337
1315214013652,63028RVRCMSELMA,N458,2015,01,0,0,0,0,1,327
1321220172098,10940RVRSMRD2BA,N420,2021,07,1,1,1,0,0,331
1316215101864,16161WHTLNCOUNC,N450,2016,01,1,0,0,1,0,331
1323221626676,37644SNPNTSTATE,7439-96-5,2023,05,0,0,0,0,0,332
1317216619421,79602TGBTS181HW,100-42-5,2017,04,0,0,0,0,0,336
1317216547240,9705WNRTHW2929W,7440-50-8,2017,04,1,0,0,1,0,331
1318216952705,45408SCHRM107WE,N420,2018,03,1,0,0,1,0,332
1316215136247,18702NSNNG1141H,7440-02-0,2016,04,0,0,0,0,0,336
1314211904697,38652MSTRBHIGHW,108-10-1,2014,02,0,0,0,0,0,333
1322220851707,38108WTCCR1231P,107-21-1,2022,05,0,0,0,0,0,325
1315214346619,31404KTLST1800E,N511,2015,05,0,0,0,0,0,327
1316215451915,4942WLGCHM1LGWA,1120-71-4,2016,03,0,0,0,0,0,335
1314212482970,18403DVFFRJFKEN,7439-92-1,2014,03,0,0,0,0,0,332
1314212829232,48723MCHGN725AL,N420,2014,01,0,0,0,0,1,311
1324222853576,73801DPWTR1210A,67-56-1,2024,04,0,0,0,0,0,325
1317215868086,92355BNNZL11711,100-41-4,2017,02,0,0,0,0,0,331
1315213766379,73036GMNLC101SW,108-10-1,2015,05,0,0,0,0,0,325
1314212659748,0887WRCHML18USH,75-05-8,2014,04,0,0,0,0,0,325
1316215377538,94555SCNTF6550D,7439-92-1,2016,01,0,0,0,0,0,334
1314212480230,85714SNDTP4798S,100-42-5,2014,04,0,0,0,0,0,326
1316215074257,67801RFFNN500ET,N982,2016,06,0,0,0,0,0,325
1317216619445,28732BLRDG180MI,7664-93-9,2017,04,0,0,0,0,0,331
1319218030738,07066PLYCH160TE,67-56-1,2019,05,0,0,0,0,0,311
1320219261144,55719MNNST611WE,79-01-6,2020,03,0,0,0,0,0,333
1322221572959,77547DYNGY12801,67-56-1,2022,04,0,0,0,0,1,4247
1317215835909,55350HRCLS35ADA,7664-41-7,2017,04,0,0,0,0,0,311
1317215874165,04564MSTRS500LO,79-01-6,2017,03,0,0,0,0,0,332
1318216985770,78343XBSHPUSHWY,75-07-0,2018,05,0,0,0,0,0,325
1324222866978,3596WPLSMN43AIR,67-56-1,2024,03,0,0,0,0,0,336
1314211914320,76053BYLSG625WH,N982,2014,05,1,1,0,1,0,332
1320218806596,55435MGNTC7801C,872-50-4,2020,04,0,0,0,0,0,334
1322221427077,98134LSKNC32006,N495,2022,04,0,0,0,0,0,332
1323221585526,48118BRSVF11770,N450,2023,03,0,0,0,0,0,327
1317216245148,46176RYBDC800MA,7429-90-5,2017,06,1,0,0,1,0,331
1319218240291,8055WHXCLW31815,330-54-1,2019,05,0,0,0,0,0,325
1324222583243,77041TSHBN13131,7440-50-8,2024,05,0,0,0,0,0,335
1321220483147,45331WHRLP171KI,7440-50-8,2021,03,0,0,0,0,0,335
1318217413145,90201MTLSR6060S,N495,2018,04,0,0,0,0,0,332
1316215101876,16161WHTLNCOUNC,N420,2016,02,0,0,0,0,1,331
1322220628693,07111RCHRD517LY,7440-50-8,2022,07,0,1,1,0,0,999
1319218518583,91761WMBRR1400S,100-42-5,2019,05,0,0,0,0,0,326
1316215742812,90064BRRYV2210B,7697-37-2,2016,04,0,0,0,0,0,332
1314212345351,53201WHBRD2230W,108-88-3,2014,05,0,0,0,0,0,322
1322221155183,77656STHHMFM418,108-88-3,2022,05,1,0,1,0,0,325
1318217152444,75006THGLD1900J,107-21-1,2018,03,0,0,0,0,0,325
1318216746521,33612JHNSN10215,N420,2018,06,1,1,0,0,1,335
1322220715736,60554FNSHSWHEEL,N230,2022,03,0,0,0,0,0,325
1315214191912,44024LSTCH160PA,N982,2015,04,0,1,1,0,0,326
1322220865291,66105PRCTR1900K,N230,2022,04,0,0,0,0,0,325
1323221538743,9540WGNRLH2877G,7664-41-7,2023,03,0,0,0,0,0,325
1314212333557,75080TWNST500WE,872-50-4,2014,03,0,0,0,0,0,334
1317215971351,36105HYNDM7HYUN,71-36-3,2017,05,0,0,0,0,0,336
1315213706005,76504CNTRF3320P,N090,2015,05,0,0,0,0,0,331
1324222911051,45242CNCNN5901C,7440-48-4,2024,02,0,0,0,0,0,332
1318216834628,46124MMTLX216NM,7440-47-3,2018,03,1,0,0,0,0,332
1319217799826,32955DLTGR395GU,7439-92-1,2019,03,0,0,0,0,0,334
1321219828579,03062TRDYN4PITT,N511,2021,03,1,0,0,1,0,334
1318218528230,32571RPRDC4575E,7664-41-7,2018,06,1,0,0,0,1,325
1315218606921,05301FLFLXPUTNE,191-24-2,2015,01,0,0,0,0,1,326
1314212404242,75160VKSTH17MET,N450,2014,02,0,0,0,0,0,326
1315214154332,77380SGMGN9186S,75-09-2,2015,04,0,0,0,0,0,325
1321219972460,44203MLCPR361FA,67-56-1,2021,04,0,0,0,0,0,325
1317219425206,64772MNVDPHIGHW,67-56-1,2017,04,0,0,0,0,0,326
1317216527477,92126NMPSX9395C,68-12-2,2017,03,0,0,0,0,0,325
1316215349806,27420GLBRC7300F,7439-92-1,2016,04,0,1,0,0,1,333
1322221008889,15857CRBNC150FO,7440-02-0,2022,04,0,0,0,0,0,332
1319217980743,44117LNCLN22801,7440-50-8,2019,05,1,0,0,1,0,333
1318217683414,74403FRTHW5600E,N458,2018,01,1,0,0,1,1,322
1316215694833,98134LSKNC32006,N495,2016,04,0,0,0,0,0,332
1321219670229,2343WSMTHF51NCH,7664-41-7,2021,04,0,0,0,0,0,311
1314212507115,98226BRKSM2120P,87-86-5,2014,05,0,0,0,0,0,321
1320219291907,27709SCMMT2601W,7440-36-0,2020,05,1,0,1,0,0,331
1320219622053,43725LMCST804BY,N982,2020,04,0,0,0,0,0,326
1315215278730,75160VKSTH17MET,N090,2015,03,0,0,0,0,0,326
1319217836321,14304NRTNW6600W,108-95-2,2019,04,1,0,0,1,0,327
1315213675109,72118WLSCN9301C,115-07-1,2015,04,0,1,1,0,0,999
1316215460650,45408SCHRM107WE,N420,2016,03,1,0,0,1,0,332
1319218340495,50010HCHCM100DA,N458,2019,03,0,0,0,0,0,325
1319217992130,55044TMTDS2777K,7439-92-1,2019,01,0,0,0,0,0,334
1320218676601,9701WMLWKL114NW,N420,2020,02,0,0,0,0,0,334
1320218942631,42452KBLLYMCDON,7440-50-8,2020,03,1,0,1,0,0,331
1319218484032,48801CNTCH205NG,7440-50-8,2019,03,1,1,0,1,0,331
1317215963962,06260DMNSN78HIG,108-88-3,2017,03,0,0,0,0,0,313
1314216041552,29662QNTMC2GOLD,75-21-8,2014,07,0,0,0,0,0,325
1323221882006,33853LCMPC5937H,7664-41-7,2023,04,0,0,0,0,0,311
1314212772863,49036SMCLD180AS,7439-92-1,2014,01,0,0,0,0,1,331
1314212848941,56073MCMPN1700N,N040,2014,04,0,0,0,0,0,335
1314212789150,79546NWNGC832CO,7664-41-7,2014,01,1,0,0,1,0,327
1316215365558,5395WWSCNS522GR,7697-37-2,2016,04,0,0,0,0,0,311
1322221371394,98107LYMPC1141N,108-88-3,2022,03,0,0,0,0,0,325
1322220745145,9176WLGHTN85EFR,N458,2022,03,0,0,0,0,0,562
1315213766381,73036GMNLC101SW,71-36-3,2015,05,0,0,0,0,0,325
1322220749485,85210PHMNP112WI,7440-50-8,2022,01,0,0,0,0,0,333
1322220983908,1071WKMBRM112SA,7439-92-1,2022,03,0,0,0,0,0,332
1318217260088,2967WMCHLN28GRI,N120,2018,04,0,0,0,0,0,326
1323222361242,27886LCTLT2801A,7440-50-8,2023,06,0,0,0,0,0,331
1315214122436,92570CRFTC24100,7439-92-1,2015,05,0,0,0,0,0,331
1319218193288,77015MRCHM1914H,108-39-4,2019,07,0,1,1,0,0,325
1315214341149,49518WSTNG43003,7439-96-5,2015,04,0,0,0,0,1,337
1320218800201,43228RXNLB1509W,554-13-2,2020,04,0,0,0,0,0,325
1320219347566,54476CRYST2608R,N230,2020,03,0,0,0,0,0,332
1315213702739,19380ZKSCM1302G,7440-47-3,2015,03,0,0,0,0,1,333
1314212428003,7508WRCHRD125DI,N511,2014,03,0,0,0,0,0,327
1314212887057,9280WVSYST314EA,N420,2014,02,1,0,1,0,0,334
1314212808784,72701CMPBL1100W,N511,2014,04,1,0,0,1,0,311
1314212673836,77029NHSRB775GE,7664-41-7,2014,05,1,0,0,1,0,3121
1315214104972,75041NNCRB2326L,N230,2015,04,0,0,0,0,0,325
1320219026794,55912GHRML500NE,7664-41-7,2020,05,1,0,0,1,0,311
1317216074120,2756WSTLFL6833M,N503,2017,02,0,0,0,0,0,334
1317216510774,38108BCKMN1256N,7664-41-7,2017,04,1,0,0,1,0,325
1315214116600,2910WCTRPL284MA,N230,2015,04,0,0,0,0,0,335
1318217260494,29526HNYWL440AL,12185-10-3,2018,04,0,0,0,0,0,332
1321220172086,10940RVRSMRD2BA,N090,2021,03,0,0,0,0,0,331
1315213984166,05452BMXXX1000R,N511,2015,04,1,0,0,1,0,334
1317216597866,27804LCNCN400JE,N100,2017,06,0,0,0,0,0,332
1316215682030,44711NNMTL19351,7440-50-8,2016,04,0,0,0,0,0,332
1322220679310,52156SWSSVHWY18,N450,2022,01,0,0,0,0,0,311
1314212730422,38474SMLTRARROW,7440-50-8,2014,04,0,0,0,0,1,331
1323221601863,0203WLPHGR2DISC,7440-50-8,2023,03,0,0,0,0,0,332
1314212959884,19021GRGSC3015S,64-18-6,2014,05,0,0,0,0,0,4246
1317215830365,8100WVSTST1TWER,7440-66-6,2017,04,1,0,0,1,0,332
1321219625187,30188NTLMR304BE,100-42-5,2021,04,0,0,0,0,0,326
1318217142138,80751STRLN45ANG,67-56-1,2018,04,1,0,0,0,0,325
1322220942977,14825VLCRF5362R,7440-02-0,2022,04,0,0,0,0,0,332
1323221846746,37087PRMPP1310Q,N100,2023,03,0,1,1,0,0,332
1319218447225,15145STLDN200BR,7439-96-5,2019,05,0,0,0,0,0,332
1321220041952,50595VNDSTOLDHW,67-56-1,2021,04,0,0,0,0,1,325
1317215947856,90040LLYNC6900E,117-81-7,2017,06,0,0,0,0,0,326
1316215015367,03062TRDYN4PITT,50-00-0,2016,03,0,0,0,0,0,334
1323221545066,49829CLGRN25251,N420,2023,04,0,0,0,0,0,336
1318216910428,73505GDYRT1GOOD,N096,2018,03,1,1,0,0,0,326
1323221639622,78220BLLNC3443E,7697-37-2,2023,04,0,0,0,0,0,325
1314213167962,44125RSRCH4353E,67-56-1,2014,05,0,0,0,0,0,325
1315214313619,85242LNMCR6550S,107-21-1,2015,04,0,0,0,0,0,325
1321220661577,48218FRTZP255MA,7440-50-8,2021,01,0,0,0,0,0,331
1323221721487,33597RBBNSSR50S,N020,2023,04,0,0,0,0,0,321
1320218642712,4670WSCTND1729W,7439-96-5,2020,05,1,0,1,0,0,333
1323222044036,28086CMMRC101CA,7440-50-8,2023,02,0,0,0,0,0,333
1324222703542,0887WRCHML18USH,75-05-8,2024,04,0,0,0,0,0,325
1323221875483,42101KBLMN525CE,7697-37-2,2023,04,0,0,0,0,0,332
1319218494692,01801SCRTY10COM,7439-92-1,2019,04,0,0,0,0,0,334
1319217756612,5511WHDPCK1887G,N120,2019,03,0,0,0,0,0,326
1315213937675,37716DHCMP1260C,N010,2015,04,0,0,0,0,0,325
1315214385433,49504HBFLL2727K,108-88-3,2015,05,0,0,0,0,0,325
1314212687457,29730KNGSL1685O,108-88-3,2014,04,0,0,0,0,0,325
1314212466217,30518HRSMR100HE,7664-39-3,2014,04,0,0,0,0,0,327
1314212646653,00603HWLTTSTATE,N230,2014,05,0,0,0,0,0,334
1322221446406,49331PRFRM615CH,N120,2022,04,0,0,0,0,0,326
1319218024255,68434TNNCT14752,7440-47-3,2019,05,0,0,0,0,0,336
1322221340779,49441CWCCS2672H,7439-96-5,2022,05,0,0,0,0,1,331
1319217858075,47240BHNNGHIGHW,N982,2019,03,0,0,0,0,0,336
1314212750160,18848DPNTTRD1BO,7440-50-8,2014,04,0,0,0,0,0,325
1314213002114,4411WFLWPL17STC,N010,2014,04,0,0,0,0,0,325
1316215289339,6676WCSTML48VER,7439-92-1,2016,01,0,0,0,0,1,331
1314211915210,37821GRTLKROUTE,100-41-4,2014,04,0,0,0,0,0,325
1314212792636,03301WKSDR330NO,7697-37-2,2014,03,0,0,0,0,0,311
1316215115852,73143BCHMN2220S,1330-20-7,2016,04,0,0,0,0,0,325
1316215327329,6108WWHLCL29NLC,7440-50-8,2016,05,0,0,0,0,0,339
1318217137470,44111BRTPL3000W,7440-02-0,2018,05,0,0,0,0,0,332
1318217221617,36105HGRHN150FO,N100,2018,03,0,0,0,0,0,332
1316215365901,37334MNRFR1810W,N420,2016,04,0,0,0,0,0,335
1322221151424,40004WNSLL1051B,N230,2022,04,0,0,0,0,0,326
1316215586532,37744KRFTNBOHAN,7664-41-7,2016,03,0,0,0,0,0,311
1315213851886,68131RBRTS2901C,N511,2015,04,1,0,0,1,0,311
1319218285435,44035LRRMC241SA,7664-41-7,2019,03,0,0,0,0,0,336
1317216335164,52627CHVRN1800S,93-65-2,2017,04,0,0,0,0,0,325
1319217778024,42701MSRCS2112N,71-36-3,2019,03,0,0,0,0,0,337
1323221753270,67218CSSNR5800E,79-01-6,2023,04,0,0,0,0,0,336
1322220763332,75006THGLD1900J,107-21-1,2022,04,0,0,0,0,0,325
1316215769694,53092RCKWL6400W,7439-92-1,2016,02,0,0,0,0,0,335
1320218700262,85210PHMNP112WI,7439-96-5,2020,01,0,0,0,0,0,333
1316215710029,36207DFNSR1425C,7439-96-5,2016,03,0,0,0,0,0,336
1318217383328,8100WVSTST1TWER,100-41-4,2018,03,0,0,0,0,0,332
1316215092089,45177CNCNN894PR,N982,2016,04,0,0,0,0,0,326
1314212443206,19936PPGNDCOUNT,107-21-1,2014,04,0,0,0,0,0,325
1317216614622,90280TCHNC11220,7440-02-0,2017,04,0,0,0,0,0,331
1315213664461,85009TRFFR1021N,7439-92-1,2015,02,0,0,0,0,0,332
1316215761305,33710MLXTC23757,N982,2016,04,0,0,0,0,0,334
1315214137869,37821SNCPRRANKI,7439-92-1,2015,02,1,0,0,0,1,322
1314212383994,27703CRRSR4600S,N106,2014,03,0,0,0,0,0,334
1320219035793,01851DLTPC1400M,108-88-3,2020,04,0,0,0,0,0,322
1317216369037,21740MCKTR1999P,7439-96-5,2017,03,0,0,0,0,0,336
1319217961592,35603TRCST4301H,N770,2019,03,1,0,0,0,0,331
1324222684348,7785WMRSRC8127A,N420,2024,02,0,0,0,0,1,327
1315213666124,75668RLLYTPOBOX,71-43-2,2015,03,0,0,0,0,1,325
1319217791298,32571RPRDC4575E,67-56-1,2019,07,1,0,0,0,0,325
1315213700750,56303PRKND631SA,7440-02-0,2015,03,0,0,0,0,0,333
1322221155120,77656STHHMFM418,100-41-4,2022,05,1,0,1,0,0,325
1316215091048,02053PRRLL36ALD,100-42-5,2016,03,0,0,0,0,0,339
1316215744398,14304NRTNW6600W,108-95-2,2016,04,1,0,0,1,0,327
1324222917130,01826MJLTM153BR,68-12-2,2024,05,0,0,0,0,0,313
1319217660669,19044DNCRP1160E,100-42-5,2019,03,0,0,0,0,0,326
1322220830780,0382WTRBCM67CAL,N100,2022,04,0,0,0,0,0,332
1323221983190,45502TRTCN4700G,7664-41-7,2023,03,0,0,0,0,0,332
1317215988054,02360TCHTC45ALD,N511,2017,02,1,0,0,1,0,332
1318216903676,37801RBBRM1427W,71-36-3,2018,06,0,0,0,0,0,339
1315213721273,83221BSCMR419CO,7782-50-5,2015,03,0,0,0,0,0,311
1318217425887,02703LCHGR49PEA,N511,2018,01,1,0,0,1,0,339
1319218388231,6308WCMNFC3RAMS,7440-50-8,2019,04,0,0,0,0,0,336
1322220793804,45502NVSTR6125U,71-36-3,2022,03,0,0,0,0,0,336
1314212516734,18702NSNNG1141H,7440-48-4,2014,03,0,0,0,0,0,336
1315214006429,12150SCHNC1000M,106-44-5,2015,03,0,0,0,0,1,325
1314212353573,5660WNRTCH12136,7439-92-1,2014,02,0,0,0,0,0,334
1316215176379,45162THHRT5374L,26002-80-2,2016,03,0,0,0,0,0,311
1316215357753,64024GLMRH140CO,117-81-7,2016,05,0,0,0,0,0,326
1317216293858,13601KNWLT213FA,50-00-0,2017,03,0,0,0,0,0,322
1319218269761,32174HMCMF1SIGN,7440-50-8,2019,03,0,0,0,0,0,335
1315214272748,40210NTDCT1227S,1313-27-5,2015,05,1,1,1,0,0,325
1314211923519,44050NSRVC110CO,N420,2014,03,0,0,0,0,0,334
1314212778880,37309BWTRSROUTE,N458,2014,01,1,0,0,1,1,322
1314212695338,7702WNLSTL95CLI,7439-96-5,2014,04,0,0,0,0,0,332
1315214051575,85208TRWVS11202,N090,2015,04,0,1,0,0,0,336
1315214404509,60143KSTRX8WTHR,7439-92-1,2015,05,0,0,0,0,0,331
1314212587505,60007RCTRN1150P,7439-92-1,2014,03,0,0,0,0,0,334
1319218075721,9530WBRBSC22EGR,MIXTURE,2019,02,0,0,0,0,0,337
1321220078214,1071WKMBRM112SA,7440-47-3,2021,03,0,0,0,0,0,332
1322220843155,24203MRRSN400CO,100-42-5,2022,05,0,0,0,0,0,326
1315213781661,72764SPRNG81NJE,N982,2015,05,0,0,0,0,0,326
1324222530901,2725WNDLRX932EA,100-42-5,2024,05,0,0,0,0,0,325
1322221504677,14611RCHST2CAIR,N982,2022,03,1,0,0,0,0,332
1323222174981,28315CRLNGSR207,7440-02-0,2023,03,0,0,0,0,0,331
1315218623320,73505CHMCL5201S,N982,2015,06,0,0,0,0,0,325
1318216750859,4537WSGMCR1985W,108-88-3,2018,04,0,0,0,0,0,322
1323221817911,53590HLLMN501SB,MIXTURE,2023,02,0,0,0,0,0,325
1314212384491,56303PRKND66SAU,7439-96-5,2014,03,0,0,0,0,0,333
1316217712518,13421DRYLCROUTE,7697-37-2,2016,04,0,0,0,0,0,311
1314217595899,97051CHVRN63149,7697-37-2,2014,05,1,0,0,0,0,325
1320218954840,4537WBBTTL1ABBT,79-21-0,2020,03,0,0,0,0,0,311
1314212878894,47615MRCNR2001E,7782-50-5,2014,01,1,0,0,1,0,325
1322221461433,52641MTPLS2225E,7664-41-7,2022,04,0,0,0,0,0,311
1322220763320,75006THGLD1900J,N230,2022,04,0,0,0,0,0,325
1314212319990,30071GCNCX2782S,100-42-5,2014,04,0,0,0,0,0,326
1322221144203,16143YNGGLPOBOX,7439-92-1,2022,03,0,0,0,0,0,332
1324222474001,06111HPHDN100MI,7697-37-2,2024,04,0,0,0,0,0,311
1322220961080,3785WCPRST246ST,71-36-3,2022,02,0,0,0,0,0,326
1314212849273,65802MXXXX3211E,108-88-3,2014,05,0,0,0,0,0,325
1319217827498,9176WDNCNX1745E,N511,2019,04,1,0,0,1,0,332
1315213919893,55435MGNTC7801C,872-50-4,2015,04,0,0,0,0,0,334
1321219644251,60174MRNTM3709O,7439-92-1,2021,01,0,0,0,0,0,336
1323222255578,77630JMHBRFM736,463-58-1,2023,02,1,0,0,1,0,325
1314213100668,87109GLTND6600G,7439-92-1,2014,02,0,0,0,0,0,336
1323222166959,65803CMSTR2101N,N090,2023,03,0,0,0,0,0,332
1323222387514,43420CRBFR15STA,7439-96-5,2023,03,0,0,0,0,0,332
1314212655462,16749QKRSTINTER,N982,2014,04,1,0,0,1,0,324
1316215519671,98271SCSTN61303,80-05-7,2016,04,0,0,0,0,0,331
1314212975890,60901DYTNS2150B,7439-96-5,2014,05,1,0,0,1,0,332
1320219212634,13902LNDRC100EL,N420,2020,02,0,0,0,0,0,335
1324223191851,97402PTRSN2948A,7439-96-5,2024,04,0,0,0,0,0,333
1322220712184,55432STYLM6536M,7697-37-2,2022,04,0,0,0,0,0,337
1314212489049,32905FRRSR2210W,67-56-1,2014,04,0,0,0,0,0,325
1314212400218,24244TMPRP4700B,26471-62-5,2014,05,0,0,0,0,0,337
1317216010304,75006THGLD1900J,107-21-1,2017,04,0,0,0,0,0,325
1320219050933,55744BLNDN115SW,533-74-4,2020,03,0,0,0,0,0,322
1319218032629,27360THMSM1024R,N100,2019,06,0,0,0,0,0,332
1320218845802,47670TYTMT4000T,108-10-1,2020,03,0,0,0,0,0,336
1323221784186,32571RPRDC4575E,N511,2023,05,1,0,0,0,0,325
1317216342117,28075FLRDSHWY49,N230,2017,03,0,0,0,0,0,332
1316215711300,9174WVLLYP491WI,N010,2016,04,0,0,0,0,0,326
1318219407018,78407JVLNC5314I,74-85-1,2018,05,0,0,0,0,0,325
1314212632119,61462MRHPCNORTH,7664-41-7,2014,04,1,0,0,1,0,311
1319218416170,2973WGBRLP812CE,71-36-3,2019,04,0,0,0,0,0,325
1316214979205,1347WJHRHD1WARD,101-14-4,2016,04,0,0,0,0,0,326
1322221243734,27203TLRMP801PI,75-07-0,2022,03,1,0,0,1,0,325
1322221008877,15857CRBNC150FO,7440-50-8,2022,04,0,0,0,0,0,332
1319218020663,55110TRNXX4833W,7439-92-1,2019,02,0,0,0,0,0,334
1320219461908,47240BHNNGHIGHW,7440-43-9,2020,02,0,0,0,0,0,336
1316215788656,72209TRNRC691IN,N511,2016,01,0,0,0,0,0,311
1316215342799,17519CNSTG245RE,71-36-3,2016,02,0,0,0,0,0,337
1318217276738,40258KNTCK77INT,108-10-1,2018,03,0,0,0,0,0,336
1314212540684,85226SPRLT6741W,7439-92-1,2014,02,0,0,0,0,1,327
1314212385052,06111CMPNN68HOL,7664-41-7,2014,04,0,0,0,0,0,332
1322221308380,2821WRGNTS3825P,67-56-1,2022,04,0,0,0,0,0,325
1323221937636,55311BSTNS2SCIM,62-56-6,2023,03,0,0,0,0,0,339
1322220780290,56303PRCSN6925S,7439-92-1,2022,02,0,0,0,0,0,339
1320218595003,06001RFLXT120DA,108-88-3,2020,03,0,0,0,0,0,323
1319218133609,6811WQNGLB571FS,110-54-3,2019,03,0,0,0,0,0,325
1317216053847,17604THRMC780ED,7439-92-1,2017,01,0,0,0,0,0,339
1316215040534,37355BTSVLPOBOX,7439-92-1,2016,01,0,0,0,0,1,339
1316215193564,71602SRMYP10020,12185-10-3,2016,05,0,0,0,0,0,999
1320219349091,7748WGDMNM191KE,7440-47-3,2020,05,0,0,0,0,0,333
1315213679576,42101BDCMP31WNO,7439-92-1,2015,05,0,0,0,0,0,336
1314212743619,3769WKYCRP146CU,7440-47-3,2014,04,0,0,0,0,0,332
1322220876092,8052WNTNLN2EAST,1336-36-3,2022,01,0,0,0,0,0,999
1319217997410,5543WGNRLD113HA,7439-92-1,2019,02,0,0,0,0,0,334
1322220733529,8434WNVRXX75EAS,7439-92-1,2022,02,0,0,0,0,0,334
1320218879361,38555STNPK238PR,N090,2020,04,0,0,0,0,0,327
1320219333768,43025CLBNC383NH,107-21-1,2020,03,0,0,0,0,0,325
1316217672310,37644SNPNTSTATE,7440-47-3,2016,04,0,0,0,0,0,332
1318216798025,8522WTRMPH6733W,7440-02-0,2018,04,0,0,0,0,1,336
1321219754254,07011LMRTC16RIC,79-94-7,2021,02,0,0,0,0,0,322
1317215971375,36105HYNDM7HYUN,7632-00-0,2017,04,0,0,0,0,0,336
1316215133810,01570GNTXP183WE,67-56-1,2016,04,0,0,0,0,0,339
1316215128733,29526HNYWL440AL,N090,2016,04,0,1,0,0,0,332
1316215697879,30318WHTKR1557M,79-01-6,2016,05,0,0,0,0,0,4247
1315213722554,07036PRMNT1515W,7697-37-2,2015,04,0,0,0,0,0,332
1315214264830,32514GLMNS8780E,872-50-4,2015,04,0,0,0,0,0,326
1320218684696,94509WSTRN2200W,71-36-3,2020,03,0,0,0,0,0,332
1322221223136,43952BRMCHCOUNT,N010,2022,04,0,0,0,0,0,325
1314212478212,0098WPPGRC63FER,1330-20-7,2014,04,0,0,0,0,0,325
1316215446182,46176RYBDC800MA,7440-47-3,2016,02,0,0,0,0,0,331
1315214387464,25428GRDNFI81TA,50-00-0,2015,04,0,0,0,0,0,327
1317216081051,46350SLVYN1207E,117-81-7,2017,05,0,0,0,0,0,326
1318216942716,55413LCTRC800CE,7440-50-8,2018,04,0,0,0,0,0,335
1318217381173,49085NDRSN216UP,1330-20-7,2018,02,0,0,0,0,0,332
1323221886411,26146LMTCH3816S,N982,2023,05,1,0,0,1,1,331
1324222565309,19020NTNLR539DU,7440-50-8,2024,04,0,1,0,0,0,333
1314213072857,81501CPCNC1328W,7439-92-1,2014,01,0,0,0,0,1,332
1319218526224,22405CLNLC1026W,7439-92-1,2019,02,0,0,0,0,1,334
1319217838162,48084NDNDS1893B,108-88-3,2019,03,0,0,0,0,0,325
1321222393047,98108NRTHS820SB,N090,2021,03,0,0,0,0,0,331
1314212774487,01720THHRT87HAY,N010,2014,04,0,0,0,0,0,336
1322220751883,36426BRWTN132MI,N420,2022,03,0,0,0,0,0,331
1317217644715,54304STRND810PA,N420,2017,03,1,0,0,1,0,332
1322221467513,18966CWNDS13JAM,7440-50-8,2022,04,0,0,0,0,0,335
1323222309332,4662WMDNRH171NS,7429-90-5,2023,05,0,0,0,0,1,332
1316215364581,16749QKRSTINTER,110-82-7,2016,03,0,0,0,0,0,324
1316215656758,60506NTNLM900NR,N040,2016,04,0,0,0,0,0,331
1317216321657,66536NYXCL22AND,100-42-5,2017,05,0,0,0,0,0,326
1322220937534,84041SMTHS500NS,7664-41-7,2022,04,0,0,0,0,0,311
1321219616493,13601NWYRKSTARB,7440-50-8,2021,03,0,0,0,0,0,336
1318221471939,4382WRDGCR5777R,77-73-6,2018,04,0,0,0,0,0,326
1321219785161,46580DNCND245DE,N511,2021,04,1,0,0,1,0,332
1319218071292,28001CLLNS313BE,N096,2019,01,0,0,0,0,0,314
1315214231805,77009DFNDR2408E,7440-50-8,2015,04,0,0,0,0,0,331
1317216306656,48507PRMRP6220L,N230,2017,05,0,0,0,0,0,325
1324222439630,30176SSCTDSTOFF,N982,2024,04,0,0,0,0,0,326
1322220951279,92621BRSTL630EL,7697-37-2,2022,03,0,0,0,0,0,332
1321220489809,33860WSTVCPOBOX,71-36-3,2021,05,0,0,0,0,0,325
1320218684684,94509WSTRN2200W,1330-20-7,2020,04,0,0,0,0,0,332
1319217803182,12801FNCHP1GLEN,7664-41-7,2019,06,0,0,0,0,0,322
1317216289532,01720THHRT87HAY,872-50-4,2017,03,0,0,0,0,0,336
1315216643294,4021WDPNTL425CA,75-02-5,2015,05,1,0,1,0,0,325
1322220741906,18707GSLDS125CR,7664-39-3,2022,03,1,0,0,1,0,334
1314211953474,77701CRGLL220AV,N420,2014,02,0,0,0,0,1,331
1315213944782,90262DVNDS2605I,7697-37-2,2015,04,0,0,0,0,0,332
1315213585387,67801RFFNN500ET,N982,2015,06,0,0,0,0,0,325
1316215181013,16161WHTLNCOUNC,N982,2016,06,1,0,1,1,0,331
1322220785467,12550CVNTR89TAF,1330-20-7,2022,03,0,0,0,0,0,325
1324222765442,48118BRSVF11770,N450,2024,03,0,0,0,0,0,327
1320219278126,30721MRCHM115AB,N450,2020,05,0,0,0,0,0,325
1320218604751,96705KLCTR4392W,7664-93-9,2020,01,1,0,0,1,0,2211
1321220089763,9028WSMRKC8636T,N230,2021,04,0,0,0,0,0,325
1320218576825,17066WNSCRUSROU,131-11-3,2020,03,0,0,0,0,0,326
1316215364605,16749QKRSTINTER,N420,2016,02,1,0,0,1,0,324
1317216563751,84115DCRPR2645S,N420,2017,04,0,0,0,0,0,334
1321220401929,60174NTDLB32037,N230,2021,04,0,0,0,0,0,325
1315214356697,42135FRNKL322BW,7439-92-1,2015,02,0,0,0,0,0,336
1316215538962,28052FRGHT1400T,7440-47-3,2016,04,0,0,0,0,0,336
1322220786368,47170MLTCLHWY31,108-88-3,2022,04,0,0,0,0,0,323
1319217870056,44125GRFLD1225B,N420,2019,01,0,0,0,0,1,331
1323223236858,3052WSKBTT176ST,N096,2023,07,0,0,0,0,0,335
1315214245870,06492MRCNCSOUTH,50-00-0,2015,06,1,0,0,0,0,325
1315214272751,40210NTDCT1227S,N495,2015,05,1,1,1,0,0,325
1322221078215,66618THQKR2200N,N982,2022,01,0,0,0,0,0,311
1318217448745,33801TSTMK4705U,67-56-1,2018,05,0,0,0,0,0,311
1315213984127,05452BMXXX1000R,107-21-1,2015,04,0,0,0,0,0,334
1323221978911,53184SLCMP402NO,7439-92-1,2023,03,0,0,0,0,0,332
1323222023982,07730FFCMP600ST,N230,2023,04,0,0,0,0,0,325
1320218661130,54901LKSDP450W3,N420,2020,03,0,0,0,0,0,325
1318217012689,55987BNCHM4065T,7439-92-1,2018,04,0,0,0,0,0,334
1314213237605,76401FMCTL2825W,7440-02-0,2014,05,0,0,0,0,0,333
1322221016114,17402YRKCS2880B,108-88-3,2022,03,0,0,0,0,0,339
1316215059231,11788SPLLM475WI,N420,2016,02,0,0,0,0,0,334
1322221445758,3731WPLRTC31IND,N230,2022,03,0,0,0,0,0,313
1318216894980,45502FNDLY5225P,N120,2018,04,0,0,0,0,0,336
1321219757806,80550CRSTR2HWAR,N740,2021,05,1,0,1,1,0,325
1320218595054,44030XMTNC1100M,N040,2020,03,0,0,0,0,0,327
1323221539962,14760HYSLL211FR,2451-62-9,2023,04,0,0,0,0,0,325
1315213945658,72209MRNNM11605,N982,2015,06,0,0,0,0,0,325
1315213980651,2967WMCHLN28GRI,N120,2015,04,0,0,0,0,0,326
1314212782849,41015FLNSL3535L,85-44-9,2014,06,0,0,0,0,0,325
1315214189856,8519WDSYBR752WA,7697-37-2,2015,04,0,0,0,0,0,311
1323221625369,9880WSRPXX434LD,N420,2023,03,0,0,0,0,0,334
1321220163632,42141MKBRK1765C,7440-50-8,2021,04,0,1,0,0,0,336
1322220824914,49684CNDRV240EA,N100,2022,03,0,0,0,0,0,333
1319217721214,81501CPCNC1328W,7439-92-1,2019,02,0,0,0,0,1,332
1322221465685,89403SMTHR10AIR,100-42-5,2022,03,0,0,0,0,0,326
1324222521977,4361WLPNTL4112C,67-56-1,2024,07,1,0,1,0,0,325
1323221638289,76708PRCSH6613N,N420,2023,04,1,0,0,1,0,332
1318217260482,29526HNYWL440AL,N495,2018,05,0,1,0,0,0,332
1318216863199,92630GNRLM26776,N420,2018,02,0,0,0,0,1,334
1317216315061,32571RPRDC4575E,7664-41-7,2017,06,1,0,0,0,1,325
1318216983522,16749QKRSTINTER,1330-20-7,2018,03,0,0,0,0,0,324
1321220376154,90505RXNRD3000W,7440-47-3,2021,04,0,0,0,0,0,332
1321220391546,7706WNLSTL1462H,7439-96-5,2021,04,0,0,0,0,0,332
1322220832303,46580DNCND245DE,N511,2022,04,1,0,0,1,0,332
1322221311311,27409MPNCB719PE,7440-50-8,2022,06,0,0,0,0,0,336
1322220693269,71901CHMFB1923C,N511,2022,05,0,0,0,0,0,336
1320218733069,50616SLSBR1900R,1634-04-4,2020,05,0,0,0,0,0,325
1320218717407,28144MCKNZSTLUK,N120,2020,04,0,0,0,0,0,326
1320219337312,5300WLLCST217WE,7439-92-1,2020,02,0,0,0,0,0,331
1322221498431,7403WWBCND18256,7440-47-3,2022,06,0,0,0,0,0,331
1314213125964,97210CSRFN6350N,191-24-2,2014,01,0,0,0,0,0,324
1321219602099,45356HRTZL11SMA,100-42-5,2021,03,0,0,0,0,0,333
1317216406975,68632TMPTT1827I,7429-90-5,2017,03,1,0,0,1,0,336
1322220817124,94804VRFLC250CA,7440-02-0,2022,04,0,0,0,0,0,334
1324223007372,42420CCRDC2315A,N450,2024,03,0,0,0,0,0,336
1315213962400,16749QKRSTINTER,7664-93-9,2015,03,1,0,0,1,0,324
1319218273454,16749QKRSTINTER,108-88-3,2019,05,0,0,0,0,0,324
1316215411190,90023RCDNC3225E,108-88-3,2016,03,0,0,0,0,0,332
1314212557565,44224CTYMC1676C,100-42-5,2014,04,0,0,0,0,0,326
1323221585716,14048RLSTN3800M,N982,2023,05,0,0,0,0,0,311
1321219676499,48823SPRRB4893D,7439-92-1,2021,02,1,1,1,1,0,331
1316215076302,37801RBBRM1427W,71-36-3,2016,06,0,0,0,0,0,339
1320218747044,60505KLMSS2250W,7782-50-5,2020,03,0,0,0,0,0,334
1322220969416,47670TYTMT4000T,7440-47-3,2022,04,0,0,0,0,0,336
1324223208202,30161LCNBLANDER,1330-20-7,2024,03,0,0,0,0,0,331
1322220660106,48084SLZRP1972M,7429-90-5,2022,04,1,0,1,0,0,331
1324222533919,57262WDLND2415E,71-36-3,2024,04,0,0,0,0,0,337
1323222258865,84337WSTLB845N2,7664-41-7,2023,04,0,0,0,0,0,311
1314212322402,7524WLBJXP1285N,7439-92-1,2014,01,0,0,0,0,1,327
1316215067909,07065LCTRM827MA,N420,2016,04,1,0,0,1,0,331
1321219447048,37086QLTYN130JO,7440-02-0,2021,02,0,0,0,0,0,336
1322220835870,48118BRSVF11770,N450,2022,03,0,0,0,0,0,327
1320219383142,92715TDKMG17072,7440-47-3,2020,03,0,0,0,0,0,336
1314212950265,27573LSNPC10475,75-07-0,2014,02,1,0,0,1,0,321
1319217928187,55449PLSTD3920P,110-54-3,2019,04,0,0,0,0,0,325
1318216726923,6134WMNDTG448NC,7664-41-7,2018,04,0,0,0,0,0,311
1320218950739,0810WKRSHN1HLTE,7440-47-3,2020,05,0,0,0,0,0,332
1321219774445,12498GGRTR7HASB,7439-92-1,2021,02,0,0,0,0,0,333
1324222737544,91406NHSRB15800,7664-41-7,2024,04,0,0,0,0,0,3121
1321219871213,7505WZHNRC286AL,7440-47-3,2021,05,0,0,0,0,0,332
1322221380393,48764TWSPL510IN,7697-37-2,2022,03,0,0,0,0,0,332
1315213588306,17026FRMRS154WM,N511,2015,05,1,0,0,1,0,311
1321219677046,75006THGLD1900J,N982,2021,04,0,0,0,0,0,325
1324222418218,75668SCTND3756F,7439-92-1,2024,03,1,0,0,0,0,332
1320218700274,85210PHMNP112WI,7440-02-0,2020,01,0,0,0,0,0,333
1324222868109,3596WPLSMN43AIR,108-88-3,2024,04,0,0,0,0,0,336
1322220915072,7821WRTTMN5311R,7697-37-2,2022,04,0,0,0,0,0,311
1315213937840,07105TRYCHONEAV,67-56-1,2015,05,0,0,0,0,0,325
1316215075856,1250WSCHWT2424R,N150,2016,12,1,0,0,1,0,322
1315213968353,02542SRMYNBLDG4,7439-92-1,2015,03,0,0,0,0,0,999
1314212343471,78204NDSTR2805S,N090,2014,04,0,0,0,0,0,332
1314212345324,53201WHBRD2230W,110-54-3,2014,04,0,0,0,0,0,322
1316215058280,18951QKRCL201SH,872-50-4,2016,04,0,0,0,0,0,325
1317216009199,55749HBBNG1832S,N458,2017,01,1,0,0,1,0,2211
1314213189311,5581WCRRSD495MI,108-88-3,2014,04,0,0,0,0,0,336
1322221316654,30503CTTRL2125C,7439-92-1,2022,02,0,0,0,0,0,336
1324222590388,0173WNTGRS9CRSB,117-81-7,2024,04,0,0,0,0,0,326
1314212878906,47615MRCNR2001E,7647-01-0,2014,06,1,0,0,1,0,325
1317215884560,46741GLPCH14123,100-42-5,2017,04,0,0,0,0,0,326
1319217938947,01001HPHDN233MA,7697-37-2,2019,04,0,0,0,0,0,311
1314212402263,76504CNTRF3320P,N450,2014,05,0,0,0,0,0,331
1315213235536,52404GNNCR10004,N511,2015,04,1,0,0,1,0,325
1316215059229,11788SPLLM475WI,7439-92-1,2016,03,0,0,0,0,0,334
1316215619178,16823PZKNT66ERL,N420,2016,04,0,0,0,0,0,334
1314213001860,77503MMCPS3000N,108-88-3,2014,05,0,0,0,0,0,325
1315213715624,45216FRSFR110EA,75-07-0,2015,04,0,0,0,0,0,311
1320219197340,5371WSFCNC645SC,75-05-8,2020,03,0,0,0,0,0,325
1319219407069,78407JVLNC5314I,67-56-1,2019,04,0,0,0,0,0,325
1320218885539,66618THQKR2200N,N982,2020,03,0,0,0,0,0,311
1316215192725,5070WCNGRF271MI,N511,2016,05,1,0,0,1,0,311
1319217666635,6108WWHLCL29NLC,7440-50-8,2019,05,0,0,0,0,0,335
1319218508517,92801RSCNT223NC,N100,2019,03,0,0,0,0,0,334
1318216766360,82931XBWHYI80EX,7439-97-6,2018,01,0,0,0,0,0,324
1317215913498,31520SCMGLRTE6B,7664-41-7,2017,03,1,0,0,1,0,325
1314212748279,36105HYNDM7HYUN,71-36-3,2014,04,0,0,0,0,0,336
1317216569311,43160YSCRP151JA,N982,2017,04,0,0,0,0,0,336
1315214331276,00965SSCTBSTATE,95-63-6,2015,04,0,0,0,0,0,4247
1322220764512,37398CKRNDRTE3B,100-41-4,2022,01,0,1,0,0,0,326
1323221765377,5305WMCLNFN92W1,7439-92-1,2023,02,0,0,0,0,0,326
1323221769983,3562WSNPNT18771,7439-92-1,2023,03,0,0,0,0,0,332
1316215674882,45216FRSFR110EA,75-07-0,2016,04,0,0,0,0,0,311
1321220353496,18707GSLDS125CR,7664-39-3,2021,03,1,0,0,1,0,334
1321220443220,30721MRCHM115AB,N010,2021,05,0,0,0,0,0,325
1320219380565,13021GLDSP1GOUL,N120,2020,05,0,0,0,0,0,333
1315218633889,52404GNNCR10004,64-18-6,2015,04,0,0,0,0,0,325
1315214412292,53545SHRXC2001A,74-87-3,2015,05,0,0,0,0,0,325
1314212985182,37771QZTCR300IN,100-42-5,2014,05,0,0,0,0,0,326
1321219721558,03060PCDHS3EAST,872-50-4,2021,04,0,0,0,0,0,325
1321219845979,56301NWFLY6200G,7440-66-6,2021,04,0,0,0,0,0,336
1319217978016,32905FRRSR2210W,68-12-2,2019,04,0,0,0,0,0,325
1320219256512,76031SCHMN2311P,75-00-3,2020,04,0,0,0,0,0,325
1322221534290,60153KRNKM2601G,1330-20-7,2022,04,0,0,0,0,1,324
1320218966568,68524KWSKM6600N,100-42-5,2020,03,0,0,0,0,0,336
1318217228156,28001CLLNS313BE,N420,2018,02,1,0,0,1,1,314
1317216385435,17009STNDR500WA,N982,2017,03,0,0,0,0,1,331
1317216222226,27261MRSHF1001S,1330-20-7,2017,03,0,0,0,0,0,337
1318217299419,94025SDSTN2575S,7439-92-1,2018,06,0,0,0,0,0,999
1315213965852,75006THGLD1900J,N230,2015,04,0,0,0,0,0,325
1321220147110,29732CLSTM32BRY,117-81-7,2021,04,0,0,0,0,0,326
1315213669512,63552CNGRF216VI,7697-37-2,2015,04,0,0,0,0,0,311
1315213791231,92647CMBMN7601C,100-42-5,2015,04,0,0,0,0,0,326
1321220027268,93662FRSNV7736E,7440-66-6,2021,04,1,0,0,1,0,331
1322220732465,02703CHMTC52GAR,N740,2022,06,1,0,1,0,0,332
1322220762823,26037WHLNGPENNM,7440-47-3,2022,03,0,0,0,0,0,332
1317216044709,75038MNTRP3041S,1330-20-7,2017,05,0,0,0,0,0,339
1320218934798,27405NDSCL2319J,67-56-1,2020,03,0,0,0,0,1,325
1319217778341,47348VSYPP501SS,7664-41-7,2019,03,0,0,0,0,0,322
1322220700126,01260MDSPCWILLO,50-00-0,2022,03,0,0,0,0,0,322
1323221672025,74523JLNLMHC67B,8001-58-9,2023,05,0,0,0,0,0,321
1316215682434,53573MSCDPPOBOX,N511,2016,03,0,0,0,0,0,311
1314211886991,77032NDRSY1662C,1330-20-7,2014,03,0,0,0,0,0,325
1316214969495,07114SHMRCFTFPA,N230,2016,04,0,0,0,0,0,325
1321219743554,6011WNFDWR338WU,7440-50-8,2021,05,0,0,0,0,0,331
1324222406567,46268LLTTC9200Z,N230,2024,04,0,0,0,0,0,326
1319221498241,1634WWBCND32PRG,7440-50-8,2019,03,0,0,0,0,0,331
1317216138685,54476CRYST2608R,108-10-1,2017,04,0,0,0,0,0,332
1317216332902,14432GWLSK2SOUT,106-94-5,2017,04,0,0,0,0,0,332
1319218198137,75243RLQDL13546,7664-41-7,2019,03,0,0,0,0,0,4246
1316215271166,02865TNRYN6NEWE,N495,2016,03,0,0,0,0,0,332
1315213578216,04005VXTNT69LAN,7439-92-1,2015,02,0,0,0,0,1,334
1321219851247,05301FLFLXPUTNE,N982,2021,04,0,0,0,0,0,325
1321220472361,35055MCSHV24007,7440-50-8,2021,04,0,0,0,0,0,332
1320219368281,03051PRNCT33CNS,7439-92-1,2020,01,0,0,0,0,0,334
1315214424968,12920MCCDM23COL,N590,2015,02,1,0,0,1,0,311
1315213219571,4560WCMMRC75CHA,N120,2015,03,0,0,0,0,0,336
1317218574251,73505RPBLC881SW,7664-41-7,2017,04,0,0,0,0,0,322
1319218322699,95203CRGLLPORTO,7664-41-7,2019,04,0,0,0,0,0,311
1324223006091,33853LCMPC5937H,7664-41-7,2024,04,0,0,0,0,0,311
1315213697511,37801RBBRM1427W,71-36-3,2015,05,0,0,0,0,0,339
1318217149172,38109BRMNG3601P,N458,2018,01,1,0,0,0,1,331
1314212428433,27822NXNSB6SPAR,7440-50-8,2014,05,0,0,0,0,0,335
1323222012864,19804CBGGYJAMES,7697-37-2,2023,04,0,0,0,0,0,325
1321219702370,19510CNCRPEXCEL,100-41-4,2021,04,0,0,0,0,0,332
1314212495980,01606CMPLS53MIL,79-94-7,2014,03,0,0,0,0,0,326
1314212682569,32218THBFG6061B,N420,2014,03,0,0,0,0,0,326
1315214215257,50616SLSBR1900R,7647-01-0,2015,05,1,0,0,1,0,325
1318217058674,24592PHLPSPOBOX,100-42-5,2018,05,0,0,0,0,0,326
1320218576585,44278CHMNC390MU,N420,2020,03,0,0,0,0,0,325
1316215673144,56284STHRNEASTH,79-21-0,2016,04,0,0,0,0,0,311
1314213199110,11788SPLLM475WI,7439-92-1,2014,03,0,0,0,0,0,334
1322221209695,19947MFGJSEIGHT,100-42-5,2022,03,0,0,0,0,0,326
1317216437350,48764TWSPL510IN,N495,2017,04,0,0,0,0,0,332
1314212985663,23337SNSGDWALLO,N420,2014,04,0,0,0,0,0,999
1315213804750,02865TNRYN6NEWE,7697-37-2,2015,03,0,0,0,0,0,332
1323222139949,35806NGLHR9800K,7664-41-7,2023,04,0,0,0,0,0,332
1322221212905,28732BLRDG180MI,7664-93-9,2022,04,0,0,0,0,1,331
1320219325103,36105HYNDM7HYUN,71-36-3,2020,04,0,0,0,0,0,336
1324222883757,03103SNMNC140AB,7439-92-1,2024,03,0,0,0,0,0,334
1317216330860,77380SGMGN9186S,75-09-2,2017,04,0,0,0,0,0,325
1321220122168,26201CRHRTROUTE,N090,2021,05,0,0,0,0,0,327
1318216762447,52046WSTRN94JAM,67-56-1,2018,05,0,0,0,0,0,325
1321220420107,4783WVCBRZ1825E,71-36-3,2021,03,0,0,0,0,0,325
1314212588572,55318MCLGH4001P,75-09-2,2014,04,0,0,0,0,0,325
1314213104829,4942WLGCHM1LGWA,N450,2014,04,0,1,1,0,0,335
1315213984204,05452BMXXX1000R,7664-93-9,2015,03,1,0,0,0,0,334
1323222174322,28315CRLNGSR207,7440-50-8,2023,05,0,0,0,0,0,331
1321220175677,13492TCCRPHALSE,7664-39-3,2021,03,0,0,0,0,0,336
1323221606763,86403LCTRN915KI,N420,2023,02,0,0,0,0,0,334
1319218157396,38965CLTNDHIGHW,7440-02-0,2019,04,0,0,0,0,0,336
1318217135678,37686PLYMR688IN,1330-20-7,2018,03,0,0,0,0,0,326
1316218617025,12150SCHNC1000M,50-00-0,2016,05,0,0,0,0,0,325
1322220997148,19510CNCRPEXCEL,91-20-3,2022,04,0,0,0,0,0,332
1314212881686,98134LSKNC32006,N090,2014,04,0,0,0,0,0,332
1324222585440,3156WGLGCC251CM,116-06-3,2024,05,0,0,0,0,0,325
1324222676468,01950NNSPC3MALC,N120,2024,05,0,0,0,0,0,325
1316215217100,0410WMNSTN51ING,67-56-1,2016,04,0,0,0,0,0,325
1315213681962,95367THNDR34PAT,7664-41-7,2015,03,0,0,0,0,0,321
1314213104387,45241DLTSC11500,1330-20-7,2014,04,0,0,0,0,0,326
1317215803863,08829GLSSM124WM,N420,2017,02,0,0,0,0,0,334
1317216622860,54601THTRN1700H,306-83-2,2017,04,0,0,0,0,0,333
1319217610361,53212JHNSN900EK,7439-92-1,2019,05,0,0,0,0,0,335
1322221433257,7754WFRPRT2363D,71-43-2,2022,02,0,0,0,0,0,211
1323221950936,2408WMPRLG4969S,7440-47-3,2023,05,0,0,0,0,0,332
1316215438514,06076CNNCXRIVER,50-00-0,2016,03,0,0,0,0,1,333
1314214496566,3515WKSTHS178SY,N590,2014,03,0,1,0,0,0,324
1316215773995,60090SPCKG440DE,67-56-1,2016,04,0,0,0,0,0,325
1316215606664,77631SMNTNFM100,76-13-1,2016,04,0,0,0,0,0,325
1317216010948,45162THHRT5374L,961-11-5,2017,03,0,0,0,0,0,311
1324223180718,33316KRNKS1010S,95-63-6,2024,04,0,0,0,0,1,324
1319218193656,54455SNNTR1000S,1330-20-7,2019,03,0,0,0,0,0,332
1315213572074,62040TRCRP12001,7440-36-0,2015,04,0,0,0,0,0,332
1321220659510,48084SLZRP1972M,N090,2021,05,1,1,1,0,0,331
1319217680065,57201FBRGL12251,100-42-5,2019,03,0,1,0,0,0,326
1319217801620,01566BRLLCSTURB,N420,2019,03,0,0,0,0,0,334
1322220768523,39440MSNTCSOUTH,100-42-5,2022,05,0,0,0,0,0,321
1315214043515,38108QCHMC3324C,67-56-1,2015,05,0,0,0,0,0,325
1315213685720,45856PRTCC5000C,7439-92-1,2015,01,1,0,0,0,1,332
1324222554747,48506MDSTT624KE,N511,2024,01,0,1,0,1,0,332
1321220586604,48655LNDLL5301S,N120,2021,04,0,0,0,0,0,326
1314212378386,73036GMNLC101SW,N230,2014,05,0,0,0,0,0,325
1322221169663,0741WCSMDF19PAR,75-21-8,2022,03,0,0,0,0,0,339
1323222188637,91719SBTTR1675S,N420,2023,05,1,1,1,1,0,335
1315213992237,38108BCKMN1256N,7664-41-7,2015,04,1,0,0,1,0,325
1321219916614,65721FCCHF5030F,7439-92-1,2021,06,0,0,0,0,0,332
1314212377636,30720CPTLD300CR,110-54-3,2014,05,0,0,0,0,0,325
1318217419290,60174NTDLB32037,N230,2018,03,0,0,0,0,0,325
1314211917719,19044DNCRP1160E,100-42-5,2014,03,0,0,0,0,0,326
1324222592836,6337WCNTNN27GUE,100-42-5,2024,04,0,0,0,0,0,335
1323221648126,37801RBBRM1427W,71-36-3,2023,06,0,0,0,0,0,339
1315214155588,9402WCSBCX2KELL,75-09-2,2015,03,0,0,0,0,0,325
1320218758872,91790NTRSP2009S,N420,2020,06,0,0,0,0,0,335
1318217455272,98134LSKNC32006,N495,2018,04,0,0,0,0,0,332
1314212816678,30114STCNT201LO,N458,2014,02,0,0,0,0,0,325
1320219157397,43207FRNKL2020B,107-21-1,2020,04,0,0,0,0,0,325
1316214986010,16365NTRLC1401L,7439-97-6,2016,02,0,0,0,0,0,335
1314213004118,63049MRLCL6060H,7440-47-3,2014,04,1,0,0,1,0,333
1319218397848,36652SCTTPBAYBR,7664-41-7,2019,04,0,0,0,0,0,322
1322220783955,32955DLTGR395GU,7439-92-1,2022,03,0,0,0,0,0,334
1314212428015,7506WLWSVL1225S,N511,2014,03,0,0,0,0,0,327
1316215093194,12550CVNTR89TAF,1330-20-7,2016,03,0,0,0,0,0,325
1316215682055,44711NNMTL19351,7439-92-1,2016,02,0,0,0,0,0,332
1315214235412,48453GRPNT63EUC,7439-92-1,2015,02,0,0,0,0,0,336
1317215885880,06001RFLXT120DA,108-88-3,2017,03,0,0,0,0,0,323
1319218504215,90248NCMTL417WE,N090,2019,05,0,0,0,0,0,332
1320219201757,4941WGHSPJ125SB,7439-92-1,2020,02,0,0,0,0,0,334
1318216981757,84337NCXXX1360N,110-54-3,2018,03,0,0,0,0,0,336
1317216437451,5504WVRCTF1ISAN,67-56-1,2017,04,0,0,0,0,0,325
1323222015873,0680WMMRYC3BERK,67-56-1,2023,03,0,0,0,0,0,339
1322221498468,7404WWBCND51FST,7440-47-3,2022,06,0,0,0,0,0,331
1316215029291,47804DGTLD1800N,7440-02-0,2016,04,0,0,0,0,0,999
1316215300512,37621BRSTL390BR,N090,2016,06,0,0,0,0,0,331
1318217042579,42303WRGRC5525U,110-54-3,2018,05,0,0,0,0,0,326
1315214215600,26164PCHNYROUTE,N982,2015,05,1,0,0,1,0,331
1317216592788,15145STLDN200BR,7440-02-0,2017,06,0,0,0,0,0,332
1321219828480,7757WGSNNV185EH,115-07-1,2021,04,0,0,0,0,0,4247
1315213572922,19044DNCRP1160E,100-42-5,2015,03,0,0,0,0,0,326
1315214451700,1376WGDSGL171NR,7439-92-1,2015,04,0,0,0,0,0,562
1321219624071,75652FBRGL1505I,100-42-5,2021,04,0,0,0,0,0,326
1314212944211,52761HNCXXHWY61,95-63-6,2014,04,0,0,0,0,0,337
1315213829409,5503WHSTNG171VE,7697-37-2,2015,03,0,0,0,0,0,311
1322221294085,44460WRRNM800PE,108-88-3,2022,03,0,0,0,0,0,326
1316215365913,37334MNRFR1810W,7439-96-5,2016,05,0,0,0,0,0,335
1316215469952,54115VLLYC845PR,108-88-3,2016,03,0,0,0,0,0,337
1324222911036,45242CNCNN5901C,7440-02-0,2024,03,0,0,0,0,0,332
1314212692584,50401GLDNG18334,75-07-0,2014,01,1,0,0,0,0,325
1324222737189,28617GTSRB101GA,108-88-3,2024,03,0,0,0,0,0,336
1322221371141,98107LYMPC1141N,N230,2022,03,0,0,0,0,0,325
1317216283061,12550CVNTR89TAF,108-88-3,2017,03,0,0,0,0,0,325
1323222257560,7704WHRRYC641WS,107-21-1,2023,03,0,0,0,0,0,333
1324222482681,27542CNSTG621JH,1330-20-7,2024,03,0,0,0,0,0,321
1322220938575,73055CHMCL1004S,N230,2022,03,0,0,0,0,0,325
1317216571873,87113MTRLN4800A,N420,2017,04,1,1,1,0,0,334
1324222542161,45241NYRND10700,91-20-3,2024,04,0,0,0,0,0,324
1314212522270,42141RMNCX20ABE,7440-50-8,2014,03,0,0,0,0,0,336
1322220640940,04364LTRNT3BSUM,N420,2022,02,0,0,0,0,0,334
1323221706385,48917LNSNG3725S,N458,2023,01,1,0,0,1,0,2211
1322221267964,45331WHRLP171KI,7440-50-8,2022,03,0,0,0,0,0,335
1317216280406,46721THRMTREJON,N230,2017,04,0,0,0,0,0,326
1319218495315,28086CMMRC101CA,N450,2019,04,0,0,0,0,0,333
1321219931591,91761NMLDB1750M,N511,2021,04,1,0,0,1,0,332
1316215072721,52101DRLLT13011,7440-47-3,2016,04,0,0,0,0,0,332
1315214393326,55343SMNCS5951C,108-45-2,2015,03,0,0,0,0,0,333
1324222667065,07977KMLNS12HOL,7439-96-5,2024,03,0,0,0,0,0,333
1315214039354,29841CBRDC131RE,80-62-6,2015,04,0,0,0,0,0,325
1320218979716,40210STHRN1335S,N230,2020,04,0,0,0,0,0,327
1315213704063,54956PLXSC590EN,N420,2015,04,1,0,0,1,0,334
1322221300445,32174HMCMF1SIGN,7697-37-2,2022,03,0,0,0,0,0,335
1321219595410,53156PCRSN600IN,N120,2021,05,0,0,0,0,0,325
1320219400417,48065RMRMN74000,107-21-1,2020,03,0,0,0,0,0,326
1321220657050,65340CNGRF253WE,7664-41-7,2021,04,0,0,0,0,0,311
1320218713461,30103LGCHM31LGD,80-62-6,2020,05,0,0,0,0,0,325
1315213971498,94952SCSTG599TO,7439-92-1,2015,03,0,0,0,0,0,999
1314212335929,7816WCPNDS1BUSI,N090,2014,04,0,0,0,0,0,332
1316215493178,60089PLXSC2400M,N420,2016,03,1,0,0,1,0,334
1316215357361,86001WLGRSWOODY,67-56-1,2016,03,0,0,0,0,0,339
1324223153596,07066KRNKC330CE,95-63-6,2024,04,0,0,0,0,1,324
1317216057048,44024LSTCH160PA,149-30-4,2017,03,0,1,1,0,0,326
1314212394454,46236GBCKD10640,2837-89-0,2014,04,0,1,0,0,0,325
1319218496180,12138TCNCPCOONB,108-88-3,2019,04,0,0,0,0,0,313
1315213761911,01851TXTRN2INDU,74-90-8,2015,02,1,0,0,1,0,314
1315213910514,91331MCPRD12306,N230,2015,05,0,0,0,0,0,325
1317216377388,66701PRLSS2403S,1330-20-7,2017,04,0,0,0,0,0,332
1319218394272,49007KLSCN3713W,67-56-1,2019,04,0,0,0,0,0,311
1324222989333,3774WHFNRT395TE,100-41-4,2024,04,0,0,0,0,0,332
1318217345723,56284STHRNEASTH,191-24-2,2018,01,1,0,0,1,0,311
1318217217393,92126NMPSX9395C,75-05-8,2018,03,0,0,0,0,0,325
1319217742117,80916NCRMD1635A,N230,2019,03,0,0,0,0,0,334
1322220981346,35660RYNLDEAST2,7647-01-0,2022,01,0,0,0,0,1,331
1323222175364,37744BLLZNBALLR,N982,2023,06,1,1,1,1,0,331
1314212414799,28115NGKCR119MA,7697-37-2,2014,04,0,0,0,0,0,327
1316215710017,36207DFNSR1425C,7439-92-1,2016,03,0,0,0,0,0,336
1322221114059,32548SGNLT84HIL,N420,2022,02,0,0,0,0,0,334
1322221221043,75604TRNTY708JO,N450,2022,06,0,0,0,0,0,336
1315214006456,74015LLDSG1301M,N495,2015,03,0,0,0,0,0,325
1322220732337,27261MRSHF1001S,67-56-1,2022,03,0,0,0,0,0,337
1318216769366,90001FBRCT724E6,108-88-3,2018,04,0,0,0,0,0,313
1314212322313,7605WHRSTP3152S,7439-92-1,2014,01,0,0,0,0,1,327
1315213792827,01720THHRT87HAY,N010,2015,04,0,0,0,0,0,336
1315214011278,1907WDVSVS385WE,7439-92-1,2015,03,0,0,0,0,0,339
1319218069452,9530WBRBSC22EGR,MIXTURE,2019,01,0,0,0,0,0,337
1319218265395,21074BLCKD626HA,67-56-1,2019,04,0,0,0,0,0,332
1316215662812,95351FSTRF415KA,N511,2016,04,1,0,0,1,0,311
1320218687352,21230KYDNR1400B,106-94-5,2020,03,0,0,0,0,0,336
1322221502281,95301TWTRF1FEDE,7439-92-1,2022,03,0,0,0,0,0,999
1317216234322,78112CLRWT4420S,N230,2017,04,0,0,0,0,0,325
1319218340065,60050PRMMG3521N,N420,2019,01,0,0,0,0,0,334
1316215329095,90245TRSTR2201R,7697-37-2,2016,02,0,0,0,0,0,334
1320219333919,7240WPSTCN58CWP,75-69-4,2020,03,0,0,0,0,0,311
1315213673609,16438MLDDF55FOU,77-73-6,2015,04,0,0,0,0,0,326
1316215104769,0150WKRLST91CAR,N420,2016,03,0,0,0,0,0,333
1319218636191,93745PPGND3333S,7439-92-1,2019,01,0,0,0,0,0,327
1323222249930,3774WHFNRT395TE,67-56-1,2023,04,0,0,0,0,0,332
1324222444996,14304PRCSP2124L,N040,2024,03,0,0,0,0,0,332
1319217809678,55432STYLM6536M,7697-37-2,2019,04,0,0,0,0,0,337
1318217174465,43606HLCHR2282A,N420,2018,03,0,0,0,0,0,332
1317215905504,46377PRDGN23326,108-88-3,2017,04,0,0,0,0,0,323
1316215352939,80301HSRCH5555A,108-88-3,2016,04,0,0,0,0,0,325
1323222043123,52057XDCRPSOUTH,N010,2023,05,0,0,0,0,0,335
1317216200105,1722WTLSCP13278,7439-96-5,2017,04,0,0,0,0,0,333
1315213978024,34624HNYWL13350,7439-92-1,2015,03,0,0,0,0,0,334
1317216296970,45750VRDYBCOUNT,N450,2017,06,1,0,1,0,0,325
1318217071834,39440MSNTCSOUTH,7439-92-1,2018,01,1,0,0,1,1,321
1322221060623,19512NCSTC6THWA,N420,2022,02,1,0,0,1,1,331
1316215364579,16749QKRSTINTER,191-24-2,2016,01,1,0,0,1,0,324
1316215640640,19703LLDSG6100P,7664-39-3,2016,05,0,0,0,0,0,325
1318217283593,77380SGMGN9186S,68-12-2,2018,03,0,0,0,0,0,325
1320218879385,38555STNPK238PR,N010,2020,04,0,0,0,0,0,327
1321220275212,98134LSKNC32006,N495,2021,04,0,0,0,0,0,332
1323222019489,49015TKRKS100HI,108-88-3,2023,03,0,0,0,0,0,336
1315214344691,29662QNTMC2GOLD,111-42-2,2015,03,0,0,0,0,0,325
1324223202449,91730PRCSN11155,7697-37-2,2024,04,0,0,0,0,0,336
1324223165150,48057HSPTR4150S,1330-20-7,2024,02,0,0,0,0,0,325
1319218515474,06497HMPFR292LO,64-18-6,2019,04,0,0,0,0,0,325
1323221542994,16823SPLCNSUPEL,67-56-1,2023,03,0,0,0,0,0,334
1321220142208,77656STHHMFM418,100-41-4,2021,05,1,0,1,0,0,325
1321219702368,19510CNCRPEXCEL,95-63-6,2021,04,0,0,0,0,0,332
1318217262017,2756WSTLFL6833M,N503,2018,02,0,0,0,0,0,334
1316214992632,42101BDCMP31WNO,7439-92-1,2016,05,0,0,0,0,0,336
1314212647566,40330HTCHT955WA,7439-92-1,2014,03,0,0,0,0,0,336
1315213581580,28610CMMSC3642U,N040,2015,04,0,0,0,0,0,335
1318217021450,32905FRRSR2210W,1330-20-7,2018,04,0,0,0,0,0,325
1323221713353,48180MSTGC20219,N040,2023,07,0,0,0,0,0,325
1314212779793,07657KMBRM161RA,7440-47-3,2014,04,0,0,0,0,0,332
1318217447008,2728WDNCST328SU,107-21-1,2018,05,0,0,0,0,0,325
1315214218808,4942WJHNSN7WEST,872-50-4,2015,05,0,0,0,0,0,335
1324222530899,2725WNDLRX932EA,80-62-6,2024,05,0,0,0,0,0,325
1323221724925,16749QKRSTINTER,7664-41-7,2023,04,1,0,0,1,0,324
1324222596037,32966DYCPR16259,N982,2024,04,0,0,0,0,0,326
1318217534282,66031STSNC3NEWC,N230,2018,02,0,0,0,0,0,323
1319218098869,70634WSTVCPOBOX,108-88-3,2019,07,0,0,0,0,0,325
1322221388972,49735STNDR594AL,N982,2022,04,0,1,0,0,0,326
1319218335166,52641MTPLS2225E,7664-41-7,2019,04,0,0,0,0,0,311
1324223058797,93635NGMRP25922,7664-41-7,2024,03,0,0,0,0,0,311
1324222898001,0850WLLNTW165CU,7440-02-0,2024,03,0,0,0,0,0,332
1316215295914,33612RBBNSNEBRA,N020,2016,04,0,0,0,0,0,321
1315213217161,55746LMRDT1414E,7440-50-8,2015,05,0,1,1,0,0,336
1314212976563,23832LLDSGEXIT5,76-13-1,2014,05,0,0,0,0,0,325
1315214235400,48453GRPNT63EUC,N120,2015,05,0,0,0,0,0,336
1318217501358,47112VNTFB3430C,79-01-6,2018,05,0,0,0,0,0,326
1315214160917,3760WLMTXX167RW,7429-90-5,2015,02,0,0,0,0,0,333
1323221828383,44135TTHLL1000B,7440-47-3,2023,03,0,0,0,0,0,332
1314212303705,85281LTTNS1215S,67-56-1,2014,03,0,0,0,0,0,333
1314212345476,50138MNNST3406E,100-41-4,2014,04,0,0,0,0,0,322
1314212517510,47987MSTRG1200E,N495,2014,06,1,1,1,1,0,336
1315218623306,73505CHMCL5201S,N096,2015,05,0,0,0,0,0,325
1315213663709,78754SMSNG12100,107-21-1,2015,04,0,0,0,0,0,334
1314212919005,37744BLLZNBALLR,N982,2014,06,1,1,1,1,0,331
1323221534528,90505GLBLC23155,872-50-4,2023,03,0,0,0,0,0,334
1314212347708,72543BRDGS99BLT,7440-50-8,2014,04,0,0,0,0,0,335
1317216318776,17837PLYWR1BUFF,N982,2017,03,0,0,0,0,0,339
1321220042941,26547HLLNCROUTE,67-56-1,2021,01,0,0,0,0,0,327
1317215973951,7815WVSNWR661GU,7439-92-1,2017,03,0,0,0,0,0,339
1314212941381,0245WNVBMD2PRSP,N420,2014,02,1,0,0,1,0,334
1321219990773,54601THTRN1700H,306-83-2,2021,03,0,0,0,0,0,333
1324223041284,79703BNCHM4113W,79-06-1,2024,07,0,0,0,0,0,325
1320218717357,48239ZBRTN26500,7664-41-7,2020,02,0,0,0,0,0,325
1324223091721,70776CBGGYRIVER,1912-24-9,2024,07,1,0,1,0,1,325
1317216320667,1682WTHRMF32RLL,67-56-1,2017,03,0,0,0,0,0,334
1314212723338,52404GNNCR10004,64-18-6,2014,04,0,0,0,0,0,325
1315213223454,12138TCNCPCOONB,1330-20-7,2015,03,0,0,0,0,0,313
1315214385282,37744BLLZNBALLR,7439-92-1,2015,04,0,0,0,0,1,331
1319218134601,1803WMRCNC788PE,7697-37-2,2019,04,0,0,0,0,0,3121
1322220734038,1880WSPNGJ123BA,26471-62-5,2022,03,0,0,0,0,0,327
1316215232291,46628BRNCR2001W,N982,2016,05,0,0,0,0,0,325
1322220635433,60139WBSTR704EF,7440-50-8,2022,03,0,0,0,0,0,332
1322221218720,78407JVLNC5314I,67-56-1,2022,05,0,0,0,0,0,324
1317216229195,37166NTRNC1GRIZ,7440-50-8,2017,04,0,1,0,0,0,336
1314212759690,29304HCHSTI85AT,75-07-0,2014,03,1,0,0,1,0,325
1320218833337,30073JYCHM1400I,N100,2020,05,1,1,1,0,0,325
1314212655447,16749QKRSTINTER,108-88-3,2014,05,0,0,0,0,0,324
1315214170502,61547CTRPL8826W,N120,2015,04,0,0,0,0,0,331
1317216424972,77028RSSLL4004H,1330-20-7,2017,04,0,0,0,0,0,332
1323221788247,17066WNSCRUSROU,131-11-3,2023,03,0,0,0,0,0,326
1314212718922,43410WHRLP119BI,N495,2014,03,0,0,0,0,0,335
1324222550218,91761WMBRR1400S,100-42-5,2024,03,0,0,0,0,0,326
1315214381307,4713WTNNCN8TREY,7440-02-0,2015,03,0,0,0,0,0,336
1317215892249,54901LKSDP450W3,N420,2017,03,0,0,0,0,0,325
1314212786899,42344THNSGSTATE,7697-37-2,2014,04,0,0,0,0,0,325
1318217511447,06492TMSMC358HA,7440-50-8,2018,05,0,0,0,0,0,335
1317216315059,32571RPRDC4575E,N982,2017,04,0,0,0,0,0,325
1318216879193,4413WVLTRN292FU,7439-92-1,2018,01,0,0,0,0,0,334
1319217746116,72209TRNRC691IN,7697-37-2,2019,03,0,0,0,0,0,311
1324223240603,75038MNTRP3041S,1330-20-7,2024,04,0,0,0,0,0,339
1317216421521,3780WSNTRG471PT,7697-37-2,2017,07,1,0,1,0,0,325
1321219974565,07730FFCMP600ST,N230,2021,04,0,0,0,0,0,325
1316215105204,3002WSNNCR475HR,7439-92-1,2016,02,0,0,0,0,0,334
1316215741378,85338KLTMF3831S,N120,2016,04,0,0,0,0,0,333
1321220163784,52577CLWVL902SO,7440-50-8,2021,05,0,0,0,0,0,332
1322221218670,75602TRNTYR7BOX,7440-47-3,2022,05,0,0,0,0,0,336
1323222340743,53545SHRXC2001A,75-56-9,2023,05,0,0,0,0,0,325
1324222971917,65109MDNMN1502S,7440-50-8,2024,04,0,0,0,0,0,336
1323221635891,4361WLPNTL4112C,67-56-1,2023,07,1,0,1,0,0,325
1315214329536,06516NTHNN350FR,N100,2015,05,0,0,0,0,0,325
1322221021835,44622GRRST624BL,N495,2022,04,0,0,0,0,0,331
1322220716447,45368YMDNN9CLUM,7440-66-6,2022,03,0,0,0,0,0,336
1323222349728,30269HSHZK618HW,7440-47-3,2023,04,0,0,0,0,0,333
1318217057835,49015TKRKS100HI,7439-92-1,2018,03,0,0,0,0,0,336
1316215117173,07977KMLNS12HOL,7440-47-3,2016,04,0,0,0,0,0,333
1324222838334,45371DPNCX875NO,110-54-3,2024,04,0,0,0,0,0,325
1322220958425,63111RHNPL133EK,63-25-2,2022,05,0,0,0,0,0,325
1321222524213,75041CRRLL2900W,N535,2021,04,0,0,0,0,0,325
1322220682645,5707WLMRDT224WE,7440-50-8,2022,05,0,0,0,0,0,336
1316215448844,32178CDRSYAIRPO,100-42-5,2016,04,0,0,0,0,0,327
1318217113760,27542CNSTG621JH,1330-20-7,2018,02,0,0,0,0,0,337
1322220746919,53959STSNC1515I,7439-96-5,2022,01,0,0,0,0,1,336
1316215666583,15144PPGND125CO,N420,2016,03,0,0,0,0,0,325
1321219910181,47670TYTMT4000T,107-21-1,2021,05,0,0,0,0,0,336
1318217280585,55069LNDLK404EA,N450,2018,04,0,0,0,0,0,311
1322221522840,02780WTRSC177RO,108-88-3,2022,04,0,0,0,0,0,325
1323222053872,49120SHLLR1501S,7429-90-5,2023,06,0,0,0,0,1,336
1323222067668,19353DRBLM140SH,7440-02-0,2023,03,0,0,0,0,0,332
1323221544430,30060NRTHC1525C,79-10-7,2023,05,0,0,0,0,0,325
1319218215806,37873PCLCN306GE,7440-50-8,2019,03,0,0,0,0,0,323
1316215750151,43952BRMCHCOUNT,N040,2016,05,1,1,1,0,0,325
1317216306769,37744TRWNCSNAPP,108-88-3,2017,03,0,1,0,0,0,333
1322220660486,01950NNSPC3MALC,121-44-8,2022,04,0,0,0,0,0,325
1314212543817,70518SCHMT5750H,111-42-2,2014,04,0,0,0,0,0,325
1317216352308,1834WCSTML5RIVE,N010,2017,04,0,0,0,0,0,332
1320218765939,45242CNCNN5901C,7440-02-0,2020,02,0,0,0,0,0,332
1316215559307,73118MCKLN4041N,N511,2016,03,1,0,0,1,0,333
1320218950754,0810WKRSHN1HLTE,7440-02-0,2020,05,0,0,0,0,0,332
1322221592708,92131PLSCN10121,7664-41-7,2022,03,0,0,0,0,0,332
1319218198859,07077SHLLL111ST,110-82-7,2019,05,0,0,0,0,0,4247
1316215290723,27284HGHLN215DR,108-88-3,2016,04,0,0,0,0,0,313
1314212349904,25265FLMNPUSRT6,N450,2014,03,1,1,0,0,0,331
1319218454181,37744TRWNCSNAPP,108-88-3,2019,03,0,1,0,0,0,333
1314212465328,50801GRNVLRR1XX,7664-41-7,2014,07,1,0,1,0,0,325
1315214088623,37331MNVLLHWY41,50-00-0,2015,03,0,0,0,0,0,313
1316215291648,2965WDRCRL2375H,7440-47-3,2016,04,0,0,0,0,0,332
1323221758980,7754WRVNFD55PRT,2699-79-8,2023,03,0,0,0,0,0,311
1316215197207,52761THHNC301OA,50-00-0,2016,01,0,0,0,0,0,337
1317216548420,7006WDNKPR56HIG,126-99-8,2017,06,1,0,0,0,0,325
1314212631131,90810CSTMF1711H,131-11-3,2014,03,0,0,0,0,0,336
1315213984242,53051ZNTHSW156N,7440-47-3,2015,03,0,0,0,0,0,332
1314212310585,07840TDMDL36NEW,7439-92-1,2014,02,0,0,0,0,0,334
1317216057099,44024LSTCH160PA,N982,2017,04,0,1,1,0,0,326
1316215120080,32935DRSPT100NB,N420,2016,01,0,0,0,0,0,333
1323222393237,28704DYNTR95GLE,N982,2023,04,0,0,0,0,0,326
1319217959838,37744BLLZNBALLR,7439-92-1,2019,04,0,0,0,0,1,331
1323221803428,22645FSHRD8365V,67-56-1,2023,04,0,0,0,0,0,325
1324222449910,25703RBRLT2501G,N120,2024,05,0,0,0,0,0,339
1323222333662,70079CYPRS16122,7647-01-0,2023,04,1,0,0,1,0,325
1322220848675,24203MRRSN400CO,7440-36-0,2022,05,0,0,0,0,0,326
1322220705685,53048QDGRP952BA,N982,2022,05,0,0,0,0,0,323
1322221155195,77656STHHMFM418,1330-20-7,2022,05,1,0,1,0,0,325
1316215431204,9513WQNTMC171RI,7697-37-2,2016,04,0,0,0,0,0,332
1319217709613,02703CHMTC52GAR,N740,2019,06,1,0,1,0,0,332
1323221532486,60139WBSTR704EF,7440-50-8,2023,03,0,0,0,0,0,332
1320218933695,77578KSHNB22102,71-36-3,2020,06,1,0,1,0,0,325
1322221299391,85281GLDTC1450E,7697-37-2,2022,04,0,0,0,0,0,332
1320219343365,54455SNNTR1000S,1330-20-7,2020,03,0,0,0,0,0,332
1315213804735,02865TNRYN6NEWE,N106,2015,02,0,0,0,0,0,332
1323221649421,15767PRFRM700MA,7440-50-8,2023,04,0,0,0,0,0,332
1315213569724,95206VLMTN431SP,7429-90-5,2015,06,1,0,1,0,0,331
1314212388678,73055CHMCL1004S,67-56-1,2014,05,0,0,0,0,0,325
1322220887739,47446LHGHP121NO,7439-97-6,2022,01,1,0,0,0,1,327
1316215349477,9822WTKNRG3886H,7439-92-1,2016,03,0,0,0,0,0,334
1320218905952,06512CRRNT30TYL,67-56-1,2020,01,0,0,0,0,0,326
1317216234260,78112CLRWT4420S,1330-20-7,2017,04,0,0,0,0,0,325
1318217463367,15145STLDN200BR,7440-47-3,2018,06,0,0,0,0,0,332
1315213717440,49203LMPLT1319S,N982,2015,05,0,0,0,0,0,332
1324222897997,0850WLLNTW165CU,7439-96-5,2024,03,0,0,0,0,0,332
1321220482412,33801TSTMK4705U,67-56-1,2021,05,0,0,0,0,0,311
1319217799257,27261RLNCN1431P,108-88-3,2019,05,0,0,0,0,1,325
1316215605938,8539WBRZWS13677,57-41-0,2016,01,0,0,0,0,0,999
1315214381422,97116TKTRN1521P,N100,2015,05,1,0,1,1,0,334
1314212876712,64836FRDSFHIGHW,7664-41-7,2014,04,0,0,0,0,0,311
1315214043491,38108QCHMC3324C,110-00-9,2015,06,1,0,1,0,0,325
1319218130134,61244JHNDR11001,107-21-1,2019,05,0,0,0,0,0,333
1314212551384,02865TNRYN6NEWE,N495,2014,03,0,0,0,0,0,332
1318217411127,55425CYPRS2401E,7664-39-3,2018,03,1,0,0,1,0,334
1317215818547,35570HMLTNHWY78,100-42-5,2017,04,0,0,0,0,0,326
1314212321626,7220WTHSTP681AL,7439-92-1,2014,01,0,0,0,0,1,327
1319217978030,32905FRRSR2210W,7726-95-6,2019,04,0,0,0,0,0,325
1317216600825,24540DNRVRSTATE,108-88-3,2017,05,0,0,0,0,0,325
1319217698861,30315PDCLR999GR,N982,2019,04,0,0,0,0,0,325
1322220770731,77833BLBLL1101S,7697-37-2,2022,03,0,0,0,0,0,311
1314211926389,55403WNNRN124CH,7440-50-8,2014,03,0,0,0,0,0,332
1320219033507,79556NTDST1USGR,N458,2020,01,0,0,0,0,1,327
1314212574469,33917HPBCN7941M,100-42-5,2014,03,0,0,0,0,0,336
1315214457778,24301WSTPNBURGI,N040,2015,04,0,0,0,0,0,313
1319218365599,93707PBDYF2494S,7440-47-3,2019,04,0,0,0,0,0,333
1321219715745,1907WDVSVS385WE,7439-92-1,2021,02,0,0,0,0,0,339
1323222275846,77507HLDRT10010,N770,2023,05,0,0,0,0,0,325
1321219461744,97333RGNRB1985S,N982,2021,04,0,0,0,0,0,325
1318217181472,77017MBLCH9822L,1330-20-7,2018,04,1,0,1,1,0,325
1321219989009,64055THMSJ13000,7697-37-2,2021,04,0,0,0,0,0,311
1316215471727,95131LMLDS370WT,7664-41-7,2016,05,0,0,0,0,0,334
1318217455260,98134LSKNC32006,N100,2018,04,0,0,0,0,0,332
1321219553690,31516SNDNC6131S,100-42-5,2021,04,0,0,0,0,0,326
1323221818901,19510CNCRPEXCEL,71-36-3,2023,04,0,0,0,0,0,332
1323221608324,40033TYTBS2FRAN,110-82-7,2023,03,0,0,0,0,0,336
1324222878959,27804LCNCN400JE,N982,2024,05,0,0,0,0,0,332
1324222770392,27302GCXXX6801I,7440-47-3,2024,04,0,0,0,0,0,335
1322221266075,16365RXNRD304MA,N230,2022,04,0,0,0,0,0,332
1321220352037,47712BTZPL2301W,N982,2021,03,0,0,0,0,0,332
1318217186889,90250FLNSL12333,108-31-6,2018,05,0,0,0,0,0,325
1321219790096,5542WPNRMT48QUE,N511,2021,05,1,0,0,1,0,332
1323221636513,31601GRFFNROCKY,67-56-1,2023,04,0,0,0,0,0,325
1314212605897,56751PLRSNHWY89,107-21-1,2014,05,0,0,0,0,0,336
1319218189393,26547HLLNCROUTE,67-56-1,2019,01,0,0,0,0,0,327
1314212322287,7613WSTHSD61LDH,7439-92-1,2014,01,0,0,0,0,1,327
1316214948960,14550MRTNS45RIB,7647-01-0,2016,04,0,0,0,0,1,311
1320218740936,2618WCHMRS848DU,N150,2020,12,1,0,0,1,0,325
1315213720651,77028RSSLL4004H,108-88-3,2015,02,0,0,0,0,0,332
1316215342825,17519CNSTG245RE,67-56-1,2016,02,0,0,0,0,0,337
1320219414974,78343CLNSNONEMI,67-56-1,2020,08,1,1,0,1,0,325
1314213000565,48184NSTRT35660,7440-47-3,2014,03,0,0,0,0,1,332
1323221713819,95131SNMNC2068B,7697-37-2,2023,04,0,0,0,0,0,334
1316215241833,0305WVRTRN12EXE,7439-92-1,2016,01,0,0,0,0,0,334
1323221818242,30103LGCHM31LGD,100-42-5,2023,04,0,0,0,0,0,325
1321219783394,01720THHRT87HAY,95-47-6,2021,03,0,0,0,0,0,336
1320218653653,53573WSCNS810NE,N100,2020,04,1,0,0,1,0,332
1314212302160,39601GMCPCINDUS,7439-92-1,2014,02,0,0,0,0,0,336
1321219881214,55318MCLGH4001P,75-09-2,2021,04,0,0,0,0,0,325
1322220662720,1460WNTNWD1444E,N420,2022,02,0,0,0,0,0,334
1314212759664,29304HCHSTI85AT,123-91-1,2014,03,1,0,0,1,0,325
1323222387060,54701WRRNV5200S,100-41-4,2023,04,0,0,0,0,0,562
1319218322244,60638THCPH5851W,N230,2019,04,1,0,1,0,0,325
1322220717274,84116LTTNG2211W,7439-92-1,2022,02,0,0,0,0,0,334
1314212818037,14048DNKRK1ICEC,7664-41-7,2014,04,0,0,0,0,0,311
1315213894773,49601RBRKS201HA,7439-92-1,2015,01,0,0,0,0,1,332
1314212639482,43756JPTRN5037N,N100,2014,05,0,0,0,0,0,333
1322221106659,55110TRNXX4833W,7439-92-1,2022,03,0,0,0,0,0,334
1318217282591,70634WSTVCPOBOX,108-88-3,2018,06,0,0,0,0,0,325
1315214076539,18042PLYTK55HIL,N458,2015,02,0,0,0,0,0,325
1320218701249,02763MTFBN332JO,7439-92-1,2020,03,0,0,0,0,0,332
1322220997163,19510CNCRPEXCEL,7439-96-5,2022,05,0,0,0,0,0,332
1320218897662,71107GSRFN620AE,191-24-2,2020,02,0,0,0,0,1,324
1324223047440,77905NVSTS2695L,106-99-0,2024,06,0,0,0,0,0,325
1315214128670,75110LCTYR909S1,91-20-3,2015,03,0,0,0,0,0,331
1314212953893,58027NRTHR55251,N420,2014,02,1,0,0,1,0,311
1318216874608,56215CHPPW27020,75-07-0,2018,01,1,0,0,0,1,325
1323222124012,6750WYDRSM1816E,108-88-3,2023,04,0,0,0,0,0,335
1314211916352,16502KLNPL2020G,7697-37-2,2014,04,0,0,0,0,0,332
1323222137299,1511WHLTCM76BRA,7440-02-0,2023,06,0,0,0,0,0,332
1315213585363,67801RFFNN500ET,7664-41-7,2015,06,0,0,0,0,0,325
1318217126782,37127GNRLM2695S,N511,2018,04,1,0,0,1,0,311
1319218050553,8100WVSTST1TWER,7440-66-6,2019,05,1,0,0,0,1,332
1316214986349,57201FBRGL12251,100-42-5,2016,03,0,1,0,0,0,326
1314213079155,87113SMTCM9401S,7697-37-2,2014,03,0,0,0,0,0,334
1316215756382,17356GNRLD200EH,7440-47-3,2016,04,0,0,0,0,0,336
1315213541826,9093WRGCHM3933I,67-56-1,2015,04,0,0,0,0,0,4246
1323221741313,37815MHLNCHWY11,N495,2023,06,0,0,0,0,0,336
1319218415267,78112CLRWT4420S,67-56-1,2019,05,0,0,0,0,0,325
1315214335818,61085TWDND301SO,7439-96-5,2015,03,0,0,0,0,0,336
1318217416635,56511TMNDSFRTHR,7440-02-0,2018,01,0,0,0,0,0,332
1315214215511,48371MSPND45WAK,N090,2015,04,0,0,0,0,0,332
1321220412934,19061BPLCMPOSTR,1330-20-7,2021,06,1,1,0,1,0,324
1324222423473,31404NCLCR110FO,N982,2024,05,0,0,0,0,0,324
1324222961930,33458MPCCN1440W,7440-02-0,2024,05,0,0,0,0,0,333
1318217055413,45242CNCNN5901C,7440-02-0,2018,02,0,0,0,0,0,332
1314212394288,42303LMRSM4301U,7664-41-7,2014,05,0,0,0,0,1,2211
1324222848537,3762WTRCTY161AR,7429-90-5,2024,06,0,0,0,0,0,331
1322220807958,15071CRCBL1001R,7440-02-0,2022,05,0,0,0,0,0,332
1314212390708,54840BRNTT11631,N511,2014,04,0,0,0,0,0,311
1322220880595,28451GNRLWHIGHW,N150,2022,18,1,0,0,1,1,321
1323222041978,28086CMMRC101CA,7440-47-3,2023,02,0,0,0,0,0,333
1314212960025,19426SPRRT3900G,7440-47-3,2014,04,0,0,0,0,0,331
1318216952679,04841FSHRN50GOR,N090,2018,03,0,0,0,0,0,333
1315213716234,84087CRYSN2355S,108-88-3,2015,05,1,0,1,0,0,324
1318216694467,74107HYDRT4912S,108-88-3,2018,04,0,0,0,0,0,324
1318217040082,01605LNDBR284GR,7664-41-7,2018,03,0,0,0,0,0,332
1323222307439,29304STNDR100QU,N982,2023,04,0,0,0,0,0,326
1321219792557,66618THQKR2200N,N982,2021,02,0,0,0,0,0,311
1319218532164,27820GRGPCAMPAC,67-56-1,2019,06,0,1,0,0,1,325
1319218503718,36201FMCCR2101W,7440-02-0,2019,02,0,0,0,0,0,332
1318217440787,92621LCTRN537WE,7697-37-2,2018,03,0,0,0,0,0,332
1316215374289,81001SHLND250WI,107-21-1,2016,06,0,0,0,0,0,325
1317215813472,72543BRDGS99BLT,7439-92-1,2017,02,0,0,0,0,0,335
1314212863296,77037BKRHG17015,7439-92-1,2014,02,0,0,0,0,0,333
1317216113757,64093GTSNR617NO,N420,2017,06,1,0,1,0,0,335
1320219221621,37660HLSTNWESTS,7664-93-9,2020,01,1,0,0,1,0,999
1319217665811,31503CRLNS3231F,100-42-5,2019,05,0,0,0,0,0,336
1321219829823,0421WTMBRN2879H,N590,2021,01,0,0,0,0,0,322
1320219414719,4866WSTYRN164BU,106-99-0,2020,06,0,1,0,0,0,325
1323222314799,62024LNCRPLEWIS,7440-02-0,2023,06,0,0,0,0,0,331
1320218811343,17013PPGND400PA,7664-41-7,2020,04,0,0,0,0,0,327
1324223191762,75652FBRGL1505I,100-42-5,2024,04,0,0,0,0,0,326
1322221503889,4355WTLNDS28271,7439-92-1,2022,02,0,0,0,0,0,334
1322221021823,44622GRRST624BL,N450,2022,04,0,0,0,0,0,331
1323221878489,08701LKWDC123EN,95-63-6,2023,04,0,0,0,0,0,2211
1319219302876,7761WRNWBL651HG,67-56-1,2019,05,0,0,0,0,0,325
1321220076929,3741WPLSTC3241H,1330-20-7,2021,03,0,0,0,0,0,336
1314212423343,28092GSCRT3211P,7439-92-1,2014,03,0,0,0,0,0,334
1317215909615,3065WRMTPT15IND,79-01-6,2017,05,0,0,0,0,0,325
1323221775909,35986RNSVL189RT,1330-20-7,2023,03,0,0,0,0,0,326
1317216053672,8982WNWMNT91DUN,7647-01-0,2017,01,1,0,0,1,0,2211
1322220796775,74015RXCHN5215A,N420,2022,04,0,0,0,0,1,333
1314212607713,75081HNYWL830EA,7664-93-9,2014,04,1,0,0,1,0,334
1320218801379,76067TWSHK201GA,67-56-1,2020,03,0,0,0,0,0,325
1314212556765,46750MCSTL25CMM,N495,2014,06,0,0,0,0,0,332
1320218747917,77656STHHMFM418,71-43-2,2020,05,1,0,1,0,0,325
1321219719491,95401HWLTT1412F,N511,2021,02,1,0,0,1,0,334
1317216376665,28669BTBPRHWY26,108-95-2,2017,03,1,0,0,1,0,321
1315214109415,04005FBRMT5MORI,N590,2015,03,0,0,0,0,0,335
1315214111736,9901WPRKRH2218N,7439-97-6,2015,01,0,0,0,0,0,336
1314212845857,54729CRYRS234CA,N420,2014,02,0,0,0,0,0,334
1319218486759,37744TRWNCSNAPP,7440-02-0,2019,04,0,0,0,0,0,333
1319221472006,4382WRDGCR5777R,77-73-6,2019,04,0,0,0,0,0,326
1319218515524,95014KSRCMNAXXX,N458,2019,01,1,0,0,0,1,327
1321219785755,15632DVNCD9001C,7439-92-1,2021,02,0,0,0,0,0,334
1324223082165,36105HGRHN150FO,N495,2024,04,0,0,0,0,0,332
1315213891260,39701KMNRDNASHV,91-20-3,2015,03,0,0,0,0,0,325
1315214170591,66720THRMD201NA,108-88-3,2015,04,0,0,0,0,0,326
1323222044137,37744TRWNCSNAPP,7440-02-0,2023,04,0,0,0,0,0,333
1323221556044,70805LBMRLGULFS,N982,2023,04,0,0,0,0,0,325
1322221283157,72902KFDSNREEDL,N511,2022,03,1,0,0,1,0,311
1319218412993,37744KRFTNBOHAN,7664-41-7,2019,04,0,0,0,0,0,311
1323221636552,27320BHMFLROUTE,110-82-7,2023,05,0,0,0,0,0,325
1323221684398,56093FJHNS299JO,7440-50-8,2023,03,0,0,0,0,0,334
1317215830389,8100WVSTST1TWER,71-36-3,2017,04,0,0,0,0,0,332
1317216513186,8523WBHMNT1331W,N511,2017,04,0,0,0,0,0,325
1324222862450,52001MRRSN24THA,7439-92-1,2024,03,0,0,0,0,0,332
1314213044074,72209MRNNM11605,71-36-3,2014,05,0,0,0,0,0,325
1319217869926,51031WLLSD12THL,N511,2019,04,1,0,0,1,0,311
1317216317851,77571NVSTS12455,N100,2017,05,1,0,0,1,0,325
1320218674986,23834LDNCR16101,7664-41-7,2020,04,0,0,0,0,0,326
1317215919123,49423NTRRT1776A,N120,2017,03,0,0,0,0,0,336
1314212501377,57226TCHNCRR2BO,N420,2014,03,1,0,1,0,1,325
1318216818219,15853XTCMTBOOTJ,7440-50-8,2018,03,0,0,0,0,0,332
1322221472347,17566STNRN1070R,1330-20-7,2022,04,0,0,0,0,0,325
1319218263616,35806NGLHR9800K,N100,2019,05,0,0,0,0,0,336
1316216972113,21005BRDNPSTEAP,67-56-1,2016,05,0,0,0,0,0,999
1318217301605,19510CNCRPEXCEL,95-63-6,2018,04,0,0,0,0,0,332
1316214979318,5605WTBLKC52182,7440-48-4,2016,03,0,0,0,0,0,336
1316215455597,35806NGLHR9800K,N040,2016,05,0,1,0,0,0,336
1318217159502,53002MYSTL6199C,7440-47-3,2018,04,0,0,0,0,0,332
1314213011859,53821MCMPNHWY35,N010,2014,04,0,0,0,0,0,327
1322220766137,47546KMBLLW12TH,1330-20-7,2022,03,0,0,0,0,0,337
1314212509018,58102PHNXN14414,7439-92-1,2014,03,0,0,0,0,0,334
1324222772319,4614WFKTYT599NL,7440-02-0,2024,03,0,0,0,0,0,336
1320218908073,49930GRTLKHANCO,80-62-6,2020,01,0,0,0,0,0,326
1319217836093,21237BLTMR7110Q,N982,2019,05,0,0,0,0,0,332
1320218825457,77630JMHBRFM736,463-58-1,2020,02,1,0,0,1,0,325
1316215067632,27261MRSHF1001S,1330-20-7,2016,03,0,0,0,0,0,337
1322220911491,67337FNKMNHWY16,67-56-1,2022,03,0,0,0,0,0,333
1317216255125,02703CHMTC52GAR,67-56-1,2017,04,0,0,0,0,0,332
1321219828744,53004CDRVL3115J,7697-37-2,2021,04,0,0,0,0,0,311
1317216373605,3515WKSTHS178SY,N590,2017,03,0,1,0,0,0,324
1316215446220,46176RYBDC800MA,7440-02-0,2016,04,0,0,0,0,0,331
1317217545971,39601GMCPCINDUS,7439-92-1,2017,03,0,0,0,0,0,336
1316215033857,75098SNDNN601SS,7439-92-1,2016,02,0,0,0,0,0,336
1316215769062,35007VNTPL700IN,67-66-3,2016,04,0,0,0,0,0,325
1314212918953,37744BLLZNBALLR,7782-50-5,2014,01,0,0,0,0,0,331
1314212737884,18103RPRDC2801M,7440-50-8,2014,04,0,0,0,0,0,332
1314213031863,99019HNTWD238AP,71-36-3,2014,02,0,0,0,0,0,337
1315213909308,46515HRMSL1101L,7439-97-6,2015,03,0,0,0,0,0,335
1324223159803,11706STRLC1714T,N495,2024,03,0,0,0,0,0,332
1324222681607,17519CNSTG245RE,67-56-1,2024,03,0,0,0,0,0,321
1318216984791,28734CHCGR324IN,N420,2018,02,0,0,0,0,0,339
1317215995275,56303PRKND631SA,7439-96-5,2017,03,0,0,0,0,0,333
1315214193070,43756JPTRN5037N,N100,2015,05,0,0,0,0,0,333
1315213760515,87045MCKNLCOUNT,533-74-4,2015,02,0,0,0,0,0,322
1319218289306,46514MRRYD1536G,N100,2019,05,0,0,0,0,0,332
1320219279193,14048RLSTN3800M,N982,2020,05,0,0,0,0,0,311
1324222813483,24112CMMNW345BE,N120,2024,03,0,0,0,0,0,326
1320219224906,7801WCMPST258RA,7439-92-1,2020,03,0,0,0,0,0,999
1315213929108,32905FRRSR2210W,108-10-1,2015,04,0,0,0,0,0,325
1314213104375,45241DLTSC11500,108-88-3,2014,04,0,0,0,0,0,326
1322221016177,3762WTRCTY161AR,N090,2022,02,0,0,0,0,1,331
1315214227629,97402FRRST1011M,N230,2015,03,0,0,0,0,0,325
1320218962710,30117DCSTR1DECM,N120,2020,03,0,0,0,0,0,336
1324222555688,06492TMSMC358HA,7440-50-8,2024,05,0,0,0,0,0,335
1321220082376,56308MCMPN2115S,50-00-0,2021,03,0,0,0,0,0,327
1324222800346,4912WMDNRP2121W,12185-10-3,2024,04,0,0,0,0,1,336
1316216627974,8440WBRNSR125SU,7697-37-2,2016,04,0,0,0,0,0,336
1317216117061,44460WRRNM800PE,1330-20-7,2017,03,0,0,0,0,0,326
1321220348205,46036LSCRP1240S,106-94-5,2021,03,0,0,0,0,0,336
1314212514754,72150RBRTSHWY16,N120,2014,05,0,0,0,0,0,332
1319220607081,16823SPLCNSUPEL,108-88-3,2019,03,0,0,0,0,0,334
1314212322414,7545WMLSSP828NH,7439-92-1,2014,01,0,0,0,0,1,327
1324222410502,53214RBPCH150SO,95-63-6,2024,04,0,0,0,0,0,325
1319217757525,15853XTCMTBOOTJ,N450,2019,02,0,0,0,0,0,332
1318216911533,97116TKTRN1521P,N100,2018,05,1,0,1,1,0,334
1322221071842,02905MNRCH189GE,7439-92-1,2022,01,0,0,0,0,1,332
1320218674202,24203MRRSN400CO,7440-36-0,2020,05,0,0,0,0,0,326
1316215381195,37620BCHML501FI,67-56-1,2016,04,0,1,0,0,0,325
1316214998383,75081HNYWL830EA,7664-93-9,2016,03,1,0,0,1,0,334
1321220164382,27804LCNCN400JE,N495,2021,05,0,0,0,0,0,332
1321219668656,65453BRKPR16MID,N090,2021,04,0,0,0,0,0,332
1322221469707,19087JHNSN43645,7664-41-7,2022,03,0,0,0,0,1,336
1315213930656,77009STHWS1312H,N982,2015,04,0,0,0,0,0,332
1324223023108,53051RNDLLN82W1,95-63-6,2024,04,0,0,0,0,0,323
1322221328038,48057HSPTR4150S,375-95-1,2022,02,0,0,0,0,0,325
1322221434754,1630WWBCND363SE,7439-96-5,2022,05,0,0,0,0,0,331
1316215771181,93012MDCLM1150C,80-62-6,2016,04,0,0,0,0,0,326
1318217158930,7111WMNSPC1399H,N982,2018,05,0,0,0,0,0,324
1321220015364,6672WHLNDS3928R,100-41-4,2021,02,0,0,0,0,0,337
1318218642763,75668SCTND3756F,N090,2018,06,1,1,1,1,0,332
1322220729887,4355WMDWST14314,N100,2022,04,0,0,0,0,0,321
1324222559825,37644SNPNTSTATE,N982,2024,03,0,0,0,0,1,332
1319217933112,75606STMCN300IN,N982,2019,02,0,0,0,0,0,336
1323222116131,4907WFMCMP555WA,7439-92-1,2023,03,0,0,0,0,0,332
1323222149104,35035CHBPRRT1BO,118-74-1,2023,01,0,0,0,0,1,321
1319217848555,39440MSNTCSOUTH,100-42-5,2019,05,0,0,0,0,0,321
1320220589713,7601WHNTSM3315E,107-21-1,2020,05,0,0,0,0,0,325
1323221560319,6672WHLNDS3928R,108-88-3,2023,02,0,0,0,0,0,337
1314212451761,78226LCKHD661DU,71-43-2,2014,03,0,0,0,0,0,336
1319218307039,95678NCLCT7501F,7664-39-3,2019,04,1,0,0,1,0,334
1314211924117,79007JMHBRHIGHW,71-43-2,2014,01,1,0,0,1,0,325
1322221504830,8504WSPCLP1545E,N458,2022,04,0,0,0,0,0,562
1323222338663,6011WNFDWR338WU,7440-50-8,2023,05,0,0,0,0,0,331
1316215298910,37744TRWNCSNAPP,1330-20-7,2016,04,0,1,0,0,0,333
1314212555938,48220GGPRD625WA,98-82-8,2014,04,0,0,0,0,0,325
1314213079130,87113SMTCM9401S,7647-01-0,2014,05,0,0,0,0,0,334
1315214203477,28052FRGHT1400T,7440-48-4,2015,04,0,0,0,0,0,336
1316215040546,37355BTSVLPOBOX,71-36-3,2016,03,0,0,0,0,0,339
1315213839121,17519CNSTG245RE,71-36-3,2015,02,0,0,0,0,0,337
1318217493206,60007RCTRN1150P,7439-92-1,2018,03,0,0,0,0,0,334
1315213983380,43725LMCST804BY,N982,2015,04,0,0,0,0,0,326
1314212652693,50441MPRLN1280I,95-63-6,2014,04,0,0,0,0,0,325
1323221625371,9880WSRPXX434LD,106-94-5,2023,04,0,0,0,0,0,334
1317216138356,4737WFRTRC71ECR,7440-50-8,2017,02,0,0,0,0,0,332
1314212347785,55066RCHRD118MA,110-54-3,2014,05,0,0,0,0,0,311
1314212610885,44305NRTNC2664G,117-81-7,2014,04,0,0,0,0,0,326
1315213685629,4241WJLKCR88SAN,100-42-5,2015,04,0,0,0,0,0,325
1316215176342,45162THHRT5374L,961-11-5,2016,03,0,0,0,0,0,311
1318218071266,28001CLLNS313BE,N100,2018,02,0,1,0,0,0,314
1323222574333,46714MTLDY131WH,7440-50-8,2023,04,0,0,0,0,0,336
1323221823949,91761NMLDB1750M,N511,2023,04,1,0,0,1,0,332
1318217420342,83639GSTFSBRUNE,118-74-1,2018,02,0,0,0,0,1,325
1323222062299,99352LLDTC2025B,1336-36-3,2023,05,0,0,0,0,0,562
1321220284246,32501RZNCH411SO,1330-20-7,2021,05,0,0,0,0,0,325
1319217837400,17516TRKYHRD2BO,7697-37-2,2019,03,0,0,0,0,0,311
1321220109058,48161NRTHS3000E,N100,2021,05,0,0,0,0,1,331
1321222367789,3016WCNCRD795TR,N420,2021,06,0,0,0,0,0,335
1321220516088,53563XXNCH1012T,75-07-0,2021,02,1,0,0,1,0,325
1323221895168,43420CHMTR721GR,7439-96-5,2023,04,0,0,0,0,0,332
1320218840116,62243SMNSM410WE,7439-92-1,2020,03,0,0,0,0,0,335
1318217331038,70079CYPRS16122,7550-45-0,2018,05,0,0,0,0,0,325
1323221642109,75006TXSFN1801S,N230,2023,03,0,0,0,0,0,332
1315214230765,49504MRCNS901BR,7440-47-3,2015,05,0,0,0,0,0,336
1319217978055,32905FRRSR2210W,67-56-1,2019,03,0,0,0,0,0,325
1324222987099,45212MSCNC2909H,1634-04-4,2024,04,0,1,1,0,0,4246
1324223120039,2728WDNCST328SU,872-50-4,2024,06,0,0,0,0,0,325
1322221322542,0680WMMRYC3BERK,N511,2022,03,0,0,0,0,0,339
1322220765616,92707NMLDB401WR,7697-37-2,2022,04,0,0,0,0,0,332
1323221649472,15840LLGHNRTE95,7440-50-8,2023,04,0,0,0,0,0,332
1316214965004,16901GTPRD1JACK,7664-39-3,2016,04,0,0,0,0,0,327
1319217950144,3730WDYNST11DYN,100-42-5,2019,03,0,0,0,0,0,326
1321220552816,79602TGBTS181HW,100-42-5,2021,04,0,0,0,0,0,336
1314212927216,77507HLDRT10010,71-43-2,2014,01,0,0,0,0,0,325
1323221768904,33534NWNGC12949,N458,2023,02,0,0,0,0,1,327
1315214449819,40211BFGDR4100B,7647-01-0,2015,01,1,0,0,1,0,325
1321219880073,84302MRTNT9160A,N511,2021,05,0,0,0,0,0,336
1317216149435,03766LMNSC4LUCE,115-07-1,2017,04,0,0,0,0,0,335
1316215390220,48205NDSTR11900,108-95-2,2016,03,0,0,0,0,0,327
1315214161111,45162THHRT5374L,961-11-5,2015,03,0,0,0,0,0,311
1317216433742,38109BRMNG3601P,N100,2017,04,0,1,0,0,1,331
1321219839824,4340WBTCCR4VANC,65530-64-5,2021,01,0,0,0,0,1,325
1324222981882,76065GFFRDPOBOX,N450,2024,05,0,0,0,0,1,327
1314212465140,5544WQNTRN8389T,7439-92-1,2014,02,0,0,0,0,0,334
1316215662824,95351FSTRF415KA,7697-37-2,2016,04,0,0,0,0,0,311
1315213940253,47933WLMRT81CRD,7439-92-1,2015,02,0,0,0,0,0,339
1315213984139,05452BMXXX1000R,7647-01-0,2015,03,1,0,0,0,0,334
1324222496489,9211WLLMNX52ILL,75-09-2,2024,05,0,0,0,0,0,334
1321220123133,89506TYCVL9025M,7440-02-0,2021,04,0,0,0,0,0,332
1323222137768,35806NGLHR9800K,N511,2023,04,0,0,0,0,0,332
1318217547381,28052FRGHT1400T,7440-48-4,2018,04,0,0,0,0,0,336
1320218747956,77656STHHMFM418,100-41-4,2020,05,1,0,1,0,0,325
1320218887002,4866WSTYRN164BU,67-56-1,2020,05,0,0,0,0,0,325
1319218263628,35806NGLHR9800K,N495,2019,04,0,0,0,0,0,336
1323222323558,77541FRPRT2398V,7664-41-7,2023,04,0,0,0,0,0,325
1315214442535,60174NTDLB32037,N230,2015,03,0,0,0,0,0,325
1319218206670,6753WDNNSP36NEH,N090,2019,03,1,0,0,1,0,336
1323221916950,02841SNVYN1SIMO,7439-92-1,2023,02,0,0,0,0,0,999
1317216318764,17837PLYWR1BUFF,N450,2017,03,0,0,0,0,0,339
1316215384569,40475XDCRP876RI,N010,2016,05,1,0,0,0,0,335
1317216385690,7406WWTHRF25EAS,7440-02-0,2017,04,0,0,0,0,0,333
1315213592569,83221BLCKF591W1,N100,2015,04,0,0,0,0,0,331
1318216910430,91790NTRSP2009S,N420,2018,06,0,0,0,0,0,335
1314213027461,46203SCHST901ET,7439-92-1,2014,01,0,0,0,0,0,327
1316214963579,15146PPGND440CO,7439-97-6,2016,01,0,0,0,0,0,325
1314212551093,87124NTLCR4100S,10028-15-6,2014,01,1,0,0,0,0,334
1316215394851,37744BLLZNBALLR,7782-50-5,2016,01,0,0,0,0,0,331
1317216254704,3130WDNLDF11WAR,7439-92-1,2017,02,0,0,0,0,0,332
1324222711234,54703MDWSTRR2XX,N100,2024,04,0,0,0,0,0,321
1322221355872,17406NWSTNRD24X,7439-96-5,2022,02,0,0,0,0,0,332
1321220463121,56001WNLND1950E,7439-92-1,2021,02,0,0,0,0,0,334
1315213230927,47108HLSLNSTATE,7440-50-8,2015,04,0,0,0,0,0,332
1324222856647,9212WPCRPH145SC,75-09-2,2024,03,0,0,0,0,0,325
1322220697369,03062TRDYN4PITT,N511,2022,03,1,0,0,1,0,334
1320218609574,5579WVRGNP6182N,N150,2020,12,1,0,0,1,1,2211
1319218467583,28376HSFRF1ECEN,7664-41-7,2019,04,0,0,0,0,0,311
1323221560218,6672WHLNDS3928R,71-36-3,2023,03,0,0,0,0,0,337
1316215717442,1733WFLGHT55FIS,7439-92-1,2016,03,0,0,0,0,0,336
1315214249916,76063MRCHM1300F,N090,2015,05,0,0,0,0,0,325
1314212536294,86402NRTHS3000H,N450,2014,01,1,0,0,1,1,331
1314212491322,97124DYNCS4750N,108-88-3,2014,04,0,0,0,0,0,339
1316215005366,64063TTTCH777NB,7647-01-0,2016,03,1,0,0,0,0,334
1317216129585,55428VTCFN9101S,N495,2017,03,0,0,0,0,0,332
1316215539406,48057HSPTR4150S,108-88-3,2016,02,0,0,0,0,0,325
1322220898795,32221SFTMR13575,872-50-4,2022,05,0,0,0,0,0,335
1318217305681,32571RPRDC4575E,124-40-3,2018,07,1,0,1,0,0,325
1321219750167,4361WLPNTL4112C,67-56-1,2021,06,1,1,1,0,0,325
1315214308482,7560WMNNDS16LTR,108-88-3,2015,04,0,0,0,0,0,325
1317216601221,44622DVRCHWESTF,7647-01-0,2017,08,1,0,0,1,0,325
1315214215182,50616SLSBR1900R,108-90-7,2015,05,0,0,0,0,0,325
1319217772348,02766BBSFN135EH,7440-50-8,2019,04,0,0,0,0,0,331
1319218464725,05301BSCSCBRUDI,N100,2019,03,0,0,0,0,0,322
1314213006493,07114CHMFL92896,67-56-1,2014,09,0,0,0,0,0,325
1315214377867,42241WHMNF11BIL,1330-20-7,2015,01,0,0,0,0,0,333
1314212324469,64865MLNTC105WA,7697-37-2,2014,03,0,0,0,0,0,311
1314212848939,56073MCMPN1700N,N010,2014,04,0,0,0,0,0,335
1317215934124,07095RSSLL14CON,1330-20-7,2017,03,0,0,0,0,0,332
1324222473528,14652JHNSN300WE,75-65-0,2024,03,0,0,0,0,0,325
1320218964056,0887WRCHML18USH,75-09-2,2020,03,0,0,0,0,0,325
1314212471395,28269KTNGG12VAN,7439-92-1,2014,01,0,0,0,0,0,332
1319217705514,38302PRTRCHWY45,7439-92-1,2019,02,0,0,0,0,1,332
1317216009163,55749HBBNG1832S,N040,2017,02,1,0,0,1,0,2211
1316215295142,60090CSTMT420NO,108-88-3,2016,04,0,0,0,0,0,326
1315213753193,14901KNNDY1021E,N420,2015,04,0,0,0,0,1,331
1314212786091,22624SWRDNROUTE,26471-62-5,2014,03,0,0,0,0,0,326
1324222923029,50401MNNST17001,N982,2024,04,0,0,0,0,0,326
1314212535266,19134PRLTC3620G,100-42-5,2014,04,0,0,0,0,0,325
1321221489204,90001LLYSC1960E,N511,2021,03,1,0,0,1,0,332
1317215881739,52101DRLLT13011,7439-96-5,2017,03,0,0,0,0,0,332
1317216637811,76067TWSHK201GA,7664-41-7,2017,03,0,0,0,0,0,325
1314212610935,02780PMSTR355CO,7439-92-1,2014,02,0,0,0,0,0,335
1317216435800,3560WTMTCS792ND,7440-50-8,2017,04,0,0,0,0,1,332
1317216279442,95540HMBLD572HW,7697-37-2,2017,03,0,0,0,0,0,311
1318217449014,55369CRMTR325HW,1330-20-7,2018,04,0,0,0,0,0,325
1314212636676,53081SHBYG1439N,100-41-4,2014,04,0,0,0,0,0,325
1314212437279,28075FLRDSHWY49,N230,2014,03,0,0,0,0,0,332
1314212797296,90023RCDNC3225E,1330-20-7,2014,03,0,0,0,0,0,332
1318217760610,14304PRCSP2124L,N495,2018,04,1,0,1,0,0,332
1319218059350,30105SSTRY285SI,7439-92-1,2019,02,1,0,1,1,0,321
1319217760572,14304PRCSP2124L,N100,2019,05,1,1,1,0,0,332
1316215753334,49415CMNRN14638,7440-47-3,2016,04,0,0,0,0,0,331
1319217825227,91006NMLDB36LAP,7697-37-2,2019,04,0,0,0,0,0,332
1323222104402,3025WLXTTC1GREE,7440-43-9,2023,01,0,0,0,0,0,339
1315213895600,1320WMPRVS694FL,7439-92-1,2015,03,0,0,0,0,0,339
1321220387967,17566STNRN1070R,1330-20-7,2021,04,0,0,0,0,0,325
1322221342037,45241DLTSC11500,7440-36-0,2022,03,0,0,0,0,0,326
1324222585453,3156WGLGCC251CM,75-09-2,2024,04,0,0,0,0,0,325
1323222016089,0680WMMRYC3BERK,N511,2023,03,0,0,0,0,0,339
1316215325630,45804SPLML122SM,110-54-3,2016,03,0,0,0,0,1,325
1323221681760,70715NNYPLLA1NO,N982,2023,04,0,0,0,0,0,326
1320219123787,78112CLRWT4420S,N230,2020,04,0,0,0,0,0,325
1324222667053,07977KMLNS12HOL,7440-47-3,2024,04,0,0,0,0,0,333
1318216771410,6108WWHLCL29NLC,7440-48-4,2018,04,0,0,0,0,0,335
1318217041793,19123NTNLC401NO,N230,2018,06,0,0,0,0,0,325
1318219408352,2618WHNMTR1HINW,107-21-1,2018,04,0,0,0,0,0,336
1314212871747,54868FGPRD3000P,100-42-5,2014,04,0,0,0,0,0,336
1318217227038,19021GRGSC3015S,50-00-0,2018,04,0,0,0,0,0,4246
1314212521963,28206KRZTR3200W,71-36-3,2014,04,0,0,0,0,0,323
1314212900157,50616SLSBR1900R,75-09-2,2014,05,0,0,0,0,0,325
1316215600368,16601MRWYN3701B,7439-92-1,2016,04,0,0,0,0,0,331
1318216952681,04841FSHRN50GOR,N450,2018,03,0,0,0,0,0,333
1322221515467,9340WNTGRS4175S,N495,2022,04,0,0,0,0,0,339
1319218119473,44258RCPPR230NS,7440-50-8,2019,04,0,1,1,1,0,332
1314212543781,70518SCHMT5750H,95-63-6,2014,04,0,0,0,0,0,325
1322221367129,4413WCVNTY4639V,N090,2022,05,1,0,1,0,0,325
1315214148506,19067GLSTN11EST,110-54-3,2015,03,0,0,0,0,1,325
1316215727280,48117GRDNN14600,7664-41-7,2016,05,0,0,0,0,0,327
1314212846442,28052FRGHT1400T,7440-48-4,2014,04,0,0,0,0,0,336
1317216435798,3560WTMTCS792ND,7440-47-3,2017,04,0,0,0,0,1,332
1316215251481,68008CRGLL650IN,75-07-0,2016,03,1,0,0,1,0,311
1317216448795,13021GLDSP1GOUL,N120,2017,05,0,0,0,0,0,333
1314211894718,17066WNSCRUSROU,100-42-5,2014,04,0,0,0,0,0,326
1322220650535,9363WBLTMR15341,N100,2022,04,0,0,0,0,0,333
1316215167875,78759MDYNT11705,N420,2016,02,0,0,0,0,0,334
1315213743711,19132PNNFS3028W,75-09-2,2015,02,0,0,0,0,0,339
1316215004742,16502KLNPL2020G,N511,2016,02,1,0,0,1,0,332
1322220905552,55434NCRNP4000P,7664-41-7,2022,05,0,0,0,0,0,325
1318217034115,75247WLMRT929DI,7439-92-1,2018,01,0,0,0,0,0,339
1320219160052,30207BLBNC1735D,N230,2020,03,0,0,0,0,0,325
1317216592737,15145STLDN200BR,7440-47-3,2017,06,0,0,0,0,0,332
1314212399479,46767WLKRM710GE,108-88-3,2014,03,0,0,0,0,0,321
1319217862426,36201SDDSR7FRAN,N535,2019,04,0,0,0,0,0,999
1317215943248,92707NMLDB401WR,N511,2017,04,1,0,0,1,0,332
1320218765915,45242CNCNN5901C,7440-48-4,2020,02,0,0,0,0,0,332
1321219629413,77541RLQDFFM523,74-85-1,2021,03,0,0,0,0,1,325
1322221406364,77049VRCQL10303,7439-92-1,2022,02,0,0,0,0,0,331
1322221058643,44036LYRFN120FI,7440-50-8,2022,03,0,0,0,0,0,331
1322221072135,76202PTRBL3200A,67-56-1,2022,03,0,0,0,0,0,336
1319218032403,54479LNDLK306PA,7697-37-2,2019,03,0,0,0,0,0,311
1316215217302,7730WCNRPL17RVA,108-88-3,2016,04,0,0,0,0,0,339
1320218956732,6811WQNGLB571FS,110-54-3,2020,03,0,0,0,0,0,325
1320219216316,3774WHFNRT395TE,100-41-4,2020,04,0,0,0,0,0,332
1319217905342,85009TRFFR1021N,7439-92-1,2019,03,0,0,0,0,0,332
1316215408182,21801CCDNTRT11B,N040,2016,04,0,0,0,0,0,326
1319217768365,03766LMNSC4LUCE,115-07-1,2019,04,0,0,0,0,0,335
1324222736353,60609CDPRD6W41S,N535,2024,04,1,0,1,0,0,4246
1323221932787,75041MPCRP151WA,554-13-2,2023,04,0,0,0,0,0,325
1319217849025,27542CNSTG621JH,1330-20-7,2019,02,0,0,0,0,0,337
1319217864091,46540JYCNC58075,127-18-4,2019,02,0,0,0,0,0,336
1321219767795,38108WTCCR1231P,67-56-1,2021,05,0,0,0,0,0,325
1316215362118,26164PCHNYROUTE,N100,2016,05,1,0,0,1,0,331
1323222031205,56001WNLND1950E,7439-92-1,2023,02,0,0,0,0,0,334
1316215410996,89403MDLLC80AIF,7440-22-4,2016,03,0,0,0,0,0,339
1314213029580,99216CMNCLEAST1,7440-22-4,2014,05,0,0,0,0,0,332
1324222651743,52361KNZMNI80AT,7439-96-5,2024,03,0,0,0,0,0,333
1315214286130,53151LYLLM315S1,1330-20-7,2015,03,0,0,0,0,0,334
1317216589818,44128MMCNT4475E,1330-20-7,2017,05,0,0,0,0,0,325
1315214365126,9135WQFNCR291AV,7440-02-0,2015,02,0,0,0,0,0,333
1316215202767,44646HRWCK1675N,N420,2016,03,0,0,0,0,0,325
1316215751405,8411WNRTHS111W2,7439-92-1,2016,02,0,0,0,0,0,327
1318218447427,0680WMMRYC3BERK,N511,2018,03,0,0,0,0,0,339
1319218154704,43619NRPLS7825C,110-82-7,2019,03,0,0,0,0,0,336
1315216736963,53901CLMBNW8385,7664-39-3,2015,01,1,0,0,1,0,2211
1316215191331,40330HTCHT955WA,7439-92-1,2016,03,0,0,0,0,0,336
1323222068963,94565CRTRN2850W,7697-37-2,2023,04,0,0,0,0,0,325
1324222944985,01570GNTXP183WE,67-56-1,2024,04,0,1,0,0,0,339
1317216260087,42101BDCMP31WNO,7439-92-1,2017,05,0,0,0,0,0,336
1320219432200,02914BBLLC800WA,7440-50-8,2020,04,0,0,0,0,0,339
1316214954810,2100WHRFRD2225P,7440-02-0,2016,03,0,0,0,0,0,332
1316215018159,9813WCRTNT5931E,7439-92-1,2016,01,0,0,0,0,1,327
1323222145942,4070WRPSCN13W23,7439-92-1,2023,04,0,0,0,0,0,334
1324222762748,3562WSNPNT18771,7440-50-8,2024,03,0,0,0,0,0,332
1322221113982,52776LSRCH207WE,7664-41-7,2022,04,0,0,0,0,0,311
1314212584181,55112WHLBR1950O,7440-47-3,2014,04,0,0,0,0,0,332
1322221236007,3562WSNPNT18771,7439-92-1,2022,03,0,0,0,0,0,332
1316215199441,17256GRVMNPOBOX,71-36-3,2016,03,0,0,0,0,0,333
1323222030862,84041SMTHS500NS,7664-41-7,2023,04,0,0,0,0,0,311
1323222031080,92123RMCNC9404C,7439-92-1,2023,02,0,0,0,0,0,334
1320219274875,40206RMRFD1200S,7664-41-7,2020,05,1,1,0,1,0,311
1319218276424,48764TWSPL510IN,7697-37-2,2019,03,0,0,0,0,0,332
1320218993006,5701WMGLNR515NI,100-42-5,2020,04,0,0,0,0,0,326
1321220063681,30125KMTTC601CA,108-88-3,2021,04,0,0,0,0,0,326
1324222762799,3562WSNPNT18771,N982,2024,03,0,0,0,0,0,332
1320219070543,55110TRNXX4833W,7439-92-1,2020,02,0,0,0,0,0,334
1315214440935,02703CHMTC52GAR,67-56-1,2015,04,0,0,0,0,0,332
1322220839447,50703GLTNN4455R,N450,2022,04,0,0,0,0,0,316
1319217981303,14094CNDLL24MIC,1330-20-7,2019,03,0,0,0,0,0,337
1318217170339,67277BNGML3801S,78-92-2,2018,05,0,0,0,0,0,336
1315214141576,6017WHTCHM4637N,7439-92-1,2015,02,0,0,0,0,0,332
1322221698564,46526BNTLR910SE,7440-47-3,2022,04,0,0,0,0,0,336
1314213053945,44094GNRLLEUCLI,7664-39-3,2014,05,0,0,0,0,0,327
1317216116335,83201JRSMPDONSI,7664-39-3,2017,05,1,0,0,1,1,325
1315214068316,46220THRMS5101E,N120,2015,04,0,0,0,0,0,325
1317215943200,91761NMLDB1750M,N511,2017,04,1,0,0,1,0,332
1314212941571,28306WSTNG2900D,7439-92-1,2014,02,0,0,0,0,0,335
1316215523731,47905LLLLYLILLY,108-88-3,2016,05,0,0,0,0,0,325
1320218718144,46510LSDRY7344S,67-56-1,2020,06,0,0,0,0,0,311
1319218556924,75041CRRLL2900W,N535,2019,04,0,0,0,0,0,325
1316215497470,8943WPPGND5PITT,N230,2016,03,0,0,0,0,0,325
1318218539068,3045WGRTDN177GA,N120,2018,04,0,0,0,0,0,336
1315213576162,61364PBDYM1621S,7440-47-3,2015,02,0,0,0,0,0,336
1315216737080,53901CLMBNW8385,N458,2015,02,1,0,0,1,0,2211
1315214371825,0245WNVBMD2PRSP,N420,2015,02,1,0,0,1,0,334
1321220069025,55432STYLM6536M,7697-37-2,2021,04,0,0,0,0,0,337
1316215471032,02703LCHGR49PEA,N100,2016,03,1,0,0,1,0,331
1317215973936,46705TRNNC5HLTH,7439-92-1,2017,01,0,0,0,0,0,336
1314212322388,7617WFRRSS137JA,7439-92-1,2014,01,0,0,0,0,1,327
1318218117834,82214SRMYCFREMN,7439-92-1,2018,03,0,0,0,0,0,999
1323221550243,01950NNSPC3MALC,121-44-8,2023,04,0,0,0,0,0,325
1324223181900,0680WMMRYC3BERK,67-56-1,2024,03,0,0,0,0,0,339
1314211932013,5581WHRLSY4418H,7439-92-1,2014,01,0,0,0,0,0,335
1324222522942,46345DWYRN120HU,7439-92-1,2024,01,0,0,0,0,1,334
1314218588731,56308MCMPN2115S,50-00-0,2014,03,1,0,0,1,0,327
1324222793907,53209RXFRD3100W,67-56-1,2024,05,0,0,0,0,0,325
1323221966777,4912WMDNRP2121W,7439-96-5,2023,05,0,0,0,0,1,336
1317216571861,2754WMTKSP81KNI,7439-92-1,2017,04,0,0,0,0,0,335
1321220034084,44224STRKT201ES,107-21-1,2021,04,0,0,0,0,0,325
1322221468224,67219THCLM801E3,7440-47-3,2022,03,0,0,0,0,0,333
1315213969052,2965WDRCRL2375H,7440-50-8,2015,03,0,0,0,0,0,332
1317216041424,55311BSTNS2SCIM,7697-37-2,2017,03,0,0,0,0,0,339
1322221497353,7404WWBCND51FST,7440-02-0,2022,06,0,0,0,0,0,331
1316215310754,56320CLDSP17434,N420,2016,04,0,0,0,0,0,331
1324222878922,27804LCNCN400JE,N495,2024,05,0,0,0,0,0,332
1315214107260,48089MDRNH12880,N090,2015,04,0,0,0,0,0,332
1320219230796,0680WMMRYC3BERK,67-56-1,2020,03,0,0,0,0,0,339
1323222157467,70776CBGGYRIVER,108-88-3,2023,06,0,0,0,0,1,325
1314212683876,94025SDSTN2575S,7439-92-1,2014,06,0,0,0,0,0,999
1324222987024,45212MSCNC2909H,110-86-1,2024,05,0,1,1,0,0,4246
1316215477213,3515WKSTHS178SY,N590,2016,03,0,1,0,0,0,324
1317215880459,54162CRVRBINDUS,100-42-5,2017,04,0,0,0,0,0,336
1318217184264,4831WNNVTV68115,7439-92-1,2018,02,0,0,0,0,0,334
1319218244705,48057HSPTR4150S,1330-20-7,2019,02,0,0,0,0,0,325
1315213593167,76118HMFDS6350B,7664-41-7,2015,05,0,0,0,0,0,311
1314212407605,32678DLTLBCR326,100-41-4,2014,04,0,0,0,0,0,325
1317216199570,93033CTLYT1641F,N040,2017,04,0,0,0,0,0,333
1321220353472,18707GSLDS125CR,7697-37-2,2021,03,0,0,0,0,0,334
1318217132947,98532MPRLF26MAU,7440-02-0,2018,05,0,0,0,0,0,336
1323222049470,01615NRTNC1NEWB,7664-41-7,2023,01,1,0,0,1,0,327
1314214937575,75607TXSSTOFFHI,115-07-1,2014,05,1,0,1,0,0,325
1314212996730,36193RHMMN2600E,7440-47-3,2014,04,0,0,0,0,1,335
1315214331353,00937SSLMMLUISM,1330-20-7,2015,06,0,0,0,0,0,4247
1321219767771,38108WTCCR1231P,7664-41-7,2021,05,0,0,0,0,0,325
1317216114254,47374CHMPN232IN,N590,2017,05,0,0,0,0,1,339
1314212875607,4036WCSTMF59CUS,7664-41-7,2014,04,0,0,0,0,0,311
1315214060814,16502KLNPL2020G,N420,2015,02,0,0,0,0,0,332
1316215538950,28052FRGHT1400T,N982,2016,01,0,0,0,0,0,336
1317216424945,77028RSSLL4004H,100-41-4,2017,03,0,0,0,0,0,332
1314212322376,7601WRLNGT64NEW,7439-92-1,2014,01,0,0,0,0,1,327
1314212881510,53052LTNKMW140N,7440-02-0,2014,05,0,0,0,0,0,332
1317216256533,15557RCKWD300MA,7439-96-5,2017,05,0,0,0,0,0,332
1323221806704,30103LGCHM31LGD,80-62-6,2023,05,0,0,0,0,0,325
1314212569091,7821WGLBLX133RI,100-42-5,2014,03,0,0,0,0,0,339
1319218183960,75006THGLD1900J,N420,2019,02,0,0,0,0,1,325
1317215882174,3774WSRYBT79AND,100-42-5,2017,04,0,0,0,0,0,326
1322221048085,15857PWDRM879WA,7440-02-0,2022,03,0,0,0,0,0,332
1321219624552,6570WRCHTC77WHW,98-82-8,2021,01,0,0,0,0,0,332
1319217705021,84404LKYWS551SD,7440-50-8,2019,03,0,0,0,0,0,332
1321220086526,7860WDRLNG264FA,N511,2021,03,1,0,0,1,0,311
1324223057249,4817WMCLNM4485S,7440-02-0,2024,04,0,0,0,0,0,332
1324222496174,1460WNTNWD1444E,N420,2024,02,0,0,0,0,0,334
1323222346102,4817WRLKNS41144,7429-90-5,2023,04,1,0,1,0,0,331
1314212753863,2421WHPCXX26252,7429-90-5,2014,05,0,0,0,0,0,332
1315213706029,76504CNTRF3320P,N450,2015,04,0,0,0,0,0,331
1316215288679,33597RBBNSSR50S,N420,2016,01,0,0,0,0,0,321
1324222561983,3760WLPNCX56TWI,100-42-5,2024,05,0,1,0,0,0,326
1315213993088,51566JHNSN315FE,N420,2015,06,0,0,0,0,0,335
1320219236647,75087THWHT930WH,7439-92-1,2020,04,0,0,0,0,0,324
1315213962362,16749QKRSTINTER,7647-01-0,2015,03,1,0,0,1,0,324
1318216697209,6283WSSRTH11WWA,75-09-2,2018,03,0,0,0,0,0,325
1323221735816,47229CRRWR1002I,7440-50-8,2023,06,0,0,0,0,0,335
1323222250324,29115LLDRN355MI,7440-50-8,2023,05,0,0,0,0,0,333
1324222578371,55746RTHNS3516E,N120,2024,05,0,0,0,0,0,326
1316215010897,04564MSTRS500LO,79-01-6,2016,03,0,0,0,0,0,332
1320219003896,83639GSTFSBRUNE,118-74-1,2020,02,0,0,0,0,1,325
1324222448680,7757WDBWST12511,1313-27-5,2024,05,0,0,0,0,0,325
1319218289318,46514MRRYD1536G,N420,2019,05,0,0,0,0,0,332
1323222076883,53154THMCR530WE,N230,2023,04,0,0,0,0,0,325
1324222857397,12090FLRGL1LIBE,108-88-3,2024,04,0,0,0,0,0,322
1314213026952,63620GFCHMRUBER,N100,2014,05,0,0,0,0,0,999
1314212569115,40216LFTCH4350C,140-88-5,2014,04,0,0,0,0,0,326
1314212551360,02865TNRYN6NEWE,N100,2014,03,0,0,0,0,0,332
1316219407071,78407JVLNC5314I,67-56-1,2016,04,0,0,0,0,0,325
1319218154680,43619NRPLS7825C,71-36-3,2019,03,0,0,0,0,0,336
1324222712376,92123KYCRM8611B,N420,2024,02,0,0,0,0,0,334
1322220670463,75668SCTND3756F,N090,2022,06,1,1,1,1,0,332
1314212409371,48083DBRNN591EX,7439-92-1,2014,02,0,0,0,0,0,334
1320218625426,61953CBTCRROUTE,7782-50-5,2020,04,1,0,0,1,0,325
1319218411686,13212CMCNT7313W,7439-92-1,2019,03,0,0,0,0,0,335
1321220199917,45245KDPRC3975M,7439-92-1,2021,03,0,0,0,0,0,332
1317216563852,37744BLLZNBALLR,N100,2017,04,1,0,1,1,0,331
1323222166807,28675PNRCLECLIP,N982,2023,02,0,0,0,0,0,325
1315214388959,15301DRKNFWESTW,N495,2015,05,1,1,1,0,0,325
1316215587179,72110RKNSSHIGHW,N150,2016,12,1,0,0,1,0,322
1316215770429,77028RSSLL4004H,108-88-3,2016,02,0,0,0,0,0,332
1316215187194,45403FLWSR635NI,7440-47-3,2016,04,0,1,0,0,0,331
1317215842283,12138TCNCPCOONB,108-88-3,2017,04,0,0,0,0,0,313
1321220124895,02703CHMTC52GAR,7697-37-2,2021,05,0,0,0,0,0,332
1322221311968,95376WNSLL14700,N495,2022,03,1,0,0,0,0,327
1314212709481,45212THSHP4900B,7697-37-2,2014,05,0,0,0,0,0,325
1315215788643,72209TRNRC691IN,N511,2015,01,0,0,0,0,0,311
1322221055914,37854CTGRP315CA,7440-02-0,2022,04,0,0,0,0,0,332
1324222579118,36518RCKLNHIGHW,79-10-7,2024,05,0,0,0,0,0,325
1318217538368,33597RBBNSSR50S,N100,2018,04,0,0,0,0,0,321
1315214459024,7735WCMBSG345FM,306-83-2,2015,04,0,0,0,0,0,325
1316215111675,2221WSRMYJ24LEE,7439-92-1,2016,02,0,0,0,0,0,999
1321221498342,1634WWBCND32PRG,7440-02-0,2021,03,0,0,0,0,0,331
1317216342749,53027BRNMF926WS,N230,2017,03,0,0,0,0,0,335
1314213125976,97210CSRFN6350N,7440-50-8,2014,03,0,0,0,0,0,324
1315214237479,94538PLXSC40675,N420,2015,02,1,0,0,1,0,334
1319218406647,45225MCRMT3448S,N511,2019,02,1,0,0,1,0,332
1324222732568,9176WDNCNX1745E,N511,2024,04,1,0,0,1,0,332
1321220142362,77656STHHMFM418,108-88-3,2021,05,1,0,1,0,0,325
1314213126915,43137LXTTC215BI,7439-92-1,2014,02,1,0,0,0,0,339
1322221339551,49441CWCCS2672H,7440-47-3,2022,04,0,0,0,0,1,331
1316215554369,93274DRYMN400SO,7697-37-2,2016,04,0,0,0,0,0,311
1315214228658,10009CNSLD801E1,7664-41-7,2015,04,0,1,0,0,0,2211
1318217301656,19510CNCRPEXCEL,108-10-1,2018,04,0,0,0,0,0,332
1321219918392,3732WWHRLP2525B,7440-47-3,2021,05,0,0,0,0,0,335
1324223124090,4817WRLKNS41144,N090,2024,04,1,1,1,0,0,331
1324223183563,2740WBXBRD8313T,N230,2024,03,0,0,0,0,0,322
1324223121195,48084SLZRP1972M,N495,2024,05,1,1,1,0,0,331
1319218565149,64836FRDSFHIGHW,7664-41-7,2019,04,0,0,0,0,0,311
1314212400980,16365NTRLC1401L,7439-97-6,2014,02,0,0,0,0,0,335
1317216432486,46514MRRYD1536G,N982,2017,06,0,0,0,0,0,332
1315213225319,47987MSTRG1200E,1330-20-7,2015,05,1,0,0,1,0,336
1316215689757,76065GFFRDPOBOX,N420,2016,02,0,0,0,0,0,327
1318218571533,72764SPRNG81NJE,N982,2018,04,0,0,0,0,0,326
1317216422915,35806NGLHR9800K,N100,2017,05,0,0,0,0,0,336
1314212539314,55379CNKLN551VA,N982,2014,04,0,0,0,0,0,325
1319217802343,52046WSTRN94JAM,67-56-1,2019,05,0,0,0,0,0,325
1319218326611,43612CHMBN6175A,50-00-0,2019,06,1,0,1,0,0,325
1315213669664,5001WCLRBT1725D,7664-41-7,2015,04,0,0,0,0,0,325
1318218552469,77047SYNTC14822,67-56-1,2018,03,1,0,0,1,0,325
1314212351276,01089CMWST15AGA,N590,2014,04,1,0,0,1,0,2211
1316215538885,28052FRGHT1400T,7439-92-1,2016,04,0,0,0,0,0,336
1315213959063,36582MTSBS7800M,7664-41-7,2015,03,0,0,0,0,0,331
1324222527133,19468MCRCX206JO,7440-50-8,2024,03,0,0,0,0,0,334
1320220599880,48057HSPTR4150S,335-76-2,2020,02,0,0,0,0,0,325
1322220769448,46515LKHRT1255O,128-04-1,2022,03,0,0,0,0,0,332
1315213764614,08056BNNLL210HA,7664-41-7,2015,03,0,0,0,0,0,326
1322220680348,14760HYSLL211FR,118-74-1,2022,01,0,0,0,0,1,325
1317216135234,45846FRTRC2440S,7440-02-0,2017,04,0,0,0,0,0,332
1322221116371,77483CNCHM13MIL,100-41-4,2022,04,0,0,0,0,0,325
1317216284505,90250FLNSL12333,100-42-5,2017,05,0,0,0,0,0,325
1314212427987,7521WDWNTW24SIN,N511,2014,03,0,0,0,0,0,327
1321220120885,45216FRSFR110EA,75-07-0,2021,04,0,0,0,0,0,311
1314213044290,98951MTCHC18EJN,100-42-5,2014,04,0,0,0,0,0,326
1315214331480,00965SSCTBSTATE,108-88-3,2015,08,0,0,0,0,0,4247
1319218377632,92663HXSNM829PR,N511,2019,03,1,0,0,1,0,332
1318216935116,30720CPTLD300CR,110-54-3,2018,05,0,0,0,0,0,325
1314212792764,39521BRGWRPORTB,100-42-5,2014,06,0,0,0,0,0,325
1323222093395,46562SPXCR5ARNO,7440-02-0,2023,03,1,0,0,1,0,331
1317216110054,76086CHMCL1020E,127-18-4,2017,05,0,0,0,0,0,336
1316215740390,30217FRNKL266MA,7439-96-5,2016,01,0,0,0,0,1,331
1316215361496,49345GNRLF320SO,108-88-3,2016,04,0,0,0,0,0,322
1317216618835,07105PLYMR297FE,N420,2017,02,0,0,0,0,0,326
1314212369868,14304PRCSP2124L,N100,2014,05,1,0,1,0,0,332
1315214161630,14895LSTMP121SM,7440-02-0,2015,05,0,0,0,0,0,332
1319217885452,49423BHNLM365W2,7439-92-1,2019,02,0,0,0,0,1,331
1317216260101,28052FRGHT1400T,N450,2017,05,0,0,0,0,0,336
1316215503893,49512BRSCH4511E,7439-92-1,2016,02,0,0,0,0,0,334
1321219700857,3774WLSGNC37EAS,7440-66-6,2021,04,0,0,0,0,0,332
1314212574317,36652SCTTPBAYBR,7664-41-7,2014,04,0,0,0,0,0,322
1314212747392,7749WDYNDR234CL,108-88-3,2014,03,0,0,0,0,0,333
1315214394482,44460WRRNM800PE,95-63-6,2015,03,0,0,0,0,0,326
1314213015290,84404CRRWR1160W,N010,2014,04,0,0,0,0,0,331
1321220659522,48084SLZRP1972M,N096,2021,05,1,1,1,0,0,331
1317216217721,32905FRRSR2210W,108-10-1,2017,04,0,0,0,0,0,325
1317215816669,60007PNRYC1801E,N230,2017,04,0,0,0,0,0,325
1317215830377,8100WVSTST1TWER,1330-20-7,2017,04,0,0,0,0,0,332
1320219337742,48057HSPTR4150S,98-82-8,2020,02,0,0,0,0,0,325
1315213804444,76710WCCMP32S27,100-42-5,2015,04,0,0,0,0,0,326
1324223044090,4406WDNRTC63TIN,71-36-3,2024,04,0,0,0,0,0,332
1320218650202,4811WFRTCH76KEN,7664-41-7,2020,03,0,0,0,0,0,325
1321220243176,55749HBBNG1832S,N040,2021,02,1,0,0,1,0,2211
1316215715069,28610CMMSC3642U,N040,2016,04,0,0,0,0,0,335
1321220001111,37406SYNRC4001N,108-39-4,2021,04,0,0,0,0,0,325
1321219516554,79912SMTXS65NDE,N100,2021,04,0,0,0,0,0,331
1322220685756,8100WVSTST1TWER,100-41-4,2022,07,0,0,0,0,0,332
1323221628516,02865TNRYN6NEWE,N106,2023,02,0,0,0,0,0,332
1316215166683,3560WTMTCS792ND,7440-47-3,2016,04,0,0,0,0,1,332
1321220187898,70776CBGGYRIVER,122-34-9,2021,06,1,0,0,0,1,325
1323221749031,46231MCRNT1550R,N982,2023,04,0,0,0,0,0,325
1324222859252,98225THSRC730MA,N150,2024,17,1,0,0,1,1,321
1323222201600,98607WFRTC5509N,872-50-4,2023,03,0,0,0,0,0,334
1324222408458,50010HCHCM100DA,N458,2024,02,0,0,0,0,0,325
1315213672924,75980MDRLLHWY69,N090,2015,05,0,1,0,0,0,325
1321220014284,22170TMTNC1200S,N100,2021,04,1,0,1,1,0,334
1319217865120,14825VLCRF5362R,7440-02-0,2019,04,0,0,0,0,0,332
1322220647578,90040DRYRS5743E,7697-37-2,2022,04,0,0,0,0,0,311
1322220685782,8100WVSTST1TWER,1330-20-7,2022,04,1,0,0,0,1,332
1317216117073,44460WRRNM800PE,100-41-4,2017,02,0,0,0,0,0,326
1322221025657,94565CRTRN2850W,7664-41-7,2022,04,0,0,0,0,0,325
1320218724209,84104CHLTD331W9,N982,2020,05,1,0,1,0,0,311
1321219788015,9721WPRTTN121SE,N420,2021,03,0,1,0,1,0,327
1314212468654,32724SHRWD2010N,7440-47-3,2014,04,0,0,0,0,0,339
1314212578660,85282SCHRB2122S,N511,2014,02,1,0,0,1,0,311
1324222774580,4614WFKTYT599NL,7440-50-8,2024,03,0,0,0,0,0,336
1314212400206,24244TMPRP4700B,N120,2014,05,0,0,0,0,0,337
1324223184843,98134LSKNC32006,N090,2024,03,0,0,0,0,0,332
1319217663412,62959DGRPH5307M,1330-20-7,2019,03,0,0,0,0,0,325
1319217757588,15857WNDFLWESTC,7440-02-0,2019,01,0,0,0,0,0,332
1322220969493,47670TYTMT4000T,N420,2022,02,0,0,0,0,0,336
1315213926862,91761NMLDB1750M,7697-37-2,2015,04,0,0,0,0,0,332
1317215941788,28610CMMSC3642U,7440-50-8,2017,06,0,1,0,0,0,335
1320218692871,08805JMFNCPOBOX,1330-20-7,2020,04,0,0,0,0,0,325
1321219735913,85281LTTNS1215S,N420,2021,03,0,0,0,0,0,333
1318217403498,3708WRLNCW11CEN,N106,2018,02,0,0,0,0,0,332
1319217803143,6047WNDSTR41W16,7632-00-0,2019,04,0,0,0,0,0,325
1322221251008,06492TMSMC358HA,7440-50-8,2022,05,0,0,0,0,0,335
1315213857877,79906STWRT44BUT,7664-93-9,2015,03,0,0,0,0,0,332
1324223030800,14845HRDNG3575O,7439-92-1,2024,03,0,0,0,0,0,333
1314212460594,95351FSTRF415KA,7697-37-2,2014,04,0,0,0,0,0,311
1318217335607,55110TRNXX4833W,7439-92-1,2018,02,0,0,0,0,0,334
1315214424931,12920MCCDM23COL,191-24-2,2015,01,1,0,0,1,0,311
1317216065007,05764FRSTL212ID,7439-97-6,2017,01,0,0,0,0,0,335
1314213041787,11788RRSRC225MA,75-65-0,2014,03,0,0,0,0,0,339
1314212543146,87045MCKNLCOUNT,107-21-1,2014,04,0,0,0,0,0,322
1321219774623,24505GRFFNADAMS,N982,2021,03,0,0,0,0,1,331
1322221057161,14845HRDNG3575O,7439-92-1,2022,02,0,0,0,0,0,333
1314211912478,35570HMLTNHWY78,100-42-5,2014,04,0,0,0,0,0,326
1320218964068,0887WRCHML18USH,67-56-1,2020,03,0,0,0,0,0,325
1319217865106,14825VLCRF5362R,7439-92-1,2019,03,0,0,0,0,0,332
1323222157226,86023SNTNLALBRI,7439-92-1,2023,03,0,0,0,0,0,999
1318217141997,70086CHVRNHWY18,88-85-7,2018,04,0,0,0,0,0,325
1315214427270,84123BRDGP4282S,N230,2015,04,0,0,0,0,0,999
1318216806012,32074HMCMF12SOU,N420,2018,04,0,0,0,0,0,335
1315214073809,56073MCMPN1700N,N040,2015,04,0,0,0,0,0,335
1324222987036,45212MSCNC2909H,121-44-8,2024,04,0,1,1,0,0,4246
1316215188943,49014CFNDR1146N,7440-50-8,2016,03,0,0,0,0,0,331
1320218806420,35812NSMRSMARSH,7439-92-1,2020,03,0,0,0,0,0,999
1324222800373,4912WMDNRP2121W,7429-90-5,2024,05,0,0,0,0,1,336
1319217991482,5060WZNPRC2181L,N090,2019,04,0,0,0,0,0,311
1319218071429,33597RBBNSSR50S,N020,2019,04,0,0,0,0,0,321
1320220589725,7601WHNTSM3315E,N535,2020,06,0,0,0,0,0,325
1322221223858,7494WKFDSN1NWIL,79-21-0,2022,03,0,0,0,0,0,311
1323221965876,97402LDMCF90049,N150,2023,17,0,0,0,0,1,321
1314212914701,77720BMNTMHWY34,7664-41-7,2014,06,1,0,1,0,0,325
1317216548519,7508WCHNNL17JUS,100-42-5,2017,04,0,0,0,0,0,326
1316215116474,19601MRTNP150CO,N982,2016,05,0,0,0,0,0,325
1316215656733,60506NTNLM900NR,7440-50-8,2016,04,0,0,0,0,0,331
1320218886909,28075FLRDSHWY49,N230,2020,02,0,0,0,0,0,332
1323221720218,7812WWTXSX565BL,127-18-4,2023,01,0,0,0,0,0,336
1315214384531,97321SLMTN33992,7664-39-3,2015,04,0,0,0,0,0,331
1315213727934,16901GTPRD1JACK,7664-39-3,2015,04,0,0,0,0,0,327
1324222905150,42701MBRKC300RI,7664-41-7,2024,03,0,0,0,0,0,336
1317216072912,48239DTRTD13400,107-21-1,2017,03,0,0,0,0,0,333
1315213646502,27330STTCC2903L,67-56-1,2015,04,0,0,0,0,0,335
1314212797284,90023RCDNC3225E,108-88-3,2014,03,0,0,0,0,0,332
1314212673711,2770WBRTSB71DIS,N982,2014,04,0,0,0,0,0,325
1324222762775,3562WSNPNT18771,7439-96-5,2024,03,0,0,0,0,0,332
1324222822835,26201CRHRTROUTE,N090,2024,06,0,0,0,0,1,327
1314212975914,45887FLXBLBAILE,N120,2014,05,0,0,0,0,0,326
1315214157012,2870WVRTQN115VI,67-56-1,2015,03,0,0,0,0,0,333
1317216009187,55749HBBNG1832S,N420,2017,01,1,0,0,1,0,2211
1318216842031,29330MRMTW597NM,N982,2018,04,0,0,0,0,0,313
1314213018942,32674MRGNC1701S,108-88-3,2014,03,0,0,0,0,0,336
1316214949190,44667CTYFR1100P,7439-97-6,2016,01,1,0,0,1,0,2211
1315213615368,17847CFNDS2NDAR,7440-02-0,2015,03,0,0,0,0,0,336
1317216039774,91352NPLCR11912,100-42-5,2017,04,0,0,0,0,0,325
1314212675060,61537BFGDRRR1BO,75-09-2,2014,05,0,0,0,0,0,325
1314212309785,33167NDSTR3350N,N982,2014,04,1,0,0,1,0,332
1314212588533,92704RBCTR3131W,N090,2014,04,0,0,0,0,0,332
1320219219831,01821MRCNS829MI,7439-92-1,2020,04,0,0,0,0,0,334
1314212637058,49316NVRNM6450H,1330-20-7,2014,04,0,0,0,0,0,325
1316215040522,37355BTSVLPOBOX,N230,2016,03,0,0,0,0,0,339
1316215471006,02703LCHGR49PEA,7697-37-2,2016,03,0,0,0,0,0,331
1322220906111,55434NCRNP4000P,N230,2022,04,0,0,0,0,0,325
1323221950506,65536DTRTT100CA,7440-47-3,2023,05,0,0,0,0,0,332
1320218865754,50595VNDSTOLDHW,330-55-2,2020,05,0,0,0,0,0,325
1321219921259,30503CTTRL2125C,7439-96-5,2021,04,0,0,0,0,0,336
1316215117918,26330PRTTWBENED,7440-02-0,2016,04,0,0,0,0,0,336
1322221218769,75602TRNTYR7BOX,1330-20-7,2022,03,0,0,0,0,0,336
1318217819503,33440STHRN755CO,7664-41-7,2018,05,0,0,0,0,0,311
1317215988686,68352NDCTTE6MIH,N040,2017,04,0,0,0,0,0,327
1323221653583,75006THGLD1900J,107-21-1,2023,04,0,0,0,0,0,325
1320219252335,97303NRRSP1675C,100-41-4,2020,05,0,0,0,0,0,325
1316215394875,37744BLLZNBALLR,N100,2016,04,1,0,1,1,0,331
1319218465490,1634WWBCND32PRG,7440-02-0,2019,03,0,0,0,0,0,331
1324222434817,61856VBNCR226WE,110-54-3,2024,03,0,0,0,0,0,311
1317215943628,20892NTNLN9000R,7439-97-6,2017,01,0,0,0,0,0,999
1323222387045,54701WRRNV5200S,108-90-7,2023,05,0,0,0,0,0,562
1322220662252,4535WPLYSR555ES,N982,2022,04,0,0,0,0,0,325
1323221540053,07114GJCHM37037,71-36-3,2023,05,0,1,1,0,0,4246
1322220874857,85714HCKMN3724E,7440-47-3,2022,04,0,0,0,0,0,332
1319218044749,19510CNCRPEXCEL,91-20-3,2019,04,0,0,0,0,0,332
1322221436898,37744TRWNCSNAPP,100-41-4,2022,03,0,1,0,0,0,333
1322220730687,40004TRMMS1051W,110-82-7,2022,03,0,0,0,0,0,336
1324222934731,98607WFRTC5509N,872-50-4,2024,03,0,0,0,0,0,334
1315213612118,85034FLPCH3701E,872-50-4,2015,03,0,0,0,0,0,334
1322220945846,89506VKWST14250,N010,2022,02,0,0,0,0,0,326
1323221896931,47170MLTCLHWY31,872-50-4,2023,04,0,0,0,0,0,323
1322221085881,0237WVLSTC9PLEA,1336-36-3,2022,02,0,0,0,0,0,562
1321219603659,31728THTRR2525T,100-42-5,2021,04,0,0,0,0,0,336
1324222453425,55917VKNGC157WE,64-18-6,2024,04,0,0,0,0,0,325
1319217827500,9176WDNCNX1745E,7697-37-2,2019,04,0,0,0,0,0,332
1323222333650,70079CYPRS16122,75-00-3,2023,04,1,0,0,1,0,325
1323221705751,48917LNSNG3725S,N040,2023,05,0,0,0,0,0,2211
1314212709404,45212THSHP4900B,N090,2014,06,1,0,1,0,0,325
1315214120723,2380WPRCNN321BR,7439-92-1,2015,02,0,0,0,0,0,313
1315213194982,53932FLLRV670SO,7439-92-1,2015,03,0,0,0,0,0,331
1319218273466,16749QKRSTINTER,N590,2019,03,1,0,0,1,0,324
1321219942707,14048RLSTN3800M,N982,2021,05,0,0,0,0,0,311
1323221745375,45242CNCNN5901C,7440-02-0,2023,02,0,0,0,0,0,332
1323221720004,7812WWTXSX565BL,108-88-3,2023,01,0,0,0,0,0,336
1315214191494,48667THDWCMICHI,67-56-1,2015,05,1,0,0,1,1,325
1321220586705,89403SMTHR10AIR,100-42-5,2021,03,0,0,0,0,0,326
1314212528121,90001FBRCT724E6,108-88-3,2014,04,0,0,0,0,0,313
1324222924413,16143YNGGLPOBOX,7439-92-1,2024,03,0,0,0,0,0,332
1323221551536,18966CWNDS13JAM,7440-50-8,2023,04,0,0,0,0,0,335
1321221299504,76708PRCSH6613N,N090,2021,05,0,0,0,0,0,332
1315214423271,53563XXNCH1012T,107-21-1,2015,03,1,0,0,1,0,325
1317216080820,29101SMTHWUSHWY,N450,2017,04,0,0,0,0,0,333
1322220781850,61061BRDNNWHITE,80-05-7,2022,03,0,0,0,0,0,325
1318219434255,32347BCKYCROUTE,7664-41-7,2018,03,1,0,0,1,0,322
1316215444148,3768WRBBRT7INDU,91-08-7,2016,03,0,0,0,0,0,326
1322221340781,49441CWCCS2672H,7440-02-0,2022,03,0,0,0,0,1,331
1321219923707,44036LYRFN120FI,108-95-2,2021,02,0,0,0,0,0,331
1324222925618,8943WTSLGG1ELEC,108-88-3,2024,03,0,0,0,0,0,335
1314212688574,30060NRTHC1525C,108-88-3,2014,04,0,0,0,0,0,325
1320219401472,70821STFFRAIRLI,108-10-1,2020,05,0,0,0,0,0,325
1323221681657,70715NNYPLLA1NO,N040,2023,04,0,0,0,0,0,326
1319217699089,15301XMRKC21NMA,N450,2019,03,0,0,0,0,0,332
1322220702753,4701WNRFNC831GL,N090,2022,05,0,0,0,0,0,327
1316215432788,6045WNRTHF34EAS,7439-92-1,2016,01,0,0,0,0,0,327
1317216122628,68601BCTNDINDUS,N511,2017,03,1,0,0,1,0,339
1319217934280,40065BNDMN2720P,108-88-3,2019,04,0,0,0,0,0,326
1315214215574,26164PCHNYROUTE,N150,2015,12,1,0,0,0,0,331
1316215283336,04106NTNLS5FODE,7697-37-2,2016,04,0,0,0,0,0,334
1315214054203,07840TDMDL36NEW,7439-92-1,2015,02,0,0,0,0,0,334
1314213071208,53042STLTN52HWY,7440-02-0,2014,04,0,0,0,0,0,333
1323221926660,94952CLVRS91LAK,N230,2023,01,0,0,0,0,0,311
1323222228114,3774WMCCRP15IND,12185-10-3,2023,04,0,0,0,0,1,335
1314212671046,29732CLSTM32BRY,N982,2014,03,0,0,0,0,0,326
1324223089095,1511WHLTCM76BRA,7439-96-5,2024,05,0,0,0,0,0,332
1315214188979,89408QBCRP2000E,N100,2015,03,1,0,0,0,0,323
1320218796795,17061MMTLSRT209,N230,2020,02,0,0,0,0,0,331
1314212775631,46580DNCND245DE,N511,2014,04,1,0,0,1,0,332
1316215319702,92083TMPRS1390A,7439-92-1,2016,02,0,0,0,0,0,334
1316215203391,49036CLMXS460JA,7440-50-8,2016,04,0,0,0,0,0,332
1315213884529,54868WRGHT107WC,7439-92-1,2015,03,0,0,0,0,0,332
1322220997187,19510CNCRPEXCEL,1330-20-7,2022,04,0,0,0,0,0,332
1318217413754,67501JCKSN2600E,7697-37-2,2018,04,0,0,0,0,0,311
1314212955571,08903KZCHM500JE,N020,2014,03,0,1,1,0,0,325
1322220997201,19510CNCRPEXCEL,100-41-4,2022,04,0,0,0,0,0,332
1322220670475,75668SCTND3756F,7440-50-8,2022,04,0,0,0,0,0,332
1321220310991,28655CTPLL90CER,N010,2021,03,0,0,0,0,0,336
1319218166371,2964WZFTRN2846N,7439-96-5,2019,05,0,0,0,0,1,336
1315214279402,27573LSNPC10475,67-56-1,2015,03,1,0,0,1,0,321
1324223008184,42420CCRDC2315A,7632-00-0,2024,02,0,0,0,0,0,336
1324222432825,85210PHMNP112WI,7440-50-8,2024,01,0,0,0,0,0,333
1314212683458,75670WTCCROFFHW,98-82-8,2014,03,0,1,0,0,1,325
1322221044213,0060WSZDRYPR467,N511,2022,03,1,0,0,1,0,311
1324223212616,04364LTRNT3BSUM,N420,2024,02,0,0,0,0,0,334
1320218750180,28360LKYST88CAT,7440-02-0,2020,04,0,0,0,0,0,332
1320218733943,79912SMTXS65NDE,N100,2020,04,0,0,0,0,0,331
1315213594462,7821WGLBLX133RI,100-42-5,2015,03,0,0,0,0,0,339
1318218533077,49601VNPRT53EIG,872-50-4,2018,03,0,0,0,0,0,339
1324222500694,0176WSGNTC1GENE,N535,2024,01,0,0,0,0,0,999
1316215298896,37744TRWNCSNAPP,100-41-4,2016,03,0,1,0,0,0,333
1323221567035,9721WPRTTN121SE,N420,2023,01,0,0,0,0,0,327
1323222176442,44036LYRFN120FI,7440-47-3,2023,03,0,0,0,0,0,331
1314213108400,91010DWTYR1700B,7440-47-3,2014,01,0,0,0,0,0,333
1317220639215,7900WSLVYSSPUR1,106-46-7,2017,06,0,0,0,0,0,325
1316214963175,31516SNDNC6131S,100-42-5,2016,04,0,0,0,0,0,326
1314213081894,79721FNLNDIS20E,191-24-2,2014,03,0,0,0,0,1,324
1315213945633,72209MRNNM11605,1330-20-7,2015,06,0,0,0,0,0,325
1315213946179,90001FBRCT724E6,108-88-3,2015,04,0,0,0,0,0,313
1315214420782,6676WCSTML48VER,7440-50-8,2015,04,0,0,0,0,1,331
1320218806432,35812NSMRSMARSH,7440-02-0,2020,05,0,0,0,0,0,999
1323221836392,13476DRYLCWARDS,7697-37-2,2023,04,0,0,0,0,0,311
1321219639503,45005RPSCM25SHT,100-42-5,2021,02,0,0,0,0,0,333
1318217447857,0810WKRSHN1HLTE,7440-02-0,2018,05,0,0,0,0,0,332
1320218831651,3171WSTHST2947J,7697-37-2,2020,02,0,0,0,0,0,311
1319218175798,66618THQKR2200N,N982,2019,04,0,0,0,0,0,311
1318217150857,01720THHRT87HAY,872-50-4,2018,03,0,0,0,0,0,336
1315213923889,48057HSPTR4150S,98-82-8,2015,02,0,0,0,0,0,325
1323221538515,9611WFDRLB74192,7439-92-1,2023,02,0,0,0,0,0,999
1319218082802,9530WBRBSC22EGR,MIXTURE,2019,01,0,0,0,0,0,337
1324223031853,17405NWYRK829LO,N100,2024,03,0,0,0,0,0,331
1319218273530,16749QKRSTINTER,191-24-2,2019,01,1,0,0,1,0,324
1318217417094,84404CRRWR1160W,N010,2018,04,0,0,0,0,0,331
1321219770753,60609CDPRD6W41S,50-00-0,2021,04,1,0,1,0,0,4246
1324222736732,92707NMLDB401WR,7697-37-2,2024,04,0,0,0,0,0,332
1316215288655,33597RBBNSSR50S,N090,2016,04,0,0,0,0,0,321
1314212379174,33811NDLPL4225D,100-42-5,2014,04,0,1,0,0,0,326
1317216637847,76067TWSHK201GA,108-88-3,2017,03,0,0,0,0,0,325
1318217666167,20774NWDWN16001,N230,2018,04,0,0,0,0,0,325
1314211959453,12138TCNCPCOONB,1330-20-7,2014,03,0,0,0,0,0,313
1314212496778,8522WBHMNT21SRS,N450,2014,03,0,0,0,0,0,325
1315214264222,54307FRTHW1919S,N040,2015,02,1,0,0,1,0,322
1320219333770,43025CLBNC383NH,N535,2020,03,0,0,0,0,0,325
1321220370629,61834FBRTQ3650S,67-56-1,2021,03,0,0,0,0,0,327
1317217672322,37644SNPNTSTATE,7440-02-0,2017,05,0,0,0,0,0,332
1315214331403,00804SSSTTCYRIL,100-41-4,2015,05,0,0,0,0,0,4247
1321219802269,62269LNDSN610ES,7632-00-0,2021,02,0,0,0,0,0,311
1323222288021,7753WYRFRPCPPER,7664-41-7,2023,10,1,0,1,0,0,325
1320219232511,35806NGLHR9800K,N495,2020,04,0,0,0,0,0,336
1316215772171,7207WNTNLC39NCT,MIXTURE,2016,05,0,0,0,0,0,999
1317215844604,91730PRCSN11155,127-18-4,2017,04,0,0,0,0,0,336
1315214264285,54307FRTHW1919S,N458,2015,01,1,0,0,1,1,322
1314212797955,62521NTRNT66WIM,7439-92-1,2014,02,0,0,0,0,0,334
1316215138126,0245WNVBMD2PRSP,N420,2016,02,1,0,0,1,0,334
1323221559646,85301FRBRD61N53,80-62-6,2023,01,0,0,0,0,0,326
1321220140216,28732BLRDG180MI,7664-93-9,2021,04,0,0,0,0,0,331
1318216829960,31503CRLNS3231F,100-42-5,2018,05,0,0,0,0,0,336
1323222338004,48084SLZRP1972M,N100,2023,04,1,1,1,0,0,331
1314212352468,93291GLSNC2000N,N511,2014,01,1,0,0,1,0,311
1319219416967,53563XXNCH1012T,75-21-8,2019,05,0,0,0,0,0,325
1323221611369,03062TRDYN4PITT,7664-93-9,2023,03,1,0,0,0,0,334
1324223108768,53545SHRXC2001A,75-21-8,2024,01,0,0,0,0,1,325
1322221320587,49015TKRKS100HI,7439-92-1,2022,04,0,0,0,0,0,336
1321220370631,52641MTPLS2225E,7664-41-7,2021,04,0,0,0,0,0,311
1318217345735,56284STHRNEASTH,N150,2018,12,1,0,0,1,0,311
1314212779591,92707NMLDB401WR,7697-37-2,2014,04,0,0,0,0,0,332
1314212436087,61364PBDYM1621S,7440-47-3,2014,03,0,0,0,0,0,336
1319218067445,3002WBXTRH55BAX,67-56-1,2019,05,0,0,0,0,0,325
1316215522350,17061MMTLSRT209,N230,2016,02,0,0,0,0,0,331
1315214293146,60436KMLTX4050C,80-62-6,2015,04,0,0,0,0,0,326
1316215692789,2620WWYRHS41TJM,N120,2016,04,0,0,0,0,0,321
1321219713120,40475XDCRP876RI,N010,2021,05,1,0,0,0,1,335
1321220023598,48043DPNTM400GR,584-84-9,2021,03,0,0,0,0,0,325
1316215127325,68467SNDST2800D,7440-50-8,2016,04,0,0,0,0,0,336
1322221461369,47804DGTLD1800N,7440-02-0,2022,03,0,0,0,0,0,334
1323222345884,43137LXTTC215BI,75-09-2,2023,03,0,0,0,0,0,339
1321220468666,3762WTRCTY161AR,7429-90-5,2021,06,0,0,0,0,0,331
1315213901477,61702BRDGSVETER,N982,2015,05,1,1,0,1,0,326
1323221528096,9732WSTTRF95PRT,100-42-5,2023,04,0,0,0,0,0,326
1319218495303,28086CMMRC101CA,N420,2019,03,0,0,0,0,0,333
1324222993964,61834FBRTQ3650S,67-56-1,2024,03,0,0,0,0,0,327
1316214912925,3785WCPRST246ST,71-36-3,2016,04,0,0,0,0,0,326
1321220163796,52577CLWVL902SO,7439-92-1,2021,03,0,0,0,0,0,332
1314212321640,7207WJCKSN21RED,7439-92-1,2014,01,0,0,0,0,1,327
1317216190052,15146PPGND440CO,108-88-3,2017,04,0,0,0,0,0,325
1315213783828,1686WPMGPN187EN,7440-50-8,2015,03,0,0,0,0,0,332
1316215319132,53589NRYLP501SW,872-50-4,2016,03,0,0,0,0,0,313
1321219680129,68521MLXNC700KI,N010,2021,04,0,0,0,0,0,334
1319218524027,77562HPRTN409EA,N982,2019,05,0,0,0,0,0,325
1319217675711,46510LSDRY7344S,67-56-1,2019,06,0,0,0,0,0,311
1315214331389,00804SSSTTCYRIL,110-82-7,2015,03,0,0,0,0,0,4247
1321220041899,50595VNDSTOLDHW,124-40-3,2021,05,0,0,0,0,0,325
1317217179098,5262WWFLLL31873,67-56-1,2017,05,0,0,0,0,0,325
1314212404255,75160VKSTH17MET,N495,2014,01,0,0,0,0,0,326
1317216146201,35217GLSFR3943V,100-42-5,2017,04,0,0,0,0,0,326
1317216563902,37744BLLZNBALLR,N495,2017,03,1,0,1,1,0,331
1314212802247,21620HLSMRMDRTE,N590,2014,02,1,0,0,1,0,325
1315214041093,45502NVSTR6125U,108-88-3,2015,03,0,0,0,0,0,336
1314212321778,7707WDDCKS2224R,7439-92-1,2014,01,0,0,0,0,1,327
1317216018097,8943WPPGND5PITT,N230,2017,03,0,0,0,0,0,325
1314212465583,77507QSTSP12500,107-18-6,2014,05,0,0,0,0,0,325
1314212709416,45212THSHP4900B,N096,2014,06,1,1,1,0,0,325
1323221638568,89403MDLLC80AIF,67-56-1,2023,04,0,0,0,0,0,325
1324222439477,6412WDTCHN951NT,N725,2024,03,0,1,1,0,0,325
1314212572097,16922STMRYUSRTE,N100,2014,03,0,0,0,0,0,332
1317216592396,14304THGDY5408B,62-53-3,2017,05,0,0,0,0,0,325
1320218695359,27542CNSTG621JH,1330-20-7,2020,02,0,0,0,0,0,337
1314212856847,77026LNSTR3939B,67-56-1,2014,03,0,0,0,0,0,332
1314212501074,05452BMXXX1000R,10028-15-6,2014,01,1,0,0,0,0,334
1324222974228,60480RWLLC10100,7782-50-5,2024,06,0,0,0,0,0,325
1315214272662,40210NTDCT1227S,N090,2015,05,1,1,1,0,0,325
1316215639206,65244THMSHRTE1B,N458,2016,01,1,0,0,1,0,2211
1315213581313,50703BRTCH1205P,95-63-6,2015,04,0,0,0,0,0,337
1315214187787,33811NDLPL4225D,100-42-5,2015,04,0,1,0,0,0,326
1314213128022,03063CRCTC4STAT,7439-92-1,2014,02,0,0,0,0,0,334
1320219363936,16365RXNRD304MA,N230,2020,04,0,0,0,0,0,332
1322221466535,32905MCSSM2755K,N420,2022,02,0,0,0,0,0,334
1314212959973,19067GLSTN11EST,110-54-3,2014,04,0,0,0,0,1,325
1324222784480,52404KLNGR5555H,1330-20-7,2024,04,0,0,0,0,0,325
1314212503270,73143BCHMN2220S,1330-20-7,2014,04,0,0,0,0,0,325
1317216435786,3560WTMTCS792ND,7440-48-4,2017,04,0,0,0,0,1,332
1319217960552,8091WBSLTC3255D,7439-97-6,2019,01,0,0,0,0,1,327
1318217324591,13045PLLTR3643W,75-65-0,2018,03,0,0,0,0,0,332
1321220619682,30207BLBNC1735D,N230,2021,03,0,0,0,0,0,325
1320218814046,19510CNCRPEXCEL,71-36-3,2020,04,0,0,0,0,0,332
1322220836480,12090FLRGL1LIBE,1330-20-7,2022,04,0,0,0,0,0,322
1316215162809,97116TKTRN1521P,7664-41-7,2016,04,0,0,0,0,0,334
1314212431074,55435MGNTC7801C,872-50-4,2014,04,0,0,0,0,0,334
1322220997199,19510CNCRPEXCEL,108-10-1,2022,04,0,0,0,0,0,332
1318217061542,92663HXSNM829PR,7697-37-2,2018,03,0,0,0,0,0,332
1315214276317,06320SHFFL17BRA,N590,2015,01,1,0,0,1,0,325
1319217841701,15022NTNLP9GUTT,1330-20-7,2019,03,0,0,0,0,0,325
1315214006367,12150SCHNC1000M,67-56-1,2015,04,0,0,0,0,1,325
1314212809560,05301FLFLXPUTNE,N982,2014,04,0,0,0,0,0,326
1316215156629,38562TNRQP142NG,7440-50-8,2016,05,0,0,0,0,0,332
1323221770011,3562WSNPNT18771,N982,2023,03,0,0,0,0,0,332
1318218522858,77571VNLRC10850,N230,2018,03,0,0,0,0,0,332
1321219652854,3735WSNFRD831VL,71-36-3,2021,04,0,0,0,0,0,325
1320219324872,49868LSNPC461MI,75-07-0,2020,01,1,0,0,1,0,321
1315213716044,82931XBWHYI80EX,71-43-2,2015,05,1,0,1,0,0,324
1316214952792,35756DRCTP26655,7440-47-3,2016,03,0,0,0,0,0,325
1323222323836,60435CPNRG10IND,N100,2023,05,1,1,1,0,0,325
1316215077292,32809RGLMR2300J,100-42-5,2016,04,0,0,0,0,0,336
1316215195696,52761HNCXXHWY61,95-63-6,2016,03,0,0,0,0,0,337
1323221653571,75006THGLD1900J,N230,2023,04,0,0,0,0,0,325
1323222249942,3774WHFNRT395TE,1330-20-7,2023,04,0,0,0,0,0,332
1316215112412,67530THFLLWESTP,106-46-7,2016,04,0,0,0,0,0,325
1324223123771,4817WRLKNS41144,N096,2024,04,1,1,1,0,0,331
1322221254194,30501DPSTH2255W,79-21-0,2022,02,0,0,0,0,0,311
1323221689856,38555STNPK238PR,N090,2023,04,0,0,0,0,0,327
1316217785296,77978FRMSPPOBOX,79-01-6,2016,03,1,0,0,0,1,325
1314212695682,60007VDJTS1855E,N230,2014,04,0,0,0,0,0,325
1314212387955,57117JHNMR1400N,7783-06-4,2014,04,1,0,0,1,1,311
1324222681684,17519CNSTG245RE,1330-20-7,2024,03,0,0,0,0,0,321
1316215366927,28631MRCNP407TH,7429-90-5,2016,04,0,1,0,0,0,332
1315214120988,45225MYRTL3055C,7440-47-3,2015,04,0,0,0,0,0,336
1314213011861,53821MCMPNHWY35,N120,2014,05,0,0,0,0,0,327
1319218209637,16323MNYCHTWOMI,N100,2019,04,1,1,1,0,0,325
1320219278874,00918NDLCX198CH,7697-37-2,2020,03,0,0,0,0,0,311
1319218265407,21074BLCKD626HA,7440-02-0,2019,03,0,0,0,0,0,332
1319217963077,45242CNCNN5901C,7440-50-8,2019,02,0,0,0,0,0,332
1314212496350,72651TTRLRRTE12,7439-96-5,2014,04,0,0,0,0,0,336
1318216837462,37166NTRNC1GRIZ,N010,2018,03,0,1,0,0,0,336
1316215397035,14214WLLMS2978M,N511,2016,05,1,0,0,1,0,331
1319218430609,60174NTDLB32037,N230,2019,03,0,0,0,0,0,325
1314212659751,0887WRCHML18USH,75-09-2,2014,03,0,0,0,0,0,325
1316215460573,17604JLCLR303NO,100-41-4,2016,04,0,0,0,0,1,332
1316215545536,54307FRTHW1919S,N495,2016,03,1,0,0,1,0,322
1318217026347,93707PBDYF2494S,7440-50-8,2018,04,0,0,0,0,0,333
1322220978302,40601NSHVL616IN,N230,2022,03,0,0,0,0,0,332
1321220007191,16749QKRSTINTER,110-82-7,2021,03,0,0,0,0,0,324
1314212684690,00804SSSTTCYRIL,95-63-6,2014,04,0,0,0,0,0,4247
1314212735106,55103MLXCP22EMP,7439-92-1,2014,02,0,0,0,0,0,334
1314212489761,85282SCNTG77WGE,7697-37-2,2014,03,0,0,0,0,0,332
1314212558124,75243DRSNF13532,7439-97-6,2014,02,0,0,0,0,0,334
1324222637340,55369NVRSL8860Z,7440-50-8,2024,03,0,0,0,0,0,334
1322221163052,49221MCHGN1336E,N511,2022,02,1,0,0,1,0,311
1314212585626,54481DNLDS6000C,108-88-3,2014,02,0,0,0,0,0,333
1324222981134,03062BNCHM1INNV,7439-92-1,2024,03,0,0,0,0,0,334
1316215303862,35601MNSNTCOURT,N458,2016,01,1,0,0,1,0,325
1320219332943,3547WHRBXL12982,67-56-1,2020,06,0,0,0,0,0,325
1316215765696,83854PTLTC41NPT,7439-92-1,2016,02,0,0,0,0,1,321
1317215989359,28134RTLND9635I,117-81-7,2017,05,0,1,0,0,1,325
1317216259580,47112HDSNF545VA,79-21-0,2017,03,0,0,0,0,0,311
1318216983460,16749QKRSTINTER,7647-01-0,2018,03,1,0,0,1,0,324
1314211932025,56258HRLSY64WER,7439-92-1,2014,02,0,0,0,0,0,335
1314212552715,64116NNCRB1234A,7697-37-2,2014,03,0,0,0,0,0,332
1315213587328,65803HWKRP4500P,7440-50-8,2015,04,0,0,0,0,0,333
1315213625421,03062TRDYN4PITT,N230,2015,03,0,0,0,0,0,334
1316215215056,7704WTCHNP1346L,107-21-1,2016,04,0,0,0,0,0,999
1324223117856,8430WNTRSL275NM,N982,2024,03,0,0,0,0,0,311
1314212543894,70518SCHMT5750H,1330-20-7,2014,06,0,0,0,0,0,325
1322220763369,75006THGLD1900J,N535,2022,04,0,0,0,0,0,325
1315213832569,28273HRPRC11625,N090,2015,04,0,0,0,0,0,333
1314212665778,3652WFRTCR1965S,108-88-3,2014,04,0,0,0,0,0,336
1322221401159,37644SNPNTSTATE,7440-50-8,2022,03,0,0,0,0,1,332
1315214191862,44024LSTCH145PA,96-45-7,2015,04,0,1,1,0,0,326
1323221623097,8710WDLTGR4521A,7439-92-1,2023,02,0,0,0,0,0,334
1319217758667,7748WLGCYQ1475A,107-21-1,2019,04,0,0,0,0,0,333
1314212625038,23434LLDCL2301W,67-56-1,2014,05,0,0,0,0,0,325
1320218976088,55987LKCNT5752I,N420,2020,02,0,0,0,0,0,336
1320219328895,37744BLLZNBALLR,N100,2020,04,1,0,1,1,0,331
1316215269527,61821LLYNG17WWA,7440-02-0,2016,06,0,0,0,0,0,331
1316215117716,95324HLMRC9001N,79-21-0,2016,03,0,0,0,0,0,311
1324223230943,02916HNDYH231FE,7440-47-3,2024,04,0,0,0,0,0,332
1317220639090,7900WSLVYSSPUR1,108-95-2,2017,05,0,0,0,0,1,325
1316215113059,14850MPLNC41DUT,7439-92-1,2016,02,0,0,0,0,0,334
1318217463355,15145STLDN200BR,7439-92-1,2018,04,0,0,0,0,0,332
1315215290180,94025SDSTN2575S,7439-92-1,2015,06,0,0,0,0,0,999
1314212774400,90503FRSTB19500,107-21-1,2014,08,0,0,0,0,0,325
1315213979329,77571PPGND1901A,79-22-1,2015,05,1,0,1,0,0,325
1314212417618,1903WBNGTN55LDB,7697-37-2,2014,03,0,0,0,0,0,331
1323221678889,92803CCCLF1226N,7697-37-2,2023,03,0,0,0,0,0,3121
1320218888321,03062TRDYN4PITT,N420,2020,03,1,1,0,1,0,334
1318217294343,61834FBRTQ3650S,67-56-1,2018,03,0,0,0,0,0,327
1317215981806,57005TLSHY7ERED,7439-92-1,2017,02,0,0,0,0,0,332
1316215366170,16143YNGGLPOBOX,7439-92-1,2016,04,0,0,0,0,0,332
1323222068951,94565CRTRN2850W,N511,2023,05,0,0,0,0,0,325
1323222282701,00617MRCKSSTATE,91-20-3,2023,04,0,0,0,0,0,325
1316215167887,48453DGPNC3260F,100-42-5,2016,03,0,0,0,0,0,326
1314212417796,46545RSTNC1718N,7440-50-8,2014,05,0,0,0,0,0,326
1319218069449,9530WBRBSC22EGR,MIXTURE,2019,02,0,0,0,0,0,337
1320218870640,3946WCPPLL1912R,N590,2020,04,0,0,0,0,0,321
1316215328764,36105HYNDM7HYUN,7632-00-0,2016,04,0,0,0,0,0,336
1316215072758,52101DRLLT13011,7440-02-0,2016,03,0,0,0,0,0,332
1317216600849,94804RCCRB731WC,7664-41-7,2017,03,0,0,0,0,0,325
1318216934048,01432PHRMC25PAT,67-56-1,2018,04,0,0,0,0,0,325
1319217726862,43551MSTRC501WE,N535,2019,04,0,0,0,0,0,324
1321219975125,45225MYRTL3055C,7440-48-4,2021,02,0,0,0,0,0,336
1319217790625,43725LMCST804BY,N982,2019,04,0,0,0,0,0,326
1319217724234,48218FRTZP255MA,7439-92-1,2019,01,0,0,0,0,1,331
1323221716196,9783WMTLLT78798,7439-92-1,2023,02,0,0,0,0,0,999
1324222833459,45373LCPCR421SO,108-88-3,2024,04,0,0,0,0,0,322
1316215362359,06095WNDSR169OL,7440-02-0,2016,04,0,0,0,0,0,336
1315214078065,60140LCTRM15NRW,N090,2015,03,1,0,0,1,0,332
1321219919471,3732WWHRLP2525B,N450,2021,04,0,0,0,0,0,335
1324222453045,7757WNVVLL2525I,71-36-3,2024,03,0,0,0,0,0,325
1322221154103,70508SSFNT29GLA,100-42-5,2022,03,0,0,0,0,0,326
1317216433728,38109BRMNG3601P,N078,2017,04,1,0,0,0,1,331
1318216953594,13212CMCNT7313W,7439-92-1,2018,03,0,0,0,0,0,335
1318217389737,53151PTRNC16700,N982,2018,04,0,0,0,0,0,324
1318216711287,9213WTLDYN9855C,N420,2018,02,0,0,0,0,0,335
1314212545444,90023FRSTR3137E,110-54-3,2014,04,0,0,0,0,0,325
1319217820760,5542WPNRMT48QUE,N511,2019,01,1,0,0,1,0,332
1315214386967,4942WLGCHM1LGWA,N040,2015,04,0,1,1,0,0,335
1318217301631,19510CNCRPEXCEL,100-41-4,2018,04,0,0,0,0,0,332
1317216563888,37744BLLZNBALLR,7439-92-1,2017,04,0,0,0,0,1,331
1317216082382,0060WHPNTRCARR1,N230,2017,04,0,0,0,0,0,325
1321220420119,4783WVCBRZ1825E,78-92-2,2021,03,0,0,0,0,0,325
1314212809545,05301FLFLXPUTNE,149-30-4,2014,03,0,0,0,0,0,326
1315213707526,75203LXTTC2465J,7439-92-1,2015,02,0,0,0,0,0,339
1314212900183,50616SLSBR1900R,67-56-1,2014,05,1,0,0,1,0,325
1315214235069,18848DPNTTRD1BO,7440-50-8,2015,04,0,0,0,0,0,325
1321219851399,49015NPPNDONEDE,7664-39-3,2021,03,1,0,0,1,0,336
1320219278076,30721MRCHM115AB,N010,2020,05,0,0,0,0,0,325
1320218732410,9363WBLTMR15341,N450,2020,04,0,0,0,0,0,333
1315213774553,14150FMCCR37SAW,7664-41-7,2015,04,0,0,0,0,0,325
1322221362369,16749QKRSTINTER,1330-20-7,2022,03,0,0,0,0,0,324
1318216911166,91006NMLDB36LAP,7697-37-2,2018,04,0,0,0,0,0,332
1318216828905,8943WPPGND5PITT,107-21-1,2018,03,0,0,0,0,0,325
1316215359934,01851MCMNC100CH,872-50-4,2016,03,0,0,0,0,0,334
1322221472816,7748WGDMNM191KE,7439-96-5,2022,06,0,0,0,0,0,333
1319217757537,15853XTCMTBOOTJ,7440-02-0,2019,02,0,0,0,0,0,332
1321219794411,32905MCSSM2755K,N420,2021,02,0,0,0,0,0,334
1315213846571,91749CMCCH18383,64-18-6,2015,03,0,0,0,0,0,325
1320218864914,9176WDNCNX1745E,N511,2020,04,1,0,0,1,0,332
1314212881433,53052LTNKMW140N,7440-47-3,2014,05,0,0,0,0,0,332
1318217320720,82701WYMNG740WE,95-63-6,2018,06,1,0,0,0,1,324
1315214126916,61032MCRSWWALNU,7439-92-1,2015,02,0,0,0,0,0,335
1314212918965,37744BLLZNBALLR,N100,2014,04,1,0,1,1,0,331
1322221226196,7494WKFDSN1NWIL,N511,2022,03,1,0,0,1,0,311
1321220116089,37620BCHML501FI,67-56-1,2021,04,0,1,0,0,0,325
1321220188825,47170MLTCLHWY31,110-54-3,2021,03,0,0,0,0,0,323
1315213965902,30701RYLRB197RO,N120,2015,04,0,0,0,0,0,326
1324222460305,5461WGLDNP29NRT,79-21-0,2024,03,0,0,0,0,0,311
1323222289858,30120NHSRB100BU,7664-41-7,2023,05,1,0,0,0,0,3121
1316215025495,02542SCSTG3162H,7439-92-1,2016,03,0,0,0,0,0,999
1319217831357,30903CLMBN23COL,N458,2019,01,1,0,0,0,1,325
1316215033958,44035NYLNG1301L,7783-06-4,2016,01,1,0,0,1,0,325
1316215115357,43537NTRCN434WD,67-56-1,2016,04,0,0,0,0,0,325
1319218274367,40213PTMTV4415E,7440-47-3,2019,04,0,0,0,0,0,336
1322220770616,35150FLVRC423NN,7697-37-2,2022,03,0,0,0,0,0,311
1319218108330,52632KKKST240RO,N120,2019,04,0,0,0,0,0,331
1321219689989,75006TXSFN1801S,131-11-3,2021,03,0,0,0,0,0,332
1314212481055,81001TRNCX101WI,7439-96-5,2014,03,0,0,0,0,0,333
1321220009221,15857CRBNC150FO,7440-47-3,2021,02,0,0,0,0,0,332
1321220020465,4614WFKTYT599NL,7439-96-5,2021,05,0,0,0,0,0,336
1320218773772,42343NTNLFHIGHW,1330-20-7,2020,03,0,0,0,0,0,337
1316215662848,43725LMCST804BY,117-81-7,2016,03,0,0,0,0,0,326
1317215996137,4737WTYSNM1355W,7664-41-7,2017,04,1,0,0,1,0,311
1317216245151,46176RYBDC800MA,7440-47-3,2017,02,0,0,0,0,0,331
1314212636726,53081SHBYG1439N,1330-20-7,2014,04,0,0,0,0,0,325
1314212567554,76302HWMTR3101H,7664-39-3,2014,02,0,0,0,0,0,336
1315214038426,43410WHRLP119BI,N511,2015,03,0,0,0,0,0,335
1323221701600,55068SPCTL13220,7782-50-5,2023,04,0,1,0,0,0,331
1321219604814,38834CRNTHFULTO,N420,2021,03,0,0,0,0,0,334
1321219509460,9211WLLMNX52ILL,75-05-8,2021,04,0,0,0,0,0,334
1321220659546,48084SLZRP1972M,N495,2021,05,1,1,1,0,0,331
1319217968155,38113CRGLL2330B,110-54-3,2019,03,0,0,0,0,0,311
1318217056845,37311MLLRC62IND,7440-50-8,2018,05,0,0,0,0,0,332
1322221288754,30103LGCHM31LGD,100-42-5,2022,04,0,0,0,0,0,325
1322221056029,07730FFCMP600ST,N230,2022,04,0,0,0,0,0,325
1316215219318,29472RCCRB19COU,191-24-2,2016,04,0,0,0,0,0,335
1320218886974,4866WSTYRN164BU,141-32-2,2020,06,0,0,0,0,0,325
1318217187095,13601KNWLT213FA,67-56-1,2018,05,0,0,0,0,0,322
1314212921340,93707PBDYF2494S,7440-50-8,2014,04,0,0,0,0,0,333
1315213720244,47842LLLLYSTATE,7647-01-0,2015,02,1,0,0,1,0,325
1316215247711,55442SCHND5905N,67-56-1,2016,03,0,0,0,0,0,339
1316215278755,75160VKSTH17MET,N010,2016,04,0,0,0,0,0,326
1315214046005,49461HWMTC555BE,7440-02-0,2015,03,0,0,0,0,0,331
1315213850959,06810BDKNRFINAN,64-18-6,2015,03,0,0,0,0,0,325
1319218289282,46514MRRYD1536G,N096,2019,05,0,0,0,0,0,332
1316215390523,92138NTNLSHARBO,67-56-1,2016,03,0,0,0,0,0,336
1321219848658,98108CCLVN429SO,N982,2021,03,1,0,1,1,0,332
1322221367877,00918NDLCX198CH,7697-37-2,2022,03,0,0,0,0,0,311
1322220680351,14760HYSLL211FR,79-94-7,2022,03,0,0,0,0,0,325
1320218888358,03062TRDYN4PITT,7664-93-9,2020,04,1,0,0,0,0,334
1316215131602,3130WDNLDF11WAR,7439-92-1,2016,02,0,0,0,0,0,332
1314214451647,24203MRRSN400CO,1163-19-5,2014,01,0,0,0,0,0,326
1322220648758,92121PRGRM925BR,7439-92-1,2022,02,0,0,0,0,0,334
1323221963364,0530WCMMNW66PAU,7697-37-2,2023,03,0,0,0,0,0,311
1323223228558,35565FNTNTOLDDE,1330-20-7,2023,04,0,0,0,0,0,336
1324222502181,15022NTNLP9GUTT,1330-20-7,2024,03,0,0,0,0,0,325
1315213978695,30643MNRTQ200MC,N090,2015,04,0,0,0,0,0,336
1316215533807,76710WCCMP32S27,100-42-5,2016,04,0,0,0,0,0,326
1321219623067,26037WHLNGPENNM,7440-47-3,2021,03,0,0,0,0,0,332
1322221268093,43612CHMBN6175A,67-56-1,2022,06,0,0,0,0,0,325
1315213929159,14527TRNSL1789T,N511,2015,04,0,0,0,0,0,325
1321220100960,31408NTRCT115EL,64-18-6,2021,04,0,0,0,0,0,325
1323221549189,17113DRBND2716S,1330-20-7,2023,04,0,0,0,0,0,332
1320219279231,56367CNTRL10499,100-42-5,2020,04,0,0,0,0,0,326
1317216580492,60007RCTRN1150P,7439-92-1,2017,03,0,0,0,0,0,334
1319217852387,03062TRDYN4PITT,N511,2019,03,1,0,0,1,0,334
1315213563760,80504DLPHM43WCR,7439-92-1,2015,02,0,0,0,0,0,339
1315214422242,42420GBBSDUS60W,7439-96-5,2015,03,0,0,0,0,1,331
1315214363994,87113MTRLN4800A,N420,2015,04,1,1,1,0,0,334
1321219917337,14304BTLSP5000P,107-21-1,2021,03,0,0,0,0,0,325
1316215361357,17837PLYWR1BUFF,N450,2016,03,0,0,0,0,0,339
1321220314227,69001DYCPR400SO,N982,2021,05,0,0,0,0,0,326
1316215607615,60481DWCHM91EKA,N120,2016,06,0,0,0,0,0,325
1315217687843,60123LGLYN1565F,7440-47-3,2015,05,0,0,0,0,0,331
1314212516254,35806NGLHR9800K,N040,2014,04,0,1,0,0,0,336
1316215673094,56284STHRNEASTH,7783-06-4,2016,04,1,0,0,1,0,311
1324222463566,92667BBCCK1717W,67-56-1,2024,03,0,0,0,0,0,339
1316215670656,98532MPRLF26MAU,7440-50-8,2016,05,0,0,0,0,0,336
1314212872473,76657TRNCXHWY84,7439-92-1,2014,01,0,0,0,0,1,333
1315214272674,40213NTDCT4900C,N096,2015,04,1,1,1,0,0,325
1317216402673,82701WYMNG740WE,115-07-1,2017,04,1,0,0,0,1,324
1318216823258,03062TRDYN4PITT,7647-01-0,2018,04,1,0,0,0,0,334
1321219879703,7600WGRDNR178BB,115-07-1,2021,03,0,0,0,0,0,333
1316215115849,73143BCHMN2220S,67-56-1,2016,04,0,0,0,0,0,325
1316215470168,32078GRGPCSTATE,67-56-1,2016,05,1,0,0,1,0,322
1315213207463,46176RYBDC800MA,7429-90-5,2015,06,1,0,0,1,0,331
1314212758130,14733MNFRX501NE,N090,2014,05,0,0,0,0,0,327
1315214288007,74421CLLDS2499H,7439-92-1,2015,01,0,0,0,0,0,333
1319217662168,31728THTRR2525T,100-42-5,2019,04,0,0,0,0,0,336
1321219725761,14586HMMRL200LU,N230,2021,03,0,0,0,0,0,323
1321220357317,3774WHFNRT395TE,100-41-4,2021,04,0,0,0,0,0,332
1316218574200,73505RPBLC881SW,7664-41-7,2016,04,0,0,0,0,0,322
1315213243672,08817MRCNN135NA,71-36-3,2015,04,0,0,0,0,0,332
1314212505174,57032SHWPL1ENTE,108-88-3,2014,03,0,0,0,0,0,337
1323222175349,37744BLLZNBALLR,7439-92-1,2023,03,0,0,0,0,1,331
1323221978618,3380WSLDST281SA,1330-20-7,2023,03,0,0,0,0,0,325
1319217825330,91761NMLDB1750M,N511,2019,04,1,0,0,1,0,332
1319218069425,9530WBRBSC22EGR,100-41-4,2019,02,0,0,0,0,0,337
1316214907519,54868WRGHT107WC,7439-92-1,2016,03,0,0,0,0,0,332
1323222388605,0410WMNSTN51ING,67-56-1,2023,04,0,0,0,0,0,325
1315213813520,89506VKWST14250,N090,2015,03,0,0,0,0,0,326
1324222426013,48507PRMRP6220L,N982,2024,04,0,0,0,0,0,325
1323221749334,29646CPRPW1520E,7440-47-3,2023,03,0,0,0,0,1,335
1323221611306,03062TRDYN4PITT,N100,2023,04,1,0,0,1,0,334
1324222424107,46526GSHNR1525S,N982,2024,03,0,0,0,0,0,326
1314212584270,77587GLFST300CH,N590,2014,03,0,0,0,0,0,324
1314212378412,73036GMNLC101SW,108-10-1,2014,05,0,0,0,0,0,325
1317216589907,97355MRKNC250NO,79-01-6,2017,05,0,0,0,0,0,326
1314212964252,7310WHSPNT181WR,107-21-1,2014,02,0,0,0,0,0,325
1322220961078,3785WCPRST246ST,108-10-1,2022,03,0,0,0,0,0,326
1318216846586,48218FRTZP255MA,7782-50-5,2018,04,0,0,0,0,0,331
1321220007811,16749QKRSTINTER,1330-20-7,2021,03,0,0,0,0,0,324
1318216858744,37620BCHML501FI,75-09-2,2018,03,0,0,0,0,0,325
1315213624354,07095LCNBL11CRA,91-20-3,2015,04,0,0,0,0,0,332
1317216233369,18707NSNNG71CRE,7440-47-3,2017,05,0,0,0,0,0,336
1316214941611,5707WLMRDT224WE,7440-50-8,2016,05,0,1,1,0,0,336
1324222893000,28086CMMRC101CA,7440-50-8,2024,02,0,0,0,0,0,333
1314212943498,77640FNLNDHIGHW,N458,2014,02,1,0,0,1,0,324
1315214244992,38109BRMNG3601P,N040,2015,03,1,0,0,0,1,331
1319218036111,78411NTRNT4222S,7439-92-1,2019,01,1,1,0,1,0,334
1315214441851,98270RCLLN12806,50-00-0,2015,04,0,0,0,0,0,336
1315214137109,01960CMRCSCORWI,107-21-1,2015,05,1,0,0,1,0,325
1317215838816,23168GRYST7992R,N420,2017,02,1,0,0,1,0,332
1321219702406,19510CNCRPEXCEL,1330-20-7,2021,04,0,0,0,0,0,332
1323221606597,65340CNGRF253WE,N511,2023,04,1,0,0,1,0,311
1318216783237,77507BCGSS952BA,67-56-1,2018,06,0,0,0,0,0,325
1322220748014,9132WKVLCS1461L,N420,2022,02,0,0,0,0,0,334
1315213896158,7840WBCKYT151SU,108-88-3,2015,07,1,0,0,1,1,324
1324222507889,19116SNDMYONESA,7440-47-3,2024,06,0,0,0,0,0,332
1315215788391,17061MMTLSRT209,1330-20-7,2015,03,0,0,0,0,0,331
1322220796902,3760WLPNCX56TWI,100-42-5,2022,05,0,1,0,0,0,326
1318216854570,15767BFGLC701MA,N982,2018,04,1,0,0,1,0,332
1316215454568,53042LKTLK9278T,N511,2016,03,1,0,0,1,0,311
1316215309612,45439DMXLT3100D,7664-41-7,2016,05,0,0,0,0,0,333
1316215328612,36105HYNDM7HYUN,95-63-6,2016,05,0,0,0,0,0,336
1316215553847,55963LNDLK2062N,N511,2016,02,1,0,0,1,0,311
1324222966741,46953CBLCN440EA,7440-50-8,2024,06,0,0,0,0,0,335
1315214308746,90813SCHRM1480C,N420,2015,03,1,0,0,0,0,332
1324222972352,55112BLLLM7781S,N150,2024,18,0,0,0,0,1,321
1320219232509,35806NGLHR9800K,N100,2020,04,0,0,0,0,0,336
1316215040559,37355BTSVLPOBOX,108-88-3,2016,02,0,0,0,0,0,339
1316215579893,14304THGDY5408B,122-39-4,2016,06,0,0,0,0,0,325
1314212792889,1731WCLPNM155PI,7664-41-7,2014,05,1,0,0,1,0,2211
1315213230941,47108HLSLNSTATE,N982,2015,02,0,0,0,0,0,332
1317216448504,68802MNFRT555SO,79-21-0,2017,03,0,0,0,0,0,311
1320218705491,15632DVNCD9001C,7439-92-1,2020,02,0,0,0,0,0,334
1315214240362,14304THGDY5408B,122-39-4,2015,06,0,0,0,0,0,325
1322221001302,44138MRCNW7951B,N010,2022,03,0,0,0,0,0,335
1320218646762,53156PCRSN600IN,N120,2020,05,0,0,0,0,0,325
1314212598167,53573MSCDPPOBOX,7697-37-2,2014,04,0,0,0,0,0,311
1320218604662,90040VLLYP5900S,7440-02-0,2020,04,0,0,0,0,0,332
1324222473504,14652JHNSN300WE,95-47-6,2024,03,0,0,0,0,0,325
1314212647705,01887SRFCC100EA,68-12-2,2014,04,0,0,0,0,0,325
1322221135054,53233GBHRD2615W,7664-41-7,2022,03,0,0,0,0,0,316
1323221978909,53184SLCMP402NO,7440-50-8,2023,04,0,0,0,0,0,332
1323221668938,7601WHNTSM3315E,N535,2023,06,0,0,0,0,0,325
1323221560028,6672WHLNDS3928R,100-41-4,2023,02,0,0,0,0,0,337
1318216816013,24087PRCHM51ENT,N040,2018,05,0,0,0,0,0,325
1317216047187,37724PLSMRPOBOX,N040,2017,03,0,0,0,0,0,323
1323222307124,22153SCPVR8000R,N230,2023,04,0,0,0,0,0,325
1317216276131,45885PRKRH1700E,7440-50-8,2017,03,0,0,0,0,0,332
1315213650827,03585NWNGL365MA,7440-50-8,2015,06,0,0,0,0,0,331
1324222722617,67218CSSNR5800E,79-01-6,2024,04,0,0,0,0,0,336
1322220838573,49015NPPNDONEDE,7664-39-3,2022,03,1,0,0,1,0,336
1316215539368,48057HSPTR4150S,98-82-8,2016,02,0,0,0,0,0,325
1322221441342,37744TRWNCSNAPP,N982,2022,03,0,0,0,0,0,333
1315215388733,30531THCNN70CLA,108-88-3,2015,03,0,0,0,0,0,339
1315213205014,74107HYDRT4912S,108-88-3,2015,04,0,0,0,0,0,324
1316215701172,4651WGSHNC25161,108-88-3,2016,02,0,0,0,0,0,336
1324222427054,56187NTRVT375SL,N458,2024,01,0,0,0,0,0,325
1322220952244,22630TRYPL500TO,7632-00-0,2022,05,0,0,0,0,0,326
1315214025126,3764WCLRWR151ID,7664-41-7,2015,05,0,0,0,0,0,313
1322221364072,54728PRKRH1715P,7439-92-1,2022,03,1,0,0,1,0,332
1317215915885,32130SPRTN5612J,7439-92-1,2017,02,0,0,0,0,0,335
1315214412417,75082FJTSN2801T,7439-92-1,2015,03,0,0,0,0,0,334
1324222832420,40033TGKYL633EM,N982,2024,03,0,1,0,0,0,336
1318216913160,92707NMLDB401WR,7697-37-2,2018,04,0,0,0,0,0,332
1316215432725,46203SCHST901ET,7439-92-1,2016,02,0,0,0,0,0,327
1318217301682,19510CNCRPEXCEL,1330-20-7,2018,04,0,0,0,0,0,332
1322220636664,42240MRTRS102BI,7440-47-3,2022,03,0,0,0,0,0,332
1316215167851,75006THGLD1900J,N511,2016,04,0,0,0,0,1,325
1324222458996,0144WNWNGL65ZUB,68-12-2,2024,03,0,0,0,0,0,325
1320218981266,30503CTTRL2125C,7439-92-1,2020,02,0,0,0,0,0,336
1314212404002,77028RSSLL4004H,71-36-3,2014,04,0,0,0,0,0,332
1314212619718,80907MXCRM4230N,67-56-1,2014,04,0,0,0,0,0,332
1324223089121,1511WHLTCM76BRA,7440-02-0,2024,06,0,0,0,0,0,332
1315213965888,7816WCPNDS1BUSI,N090,2015,04,0,0,0,0,0,332
1315213710243,15865SYMMC101SP,7440-50-8,2015,05,0,0,0,0,0,332
1318217592613,45346FLRDP1855S,1330-20-7,2018,04,0,0,0,0,0,326
1320218733778,9471WLCTRC893CA,N420,2020,03,1,0,0,1,0,332
1322220937953,7111WMNSPC1399H,N982,2022,05,0,0,0,0,0,324
1322220790974,26330PRTTWBENED,7440-02-0,2022,04,0,0,0,0,0,336
1323221749498,45036SCHMD360HA,100-42-5,2023,03,0,0,0,0,0,326
1322220833192,6672WHLNDS3928R,1330-20-7,2022,03,0,0,0,0,0,337
1315213221928,95050SGMCR393MA,N100,2015,04,1,0,0,1,0,334
1320218857668,94025SDSTN2575S,7439-92-1,2020,06,0,0,0,0,0,999
1314212942888,4361WRKRPR491ST,95-47-6,2014,01,0,0,0,0,0,336
1314212476129,55369CRMTR325HW,N230,2014,03,0,0,0,0,0,325
1316215575491,30153LRLNGGOODY,110-54-3,2016,03,0,0,0,0,0,326
1316215373972,38555STNPK238PR,N010,2016,04,0,0,0,0,0,327
1322220888186,30188NTLMR304BE,100-42-5,2022,04,0,0,0,0,0,326
1316215103425,93030PTTCH501DE,110-54-3,2016,03,0,0,0,0,0,336
1317216402697,82701WYMNG740WE,108-88-3,2017,06,1,0,0,0,1,324
1315214272650,40213NTDCT4900C,N010,2015,04,1,0,0,0,0,325
1323221678891,92803CCCLF1226N,N511,2023,03,1,0,0,1,0,3121
1323221707704,80120NCRCT8192S,N420,2023,02,1,0,0,1,0,334
1316214963112,19947MFGJSEIGHT,100-42-5,2016,04,0,0,0,0,0,326
1318217155656,53209HYDRP3525W,7440-47-3,2018,04,1,0,1,0,1,332
1323221737442,63841HDSNF135EA,79-21-0,2023,03,0,0,0,0,0,311
1314211923228,80640DLTRC9155B,N982,2014,04,0,0,0,0,0,324
1314212715383,60031SBTRN94LAK,7439-92-1,2014,01,0,0,0,0,0,334
1314216627897,8440WBRNSR125SU,7697-37-2,2014,04,0,1,0,0,0,336
1314212646703,33710MLXTC23757,7440-50-8,2014,05,0,0,0,0,0,334
1318216761813,9883WSGLTM8789R,7664-41-7,2018,04,1,0,0,1,0,335
1314212753875,2421WHPCXX26252,7440-66-6,2014,05,0,0,0,0,0,332
1324222660540,51501BPNCX27002,N511,2024,04,0,0,0,0,0,311
1315214080172,19406LCTRS416EC,N420,2015,03,0,0,0,0,0,334
1319218154742,43619NRPLS7825C,95-63-6,2019,03,0,0,0,0,0,336
1317216039747,30720CPTLD300CR,108-88-3,2017,04,0,0,0,0,0,325
1316215572951,43410WHRLP119BI,N040,2016,03,0,0,0,0,0,335
1316215205446,2740WNLSTL15WES,7439-96-5,2016,04,0,0,0,0,0,332
1321220588115,9750WNCNDS756TH,7664-41-7,2021,04,0,0,0,0,0,325
1323221844855,27804LCNCN400JE,N982,2023,05,0,0,0,0,0,332
1322220864829,30916MCPRF3702C,7647-01-0,2022,04,1,0,0,1,0,325
1320219241890,83338JRMCH47W10,7697-37-2,2020,05,0,0,0,0,0,311
1323221694882,0187WLDSSC1RADC,7439-92-1,2023,03,0,0,0,0,0,334
1314212960569,44036TRWNC7900W,7440-47-3,2014,03,0,0,0,0,0,332
1315214105847,7757WGSNNV185EH,74-85-1,2015,06,0,0,0,0,0,4247
1318217428186,66536NYXCL22AND,100-42-5,2018,05,0,0,0,0,0,326
1316215643469,4941WGHSPJ125SB,7439-92-1,2016,03,0,0,0,0,0,334
1320218841233,29732CLSTM32BRY,117-81-7,2020,04,0,0,0,0,0,326
1316215036245,42164SMTML796SM,7440-50-8,2016,04,0,0,0,0,0,335
1318216828917,8943WPPGND5PITT,N982,2018,04,0,0,0,0,0,325
1314213031356,36304TWTCH4031R,N010,2014,03,0,0,0,0,0,313
1314213044047,72209MRNNM11605,100-41-4,2014,05,0,0,0,0,0,325
1318218071254,28001CLLNS313BE,N090,2018,02,0,0,0,0,0,314
1314212390583,30917CLBCR4152W,7440-47-3,2014,04,0,0,0,0,0,336
1323221650411,4560WCMMRC75CHA,N120,2023,03,0,0,0,0,0,336
1314212403998,77028RSSLL4004H,100-41-4,2014,03,0,0,0,0,0,332
1319218479069,19087JHNSN43645,7664-41-7,2019,03,0,0,0,0,1,336
1316219407006,78407JVLNC5314I,74-85-1,2016,05,0,0,0,0,0,325
1314212679409,29662QNTMC2GOLD,7664-93-9,2014,03,0,0,0,0,0,325
1321219580469,55746LMRDT1414E,7440-50-8,2021,05,0,0,0,0,0,336
1324223152683,74015RXCHN5215A,N420,2024,04,0,0,0,0,1,333
1321220162628,38555STNPK238PR,7440-48-4,2021,04,0,0,0,0,0,327
1316215575200,60436KMLTX4050C,100-42-5,2016,05,0,0,0,0,0,326
1319218048888,13021WCKSM1WICK,7439-92-1,2019,02,0,0,0,0,0,336
1323221726033,5153WSSNTP1347H,7697-37-2,2023,03,0,0,0,0,0,311
1323222343523,0850WLLNTW165CU,7440-47-3,2023,03,0,0,0,0,0,332
1324223042019,0660WBRDGP2ATLA,7664-41-7,2024,03,0,0,0,0,0,2211
1317215857828,53022CSTMPN118W,1330-20-7,2017,04,0,0,0,0,0,325
1315213791965,19612DSMNG2120F,872-50-4,2015,03,0,0,0,0,0,326
1318217465564,08619THTRN2231E,N120,2018,03,0,0,0,0,0,333
1320218609586,5579WVRGNP6182N,N420,2020,01,1,0,0,1,1,2211
1316215150246,5314WKNLLM1255T,7439-92-1,2016,02,0,0,0,0,0,335
1314212823405,38024CLNLR150SO,117-81-7,2014,03,0,0,0,0,0,326
1318217294331,61834FBRTQ3650S,50-00-0,2018,03,0,0,0,0,0,327
1315214393391,55343SMNCS5951C,121-44-8,2015,03,0,0,0,0,0,333
1315215778820,37621BRSTL390BR,7664-39-3,2015,05,0,0,0,0,0,331
1318217463379,15145STLDN200BR,7439-96-5,2018,05,0,0,0,0,0,332
1319218518912,60450KZCHMTABLE,107-13-1,2019,05,0,0,0,0,0,325
1320219291933,27709SCMMT2601W,N100,2020,06,1,1,1,0,0,331
1321219844584,26525SPHZL164SK,7439-92-1,2021,03,0,0,0,0,0,999
1324222854972,38821TRTMPHIGHW,N982,2024,04,0,0,0,0,0,332
1321220147831,70079CYPRS16122,75-00-3,2021,05,1,0,0,1,0,325
1320218596803,2900WTBLCC61INN,7440-02-0,2020,01,0,0,0,0,1,332
1324222501266,80539HCHCX5600L,7439-92-1,2024,02,0,0,0,0,0,334
1318217109089,53233GBHRD2615W,N090,2018,04,0,0,0,0,0,316
1319217878661,53209PHLPS5855N,N420,2019,03,0,0,0,0,0,334
1324222789493,7166WTRTDM64HWY,N150,2024,16,0,0,0,0,1,321
1315214385268,37744BLLZNBALLR,N100,2015,04,1,0,1,1,0,331
1323222053860,0802WCHMRS67CAN,N590,2023,04,0,0,0,0,0,325
1317216539116,56284STHRNEASTH,191-24-2,2017,01,1,0,0,1,0,311
1322221273725,60440QNTMF750SS,7664-41-7,2022,04,0,0,0,0,0,311
1323222022257,77041TSHBN13131,7440-47-3,2023,05,0,0,0,0,0,335
1324222846596,35805VXLCT4807B,7439-92-1,2024,03,0,0,0,0,0,334
1321220140432,6337WCNTNN27GUE,100-42-5,2021,04,0,0,0,0,0,335
1316214963567,15146PPGND440CO,108-88-3,2016,04,0,0,0,0,0,325
1322220969428,47670TYTMT4000T,7697-37-2,2022,03,0,0,0,0,0,336
1317216382135,50616SLSBR1900R,108-90-7,2017,05,0,0,0,0,0,325
1314213002684,70734RBCNN9156H,71-43-2,2014,07,0,0,0,0,0,325
1324222671125,0647WBYKSN33STI,143372-54-7,2024,03,0,1,1,0,0,325
1320218990962,4951WTRNGR55CRP,7440-50-8,2020,04,0,0,0,0,0,333
1315213956461,75607TXSSTOFFHI,110-82-7,2015,04,1,0,1,0,0,325
1317216566481,38965CLTNDHIGHW,7440-02-0,2017,04,0,0,0,0,0,336
1319218157360,38965CLTNDHIGHW,7440-47-3,2019,01,0,0,0,0,0,336
1318217041324,14870CRNNGADDIA,7697-37-2,2018,04,0,0,0,0,0,333
1324222725689,3290WMCKTC755TE,N420,2024,03,1,0,0,1,0,334
1316215318801,1907WDVSVS385WE,7439-92-1,2016,02,0,0,0,0,0,339
1314212863144,56511TMNDSFRTHR,7440-02-0,2014,03,0,0,0,0,0,332
1316215442789,45373BFGDRWACOS,7632-00-0,2016,03,0,0,0,0,0,336
1316214960890,49091GRMMN1801S,N450,2016,04,0,0,0,0,0,336
1316215549407,47987MSTRG1200E,N495,2016,06,1,1,1,1,0,336
1314212518551,48393DPTPL29883,108-88-3,2014,04,0,0,0,0,0,336
1314212969315,01570GNTXP183WE,67-56-1,2014,04,0,0,0,0,0,339
1315218634475,8943WPPGND5PITT,N230,2015,03,0,0,0,0,0,325
1321219464551,30180STHRN837EH,N230,2021,03,0,0,0,0,0,332
1320219176740,37620BCHML501FI,67-56-1,2020,04,0,1,0,0,0,325
1321219579481,5707WLMRDT224WE,7440-50-8,2021,05,0,0,0,0,0,336
1314212690301,31601GRFFNROCKY,N100,2014,05,0,1,1,0,0,325
1317217721063,37075BTTYM324FR,79-01-6,2017,04,0,0,0,0,0,332
1321220420121,4783WVCBRZ1825E,108-88-3,2021,03,0,0,0,0,0,325
1315213950165,18702NSNNG1141H,7440-48-4,2015,03,0,0,0,0,0,336
1320218806394,35812NSMRSMARSH,7440-47-3,2020,05,0,0,0,0,0,999
1314212501098,05452BMXXX1000R,7664-93-9,2014,03,1,0,0,0,0,334
1324223047489,77905NVSTS2695L,110-54-3,2024,04,0,0,0,0,0,325
1320219131277,43612CHMBN6175A,108-95-2,2020,06,0,0,0,0,0,325
1320219186208,75455FRNCD1300I,N010,2020,04,0,0,0,0,0,335
1321220454742,1630WWBCND363SE,7440-02-0,2021,04,0,0,0,0,0,331
1317216402572,82701WYMNG740WE,1319-77-3,2017,02,1,0,0,0,1,324
1323221758055,00613RSTNDROUTE,N495,2023,04,1,0,0,0,0,335
1314212803629,77630NVSTS355AF,108-90-7,2014,05,0,0,0,0,0,325
1317216018109,8943WPPGND5PITT,107-21-1,2017,04,0,0,0,0,0,325
1316215044153,60007PNRYC1801E,1330-20-7,2016,03,0,0,0,0,0,325
1314212328506,6811WNVZYM6S1ST,7697-37-2,2014,04,0,0,0,0,0,325
1317215902420,0305WLCMMN9AKIR,N420,2017,02,0,0,0,0,0,333
1315214425910,94710PCFCS1333S,108-95-2,2015,02,0,0,0,0,0,331
1321219988995,64055THMSJ13000,N511,2021,03,1,0,0,1,0,311
1322221445366,00608DCRBNRD3KM,100-42-5,2022,04,0,1,0,0,0,325
1319218383949,56284STHRNEASTH,N511,2019,10,1,0,0,1,0,311
1317216527453,92126NMPSX9395C,75-05-8,2017,03,0,0,0,0,0,325
1314215790751,01730MYKRL8ASHB,117-81-7,2014,03,0,0,0,0,0,326
1323222130813,27526BRKTK100TE,N010,2023,03,0,0,0,0,0,335
1324223151059,29108LSRCHLOUIS,7664-41-7,2024,05,0,0,0,0,0,311
1314213134113,63401CNTNNHIGHW,N458,2014,01,0,0,0,0,0,327
1324222585630,65803ZRKSC3740E,100-42-5,2024,03,0,0,0,0,0,326
1324222517334,02763MTFBN332JO,7440-47-3,2024,03,0,0,0,0,0,332
1315214006393,12150SCHNC1000M,91-20-3,2015,04,0,0,0,0,1,325
1316215070095,62202CHMTC3500M,7664-41-7,2016,05,0,0,0,0,0,325
1314213111293,78251TKTTL4611W,N511,2014,03,1,0,0,1,0,336
1316215027020,8100WVSTST1TWER,1330-20-7,2016,05,0,0,0,0,0,332
1319217603517,76140MDLND4800E,7440-50-8,2019,05,0,0,0,0,0,331
1319218011880,4408WNDNDS951DU,108-88-3,2019,03,0,0,0,0,0,332
1314212321828,7708WMYKWP583HA,7439-92-1,2014,01,0,0,0,0,1,327
1314212981207,77087SSPLT5614N,N982,2014,04,1,0,0,1,0,332
1317216250237,89408QBCRP2000E,N982,2017,04,0,0,0,0,0,323
1316215701222,13021GLDSP1GOUL,7440-47-3,2016,04,0,0,0,0,0,333
1322221223148,43952BRMCHCOUNT,N040,2022,05,1,1,1,0,0,325
1314212893034,53585XCTNC2LDFA,71-36-3,2014,03,0,0,0,0,0,325
1319217731482,91730PRCSN11155,127-18-4,2019,04,0,0,0,0,0,336
1322220674954,8464WBRNSB38NRT,7440-50-8,2022,05,0,1,0,0,0,332
1316215144116,08902RSQBBONESQ,75-09-2,2016,04,0,0,0,0,0,325
1317216068217,01535QBGCR17SCH,N982,2017,04,0,0,0,0,0,316
1324222731073,91761NMLDB1750M,N511,2024,04,1,0,0,1,0,332
1317216203000,34624HNYWL13350,7439-92-1,2017,03,0,0,0,0,0,334
1320219141734,19963CLKDN779EA,80-62-6,2020,04,0,0,0,0,0,339
1314212515074,45408SCHRM107WE,N420,2014,03,1,0,0,1,0,332
1314212396360,30315PDCLR999GR,N420,2014,02,0,0,0,0,0,325
1316215719030,7906WZWNCX293ST,7439-96-5,2016,04,0,0,0,0,0,332
1321219744760,44691WSTRP1SPRU,N420,2021,01,0,0,0,0,1,332
1314212500728,14701CRTCSONEPR,7439-92-1,2014,02,0,0,0,0,0,334
1324222892301,48309DCCRC2868B,7439-92-1,2024,02,0,0,0,0,0,334
1319218154755,43619NRPLS7825C,108-10-1,2019,03,0,0,0,0,0,336
1322220946002,28392CRLNFHWY87,7783-06-4,2022,02,1,0,0,1,0,311
1320219072651,06801VNDRB31TAY,67-56-1,2020,05,1,0,0,1,0,325
1321219905054,56284STHRNEASTH,N150,2021,12,1,0,0,1,0,311
1321219695943,85210PHMNP112WI,7440-02-0,2021,01,0,0,0,0,0,333
1316215481223,66720THRMD201NA,108-88-3,2016,04,0,0,0,0,0,326
1319218514519,92621LCTRN537WE,N420,2019,02,0,0,0,0,0,332
1316215531005,12150SCHNC1000M,71-36-3,2016,04,0,0,0,0,0,325
1319217917323,6412WDTCHN951NT,N535,2019,04,0,0,0,0,0,325
1322221041496,85027HNYWL21111,7439-97-6,2022,01,0,0,0,0,0,334
1321219491216,64085PCFCP8905W,106-89-8,2021,05,0,0,0,0,0,325
1316215328737,36105HYNDM7HYUN,N511,2016,04,1,0,0,1,0,336
1316214959189,4305WSMLST1455J,7439-92-1,2016,04,0,0,0,0,0,332
1324222670679,85706BRSHW6100S,N050,2024,04,0,0,0,0,0,334
1324222679021,37744BLLZNBALLR,N982,2024,06,1,1,1,1,0,331
1322220825943,44024LSTCH145PA,149-30-4,2022,03,0,1,1,0,0,326
1320218885010,75006THGLD1900J,N420,2020,02,0,0,0,0,1,325
1323221880952,35653THCLTWALNU,50-00-0,2023,04,0,0,0,0,0,327
1314212974063,36614MRCNCCYANA,79-06-1,2014,06,0,0,0,0,1,325
1315214258814,57701LTRMX2112E,7439-92-1,2015,04,0,0,0,0,0,332
1314212529580,17519CNSTG245RE,1330-20-7,2014,03,0,0,0,0,0,337
1316214937928,91744MNTXN13300,107-21-1,2016,03,0,0,0,0,0,325
1316215118023,44203BCRSR842NO,N511,2016,02,1,0,0,1,0,336
1321219638715,3730WDYNST11DYN,100-42-5,2021,03,0,0,0,0,0,326
1319218265371,21074BLCKD626HA,7439-92-1,2019,01,1,0,0,1,1,332
1321220319521,39452TRSTTEVANS,7440-47-3,2021,03,0,0,0,0,0,332
1314213056474,14611RCHST2CAIR,N495,2014,03,0,0,0,0,0,332
1314212496792,8522WBHMNT21SRS,N982,2014,03,0,0,0,0,0,325
1315214023133,72651TTRLRRTE12,7439-96-5,2015,04,0,0,0,0,0,336
1322221274273,70079CYPRS16122,7550-45-0,2022,06,0,0,0,0,0,325
1323221663990,85210PHMNP112WI,7440-50-8,2023,01,0,0,0,0,0,333
1315214272775,40210NTDCT1227S,N511,2015,05,1,0,0,1,0,325
1324222681708,17519CNSTG245RE,108-88-3,2024,03,0,0,0,0,0,321
1314212758561,60072HNTSM5015B,N120,2014,09,0,0,0,0,0,325
1322221325931,76708PRCSH6613N,N090,2022,05,0,0,0,0,0,332
1315214335907,37406WDBRD100JU,584-84-9,2015,05,0,0,0,0,0,326
1324222474571,4832WMMTLF1987T,7440-47-3,2024,03,0,0,0,0,1,336
1322221205848,7812WWTXSX565BL,75-09-2,2022,01,0,0,0,0,0,336
1319218154728,43619NRPLS7825C,108-88-3,2019,03,0,0,0,0,0,336
1322221072008,48045SRFRC287RA,7439-92-1,2022,02,0,0,0,0,0,999
1314212794554,33597RBBNSSR50S,N100,2014,04,0,0,0,0,0,321
1324222924223,35810TYTMT1CTTN,7440-02-0,2024,04,0,0,0,0,0,336
1319217947961,82609LTTLM5700E,7439-92-1,2019,02,0,0,0,0,1,324
1316215321593,36310CTLRGINDUS,7664-41-7,2016,04,0,0,0,0,0,311
1314212536611,32501RCHHL407SO,80-05-7,2014,05,0,0,0,0,0,325
1314212900258,50616SLSBR1900R,108-88-3,2014,05,0,0,0,0,0,325
1320218727042,44024LSTCH160PA,N010,2020,04,0,1,1,0,0,326
1319217928249,46563GLCRF904MA,100-42-5,2019,03,0,0,0,0,0,326
1322220636690,9732WSTTRF95PRT,100-42-5,2022,04,0,0,0,0,0,326
1315213959430,29520STNLY100ST,N120,2015,04,0,0,0,0,0,332
1323222249575,3774WHFNRT395TE,100-41-4,2023,04,0,0,0,0,0,332
1323222285963,48057HSPTR4150S,375-95-1,2023,02,0,0,0,0,0,325
1322221299377,37744BLLZNBALLR,N982,2022,06,1,1,1,1,0,331
1324222981045,94565CRTRN2850W,1313-27-5,2024,05,0,0,0,0,0,325
1315213769639,11704MRCNC400SH,80-62-6,2015,04,0,0,0,0,0,326
1314213145269,19061SSCHM4000C,80-62-6,2014,04,0,0,0,0,0,325
1315213978707,30643MNRTQ200MC,N420,2015,01,0,0,0,0,1,336
1316215465129,30080GRFFT2973O,75-21-8,2016,03,0,0,0,0,0,999
1323221785951,7566WTRMPH73LDG,7439-92-1,2023,02,0,0,0,0,1,332
1315213983327,22602HPHDX160HO,7664-41-7,2015,05,0,0,0,0,0,311
1318216753208,31404NCLCR110FO,N982,2018,05,0,0,0,0,0,324
1314211935832,46580DPYDVUS30E,7697-37-2,2014,03,0,0,0,0,0,339
1314212773586,9455WTSHBM11PRT,7664-41-7,2014,04,0,0,0,0,0,334
1322220920351,24486DGSCH275TR,7803-51-2,2022,01,0,0,0,0,0,325
1316215159260,47960MCGLL705N6,7440-47-3,2016,04,0,0,0,0,0,332
1320219183290,85301FRBRD61N53,100-42-5,2020,03,0,0,0,0,0,326
1324223208632,9713WDPLST271E2,79-94-7,2024,03,0,0,0,0,0,326
1316215364643,16749QKRSTINTER,108-88-3,2016,05,0,0,0,0,0,324
1316214922116,37821GRTLKROUTE,100-41-4,2016,04,0,0,0,0,0,325
1317216670962,03062BNCHM1INNV,7439-92-1,2017,03,0,0,0,0,0,334
1322221462219,97124DYNCS4750N,108-88-3,2022,04,0,0,0,0,0,323
1322221291457,30125KMTTC601CA,108-88-3,2022,04,0,0,0,0,0,326
1314212948362,90040SHLND6608E,77-73-6,2014,05,0,0,0,0,0,325
1322221338205,4737WHRTLN4748W,N982,2022,03,0,0,0,0,0,311
1324222606903,21720FLTCN12129,67-56-1,2024,04,0,0,0,0,0,313
1324223034632,64701CHMSY1701V,124-40-3,2024,03,0,0,0,0,0,325
1322221115191,91016MXXXX1601S,108-88-3,2022,05,1,0,0,1,0,313
1324222482895,37389RNLDN100KI,7439-92-1,2024,01,0,0,0,0,0,999
1319217773744,4614WSTNLY51WES,7440-50-8,2019,04,0,0,0,0,0,332
1322221090347,77536SLTXP1230B,N450,2022,03,0,0,0,0,0,325
1317216234765,60140LCTRM15NRW,N090,2017,03,1,0,0,1,0,332
1324222892770,37744TRWNCSNAPP,7439-92-1,2024,03,0,0,0,0,0,333
1322221269234,73179GHRML7300S,N511,2022,02,1,0,0,1,0,311
1319218454179,37744TRWNCSNAPP,100-41-4,2019,03,0,1,0,0,0,333
1317216405151,68131RBRTS2901C,N511,2017,01,1,0,0,1,0,311
1319218289268,46514MRRYD1536G,N090,2019,05,0,0,0,0,0,332
1319218247207,83653SMPLT4912E,7697-37-2,2019,04,0,0,0,0,0,311
1324222783526,12920MCCDM23COL,N535,2024,03,0,0,0,0,0,311
1314212649711,42164SMTML796SM,7440-50-8,2014,04,0,0,0,0,0,335
1314212321780,7702WFLTNP32BEN,7439-92-1,2014,01,0,0,0,0,1,327
1314212902934,9206WTLDYN142ST,7440-39-3,2014,01,0,0,0,0,0,334
1316215289315,6676WCSTML48VER,7440-50-8,2016,04,0,0,0,0,1,331
1314212442949,46383TTNDV5103E,N450,2014,05,0,0,0,0,0,339
1316215573698,43731PCCRF11CHI,7440-47-3,2016,05,0,0,0,0,0,336
1316215023490,73036GMNLC101SW,71-36-3,2016,05,0,0,0,0,0,325
1315213922065,01923MDTRN37ACH,110-54-3,2015,03,0,0,0,0,0,339
1316215352129,76427RMRNNHWY38,1330-20-7,2016,03,0,0,0,0,0,332
1323221550369,68522LSTRL625WE,7439-92-1,2023,01,0,0,0,0,0,335
1314213152566,0651WGRNLF1WATE,67-56-1,2014,05,0,0,0,0,0,325
1323221897717,28273HRPRC11625,N090,2023,04,0,0,0,0,0,333
1318217127339,3377WDSNZH734BR,7439-92-1,2018,03,1,0,0,1,0,334
1315214136210,23168GRYST7992R,7439-92-1,2015,04,0,0,0,0,0,332
1316215765355,21741RSTLMINTER,95-63-6,2016,03,0,0,0,0,0,325
1314212552653,50664WPSVL30010,N511,2014,03,0,0,0,0,0,311
1320219003910,83639GSTFSBRUNE,82-68-8,2020,04,0,0,0,0,0,325
1322220813240,66216MBYCR12707,95-63-6,2022,04,0,0,0,0,0,325
1323221642174,75006TXSFN1801S,108-88-3,2023,03,0,0,0,0,0,332
1316215002205,95035SLCTR847GI,7439-92-1,2016,03,0,0,0,0,0,334
1317216479648,2870WVRTQN115VI,67-56-1,2017,03,0,0,0,0,0,333
1321219792696,7748WLNDSW8985W,N982,2021,04,0,0,0,0,0,325
1320218974451,44143NRMNN557AV,67-56-1,2020,04,0,0,0,0,0,339
1323222277408,4250WTYTTS1PINA,7439-92-1,2023,03,0,0,0,0,0,336
1316215315425,97526DMNDC550SE,1330-20-7,2016,03,0,0,0,0,0,337
1320219360474,35007VNTPL700IN,67-66-3,2020,04,0,0,0,0,0,325
1324222443879,3582WBNGCM499BE,7439-92-1,2024,03,0,0,0,0,0,336
1318216750152,03251BRNDYRT3AC,7439-92-1,2018,01,0,0,0,0,0,335
1319217671662,9883WSGLTM8789R,7664-41-7,2019,04,1,0,0,1,0,335
1317216368718,36105HGRHN150FO,N090,2017,04,0,0,0,0,0,332
1317215809385,60139WBSTR704EF,7664-41-7,2017,03,0,0,0,0,0,332
1315214349223,14304NRTNW6600W,108-95-2,2015,04,1,0,0,1,0,327
1320218819542,37363PWRSR9404O,7440-36-0,2020,04,0,0,0,0,0,335
1316215460609,17604JLCLR303NO,91-20-3,2016,04,0,0,0,0,1,332
1323221860796,62959DGRPH5307M,1330-20-7,2023,03,0,0,0,0,0,325
1324222920845,4806WMTLRT164TH,N740,2024,04,1,0,1,0,0,332
1315213805981,40403MTRWHGLADE,7439-92-1,2015,03,0,0,0,0,0,332
1314212778928,37309BWTRSROUTE,7664-93-9,2014,01,1,0,0,1,0,322
1315214277081,36105HYNDM7HYUN,67-56-1,2015,04,0,0,0,0,0,336
1318217581661,64836FRDSFHIGHW,7664-41-7,2018,04,0,0,0,0,0,311
1322221260449,45414YDRND3009P,7440-50-8,2022,02,0,0,0,0,0,331
1318217096039,62301QDMMR3400W,N450,2018,04,0,0,0,0,0,332
1323221625395,4021WKCHFL841AB,N120,2023,04,0,0,0,0,0,333
1321219716887,48218FRTZP255MA,7782-50-5,2021,03,0,0,0,0,0,331
1320218723880,29520STNLY100ST,N120,2020,03,0,0,0,0,0,332
1321220023648,48043DPNTM400GR,95-63-6,2021,04,0,1,1,0,0,325
1316215771510,32674MRGNC1701S,7440-47-3,2016,03,0,0,0,0,0,336
1319217880689,36105HYNDM7HYUN,71-36-3,2019,04,0,0,0,0,0,336
1314213039466,84720MRCNZ10622,7664-41-7,2014,05,0,0,0,0,0,325
1314212664080,50317TWNSN4400V,80-62-6,2014,04,0,0,0,0,0,326
1317215945813,06076CNNCXRIVER,108-95-2,2017,02,0,0,0,0,1,333
1321220153581,94553SHLLM10MOC,108-88-3,2021,04,0,0,0,0,0,325
1319217987460,45750VRDYBCOUNT,N450,2019,06,1,0,1,0,0,325
1322220898769,32221SFTMR13575,N096,2022,05,0,1,0,0,0,335
1315213701067,08857BLNDR1JAKE,N420,2015,02,0,0,0,0,0,334
1320219115641,45176DLTNCONEDU,N420,2020,01,0,0,0,0,0,339
1323222042158,46268LNPSN6925G,75-09-2,2023,04,0,0,0,0,0,325
1322221253444,25401CLBNC942BA,64-18-6,2022,04,0,0,0,0,0,325
1316215141565,0382WTRBCM5FARA,N106,2016,04,0,0,0,0,0,333
1316215362171,26164PCHNYROUTE,N982,2016,05,1,0,0,1,0,331
1324222747432,49423NTRRT1776A,N120,2024,03,0,0,0,0,0,336
1324222824753,65803CMSTR2101N,N090,2024,03,0,0,0,0,0,332
1314212351264,01089CMWST15AGA,191-24-2,2014,02,1,0,0,1,0,2211
1320218748010,77656STHHMFM418,1330-20-7,2020,05,1,0,1,0,0,325
1321220660928,17094TRNGLJUNIA,100-41-4,2021,04,0,0,0,0,0,337
1318217512553,35611JPTRN1500F,7440-47-3,2018,03,0,0,0,0,0,339
1324222823609,95206LDCST422GI,N458,2024,01,0,0,0,0,1,327
1316215489939,49461HWMTCONEMI,7440-47-3,2016,04,0,0,0,0,0,331
1318217223736,27420GLBRC7300F,7439-92-1,2018,05,0,1,0,0,1,333
1319218495327,28086CMMRC101CA,N495,2019,03,0,0,0,0,0,333
1322221498429,7403WWBCND18256,7440-02-0,2022,07,0,0,0,0,0,331
1314212454918,73111WGNMT1018E,100-42-5,2014,03,0,0,0,0,0,326
1316215450560,44004MLDDF1601W,100-42-5,2016,05,0,0,0,0,0,326
1316214937916,91744MNTXN13300,N230,2016,05,0,0,0,0,0,325
1316217672260,37644SNPNTSTATE,7440-02-0,2016,05,0,0,0,0,0,332
1315214028348,37644SNPNTSTATE,7440-02-0,2015,05,0,0,0,0,0,332
1317216260099,28052FRGHT1400T,7439-92-1,2017,04,0,0,0,0,0,336
1319217695372,52655GNRLL510AG,7440-50-8,2019,05,1,0,0,1,0,335
1321220210342,97470LCNCB867NB,100-42-5,2021,04,0,0,0,0,0,326
1319217959648,8021WBSLTX49RAC,7439-97-6,2019,01,0,0,0,0,1,327
1316215273487,89408JHNSM325IN,N120,2016,05,0,0,0,0,0,326
1323221879253,48030KCJNS321WT,7697-37-2,2023,03,0,0,0,0,0,332
1324222424119,90505GLBLC23155,872-50-4,2024,02,0,0,0,0,0,334
1321219814528,40065BNDMN2720P,108-88-3,2021,03,0,0,0,0,0,326
1322220670145,4670WSCTND1729W,N090,2022,05,1,0,0,1,0,999
1318216910442,46580DNCND245DE,N511,2018,04,1,0,0,1,0,332
1318216864037,37134MTHSN200MA,7782-50-5,2018,04,0,0,0,0,0,325
1314212325157,66110PBGRD300S3,1918-00-9,2014,06,0,1,0,0,0,325
1316215615129,48212DLTRS17350,N120,2016,06,0,0,0,0,0,325
1322221429196,55440HNYWL2600R,7439-92-1,2022,02,0,0,0,0,0,334
1323222124479,17701LCNCB409RE,67-56-1,2023,04,0,0,0,0,1,335
1321219811217,28360LKYST88CAT,7440-47-3,2021,05,0,0,0,0,0,332
1322221043742,15767PRFRM700MA,7440-50-8,2022,04,0,0,0,0,0,332
1319217994906,49423NTRRT1776A,872-50-4,2019,03,0,0,0,0,0,336
1321220587683,61537THGNCRURAL,7647-01-0,2021,03,1,0,0,1,0,325
1324222678056,32221SFTMR13575,N096,2024,05,0,1,0,0,0,335
1322220654444,46268LLTTC9200Z,106-94-5,2022,03,0,0,0,0,0,326
1322220830044,14304PRCSP2124L,N100,2022,05,1,1,1,0,0,332
1318216944429,5300WLLCST217WE,7440-50-8,2018,03,0,0,0,0,0,331
1318217345711,56284STHRNEASTH,7664-41-7,2018,05,1,0,0,1,0,311
1322220869566,4361WLPNTL4112C,67-56-1,2022,07,1,1,1,0,0,325
1320218835825,44203MLCPR361FA,1330-20-7,2020,04,0,0,0,0,0,325
1323222144471,01821MRCNS829MI,7439-92-1,2023,04,0,0,0,0,0,334
1323222265454,50613VKNGP711VI,N120,2023,03,0,0,0,0,0,331
1322220876332,06111DVNCD681NM,80-62-6,2022,04,0,0,0,0,0,325
1320218605982,15301WSTPN2833W,N982,2020,03,0,0,0,0,0,335
1318217944988,28217WSTNG5101W,7664-41-7,2018,03,0,0,0,0,0,333
1319217841699,15022NTNLP9GUTT,N530,2019,03,0,0,0,0,0,325
1314212881484,54216THVLL23KIL,7440-02-0,2014,04,0,0,0,0,0,332
1319218507008,80301SYNTX2075N,75-05-8,2019,05,0,0,0,0,0,325
1321219469487,0203WLPHGR2DISC,7439-92-1,2021,03,0,0,0,0,1,332
1315214215170,50616SLSBR1900R,7664-41-7,2015,04,1,0,0,1,0,325
1315214128148,45817DTRND320SN,117-81-7,2015,03,0,0,0,0,0,326
1315213819877,60178SYMRF917CR,100-41-4,2015,04,0,0,0,0,0,325
1323222387033,54701WRRNV5200S,N230,2023,03,0,0,0,0,0,562
1315214102550,38118DLCHM4025A,108-88-3,2015,06,0,0,0,0,0,4246
1316215539457,48057HSPTR4150S,1330-20-7,2016,02,0,0,0,0,0,325
1316215765367,21741RSTLMINTER,N230,2016,04,0,0,0,0,0,325
1323221681505,35950MLLRCWEAVE,108-10-1,2023,03,0,0,0,0,0,331
1315214399925,70075MRPHY2500E,115-07-1,2015,05,1,0,1,1,0,324
1316214954428,75119PLYGR3801H,110-54-3,2016,04,0,0,0,0,0,324
1316215538974,28052FRGHT1400T,7440-48-4,2016,04,0,0,0,0,0,336
1316215740010,36193RHMMN2600E,7440-47-3,2016,04,0,0,0,0,1,335
1317216016891,62202CHMTC3500M,7664-39-3,2017,06,0,1,1,0,0,325
1315213795127,17038VSLBN153MI,7439-92-1,2015,04,0,0,0,0,1,332
1315214412266,93012MDCLM1150C,80-62-6,2015,04,0,0,0,0,0,326
1315214440024,98951MTCHC18EJN,100-42-5,2015,04,0,0,0,0,0,326
1314211942507,60406BTLSP131ST,108-95-2,2014,05,1,0,1,0,0,325
1324222446775,5300WLLCST217WE,7440-50-8,2024,03,0,0,0,0,0,331
1318217087156,27804LCNCN400JE,N420,2018,04,0,0,0,0,0,332
1315213894785,49601RBRKS201HA,108-88-3,2015,04,0,0,0,0,0,332
1322220697989,17094TRNGLJUNIA,100-41-4,2022,04,0,0,0,0,0,337
1322221307806,90509LLDSG2525W,108-88-3,2022,04,0,0,0,0,0,336
1316214954442,75119PLYGR3801H,108-88-3,2016,04,0,0,0,0,0,324
1315213734813,76702VNTRN7711I,1330-20-7,2015,02,0,0,0,0,0,335
1322220812349,48239ZBRTN26500,1330-20-7,2022,03,0,0,0,0,0,325
1315213839145,17519CNSTG245RE,1330-20-7,2015,03,0,0,0,0,0,337
1322221401211,37644SNPNTSTATE,N982,2022,03,0,0,0,0,1,332
1324222980854,94565CRTRN2850W,7697-37-2,2024,04,0,0,0,0,0,325
1319218069464,9530WBRBSC22EGR,108-88-3,2019,01,0,0,0,0,0,337
1322220997112,39074HGHSRRTE5B,7439-92-1,2022,03,0,0,0,0,0,334
1324223073370,92649TDZCN15701,7439-92-1,2024,03,0,0,0,0,0,332
1315213632781,14304PRCSP2124L,N420,2015,03,1,0,1,0,0,332
1314212681833,36863KNFFBHUGUL,N090,2014,05,0,0,0,0,0,327
1314212916858,77592MCCHMFOOTO,108-88-3,2014,04,1,0,0,1,1,325
1316215362409,54162CRVRBINDUS,100-42-5,2016,04,0,0,0,0,0,336
1318219469513,0203WLPHGR2DISC,7439-92-1,2018,03,0,0,0,0,1,332
1317216010292,75006THGLD1900J,N420,2017,02,0,0,0,0,1,325
1320219374790,91746LGHTM13329,7439-96-5,2020,04,0,0,0,0,0,331
1314212589713,02254PLTNG94CAL,7697-37-2,2014,03,0,0,0,0,0,332
1314212954046,7146WFDRLC1AIRB,7439-92-1,2014,02,0,0,0,0,0,999
1320219149729,44092SHRWD29501,7440-02-0,2020,05,0,0,0,0,0,336
1319218477228,53092RCKWL6400W,7439-92-1,2019,02,0,0,0,0,0,335
1321219631443,74116JHNZN11920,7440-02-0,2021,05,0,0,0,0,0,332
1322221309901,49085VLRBB521LA,N420,2022,01,0,0,0,0,0,326
1318216771408,6108WWHLCL29NLC,7439-96-5,2018,04,0,0,0,0,0,335
1318217549361,9270WPNRCR3SUTH,7439-92-1,2018,04,0,0,0,0,0,334
1320219052014,54401WSCHM2001N,N530,2020,03,0,0,0,0,0,325
1319219434230,32347BCKYCROUTE,7664-41-7,2019,03,1,0,0,1,0,322
1321220162996,43457CHRTR6255U,N511,2021,03,1,0,0,1,0,331
1321220511277,94303VRNSS611HA,7439-92-1,2021,03,0,0,0,0,0,334
1316215655236,68601BCTNDINDUS,7697-37-2,2016,04,0,0,0,0,0,339
1323223208772,17519CNSTG245RE,1330-20-7,2023,03,0,0,0,0,0,321
1320219050996,49015NPPNDONEDE,7664-39-3,2020,03,1,0,0,1,0,336
1321220642197,46562SPXCR5ARNO,7440-50-8,2021,04,1,0,0,1,0,331
1315215771128,15665WSTNGROUTE,71-36-3,2015,04,0,0,0,0,0,325
1314213071172,53042STLTN52HWY,7440-47-3,2014,05,0,0,0,0,0,333
1316215708114,34294PRDYN8550U,7439-92-1,2016,03,1,0,0,1,0,334
1316215136159,18702NSNNG1141H,7440-47-3,2016,04,0,0,0,0,0,336
1321220442293,48057HSPTR4150S,108-31-6,2021,03,0,0,0,0,0,325
1316215545056,50616SLSBR1900R,121-44-8,2016,04,0,0,0,0,0,325
1322220805485,85205MCDNN5000E,79-94-7,2022,01,0,0,0,0,0,336
1316215060955,85282SCNTG77WGE,7697-37-2,2016,03,0,0,0,0,0,332
1314212503243,73143BCHMN2220S,N230,2014,04,0,0,0,0,0,325
1317215905492,46377PRDGN23326,108-10-1,2017,04,0,0,0,0,0,323
1315213591757,92301RCHMN8801E,7647-01-0,2015,05,0,0,0,0,0,336
1315214292284,7057WFLWCH289CU,95-63-6,2015,04,0,0,0,0,0,999
1314214295139,98134LSKNC32006,N100,2014,04,0,0,0,0,0,332
1323221624745,5203WBLLVS29427,1344-28-1,2023,04,0,1,0,0,0,327
1324222635777,4701WNRFNC831GL,N090,2024,05,0,0,0,0,0,327
1319218193338,77665MRCHMHWY12,106-44-5,2019,05,0,0,0,0,0,325
1318217079704,60152RNLDN300WE,106-94-5,2018,03,0,0,0,0,0,332
1322221055751,37854CTGRP315CA,7440-50-8,2022,04,0,0,0,0,0,332
1315214327049,5103WPRRSN22234,110-54-3,2015,08,0,0,0,0,0,311
1315214385256,37744BLLZNBALLR,7782-50-5,2015,01,0,0,0,0,0,331
1319217710173,04841FSHRN50GOR,N450,2019,03,0,0,0,0,0,333
1314212475483,44706MDWST4936S,1330-20-7,2014,04,0,0,0,0,0,332
1316215513363,47670TYTMT4000T,7440-47-3,2016,04,0,0,0,0,0,336
1322220838015,23836KTNGR833LI,N100,2022,04,1,0,0,1,1,332
1317216402596,82701WYMNG740WE,110-82-7,2017,05,1,0,0,0,1,324
1323221937648,55311BSTNS2SCIM,7697-37-2,2023,03,0,0,0,0,0,339
1318216983458,16749QKRSTINTER,110-82-7,2018,03,0,0,0,0,0,324
1315214045991,17837PLYWR1BUFF,N450,2015,03,0,0,0,0,0,339
1316215037868,56303PRKND631SA,7440-02-0,2016,02,0,0,0,0,0,333
1318216834097,42141MKBRK1765C,N010,2018,03,0,0,0,0,0,336
1316215063138,45368YMDNN9CLUM,7440-66-6,2016,03,1,0,0,1,0,336
1315213937283,24141NWRVRRTE11,N511,2015,04,0,0,0,0,0,325
1323221872955,90670BRNNT10747,64-18-6,2023,04,0,0,0,0,0,4246
1314212840920,48217MRTHN1300S,7664-41-7,2014,05,1,0,0,1,0,324
1324222718013,45036SCHMD360HA,100-42-5,2024,03,0,0,0,0,0,326
1324222507079,3016WCNCRD795TR,N420,2024,06,0,0,0,0,0,335
1323221549482,4670WSCTND1729W,7439-96-5,2023,05,1,0,1,0,0,999
1317216051375,42240GRPNT208CO,N120,2017,05,0,0,0,0,0,336
1314212942852,4361WRKRPR491ST,108-38-3,2014,01,0,0,0,0,0,336
1324222463743,76104VNDRV900SM,N511,2024,03,1,0,0,1,0,311
1314212824039,55744BLNDN115SW,7439-92-1,2014,02,0,0,0,0,1,322
1320218623700,77417HDSNPHIGHW,1330-20-7,2020,03,0,0,0,0,0,332
1318217537048,36652SCTTPBAYBR,7664-41-7,2018,04,0,0,0,0,0,322
1321219954423,65340CNGRF253WE,7697-37-2,2021,03,0,0,0,0,0,311
1315214365708,61061BRDNNWHITE,N090,2015,04,0,0,0,0,0,325
1323221829702,16143YNGGLPOBOX,7439-92-1,2023,03,0,0,0,0,0,332
1317216042604,01923MDTRN37ACH,110-54-3,2017,03,0,0,0,0,0,339
1314212916225,60438BCHMC2700E,100-41-4,2014,04,0,0,0,0,0,325
1315213988710,7470WCRDNL515CA,7439-92-1,2015,02,0,0,0,0,1,327
1317219408313,2618WHNMTR1HINW,67-56-1,2017,04,0,0,0,0,0,336
1315214451801,07727PPLCD5029I,7439-92-1,2015,03,0,0,0,0,0,334
1314212715510,46241RLLYT1500S,7664-41-7,2014,04,0,0,0,0,0,325
1318216798114,91352NPLCR11912,100-42-5,2018,04,0,0,0,0,0,325
1314212953879,58027NRTHR55251,8001-58-9,2014,05,0,0,0,0,0,311
1324222681621,17519CNSTG245RE,108-10-1,2024,03,0,0,0,0,0,321
1319218047583,53901CPSLR2500W,330-54-1,2019,04,0,0,0,0,0,325
1324223165123,48057HSPTR4150S,335-76-2,2024,02,0,0,0,0,0,325
1321220253280,77905NVSTS2695L,71-43-2,2021,05,1,0,0,1,1,325
1324222776888,4662WMDNRH171NS,7429-90-5,2024,05,0,0,0,0,1,332
1323221761810,8503WBNCHM321EH,7439-92-1,2023,02,0,0,0,0,0,334
1322221025632,94565CRTRN2850W,N511,2022,05,0,0,0,0,0,325
1322221388426,37620BCHML501FI,67-56-1,2022,04,0,1,0,0,0,325
1319218427894,3847WMGNTM181BB,78-92-2,2019,03,0,0,0,0,0,336
1320218856767,28621WYRHSRT3OF,N120,2020,04,0,0,0,0,0,321
1321220383665,78521NRTNC1505M,108-95-2,2021,04,0,0,0,0,0,327
1318217463633,4403WRDDLL751PE,1330-20-7,2018,04,0,0,0,0,0,339
1320219254695,92101SLRTR2200P,7440-47-3,2020,04,0,1,0,0,0,333
1321220274157,1511WHLTCM76BRA,7440-02-0,2021,06,0,0,0,0,0,332
1322220775201,3002WSNYCH215SA,N230,2022,05,0,0,0,0,0,325
1314212765515,6760WHSSSR17892,1330-20-7,2014,03,0,0,0,0,0,326
1320218720074,32218NKFLR141WH,7439-92-1,2020,02,0,0,0,0,1,331
1318217558749,83653SMPLT4912E,N511,2018,04,1,0,0,1,0,311
1323221643923,46526BNTLR910SE,7440-47-3,2023,04,0,0,0,0,0,336
1323222520405,6877WNGRDN39516,79-21-0,2023,03,0,0,0,0,0,311
1323221755388,06492BYKCH524SO,872-50-4,2023,05,0,1,1,0,0,325
1322221155171,77656STHHMFM418,91-20-3,2022,05,0,0,0,0,0,325
1318217130982,9800WMHWKN71AST,N120,2018,03,0,0,0,0,0,326
1324222469102,42240DNCRP301BI,N230,2024,04,0,0,0,0,0,336
1316215088295,79721FNLNDIS20E,106-99-0,2016,01,0,0,0,0,1,324
1321219690005,75006TXSFN1801S,N230,2021,03,0,0,0,0,0,332
1321220165005,37398CKRNDRTE3B,108-88-3,2021,03,0,1,0,0,0,326
1319217717329,73505GDYRT1GOOD,N096,2019,03,1,1,0,0,0,326
1317219442833,52627CHVRN1800S,94-75-7,2017,05,0,0,0,0,0,325
1320219224209,19087JHNSN43645,N040,2020,05,0,0,0,0,0,336
1319218365498,01102SMTHW2100R,N511,2019,04,1,0,0,1,0,332
1319217959853,37744BLLZNBALLR,N982,2019,06,1,1,1,1,0,331
1317215816695,60007PNRYC1801E,7632-00-0,2017,03,0,0,0,0,0,325
1321220001008,37406SYNRC4001N,111-42-2,2021,05,0,0,0,0,0,325
1314212318950,46506RSTNCEAST2,7440-50-8,2014,06,0,0,0,0,0,331
1317215971286,36105HYNDM7HYUN,100-41-4,2017,05,0,0,0,0,0,336
1318216972063,53212JHNSN900EK,7439-92-1,2018,05,0,0,0,0,0,335
1322221235981,3562WSNPNT18771,7440-47-3,2022,04,0,0,0,0,0,332
1318217240276,42101BDCMP31WNO,7439-92-1,2018,05,0,0,0,0,0,336
1320219034333,16749QKRSTINTER,1330-20-7,2020,03,0,0,0,0,0,324
1319218289320,46514MRRYD1536G,N450,2019,06,0,1,0,1,0,332
1315213747215,32901RCKWL1100W,7439-92-1,2015,02,0,0,0,0,0,334
1322220679981,06001RFLXT120DA,108-88-3,2022,03,0,0,0,0,0,323
1316215367893,23168GRYST7992R,7439-92-1,2016,04,0,0,0,0,0,332
1314212675033,61537BFGDRRR1BO,75-05-8,2014,04,0,0,0,0,0,325
1323221740044,45245KDPRC3975M,7439-92-1,2023,02,0,0,0,0,0,332
1324222627756,01581MRSHMNEAME,872-50-4,2024,04,0,0,0,0,0,333
1315213550977,2937WSBWLD256MI,7440-02-0,2015,05,0,0,0,0,0,331
1314212322263,7616WFRTWR88NRT,7439-92-1,2014,01,0,0,0,0,1,327
1314212809558,05301FLFLXPUTNE,N420,2014,02,0,0,0,0,0,326
1314212779108,91761NMLDB1750M,7697-37-2,2014,04,0,0,0,0,0,332
1317216604342,53085LDRCH6100H,75-05-8,2017,05,0,0,0,0,0,325
1315213753167,14901KNNDY1021E,N090,2015,03,0,0,0,0,0,331
1318217169756,69165MDWST27532,7664-41-7,2018,03,0,0,0,0,0,325
1316215426091,87113MTRLN4800A,N420,2016,04,1,1,1,0,0,334
1316215158751,45242CNCNN5901C,7440-47-3,2016,02,0,0,0,0,0,332
1320219232485,35806NGLHR9800K,7664-41-7,2020,03,0,0,0,0,0,336
1314212637971,53950WLKRS625ST,7439-96-5,2014,05,0,0,0,0,0,332
1314212977817,92069SMTML915AR,107-21-1,2014,04,0,0,0,0,0,325
1314212442952,46383TTNDV5103E,7440-02-0,2014,03,0,0,0,0,0,339
1322220697344,03062TRDYN4PITT,7647-01-0,2022,02,1,0,0,0,0,334
1321220009423,55434NCRNP4000P,N230,2021,04,0,0,0,0,0,325
1318217323207,06075NRTHMOLDMO,7697-37-2,2018,03,0,0,0,0,0,334
1324222687966,56093FJHNS299JO,7440-50-8,2024,03,0,0,0,0,0,334
1318217630817,15301XMRKC21NMA,N450,2018,04,0,0,0,0,0,332
1315214332847,11787GLLLC300MA,7439-92-1,2015,02,0,0,0,0,0,336
1321221431570,49331PRFRM615CH,N120,2021,04,0,0,0,0,0,326
1317216482099,6304WPLYDS4285R,N982,2017,04,0,0,0,0,0,325
1315214468466,1733WFLGHT55FIS,7439-92-1,2015,03,0,0,0,0,0,336
1322220780744,6570WRCHTC77WHW,100-41-4,2022,01,0,0,0,0,0,332
1314212802223,21620HLSMRMDRTE,191-24-2,2014,01,1,0,0,1,0,325
1314212804633,91749CMCCH18383,N230,2014,06,0,0,0,0,0,325
1316215676964,19380ZKSCM1302G,7440-02-0,2016,03,0,0,0,0,1,333
1321220594028,5223WHWKYR134HA,N420,2021,01,0,0,0,0,1,327
1317216117085,44460WRRNM800PE,95-63-6,2017,03,0,0,0,0,0,326
1317216498509,02703LCHGR49PEA,N511,2017,01,1,0,0,1,0,339
1320219347592,54476CRYST2608R,131-11-3,2020,03,0,0,0,0,0,332
1315214272585,48184NSTRT35660,7440-47-3,2015,03,0,0,0,0,1,332
1321219970567,44144PLSTC9921C,N495,2021,04,1,0,0,0,1,332
1320218999187,7757WGSNNV185EH,115-07-1,2020,04,0,0,0,0,0,4247
1316215683448,35125RVRSDTRUSS,N590,2016,04,0,1,0,0,0,999
1315214205686,49224GRDNF1000E,50-00-0,2015,04,0,0,0,0,0,327
1315214357624,55379CRPMT7632H,N511,2015,06,0,0,0,0,0,325
1316215047592,72764SPRNG81NJE,N982,2016,05,0,0,0,0,0,326
1316218623231,73505CHMCL5201S,N096,2016,05,0,0,0,0,0,325
1316215334691,78218BKRLT6110R,108-88-3,2016,04,0,0,0,0,0,322
1321220522837,53545SHRXC2001A,75-21-8,2021,05,0,0,0,0,0,325
1322221002140,00841VRGNSESTAT,N100,2022,04,0,0,0,0,0,3121
1322221031394,95023PCFCP2340B,872-50-4,2022,05,0,0,0,0,0,331
1324223123821,59011STLLWPOBOX,N511,2024,02,1,0,0,1,0,2122
1323222323533,6721WCHRMP3939W,7697-37-2,2023,04,0,0,0,0,0,332
1323222392363,28704DYNTR95GLE,N120,2023,04,0,0,0,0,0,326
1324222813014,24112CMMNW345BE,872-50-4,2024,04,0,0,0,0,0,326
1322220715635,65340CNGRF253WE,7664-41-7,2022,04,0,0,0,0,0,311
1316215471905,08619THTRN2231E,N120,2016,03,0,0,0,0,0,333
1320218747943,77656STHHMFM418,110-82-7,2020,05,1,0,0,1,0,325
1316215645831,53080CHRTR1658C,7647-01-0,2016,01,1,0,0,1,0,331
1320219391024,92621LCTRN537WE,7697-37-2,2020,04,0,0,0,0,0,332
1322221155094,77656STHHMFM418,71-43-2,2022,05,1,0,1,0,0,325
1314212753154,49015STNLY1500H,7439-92-1,2014,02,0,0,0,0,0,336
1323222107587,0160WTRCBX15CPP,7440-50-8,2023,05,0,0,0,0,0,332
1316215588563,68802MNFRT555SO,N511,2016,04,1,0,0,1,0,311
1318217348592,19134PRLTC3620G,100-42-5,2018,04,0,0,0,0,0,325
1324222987075,45212MSCNC2909H,108-88-3,2024,05,0,1,1,0,0,4246
1322221205786,7812WWTXSX565BL,100-41-4,2022,01,0,0,0,0,0,336
1315214160804,63080RFLTC225IN,110-82-7,2015,05,0,0,0,0,0,325
1316215075161,19134PRLTC3620G,100-42-5,2016,04,0,0,0,0,0,325
1321219704549,01950NNSPC3MALC,N230,2021,04,0,0,0,0,0,325
1317216552428,92621LCTRN537WE,7697-37-2,2017,03,0,0,0,0,0,332
1317215947298,9176WDNCNX1745E,N511,2017,04,1,0,0,1,0,332
1315214453211,08027CRDXCALINE,7664-41-7,2015,03,0,0,0,0,0,325
1314212390482,06492CYRNDSOUTH,108-88-3,2014,05,0,0,0,0,0,325
1324223116462,60440QNTMF750SS,7664-41-7,2024,04,0,0,0,0,0,311
1315214090110,1460WXLSGS8LEER,7439-92-1,2015,02,0,0,0,0,0,333
1315214331391,00965SSCTBSTATE,100-41-4,2015,07,0,0,0,0,0,4247
1315213711260,88008FMXPR2500A,26471-62-5,2015,05,0,0,0,0,0,326
1316215604745,36105HGRHN150FO,N100,2016,03,0,0,0,0,0,332
1319218273579,16749QKRSTINTER,1330-20-7,2019,03,0,0,0,0,0,324
1316215466727,45356HRTZL11SMA,100-42-5,2016,03,0,0,0,0,0,333
1315214295178,98134LSKNC32006,N450,2015,03,0,0,0,0,0,332
1323221844842,27804LCNCN400JE,7440-66-6,2023,03,0,0,0,0,0,332
1318217135666,37686PLYMR688IN,108-88-3,2018,04,0,0,0,0,0,326
1318217156342,19087JHNSN43645,N040,2018,05,0,0,0,0,0,336
1324222588220,06492LBRCH1DUDL,7440-48-4,2024,04,0,0,0,0,0,331
1315213984178,05452BMXXX1000R,7697-37-2,2015,04,0,0,0,0,0,334
1322221346455,35217GLSFR3943V,100-42-5,2022,05,0,0,0,0,0,326
1324223093636,44258RCPPR230NS,7440-50-8,2024,04,0,1,1,1,0,332
1316215081112,0887WNWWRL1RAND,7440-02-0,2016,04,0,0,0,0,0,331
1316215673106,56284STHRNEASTH,N420,2016,02,1,0,0,1,1,311
1316215465699,92376DRTCH2720S,100-42-5,2016,07,0,0,0,0,0,325
1322220854525,9000WLDCNT5855H,N090,2022,02,0,0,0,0,0,332
1314212942282,98944DRGLD400AL,7697-37-2,2014,05,0,0,0,0,0,311
1314212644328,55113SCHRD2080R,7697-37-2,2014,03,0,0,0,0,0,311
1316215193917,43618TLNDS2541T,N420,2016,03,0,0,0,0,1,334
1320218913996,80550VSTSB1114E,N120,2020,04,0,0,0,0,0,333
1317216368934,9093WRGCHM3933I,7664-41-7,2017,06,0,0,0,0,0,4246
1322223214901,63630BCKMNHIGHW,107-06-2,2022,05,1,0,0,1,0,325
1317216091443,72904JMSRV4411M,7664-41-7,2017,03,1,0,0,1,0,322
1323221549734,75668SCTND3756F,N090,2023,06,1,1,1,1,0,332
1321219935754,32234FLRDSHWY21,N458,2021,01,1,0,0,1,0,331
1321219708233,83639GSTFSBRUNE,118-74-1,2021,02,0,0,0,0,1,325
1316215623962,66536NYXCL22AND,100-42-5,2016,05,0,0,0,0,0,326
1318217055387,45242CNCNN5901C,7440-47-3,2018,02,0,0,0,0,0,332
1322221426404,98134LSKNC32006,N090,2022,04,0,0,0,0,0,332
1321220299465,13476DRYLCWARDS,7697-37-2,2021,04,0,0,0,0,0,311
1319217994918,49423NTRRT1776A,108-88-3,2019,02,0,0,0,0,0,336
1317216515445,78521NRTNC1505M,108-95-2,2017,04,0,0,0,0,0,327
1315214309662,62618XCLCRRR1BO,7664-41-7,2015,05,1,0,0,1,0,311
1314212646828,90040KSRLM6250E,7439-92-1,2014,01,0,0,0,0,1,331
1316215095985,37041TRNCMHIGHW,7440-50-8,2016,03,0,0,0,0,0,333
1318217542846,06497HMPFR292LO,75-09-2,2018,04,0,0,0,0,0,325
1314212503256,73143BCHMN2220S,107-21-1,2014,04,0,0,0,0,0,325
1316215198375,47170MLTCLHWY31,110-54-3,2016,03,0,0,0,0,0,323
1314212936153,9191WDNCST1891N,N090,2014,04,1,1,1,1,0,332
1322221390115,02703VTRNL10VEN,7440-50-8,2022,04,0,0,0,0,0,335
1314212918977,37744BLLZNBALLR,N106,2014,04,0,1,0,0,0,331
1319217925078,21720FLTCN12129,67-56-1,2019,03,0,0,0,0,0,313
1321220303667,30474TLNTCATLAN,N150,2021,18,1,0,0,1,1,321
1321219702394,19510CNCRPEXCEL,N230,2021,04,0,0,0,0,0,332
1318217156785,77041TSHBN13131,100-42-5,2018,03,0,0,0,0,0,335
1322220749473,85210PHMNP112WI,7440-47-3,2022,01,0,0,0,0,0,333
1323222063923,94553SHLLM10MOC,7664-41-7,2023,03,0,0,0,0,0,325
1321220188320,70776CBGGYRIVER,1912-24-9,2021,07,1,0,1,0,1,325
1316215295155,60090CSTMT420NO,1330-20-7,2016,04,0,0,0,0,0,326
1314212572046,63120WSTNG4350S,7440-50-8,2014,05,0,0,0,0,0,335
1315214031332,3016WTMPLN38MAY,67-56-1,2015,01,1,0,0,1,0,321
1314212783904,9323WMRQZB612WE,7697-37-2,2014,04,0,0,0,0,0,311
1316215232315,46628BRNCR2001W,N120,2016,04,0,0,0,0,0,325
1314212311118,27288MLLRB863EA,N420,2014,01,1,0,0,1,0,3121
1316214966463,54115NCLTP200MA,N420,2016,02,1,0,0,0,1,322
1317216089413,90201MTLSR6060S,N420,2017,02,0,0,0,0,0,332
1321220343711,98532MPRLF26MAU,7440-47-3,2021,06,0,0,0,0,0,336
1315214225462,9513WNFNTS391N1,7439-92-1,2015,02,0,0,0,0,0,334
1318217430685,48764TWSPL510IN,7697-37-2,2018,03,0,0,0,0,0,332
1315214295851,63111RHNPL133EK,59669-26-0,2015,05,0,0,0,0,0,325
1318217113063,17751VRYCHDRAKE,7664-41-7,2018,04,0,0,0,0,0,325
1318216995757,35806NGLHR9800K,7664-41-7,2018,03,0,0,0,0,0,336
1319218454041,0810WKRSHN1HLTE,7439-96-5,2019,05,0,0,0,0,0,332
1320218841423,29411DPNTCCYPRE,67-56-1,2020,05,1,0,0,1,0,325
1324222561995,72701KRNYD3660S,7439-92-1,2024,03,0,0,0,0,0,335
1319218532277,18017NTNLM1210W,N982,2019,04,0,0,0,0,0,327
1315214353967,92083TMPRS1390A,7439-92-1,2015,02,0,0,0,0,0,334
1319217859180,54110PRFSSHWY10,7440-47-3,2019,03,0,1,0,1,0,332
1322220764524,37398CKRNDRTE3B,108-88-3,2022,01,0,1,0,0,0,326
1315214060838,16502KLNPL2020G,7697-37-2,2015,04,0,0,0,0,0,332
1323222338624,33316KRNKS1010S,98-82-8,2023,02,0,0,0,0,1,324
1314212954275,38821TTNGN1110B,7440-47-3,2014,04,0,0,0,0,0,332
1319218206682,6753WDNNSP36NEH,N096,2019,03,1,0,0,1,0,336
1314212421251,67217SMTHF2501S,101-77-9,2014,04,0,0,0,0,0,326
1314213105036,95380RGRSF151SW,75-56-9,2014,03,0,0,0,0,0,311
1314212419408,46750NTDTC3650W,7439-92-1,2014,03,0,0,0,0,0,334
1318217337106,29556NTRNTHWY52,7664-41-7,2018,04,0,0,0,0,0,311
1317215817026,16365NTRLC1401L,7439-97-6,2017,02,0,0,0,0,0,335
1317216341848,13204NPLTC459PU,N495,2017,04,1,0,0,1,0,332
1314212749600,43229NHSRB700ES,7697-37-2,2014,04,0,0,0,0,0,3121
1316215166721,15557RCKWD300MA,7440-47-3,2016,05,0,0,0,0,0,332
1320218759328,53901CPSLR2500W,50-00-0,2020,02,1,0,0,1,0,325
1316215466689,86301STRMRRUGER,N090,2016,03,0,1,0,0,0,332
1314212564987,63021BSSMN114OL,7440-50-8,2014,04,0,0,0,0,0,335
1319217915255,28734CHCGR324IN,N420,2019,02,0,0,0,0,0,339
1319217959497,48823SPRRB4893D,7440-50-8,2019,04,1,0,1,1,0,331
1319217959636,8021WBSLTX49RAC,7439-92-1,2019,02,0,0,0,0,1,327
1314212402275,76504CNTRF3320P,N495,2014,05,0,0,0,0,0,331
1317215870787,46131KYBND2525N,N090,2017,05,1,0,0,1,1,336
1316215135029,30085DXNDS4925S,N982,2016,04,1,0,0,1,0,332
1321220419194,16823PZKNT66ERL,N420,2021,04,1,0,0,0,0,334
1321220559241,53022ZNTHSN112W,7440-50-8,2021,03,0,0,0,0,0,332
1323221706397,48917LNSNG3725S,N770,2023,04,1,0,0,1,0,2211
1323221533108,98424MLGRD29357,100-42-5,2023,04,0,0,0,0,0,326
1316215541552,19540GTRNC400EW,7439-92-1,2016,03,0,0,0,0,1,334
1316215673056,56284STHRNEASTH,7664-41-7,2016,05,1,0,0,1,0,311
1319218195497,75455FRNCD1300I,N010,2019,04,0,0,0,0,0,335
1323221642162,75006TXSFN1801S,131-11-3,2023,03,0,0,0,0,0,332
1324222916684,28273HRPRC11625,N090,2024,04,0,0,0,0,0,333
1321219687086,40033TYTBS2FRAN,110-82-7,2021,03,0,0,0,0,0,336
1315214371585,87113SMTCM9401S,7664-39-3,2015,04,0,0,0,0,0,334
1316215081340,0887WNWWRL1RAND,7440-47-3,2016,04,0,0,0,0,0,331
1314212321893,7738WDLTPL975BR,7439-92-1,2014,01,0,0,0,0,1,327
1316214982617,42701MSRCS2112N,1330-20-7,2016,03,0,0,0,0,0,337
1316215003702,79007JMHBRHIGHW,71-43-2,2016,01,1,0,0,0,0,325
1315214458869,43137LXTTC215BI,7440-43-9,2015,02,0,0,0,0,0,339
1317216065680,76301NTDLC50151,7440-50-8,2017,05,0,0,0,0,0,333
1319217629649,35631MCFRTCORNE,N511,2019,05,0,0,0,0,0,325
1320218733020,50616SLSBR1900R,107-21-1,2020,03,0,0,0,0,0,325
1320218575431,37398CKRNDRTE3B,1330-20-7,2020,02,0,1,0,0,0,326
1316215139054,13021WCKSM1WICK,7439-92-1,2016,03,0,0,0,0,0,336
1321220027282,93662FRSNV7736E,7439-92-1,2021,04,0,0,0,0,0,331
1322220744825,3735WSNFRD831VL,71-36-3,2022,04,0,0,0,0,0,325
1323221580842,31728THTRR2525T,100-42-5,2023,04,0,0,0,0,0,336
1318217208242,98073GNNDS18700,7439-96-5,2018,03,0,0,0,0,0,333
1319218406650,45225MCRMT3448S,7697-37-2,2019,03,0,0,0,0,0,332
1322221113172,55311BSTNS2SCIM,62-56-6,2022,03,0,0,0,0,0,339
1321219973500,49078PRKRH100PA,N120,2021,03,0,0,0,0,0,333
1319217978028,32905FRRSR2210W,1634-04-4,2019,03,0,0,0,0,0,325
1318216920862,02703CHMTC52GAR,N740,2018,06,1,0,1,0,0,332
1319218108165,19123NTNLC401NO,N230,2019,06,0,0,0,0,0,325
1322221212475,47374BLDNW350NO,N982,2022,05,0,0,0,0,0,331
1322220825956,44024LSTCH145PA,N982,2022,04,0,1,1,0,0,326
1315213947310,46705TRNNC5HLTH,7439-92-1,2015,01,0,0,0,0,0,336
1317216335125,52627CHVRN1800S,82657-04-3,2017,05,0,0,0,0,0,325
1321219660798,08088CLNLC78CAR,107-21-1,2021,05,0,1,0,0,0,325
1316215747128,45320BLLNL950SF,7664-39-3,2016,03,0,0,0,0,0,335
1314212322352,7516WTRRLL13MET,7439-92-1,2014,01,0,0,0,0,1,327
1319218183958,75006THGLD1900J,N230,2019,04,0,0,0,0,0,325
1316215028679,37809DTRTN199BO,108-88-3,2016,03,0,0,0,0,0,326
1321220438511,61462MRHPCNORTH,7664-41-7,2021,04,1,0,1,1,0,311
1315214363929,47710NSLNC1014U,N982,2015,04,0,0,0,0,0,325
1321220143150,47902STLYM2245N,7664-41-7,2021,04,1,0,0,1,0,311
1322220861241,38555STNPK238PR,7440-48-4,2022,03,0,0,0,0,0,327
1322222372928,42240DNCRP301BI,7439-96-5,2022,05,0,0,0,0,0,336
1322221098003,26201CRHRTROUTE,N090,2022,06,0,0,0,0,0,327
1323221838384,02254PLTNG94CAL,7697-37-2,2023,03,0,0,0,0,0,332
1315214046702,08619THTRN2231E,N120,2015,03,0,0,0,0,0,333
1316215381171,37620BCHML501FI,75-09-2,2016,03,0,0,0,0,0,325
1318217531627,95014KSRCMNAXXX,N090,2018,05,1,0,0,0,1,327
1314212317768,14304PRCSP2124L,N420,2014,03,1,0,1,0,0,332
1314212401879,08691WBTCH108NG,108-10-1,2014,03,0,0,0,0,0,323
1324222604934,38555STNPK238PR,107-21-1,2024,04,0,0,0,0,0,327
1316214950127,1606WLBCHM11JAC,N458,2016,01,0,0,0,0,0,325
1315214452714,8464WBRNSB38NRT,7440-50-8,2015,04,0,0,0,0,0,332
1314212489052,32905FRRSR2210W,108-10-1,2014,04,0,0,0,0,0,325
1319217855978,46383WNSCR2552I,N096,2019,03,0,0,0,0,0,325
1321219796099,22153SCPVR8000R,N230,2021,04,0,0,0,0,0,325
1320219304197,45331WHRLP171KI,7440-50-8,2020,03,0,0,0,0,0,335
1318216842474,75038QFBNC192HU,N420,2018,02,1,0,0,1,0,334
1315214308468,7560WMNNDS16LTR,107-21-1,2015,05,0,0,0,0,0,325
1324222733558,02905MNRCH189GE,7440-50-8,2024,03,0,0,0,0,0,332
1315214235374,12502SCHWT2424R,191-24-2,2015,01,0,0,0,0,0,322
1316215180074,1686WPMGPN187EN,7440-50-8,2016,03,0,0,0,0,0,332
1316215692726,9288WRWLYL2665R,7439-92-1,2016,02,0,0,0,0,1,332
1315218456236,4524WWNCMN11444,7632-00-0,2015,03,0,0,0,0,1,325
1320218624070,77590DLLSG301DO,7664-41-7,2020,04,0,0,0,0,0,325
1323222387072,54701WRRNV5200S,67-56-1,2023,05,0,0,0,0,0,562
1315214110722,94802GNRLC525CA,7664-93-9,2015,05,1,0,0,0,0,325
1322220718389,84020BLLRD12050,107-21-1,2022,03,0,0,0,0,0,339
1314212419600,16901GTPRD1JACK,7664-39-3,2014,04,0,0,0,0,0,327
1316215364567,16749QKRSTINTER,7664-41-7,2016,04,1,0,0,1,0,324
1317216028391,71602SRMYP10020,12185-10-3,2017,05,0,0,0,0,0,999
1316214937664,0700WHNRYR59E1S,7439-92-1,2016,04,0,0,0,0,0,332
1316215116652,75050SRGRD23501,N230,2016,04,0,0,0,0,0,325
1318217401393,8021WBSLTX49RAC,7439-92-1,2018,02,0,0,0,0,1,327
1318217402573,8091WBSLTC3255D,N420,2018,01,0,0,0,0,1,327
1314212389682,7610WSPMFL761WY,7440-47-3,2014,04,0,0,0,0,0,333
1315213607043,06804TRDNT1114F,N420,2015,02,0,0,0,0,0,334
1315214116434,14611RCHST2CAIR,N495,2015,03,0,0,0,0,0,332
1315213211915,94928PRKRH5500B,7439-92-1,2015,02,0,0,0,0,0,335
1316215670631,98532MPRLF26MAU,7440-47-3,2016,05,0,0,0,0,0,336
1319218273391,54476CRYST2608R,71-36-3,2019,03,0,0,0,0,0,332
1323222044063,28086CMMRC101CA,N495,2023,03,0,0,0,0,0,333
1314212806261,57450CSSCL44COM,7697-37-2,2014,03,0,0,0,0,0,311
1324222583484,01460MTRLS543GR,N420,2024,03,0,1,0,0,0,334
1322221155132,77656STHHMFM418,7783-06-4,2022,03,1,0,0,1,0,325
1323221905704,49015PRNYF126BR,7697-37-2,2023,04,0,0,0,0,0,311
1324222602043,29115LLDRN355MI,7440-50-8,2024,05,0,0,0,0,0,333
1324222985261,23834CLNLH1106W,7440-50-8,2024,04,0,0,0,0,1,323
1318217218650,37744TRWNCSNAPP,108-88-3,2018,03,0,1,0,0,0,333
1321220143960,97005MXTKC2905S,7439-92-1,2021,01,0,0,0,0,0,334
1324222813507,24112CMMNW345BE,107-21-1,2024,05,0,0,0,0,0,326
1321219700539,20774NWDWN16001,N230,2021,04,0,0,0,0,0,325
1314212893679,29556NTRNTHWY52,7664-41-7,2014,04,0,0,0,0,0,311
1320219392432,5313WVSTNT99S57,1330-20-7,2020,02,0,0,0,0,0,339
1322220938587,73055CHMCL1004S,67-56-1,2022,04,0,0,0,0,0,325
1320218756955,64402YRKNTHWY13,N120,2020,03,0,0,0,0,0,333
1317216126197,76063MRCHM1300F,N090,2017,05,0,0,0,0,0,325
1317216129609,55428VTCFN9101S,7697-37-2,2017,04,0,0,0,0,0,332
1323222140269,38821TRTMPHIGHW,N982,2023,04,0,0,0,0,0,332
1314213083355,70726DLLCM9813J,108-31-6,2014,04,0,0,0,0,0,325
1314212475077,06002KMNRSBLUEH,N590,2014,02,1,0,0,1,0,336
1315213585971,2785WFWNLC1INDU,N420,2015,02,0,0,0,0,0,334
1321219863750,30916MCPRF3702C,7647-01-0,2021,04,1,0,0,1,0,325
1324222822759,07730FFCMP600ST,1222-05-5,2024,05,0,0,0,0,0,325
1322220936975,14432GWLSK2SOUT,N420,2022,03,0,0,0,0,0,332
1316216597284,91355PLYCR28176,7664-93-9,2016,01,1,0,0,1,0,335
1314211959438,12138TCNCPCOONB,100-41-4,2014,03,0,0,0,0,0,313
1315214189654,85040MTCMT3508E,N982,2015,04,0,0,0,0,0,332
1316215328749,36105HYNDM7HYUN,110-82-7,2016,04,0,0,0,0,0,336
1319218244566,48057HSPTR4150S,95-63-6,2019,03,0,0,0,0,0,325
1319218388421,61354HNTSM501BR,100-42-5,2019,07,0,0,0,0,0,325
1314212944452,87413BLMFLNO50C,110-82-7,2014,06,1,0,1,0,0,324
1318217320631,82701WYMNG740WE,7664-39-3,2018,04,0,1,0,0,0,324
1319218141289,76301NTDLC50151,7440-50-8,2019,05,0,0,0,0,0,333
1321220495840,3774WMLLRG515BH,7439-96-5,2021,05,0,0,0,0,0,336
1315213206156,53066PRMLD5657F,108-88-3,2015,02,0,0,0,0,0,326
1321220164368,27804LCNCN400JE,N100,2021,06,0,0,0,0,0,332
1316215164892,02830CNSTT1575S,7664-41-7,2016,04,0,0,0,0,0,2211
1318217142090,80751STRLN45ANG,75-07-0,2018,04,1,0,0,0,0,325
1314212853004,4060WHYSHT11FRT,MIXTURE,2014,04,0,0,0,0,0,336
1317215941358,32901RCKWL1100W,7439-92-1,2017,02,0,0,0,0,0,334
1324222519100,06479SPRML455AT,7439-92-1,2024,03,0,0,0,0,0,332
1320218769646,06002SCHRR40EAS,108-88-3,2020,03,0,0,0,0,0,322
1321219633702,74015RXCHN5215A,7439-96-5,2021,03,0,0,0,0,1,333
1318216707481,6672WHLNDS3928R,71-36-3,2018,03,0,0,0,0,0,337
1315213739016,7270WDLTGR3115W,7439-92-1,2015,02,0,0,0,0,0,334
1318216951943,24486DGSCH275TR,7664-41-7,2018,02,0,0,0,0,0,325
1314212322236,7508WRCHRD125DI,7439-92-1,2014,01,0,0,0,0,1,327
1316215162645,17557VCTRF403SO,79-21-0,2016,03,0,0,0,0,0,311
1314212442976,46383TTNDV5103E,N982,2014,05,0,0,0,0,0,339
1322220660258,01950NNSPC3MALC,N120,2022,05,0,0,0,0,0,325
1316215413283,13212CMCNT7313W,7439-92-1,2016,03,0,0,0,0,0,335
1314212460834,07083LCNPW901LE,7439-96-5,2014,05,0,1,1,0,0,331
1316214913461,3301WMRCNV6W83R,117-81-7,2016,05,0,0,0,0,0,326
1314213168925,7125WMYRNT525PR,7664-41-7,2014,05,0,0,0,0,0,325
1316215579842,14304THGDY5408B,108-95-2,2016,05,0,0,0,0,0,325
1321220071652,7601WHNTSM3315E,107-21-1,2021,05,0,0,0,0,0,325
1315214073328,60650CTGPT3737S,N982,2015,06,0,0,0,0,0,324
1320218639161,57201FBRGL12251,100-42-5,2020,03,0,1,0,0,0,326
1314213010489,77507NSSKC10500,71-43-2,2014,06,0,0,0,0,0,325
1322220685224,77541RHNPL6213H,100-41-4,2022,04,0,0,0,0,0,325
1323221862422,53201MLLRB4000W,N982,2023,03,0,0,0,0,0,3121
1316215651821,18104PTMNMNORTH,N511,2016,04,0,0,0,0,0,325
1315213684564,50138MNNST3406E,79-10-7,2015,05,0,0,0,0,0,322
1323221626803,89410RVPCF1198S,7440-66-6,2023,05,0,0,0,0,0,325
1321219906981,37322STRMC240IN,7697-37-2,2021,03,0,0,0,0,0,332
1316215554320,56352KRFTN1000E,N511,2016,03,1,0,0,1,0,311
1320218703623,9722WGLYXT794SW,100-42-5,2020,04,1,0,1,0,0,325
1316215731136,38965CLTNDHIGHW,7439-92-1,2016,03,0,0,0,0,0,336
1316215531043,12150SCHNC1000M,1330-20-7,2016,05,0,0,0,0,0,325
1315213926835,91006NMLDB36LAP,N511,2015,04,1,0,0,1,0,332
1316215563634,53151PTRNC16700,N982,2016,04,0,0,0,0,0,324
1315214191874,44024LSTCH160PA,N010,2015,03,0,1,1,0,0,326
1321220412670,19061BPLCMPOSTR,71-43-2,2021,06,1,1,1,1,0,324
1322220852432,56308MCMPN2115S,108-95-2,2022,03,0,0,0,0,0,327
1320219232523,35806NGLHR9800K,N511,2020,03,0,0,0,0,0,336
1324223202298,91730PRCSN11155,7664-39-3,2024,03,0,0,0,0,0,336
1321219645520,37815MHLNCHWY11,N495,2021,04,0,0,0,0,0,336
1322220726780,70715NNYPLLA1NO,N040,2022,04,0,0,0,0,0,326
1316215472655,63145MCDNNLINDB,7697-37-2,2016,04,0,0,0,0,0,336
1323222350492,07114CHMFL92896,77-73-6,2023,04,0,0,0,0,0,325
1315214050130,29636RYMTLBOX38,N495,2015,03,1,0,0,0,0,332
1315214073797,56073MCMPN1700N,N010,2015,04,0,0,0,0,0,335
1324222432837,85210PHMNP112WI,7439-96-5,2024,01,0,0,0,0,0,333
1321219631633,02763MTFBN332JO,7439-92-1,2021,03,0,0,0,0,0,332
1315214277168,36105HYNDM7HYUN,1330-20-7,2015,05,0,0,0,0,0,336
1322221253673,25401CLBNC942BA,79-21-0,2022,05,1,0,1,0,0,325
1318216957910,38654THMPS10136,94-36-0,2018,04,0,0,0,0,0,325
1316215031509,60178SYMRF917CR,110-54-3,2016,04,0,0,0,0,0,325
1316215505013,91749CMCCH18383,7697-37-2,2016,06,0,0,0,0,0,325
1322221147010,77054LLCHM9011E,N770,2022,05,0,0,0,0,0,325
1315214295848,63111RHNPL133EK,1897-45-6,2015,05,0,0,0,0,0,325
1319217671167,1230WFRTTC215TE,N100,2019,04,0,0,0,0,0,325
1318217062811,03051PRFRM4PARK,7647-01-0,2018,01,1,0,0,1,0,325
1319217874015,5300WLLCST217WE,7439-92-1,2019,02,0,0,0,0,0,331
1315213693815,65708MRCLRHIGHW,N020,2015,03,0,0,0,0,1,339
1316215156668,38562RQPCRHWY53,7439-92-1,2016,03,0,0,0,0,0,332
1314212501035,05452BMXXX1000R,7664-39-3,2014,04,0,0,0,0,0,334
1323222019503,77511QNTMC2MILE,74-85-1,2023,05,0,0,0,0,0,325
1315214083685,92069HLLND622EM,7697-37-2,2015,04,0,0,0,0,0,999
1316215435355,29154CRSCN43486,7632-00-0,2016,04,0,0,0,0,0,332
1321219457862,06001RFLXT120DA,108-88-3,2021,03,0,0,0,0,0,323
1316215519467,28001CLLNS313BE,N100,2016,02,0,1,0,0,0,314
1316215686724,76011BRRYM3800E,67-56-1,2016,05,0,0,0,0,0,325
1315213705876,33771DTKCR172ST,7439-92-1,2015,03,0,0,0,0,0,335
1321219696061,40214BNKWR5540N,7697-37-2,2021,03,0,0,0,0,0,331
1316215110863,76712LXPCK9200O,7440-50-8,2016,04,0,0,0,0,0,322
1319217761408,94553SHLLM10MOC,108-88-3,2019,05,0,0,0,0,0,325
1323221933462,61834FBRTQ3650S,50-00-0,2023,03,0,0,0,0,0,327
1315214162265,56284STHRNEASTH,7783-06-4,2015,05,1,0,0,1,0,311
1317216583169,97321SLMTN33992,N511,2017,03,1,0,0,1,0,331
1322221436900,37744TRWNCSNAPP,7439-96-5,2022,04,0,0,0,0,0,333
1317216229183,37166NTRNC1GRIZ,N010,2017,04,0,1,0,0,0,336
1322220697357,03062TRDYN4PITT,N420,2022,03,1,1,0,1,0,334
1322220768826,44004MLDDF1601W,100-42-5,2022,05,0,0,0,0,0,326
1319218514990,8504WMSNDS23N48,N420,2019,04,0,0,0,0,0,325
1316215788629,72209TRNRC691IN,7697-37-2,2016,03,0,0,0,0,0,311
1315214296244,30720CPTLD300CR,108-88-3,2015,04,0,0,0,0,0,325
1315214025482,37744TRWNCSNAPP,1330-20-7,2015,04,0,1,0,0,0,333
1316215091721,54901LKSDP450W3,N420,2016,03,0,0,0,0,0,325
1321220516316,06492TMSMC358HA,7440-50-8,2021,05,0,0,0,0,0,335
1320218858951,32905FRRSR2210W,108-10-1,2020,03,0,0,0,0,0,325
1314212530772,43615CNBRR3610H,N230,2014,04,0,0,0,0,0,325
1315213690225,45377LCSLD801SC,7439-92-1,2015,02,0,0,0,0,0,334
1315214331252,00937SSLMMLUISM,110-54-3,2015,04,0,0,0,0,0,4247
1324222495739,3735WSNFRD831VL,71-36-3,2024,04,0,0,0,0,0,325
1315213999271,46628BRNCR2001W,108-88-3,2015,05,0,0,0,0,0,325
1317215900352,75051TXSRC417ID,108-88-3,2017,03,0,0,0,0,0,332
1317216335137,52627CHVRN1800S,2300-66-5,2017,04,0,0,0,0,0,325
1321221565260,33316KRNKS1010S,N590,2021,03,0,0,0,0,1,324
1318216828893,8943WPPGND5PITT,N230,2018,03,0,0,0,0,0,325
1316215328636,36105HYNDM7HYUN,100-41-4,2016,05,0,0,0,0,0,336
1314212899049,22602HPHDX160HO,7664-41-7,2014,05,0,0,0,0,0,311
1322221025442,06260DMNSN78HIG,108-88-3,2022,04,0,0,0,0,0,313
1315213956954,08902RSQBBONESQ,75-09-2,2015,04,0,0,0,0,0,325
1316215276472,45891FDRLM150FI,N450,2016,03,0,0,0,0,1,339
1314212748305,36105HYNDM7HYUN,N511,2014,04,1,0,0,1,0,336
1324222731806,4250WTYTTS1PINA,7440-47-3,2024,05,0,0,0,0,0,336
1317216217758,32905FRRSR2210W,108-88-3,2017,04,0,0,0,0,0,325
1315214412316,53545SHRXC2001A,77-78-1,2015,05,0,0,0,0,0,325
1321220450908,77630NVSTS355AF,106-99-0,2021,06,0,0,0,0,0,325
1318217419771,3065WHTCHT1UNIS,N495,2018,02,0,1,0,0,0,336
1316217802382,85301GLBRT5310W,7440-50-8,2016,04,1,0,0,1,0,332
1324222892996,28086CMMRC101CA,7440-47-3,2024,02,0,0,0,0,0,333
1322220706941,31907RCPLYONERU,107-21-1,2022,05,0,0,0,0,0,325
1319217745823,93727JGLLW5610O,7664-41-7,2019,05,0,0,0,0,0,3121
1322221025669,94553SHLLM10MOC,108-88-3,2022,04,0,0,0,0,0,325
1317216057164,65349SLTRF432WL,N120,2017,05,0,0,0,0,0,333
1321219634033,98951PCNTR5661B,122-39-4,2021,05,0,0,0,0,0,325
1316215682117,98033WSTRN8356T,106-94-5,2016,04,0,0,0,0,0,336
1316214984662,46131KYBND2525N,N090,2016,05,1,0,0,1,1,336
1323222043111,52057XDCRPSOUTH,N420,2023,06,1,0,0,1,0,335
1314213042979,94538VCTRN6600S,7439-92-1,2014,03,0,0,0,0,0,334
1316215325616,45804SPLML122SM,64-18-6,2016,04,1,0,0,0,0,325
1314212636587,68333FRMLNPOBOX,7664-41-7,2014,05,1,0,0,1,0,311
1319218454130,37744TRWNCSNAPP,7439-96-5,2019,04,0,0,0,0,0,333
1322220654824,5153WSSNTP1347H,7697-37-2,2022,03,0,0,0,0,0,311
1320219054246,27804LCNCN400JE,7440-66-6,2020,04,0,0,0,0,0,332
1314212873323,2870WVRTQN115VI,108-88-3,2014,03,0,0,0,0,0,333
1323222153470,5884WWHTNG11221,110-54-3,2023,04,1,0,0,1,1,211
1321220042927,50595VNDSTOLDHW,1982-69-0,2021,05,0,0,0,0,0,325
1314212426086,76118HMFDS6350B,7664-41-7,2014,05,0,0,0,0,0,311
1316215640451,6306WMTCNC11JEF,133-07-3,2016,04,0,0,0,0,0,325
1321219659986,7992WCHMPL96PAN,N982,2021,03,0,0,0,0,0,335
1323221651680,15824WNSBRCRENS,N420,2023,03,1,0,0,0,0,327
1321220420133,4783WVCBRZ1825E,1330-20-7,2021,04,0,0,0,0,0,325
1314212823684,06483MCRBR4PROG,7439-92-1,2014,02,0,0,0,0,0,334
1322221328077,48057HSPTR4150S,26471-62-5,2022,04,0,0,0,0,0,325
1319217978042,32905FRRSR2210W,75-09-2,2019,04,0,0,0,0,0,325
1321220153783,94565CRTRN2850W,N511,2021,05,0,0,0,0,0,325
1320219343338,54455SNNTR1000S,N511,2020,04,1,0,0,1,0,332
1316215119443,37379NRTNC216IG,7439-92-1,2016,02,0,0,0,0,1,327
1318216764744,27709SCMMT2601W,7439-92-1,2018,02,0,0,0,0,1,331
1316214948996,14550MRTNS45RIB,7664-93-9,2016,03,0,0,0,0,1,311
1316215492467,15061RCCHMFRANK,141-32-2,2016,04,0,0,0,0,0,325
1318218523583,00705TRCSNRD14K,N511,2018,02,1,0,0,1,0,311
1322220740118,75006TXSFN1801S,108-88-3,2022,03,0,0,0,0,0,332
1322220965786,47274GTPRD1231A,100-42-5,2022,03,0,0,0,0,0,336
1320219275967,37744TRWNCSNAPP,7440-02-0,2020,04,0,0,0,0,0,333
1320219415003,14611RCHST2CAIR,N982,2020,03,1,0,0,0,0,332
1315213903800,98070PCFCR10221,N458,2015,01,0,0,0,0,0,326
1319218270066,45176DLTNCONEDU,N420,2019,01,0,0,0,0,0,339
1314212971307,01527CNTYH32HOW,7664-41-7,2014,03,0,0,0,0,0,332
1322220635027,1972WCLRWR251ED,7439-96-5,2022,02,0,1,0,1,0,332
1318217425899,02703LCHGR49PEA,7697-37-2,2018,02,0,0,0,0,0,339
1316215295938,33612RBBNSNEBRA,N090,2016,04,0,0,0,0,0,321
1322220662098,46268LLTTC9200Z,N120,2022,04,0,0,0,0,0,326
1324222682888,46176KNFFB240EL,108-95-2,2024,04,0,0,0,0,0,327
1324222938387,08051HNGSTOGDEN,90-43-7,2024,04,0,0,0,0,0,324
1316215445610,28384SPXVL1491N,7440-50-8,2016,03,0,0,0,0,0,332
1324223184856,98134LSKNC32006,N100,2024,03,0,0,0,0,0,332
1314213213580,97503CRTNT12AVE,7439-92-1,2014,02,0,0,0,0,1,327
1314213102748,63114JSTCH8130L,7697-37-2,2014,04,0,0,0,0,0,325
1315213670781,27703CRRSR4600S,7664-39-3,2015,03,0,0,0,0,0,334
1315213736756,16365NTRLC1401L,N420,2015,04,0,0,0,0,0,335
1315213755503,92123DPSTN4540V,108-10-1,2015,04,0,0,0,0,0,326
1314212313415,29654BLTNN1205H,7439-92-1,2014,02,0,0,0,0,0,313
1322220852420,56308MCMPN2115S,50-00-0,2022,03,0,0,0,0,0,327
1315214452070,53209HYDRP3525W,7440-47-3,2015,05,0,0,0,0,0,332
1319218073524,24084VLVGMROUTE,107-21-1,2019,05,0,0,0,0,0,336
1315213813025,44109LCCRP1000B,7782-50-5,2015,03,0,0,0,0,0,325
1324222410514,53214RBPCH150SO,N511,2024,04,0,0,0,0,0,325
1321219447657,46231SMMTF1351S,N420,2021,02,0,0,0,0,0,332
1320218942973,77017MBLCH9822L,115-07-1,2020,09,1,0,1,0,1,325
1314214917369,57701LTRMX2112E,7439-92-1,2014,04,0,0,0,0,0,332
1323222180554,30144CHMTR1825C,67-56-1,2023,03,0,0,0,0,0,325
1324222588612,48161NRTHS3000E,N100,2024,06,0,0,0,0,1,331
1320219349139,7748WGDMNM191KE,7440-02-0,2020,05,0,0,0,0,0,333
1315213970991,49854MNSTQ453SM,7647-01-0,2015,04,1,0,0,1,0,322
1317216491528,37620BCHML501FI,7440-22-4,2017,01,0,0,0,0,0,325
1317216667410,81501CPCNC1328W,7439-92-1,2017,02,0,0,0,0,1,332
1324223230867,02916HNDYH231FE,7440-50-8,2024,06,0,0,0,0,0,332
1323221594272,92131PLSCN10121,7664-41-7,2023,03,0,0,0,0,0,332
1316215704329,92667BBCCK1717W,67-56-1,2016,03,0,0,0,0,0,339
1314212867725,0173WNTGRS9CRSB,117-81-7,2014,03,0,0,0,0,0,326
1323222180414,3101WSTLLJ35PAT,118-74-1,2023,01,0,0,0,0,1,321
1324223160641,2946WFRMNB124SP,100-42-5,2024,04,0,0,0,0,0,336
1314213072630,54701WRRNV5200S,127-18-4,2014,04,0,0,0,0,0,562
1315214343663,13601KNWLT213FA,67-56-1,2015,05,0,0,0,0,0,322
1322221417494,46268BNCHM5425W,N090,2022,04,0,0,0,0,0,325
1324222851394,48187DYNMC7784R,7664-41-7,2024,04,0,0,0,0,0,332
1314212378448,73036GMNLC101SW,1330-20-7,2014,05,0,0,0,0,0,325
1320218576813,17066WNSCRUSROU,100-42-5,2020,04,0,0,0,0,0,326
1321219600715,72209TRNRC691IN,7697-37-2,2021,03,0,0,0,0,0,311
1321219601489,60139WBSTR704EF,7440-50-8,2021,03,0,0,0,0,0,332
1317216437374,48764TWSPL510IN,7697-37-2,2017,03,0,0,0,0,0,332
1318217447869,0810WKRSHN1HLTE,7439-96-5,2018,04,0,0,0,0,0,332
1320218874737,30180STHRN837EH,N230,2020,03,0,0,0,0,0,332
1315213722337,02370VNTRT30COM,108-88-3,2015,04,0,0,0,0,0,322
1320218727055,44024LSTCH160PA,96-45-7,2020,03,0,1,1,0,0,326
1315216768554,4795WRCKLN889N2,67-56-1,2015,03,0,0,0,0,0,321
1321220264345,81001BFGDR50WIL,N590,2021,01,1,0,0,1,0,336
1324222868123,94952CLVRS91LAK,7697-37-2,2024,04,0,0,0,0,0,311
1314212973200,2734WCRTNT921SH,7439-97-6,2014,02,0,0,0,0,1,327
1322220930832,91352FLGHT11310,7439-92-1,2022,02,0,0,0,0,0,336
1315214456269,77515BNCHM3000T,7439-92-1,2015,01,0,0,0,0,0,334
1318217186865,90250FLNSL12333,77-73-6,2018,05,0,0,0,0,0,325
1324222967693,7606WMRTCH165NH,100-42-5,2024,03,0,0,0,0,0,326
1317216418475,0680WMMRYC3BERK,67-56-1,2017,03,0,0,0,0,0,339
1323222403305,72701KRNYD3660S,7439-92-1,2023,04,0,0,0,0,0,335
1322220969366,47670TYTMT4000T,71-36-3,2022,03,0,0,0,0,0,336
1315216650945,74117WHRLP7301W,N495,2015,06,0,0,0,0,0,335
1321219912817,08014CSTMB210HI,N230,2021,02,0,0,0,0,0,327
1316215114758,75980MDRLLHWY69,N090,2016,05,0,1,0,0,0,325
1317218604496,17603TTNGN33CEN,7439-92-1,2017,02,0,0,0,0,0,332
1320220592479,77541TXSBR4115E,1330-20-7,2020,03,0,0,0,0,0,336
1316215609975,3447WLGHTN17SW1,7439-97-6,2016,01,0,0,0,0,0,562
1317215960345,48083BHRMR27DAL,N120,2017,02,0,0,0,0,0,999
1323221966740,4912WMDNRP2121W,7429-90-5,2023,05,0,0,0,0,1,336
1316215362346,06095WNDSR169OL,7440-47-3,2016,04,0,0,0,0,0,336
1319218244667,48057HSPTR4150S,26471-62-5,2019,04,0,0,0,0,0,325
1315213700723,56303PRKND631SA,7440-47-3,2015,03,0,0,0,0,0,333
1315214937676,0700WHNRYR59E1S,7439-92-1,2015,04,0,0,0,0,0,332
1321219702192,19510CNCRPEXCEL,71-36-3,2021,04,0,0,0,0,0,332
1321220169914,7780WLQDPW1331I,107-21-1,2021,04,0,0,0,0,0,325
1321219933367,92707NMLDB401WR,N511,2021,04,1,0,0,1,0,332
1320218733970,43311BLLTC700WL,N420,2020,03,0,1,1,0,0,327
1319218091332,52632GRFFNCARBI,108-95-2,2019,04,0,0,0,0,0,331
1314212635989,30027KPPRS1579K,7439-92-1,2014,01,0,0,0,0,1,325
1315213865037,44092SHRWD29501,7440-47-3,2015,04,0,0,0,0,0,336
1314213019526,43402CPRND1175N,117-81-7,2014,04,0,0,0,0,0,326
1318217060223,56501TMNDS1551R,7440-50-8,2018,03,0,0,0,0,0,331
1314212785493,01801LPHND20SYL,7647-01-0,2014,03,0,0,0,0,0,334
1319217757564,15857WNDFLWESTC,7440-50-8,2019,02,0,0,0,0,0,332
1318216755215,28150CHSBR135OL,7440-50-8,2018,06,0,1,1,0,0,331
1316215004159,03055HNDRXOLDWI,98-86-2,2016,03,0,1,0,1,0,335
1321220299604,42351CMMNWKYHWY,108-38-3,2021,04,0,0,0,0,0,331
1314212878553,77571NVSTS12455,50-00-0,2014,05,0,0,0,0,0,325
1317216382174,50616SLSBR1900R,67-56-1,2017,05,0,0,0,0,0,325
1317216354454,92123DPSTN4540V,110-54-3,2017,03,0,0,0,0,0,326
1317215965106,37090LCHNV3MADD,7697-37-2,2017,03,0,0,0,0,0,332
1323221670817,95824SLGNC6200F,71-36-3,2023,04,0,0,0,0,0,332
1321219756400,75247WKSHL911GV,7440-50-8,2021,04,0,0,0,0,0,335
1315214006405,12150SCHNC1000M,N530,2015,06,1,0,1,0,0,325
1321219792672,7748WLNDSW8985W,N495,2021,04,0,0,0,0,0,325
1318217301629,19510CNCRPEXCEL,7440-50-8,2018,04,0,0,0,0,0,332
1315213841784,27284HGHLN215DR,108-88-3,2015,05,0,0,0,0,0,313
1324222530774,2725WNDLRX932EA,141-32-2,2024,01,0,0,0,0,0,325
1316215010493,55749HBBNG1832S,N420,2016,01,1,0,0,1,0,2211
1318217255177,30701WLLCC1844H,N982,2018,04,0,0,0,0,0,314
1324223023110,53051RNDLLN82W1,N230,2024,04,0,0,0,0,0,323
1322220969517,47670TYTMT4000T,N495,2022,04,0,0,0,0,0,336
1315214365090,76657TRNCXHWY84,7440-50-8,2015,04,0,0,0,0,0,333
1322221530924,56058CMBRX31496,100-42-5,2022,05,0,0,0,0,0,327
1320218906333,48441THNTR30BUE,67-56-1,2020,03,1,0,0,1,0,325
1314212318529,3045WGRTDN177GA,N120,2014,04,0,0,0,0,0,336
1324222714875,6811WQNGLB571FS,110-54-3,2024,03,0,0,0,0,0,325
1323221559659,97217LCMSL3625N,75-05-8,2023,04,0,0,0,0,0,325
1315214246516,3383WFLRKN244CM,N120,2015,05,0,0,0,0,0,325
1322220679056,94538STLFL4211S,7439-92-1,2022,01,1,1,1,1,0,334
1320219054259,27804LCNCN400JE,N982,2020,05,0,0,0,0,0,332
1320218642775,75668SCTND3756F,N090,2020,06,1,1,1,1,0,332
1319218273403,54476CRYST2608R,108-88-3,2019,04,0,0,0,0,0,332
1320219224211,19087JHNSN43645,N511,2020,05,0,0,0,0,0,336
1316215519618,48213PVSTC6500F,7782-50-5,2016,06,0,0,0,0,0,325
1323222284693,7757WGSNNV185EH,74-85-1,2023,05,0,0,0,0,0,4247
1314212942890,4361WRKRPR491ST,106-42-3,2014,01,0,0,0,0,0,336
1324222923878,32905MCSSM2755K,N420,2024,02,0,0,0,0,0,334
1315214465369,70726DLLCM9813J,108-31-6,2015,04,0,0,0,0,0,325
1324222533907,57262WDLND2415E,67-56-1,2024,04,0,0,0,0,0,337
1314212931315,85338KLTMF3831S,N120,2014,04,0,0,0,0,0,333
1317216402634,82701WYMNG740WE,7783-06-4,2017,03,0,0,0,0,1,324
1316215477593,26155PPGNDSTATE,7664-39-3,2016,01,1,0,0,1,0,325
1316215587027,72110RKNSSHIGHW,N040,2016,03,1,0,0,1,0,322
1314213035138,56284STHRNEASTH,7664-41-7,2014,05,1,0,0,1,0,311
1315214331427,00804SSSTTCYRIL,1634-04-4,2015,03,0,0,0,0,0,4247
1323222068975,94565CRTRN2850W,7664-41-7,2023,04,0,0,0,0,0,325
1324222639650,77805LNCXX615CA,95-63-6,2024,03,0,0,0,0,0,332
1321219623218,91790NTRSP2009S,N420,2021,06,0,0,0,0,0,335
1322220826402,4431WRSNBL16EVR,N495,2022,05,1,0,0,1,0,331
1319217761410,94553SHLLM10MOC,7664-41-7,2019,04,0,0,0,0,0,325
1323222137919,4783WVCBRZ1825E,71-36-3,2023,04,0,0,0,0,0,325
1314211943980,9093WRGCHM3933I,67-56-1,2014,04,0,0,0,0,0,4246
1315214339261,2623WNLSTL999EA,7440-02-0,2015,03,0,0,0,0,0,332
1323222326403,43570TRNTY6AKST,N010,2023,04,0,0,0,0,0,325
1319217771450,53209HYDRP3525W,7440-47-3,2019,04,1,0,1,0,1,332
1320218687186,37406PLYSR3805A,7664-41-7,2020,04,0,0,0,0,0,325
1319218353011,28208TRNSR4500M,7440-47-3,2019,03,0,0,0,0,0,333
1320219246877,44460WRRNM800PE,100-41-4,2020,02,0,0,0,0,0,326
1314213032713,00784CPHRMSTATE,107-21-1,2014,05,0,0,0,0,0,325
1320219263035,5070WLNDSX88DEA,1336-36-3,2020,02,0,0,0,0,0,562
1314212687723,28150PPGNDRT4XX,7439-92-1,2014,02,0,0,0,0,1,327
1320219346018,59107WSTRN3020S,7664-41-7,2020,04,1,0,0,1,0,311
1314212778841,37309BWTRSROUTE,7647-01-0,2014,01,1,0,0,1,0,322
1315214097937,77501CCDNT4403L,7632-00-0,2015,02,0,0,0,0,0,325
1316215545462,54307FRTHW1919S,N770,2016,03,1,0,0,1,0,322
1320218727814,16063RBNSNGALLY,7440-50-8,2020,05,0,0,0,0,0,333
1315214341099,49518WSTNG43003,7429-90-5,2015,04,0,0,0,0,1,337
1319217980770,44060LNCLN6500H,N100,2019,05,0,0,0,0,0,333
1314213114224,8504WLGHTN1522E,N458,2014,02,0,0,0,0,0,562
1317216605497,37744KRFTNBOHAN,7664-41-7,2017,03,0,0,0,0,0,311
1317216435812,3560WTMTCS792ND,7440-02-0,2017,04,0,0,0,0,1,332
1315213760883,27420GLBRC7300F,7439-92-1,2015,03,0,1,0,0,1,333
1317216403802,4537WSGMCR1985W,108-88-3,2017,03,0,0,0,0,0,322
1315214331365,00804SSSTTCYRIL,98-82-8,2015,03,0,0,0,0,0,4247
1316215109822,2900WTBLCC186AC,7440-02-0,2016,02,0,0,0,0,0,332
1315214264259,54307FRTHW1919S,7664-39-3,2015,01,1,0,0,1,0,322
1322220969529,47670TYTMT4000T,N511,2022,03,1,0,0,1,0,336
1314213116864,7508WSPCLT261LA,N120,2014,05,0,0,0,0,0,326
1316215249069,80120NCRCT8192S,N420,2016,02,0,1,0,0,0,334
1319218517744,9213WTLDYN9855C,N420,2019,02,0,0,0,0,0,335
1315214331314,00965SSCTBSTATE,71-43-2,2015,07,0,0,0,0,0,4247
1315214356545,5358WMCFRL133DA,1330-20-7,2015,03,0,0,0,0,0,333
1314213040951,75061WTKNC230IR,7439-92-1,2014,02,0,0,0,0,0,334
1315213619315,50010MNNST900DA,N982,2015,03,0,0,0,0,0,327
1315214429223,92841CSTLN761PA,N090,2015,03,0,0,0,0,0,332
1322220796155,31516SNDNC6131S,100-42-5,2022,04,0,0,0,0,0,326
1322221468919,22153SCPVR8000R,N230,2022,04,0,0,0,0,0,325
1324222446953,4382WRDGCR5777R,77-73-6,2024,04,0,0,0,0,0,326
1323221748116,3762WTRCTY161AR,N420,2023,04,0,0,0,0,1,331
1318216983534,16749QKRSTINTER,N982,2018,04,1,0,0,1,0,324
1314212643389,47167FRRLYBECKS,7440-50-8,2014,04,0,0,0,0,0,332
1315214943969,75607TXSSTOFFHI,110-54-3,2015,04,1,0,0,1,0,325
1315215827611,75607TXSSTOFFHI,77-73-6,2015,05,1,0,1,1,0,325
1324223016926,29841CBRDC131RA,75-05-8,2024,05,0,0,0,0,0,325
1321220302665,90250FLNSL12333,100-42-5,2021,05,0,0,0,0,0,325
1314212576488,77015PNNWL2231H,75-15-0,2014,06,1,0,1,0,0,325
1314212889214,72114SVMDC22FRT,N420,2014,04,0,0,0,0,0,999
1315213999232,46628BRNCR2001W,100-41-4,2015,04,0,0,0,0,0,325
1320218775284,80640DLTRC9155B,N982,2020,04,0,0,0,0,0,324
1324222802845,52732STHNS1347B,7664-41-7,2024,05,0,0,0,0,0,311
1318216995795,35806NGLHR9800K,N511,2018,04,0,0,0,0,0,336
1319218437287,60174MRNTM3709O,7439-92-1,2019,02,0,0,0,0,0,334
1319217777667,7975WCTLYS11999,108-88-3,2019,05,0,0,0,0,0,325
1323221530722,30043NTXCR1055P,50-00-0,2023,05,0,0,0,0,0,325
1322220977490,10702GRPHT1050N,7440-50-8,2022,04,0,0,0,0,0,335
1320220592481,77541TXSBR4115E,71-36-3,2020,03,0,0,0,0,0,999
1322220677254,2732WCMCMN29VAN,N511,2022,04,0,0,0,0,0,325
1316215530318,0360WWHLNN99CED,7439-92-1,2016,04,0,0,0,0,0,336
1314211905563,9394WSYNRG8HARR,N420,2014,02,0,0,0,0,0,334
1315213903646,68802MNFRT555SO,N511,2015,04,1,0,0,1,0,311
1318216850622,7270WDLTGR3115W,7439-92-1,2018,02,0,0,0,0,0,334
1315213610710,24244TMPRP4700B,N120,2015,05,0,0,0,0,0,337
1321219730862,3002WBXTRH55BAX,67-56-1,2021,05,0,0,0,0,0,325
1323222228759,06810BDKNRFINAN,108-88-3,2023,03,0,0,0,0,0,325
1322220636688,42240MRTRS102BI,7440-02-0,2022,02,0,0,0,0,0,332
1321219918404,3732WWHRLP2525B,N096,2021,03,0,0,0,0,0,335
1316215096571,54612NLSND1450E,7440-50-8,2016,03,0,0,0,0,0,336
1316215317355,48764TWSPL510IN,7697-37-2,2016,03,0,0,0,0,0,332
1324222477655,15840LLGHNRTE95,7439-92-1,2024,02,0,0,0,0,0,332
1315214252342,97070TYCLC125SW,7439-92-1,2015,01,0,0,0,0,0,334
1314212690325,31601GRFFNROCKY,67-56-1,2014,06,0,0,0,0,0,325
1315214159612,35601MNSNTCOURT,107-13-1,2015,07,0,0,0,0,0,325
1318217035524,27603DWRDV1900S,7440-47-3,2018,03,0,0,0,0,0,332
1320221498126,75243RYTHN13510,7439-92-1,2020,01,0,0,0,0,0,334
1316215167836,75006THGLD1900J,N230,2016,05,0,0,0,0,0,325
1318217301668,19510CNCRPEXCEL,71-36-3,2018,04,0,0,0,0,0,332
1315214135333,51031WLLSD11911,7697-37-2,2015,05,0,0,0,0,0,311
1324222502371,0810WKRSHN1HLTE,7440-02-0,2024,05,0,0,0,0,0,332
1316215473873,55369CRMTR325HW,N230,2016,03,0,0,0,0,0,325
1323221734647,45242CNCNN5901C,7440-47-3,2023,02,0,0,0,0,0,332
1318216857894,37821GRTLKROUTE,67-56-1,2018,05,0,0,0,0,0,325
1319217740570,4670WSCTND1729W,7439-96-5,2019,05,1,0,1,0,0,333
1314211915222,37821GRTLKROUTE,67-56-1,2014,05,0,0,0,0,0,325
1320218770170,47167KMBLLHWY56,12185-10-3,2020,01,0,0,0,0,0,337
1316215688209,61537BFGDRRR1BO,108-88-3,2016,04,0,0,0,0,0,325
1317216135653,16749QKRSTINTER,1330-20-7,2017,03,0,0,0,0,0,324
1323221732264,49078PRKRH100PA,N120,2023,03,0,0,0,0,0,333
1318216703088,55432MCRCN7956M,7439-92-1,2018,02,0,0,0,0,0,334
1324223121043,7703WFTRPP11811,95-80-7,2024,04,0,0,0,0,0,326
1315213947385,7111WMNSPC1399H,N982,2015,05,0,0,0,0,0,324
1321220368803,9713WDPLST271E2,79-94-7,2021,01,0,0,0,0,0,326
1322220810889,33597RBBNSSR50S,N100,2022,04,0,0,0,0,0,321
1315214191847,44024LSTCH160PA,149-30-4,2015,03,0,1,1,0,0,326
1321219603848,11590PRKNL1101P,7439-92-1,2021,03,0,0,0,0,0,332
1319217661065,5579WVRGNP6182N,N150,2019,12,1,0,0,1,1,2211
1322220740169,38113CRGLL2330B,110-54-3,2022,03,0,0,0,0,0,311
1318217238043,71360DSTRN529CE,87-86-5,2018,04,0,0,0,0,0,321
1317215907332,14825VLCRF5362R,N230,2017,04,0,0,0,0,0,332
1316215218064,47842LLLLYSTATE,7664-93-9,2016,04,1,0,0,1,0,325
1316215471210,84123BRDGP4282S,N230,2016,04,0,0,0,0,0,999
1314212453967,62839HLLLC111VI,7439-92-1,2014,04,0,0,0,0,0,336
1314212464933,49423NTRRT1776A,N120,2014,03,0,0,0,0,0,336
1315213684588,50138MNNST3406E,108-10-1,2015,03,0,0,0,0,0,322
1315213207525,46176RYBDC800MA,7440-66-6,2015,05,1,0,0,1,0,331
1314212688206,15238CHSCR128FI,108-88-3,2014,04,0,1,0,0,0,325
1317215943212,91761NMLDB1750M,7697-37-2,2017,04,0,0,0,0,0,332
1316215201815,74115BNGNR3330N,107-21-1,2016,04,0,0,0,0,0,336
1319218277085,49518WSTNG43003,N982,2019,02,0,0,0,0,1,337
1318217378963,44663LRNMN2228R,7439-92-1,2018,03,0,0,0,0,0,326
1320220657504,3762WTRCTY161AR,N982,2020,05,0,0,0,0,1,331
1321219666272,97227SKRTP1402N,7439-92-1,2021,02,0,0,0,0,1,327
1317216311441,90503RPSCN285CL,7439-92-1,2017,03,0,0,0,0,0,334
1320218693378,66106HRCRS5200S,67-56-1,2020,05,0,0,0,0,0,325
1320219395567,66536NYXCL22AND,100-42-5,2020,05,0,0,0,0,0,326
1315213758016,37821GRTLKROUTE,1330-20-7,2015,05,0,0,0,0,0,325
1314212522421,91748TLDYN16830,7439-92-1,2014,03,0,0,0,0,0,334
1315213896501,85281CRCTX2149E,7439-92-1,2015,02,0,0,0,0,0,334
1318216961983,3764WCLRWR151ID,7664-41-7,2018,04,0,0,0,0,0,314
1316215084500,39475RDMRR304OL,N458,2016,01,1,0,0,0,0,2211
1315213888910,32548MCRSY35HIL,7439-92-1,2015,02,0,0,0,0,0,334
1316215056336,28603HKRSR908LE,100-42-5,2016,04,0,0,0,0,0,326
1314213171515,48180RVNXH24850,7440-47-3,2014,04,0,0,0,0,0,336
1314212878704,53119GNRCP211MU,7440-47-3,2014,03,0,0,0,0,0,335
1315214124657,33035TRKYP9700S,7664-41-7,2015,02,1,0,0,1,0,2211
1320218978334,69001VLMNT75SHW,7439-92-1,2020,04,0,0,0,0,0,333
1321219603762,76708PRCSH6613N,N420,2021,04,1,0,0,1,0,332
1315214118919,54952SPPRM69WAS,7439-92-1,2015,02,1,0,0,1,1,322
1316215536347,70079CYPRS16122,7550-45-0,2016,05,0,0,0,0,0,325
1315214036319,0173WNTGRS9CRSB,117-81-7,2015,08,0,0,0,0,0,326
1318217144815,49437HYSLM5353W,N120,2018,03,0,0,0,0,0,336
1315213841923,24124HCHSTRT460,1336-36-3,2015,02,0,0,0,0,0,325
1316214954416,75119PLYGR3801H,100-41-4,2016,03,0,0,0,0,0,324
1323223208758,17519CNSTG245RE,108-88-3,2023,03,0,0,0,0,0,321
1324222645715,53119GNRCP211MU,7440-47-3,2024,05,0,0,0,0,0,335
1321220452445,40210NTDCT1227S,N100,2021,05,1,1,1,0,0,325
1320218694178,14825VLCRF5362R,7439-92-1,2020,03,0,0,0,0,0,332
1314212507103,98226BRKSM2120P,N150,2014,18,1,0,0,1,1,321
1316215016039,65536CLWNDINTER,7439-96-5,2016,05,0,0,0,0,0,336
1319218456580,29301TTXCR3020N,1163-19-5,2019,04,0,0,0,0,0,313
1322221497340,7404WWBCND51FST,7439-96-5,2022,05,0,0,0,0,0,331
1316215454152,84720MRCNZ10622,7664-41-7,2016,05,0,0,0,0,0,325
1315214256430,37620BCHML501FI,75-09-2,2015,03,0,0,0,0,0,325
1315214345744,05201VRDYB401GA,7439-97-6,2015,02,0,0,0,0,0,335
1315217543863,01545SPRCN830BO,7697-37-2,2015,03,0,0,0,0,0,331
1314212500730,36862KRDSR1061I,137-26-8,2014,04,0,0,0,0,0,326
1320219172400,77641KMCNC2450S,95-63-6,2020,05,0,0,0,0,0,325
1324222705434,84020BLLRD12050,107-21-1,2024,03,0,0,0,0,0,339
1321220512406,98270RCLLN12806,108-95-2,2021,03,0,0,0,0,0,336
1320218749632,16828HNVRFRTE45,7664-41-7,2020,04,0,0,0,0,0,311
1319218437034,95688LZCRP700EU,67-56-1,2019,03,0,0,0,0,0,325
1317216633065,30162FPGRG88ENT,7439-96-5,2017,02,0,0,0,0,0,336
1317216075388,79022HLMRC124US,7664-41-7,2017,04,1,0,0,1,0,311
1321220028462,2937WSPCTR228IN,7664-41-7,2021,03,0,0,0,0,0,325
1321219801228,53042LKTLK9278T,7697-37-2,2021,04,0,0,0,0,0,311
1322221253432,25401CLBNC942BA,N230,2022,05,0,0,0,0,0,325
1322220660462,01950NNSPC3MALC,872-50-4,2022,04,0,0,0,0,0,325
1323221700370,50703GLTNN4455R,N090,2023,05,0,0,0,0,0,316
1315213670920,75119PLYGR3801H,108-88-3,2015,05,0,0,0,0,0,324
1315213788983,48043DPNTM400GR,1330-20-7,2015,04,0,1,1,0,0,325
1322221106634,44030XMTNC1100M,554-13-2,2022,03,0,0,0,0,0,327
1322220948691,4420WVWRCH22LEN,67-56-1,2022,03,0,0,0,0,0,325
1324222432801,85210PHMNP112WI,7440-02-0,2024,01,0,0,0,0,0,333
1318217480767,49345SPRTF252EG,7439-96-5,2018,02,0,0,0,0,0,331
1315213825375,75652FBRGL1505I,100-42-5,2015,04,0,0,0,0,0,326
1316215205170,35217GLSFR3943V,100-42-5,2016,04,0,0,0,0,0,326
1319218258287,77630JMHBRFM736,75-15-0,2019,03,1,0,0,1,0,325
1316215588575,68802MNFRT555SO,79-21-0,2016,03,0,0,0,0,0,311
1320218659314,60102WCNDT821WE,79-01-6,2020,03,0,0,0,0,0,332
1315213702741,19380ZKSCM1302G,7440-02-0,2015,03,0,0,0,0,1,333
1324223139686,75670FRMNRSCOTT,77-73-6,2024,05,0,0,0,0,0,325
1322220720522,97402RGNRB3595W,N982,2022,03,0,0,0,0,0,325
1323221967932,4912WMDNRP2121W,N982,2023,05,0,0,0,0,1,336
1324222876233,2945WLDSSC541LA,7439-92-1,2024,03,0,0,0,0,0,334
1321219683822,06801VNDRB31TAY,75-15-0,2021,04,0,0,0,0,0,325
1322220907000,73532MRCNG18972,7439-92-1,2022,02,0,0,0,0,1,327
1316218606895,05301FLFLXPUTNE,191-24-2,2016,01,0,0,0,0,1,326
1315213752660,75006STHWS2901B,N230,2015,04,0,0,0,0,0,325
1323221541333,08873NNCRB40VER,67-56-1,2023,06,0,0,0,0,0,325
1323222160259,4701WNRFNC831GL,N090,2023,05,0,0,0,0,0,327
1314213092099,23607NWPRT4101W,191-24-2,2014,02,0,0,0,0,0,336
1314212793588,37716DHCMP1260C,N010,2014,04,0,0,0,0,0,325
1322220870873,45242CNCNN5901C,7440-02-0,2022,02,0,0,0,0,0,332
1320219275866,37744TRWNCSNAPP,N982,2020,03,0,0,0,0,0,333
1319218561280,17847MLTNS6CANA,7439-96-5,2019,04,0,0,0,0,1,332
1319218289344,46514MRRYD1536G,N770,2019,05,0,0,0,0,0,332
1324222476083,9024WDCMMN268EG,7440-50-8,2024,03,0,0,0,0,0,336
1324222521623,14432GWLSK2SOUT,N420,2024,03,0,0,0,0,0,332
1315213924020,01730MLLPR80ASH,872-50-4,2015,04,0,0,0,0,0,334
1315213698931,24150CHMCL2093B,N420,2015,03,1,0,0,0,1,327
1318217531603,75229BLMNM11165,7440-50-8,2018,04,1,0,0,1,0,331
1318216837587,30085DXNDS4925S,N982,2018,04,1,0,0,1,0,332
1314212775643,46580DNCND245DE,7697-37-2,2014,04,0,0,0,0,0,332
1317215838804,23168GRYST7992R,7439-92-1,2017,04,0,0,0,0,0,332
1320219266398,95023PCFCP2340B,872-50-4,2020,05,0,0,0,0,0,325
1314212581197,33065WSTNG4300C,7440-50-8,2014,04,0,0,0,0,0,335
1321219725494,15022NTNLP9GUTT,1330-20-7,2021,03,0,0,0,0,0,325
1317215915556,37914MRCNS2820M,79-01-6,2017,04,0,0,0,0,0,332
1316217720388,84116LTTNG2211W,7439-92-1,2016,02,0,0,0,0,0,334
1316215208861,47805LCNRL5901N,N420,2016,02,0,0,0,0,1,331
1324222891816,4908WPRKRH8676E,N100,2024,02,0,0,0,0,0,332
1323221742644,24203MRRSN400CO,7440-36-0,2023,05,0,0,0,0,0,326
1324222784264,52404KLNGR5555H,100-41-4,2024,04,0,0,0,0,1,325
1320218845776,47670TYTMT4000T,N420,2020,02,0,0,0,0,0,336
1321220152247,94565CRTRN2850W,7664-41-7,2021,04,0,0,0,0,0,325
1315214042475,54868FGPRD3000P,100-42-5,2015,04,0,0,0,0,0,336
1323222068948,94565CRTRN2850W,N495,2023,04,0,0,0,0,0,325
1314211910411,29456DMLRC851PA,107-21-1,2014,04,0,0,0,0,0,336
1315213718861,30071TTNTW2000N,7782-50-5,2015,03,0,0,0,0,0,327
1322220645725,27406LYMPC4100P,26471-62-5,2022,05,0,0,0,0,0,326
1322220694475,1982WTGNMM138SA,107-21-1,2022,03,0,0,0,0,0,333
1322220749978,37363PWRSR9404O,7440-36-0,2022,04,0,0,0,0,0,335
1320219443266,16601MRWYN3701B,7439-92-1,2020,05,0,0,0,0,0,331
1324222517613,43952BRMCHCOUNT,N010,2024,04,0,1,1,0,0,325
1317216133734,19123NTNLC401NO,N230,2017,06,0,0,0,0,0,325
1318217469307,48176SLNNS7700M,N120,2018,05,0,0,0,0,0,336
1318217590847,48626HMLCK12334,75-45-6,2018,04,0,0,0,0,0,331
1315214441661,28607HGHLN465IN,108-88-3,2015,03,0,0,0,0,0,325
1321220357812,56303PRCSN6925S,7439-92-1,2021,02,0,0,0,0,0,339
1324223007004,7566WTRMPH73LDG,7439-92-1,2024,02,0,0,0,0,1,332
1316215054281,3765WFMPRD11SUT,N495,2016,03,0,0,0,0,0,326
1321219972662,40330HTCHT955WA,7440-47-3,2021,04,0,0,0,0,0,336
1318217760634,14304PRCSP2124L,N100,2018,05,1,1,1,0,0,332
1324223120650,45309MCGRG365CA,7439-92-1,2024,03,0,0,0,0,0,334
1320219307764,35055MCSHV24007,7440-50-8,2020,04,0,0,0,0,0,332
1323221958236,6019WNVTRN6WHEB,N420,2023,01,0,0,0,0,0,334
1317216457996,17981DYTNS55NPI,7439-96-5,2017,04,0,0,0,0,0,332
1322220830778,0382WTRBCM67CAL,N090,2022,04,0,0,0,0,1,332
1318217240783,37744BLLZNBALLR,N982,2018,06,1,1,1,1,0,331
1324223063734,76501DLTCN3402C,N450,2024,04,0,0,0,0,0,332
1315213844222,75050SRGRD23501,84-74-2,2015,04,0,0,0,0,0,325
1316215018957,03820DTMGN140CR,7439-92-1,2016,03,0,0,0,0,0,334
1314212748293,36105HYNDM7HYUN,N495,2014,05,0,0,0,0,0,336
1323222499713,0176WSGNTC1GENE,N120,2023,01,0,0,0,0,0,999
1318216910303,27886LCTLT2801A,N420,2018,03,0,0,0,0,0,331
1316216622389,9915WCDZDC51NNE,108-95-2,2016,04,0,0,0,0,0,336
1316214928018,31601BTHCR1610J,100-42-5,2016,04,0,0,0,0,0,326
1314212800066,27604MLLNC8801N,7664-41-7,2014,05,0,0,0,0,0,325
1318217218662,37744TRWNCSNAPP,1330-20-7,2018,04,0,1,0,0,0,333
1315214363943,33860WSTVCPOBOX,111-42-2,2015,05,0,0,0,0,0,325
1318216995225,01887STFFR256AN,7439-92-1,2018,02,0,0,0,0,0,333
1318216762435,53901CPSLR2500W,67-56-1,2018,03,1,0,0,1,1,325
1315214451698,1376WGDSGL171NR,7440-50-8,2015,05,0,0,0,0,0,562
1316215562315,10702GRPHT1050N,7440-50-8,2016,04,0,0,0,0,0,335
1316215381789,33054CGRTT4355N,100-42-5,2016,03,0,0,0,0,0,336
1323221584360,40004TRMMS1051W,110-82-7,2023,03,0,0,0,0,0,336
1315213962350,16749QKRSTINTER,110-82-7,2015,03,0,0,0,0,0,324
1322221431303,7754WFRPRT2363D,100-41-4,2022,02,0,0,0,0,0,211
1321220915490,0150WNCMNC242ST,N420,2021,02,0,0,0,0,0,327
1320218713067,97115MWFBR2929N,100-42-5,2020,03,0,0,0,0,0,326
1319218480883,53563XXNCH1012T,7664-41-7,2019,05,0,0,0,0,0,325
1317216607388,95023PCFCP2340B,872-50-4,2017,04,0,0,0,0,0,325
1317216611487,98271SCSTN61303,80-05-7,2017,04,0,0,0,0,0,331
1314212579433,18042PLYTK55HIL,N458,2014,02,0,0,0,0,0,325
1315213615343,17847CFNDS2NDAR,7440-47-3,2015,03,0,0,0,0,0,336
1324222900488,90278TRWNCONESP,7440-50-8,2024,04,0,0,0,0,0,334
1323222034530,51250PLLCR1800N,N230,2023,03,0,0,0,0,0,321
1324222483719,8052WNTNLN2EAST,1336-36-3,2024,01,0,0,0,0,0,999
1314213048770,7505WSFTYT92WCA,100-42-5,2014,03,0,0,0,0,0,326
1321219751676,54302GRNBY1601N,10049-04-4,2021,01,1,0,0,0,0,322
1320218845636,47670TYTMT4000T,95-63-6,2020,03,0,0,0,0,0,336
1321220058869,46619RCNCR3902W,7439-92-1,2021,02,0,0,0,0,1,332
1321220682292,48057HSPTR4150S,375-95-1,2021,02,0,0,0,0,0,325
1316215158763,45242CNCNN5901C,7440-48-4,2016,02,0,0,0,0,0,332
1320218806774,43085MTKSL875DE,7439-92-1,2020,02,0,0,0,0,0,335
1316214995704,49512MNRLL44944,108-90-7,2016,01,0,0,0,0,0,326
1314214366130,16033BSFCR1424M,67-56-1,2014,04,0,1,0,0,0,325
1317216427904,43756JPTRN5037N,N100,2017,05,0,0,0,0,0,333
1319217874003,5300WLLCST217WE,7440-50-8,2019,03,0,0,0,0,0,331
1319218488942,2280WKRRYN1711N,N511,2019,02,1,0,0,1,0,311
1322220697320,03062TRDYN4PITT,N100,2022,04,1,0,0,1,0,334
1316215530977,12150SCHNC1000M,108-39-4,2016,03,0,0,0,0,1,325
1314212695264,8100WNLSTL319LC,7439-96-5,2014,05,0,0,0,0,0,332
1319217718903,21230KYDNR1400B,106-94-5,2019,03,0,0,0,0,0,336
1315213797273,48108CYMNC118EE,75-09-2,2015,04,0,0,0,0,0,325
1314212449680,30263CRNND374CO,N120,2014,04,0,0,0,0,0,326
1324222852978,02860CLYNC50EST,68-12-2,2024,03,0,0,0,0,0,313
1320219001219,65775BRCHR508TH,N420,2020,03,1,0,0,1,1,321
1315213228416,45069PLZRC553UN,7439-92-1,2015,02,0,0,0,0,0,335
1324222712212,9050WPLYPP365MA,1634-04-4,2024,03,0,0,0,0,0,325
1316215646605,31401HRCLSOLDLO,106-89-8,2016,05,0,0,0,0,0,325
1323222338016,48084SLZRP1972M,N495,2023,05,1,1,1,0,0,331
1322221338799,45750FRMSCMILLC,7440-47-3,2022,05,0,0,0,0,0,333
1316215455585,35806NGLHR9800K,7664-41-7,2016,03,0,0,0,0,0,336
1316214954012,45879THMPSRT2CO,7439-92-1,2016,04,0,0,0,0,0,332
1319218454054,0810WKRSHN1HLTE,7440-02-0,2019,05,0,0,0,0,0,332
1318218523595,00705TRCSNRD14K,79-21-0,2018,03,0,0,0,0,0,311
1319218342537,28392CRLNFHWY87,10049-04-4,2019,01,1,0,0,0,0,311
1320219362175,4351WGLNNH1286C,N090,2020,03,0,0,0,0,0,327
1317216597878,27804LCNCN400JE,N420,2017,04,0,0,0,0,0,332
1321220432708,90670BRNNT10747,127-18-4,2021,05,0,0,0,0,0,4246
1314212861660,89408QBCRP2000E,N982,2014,04,0,0,0,0,0,323
1315213637871,01566BRLLCSTURB,N420,2015,03,0,0,0,0,0,334
1316215092065,55427NRTHM73003,2699-79-8,2016,04,0,0,0,0,0,311
1324223096520,37831XFRDT601OA,7439-92-1,2024,03,0,0,0,0,0,334
1317216611982,00718CMBPRELDUQ,N230,2017,01,0,0,0,0,0,325
1324222467351,27565NVRSL311PR,N503,2024,03,1,0,0,1,0,3122
1319217658816,15767BFGLC701MA,N511,2019,03,1,0,0,1,0,332
1314213000577,48184NSTRT35660,N982,2014,03,1,0,0,1,0,332
1318217430673,48764TWSPL510IN,N495,2018,03,0,0,0,0,0,332
1319218044699,19510CNCRPEXCEL,7440-50-8,2019,04,0,0,0,0,0,332
1319219407032,78407JVLNC5314I,74-85-1,2019,05,0,0,0,0,0,325
1315213778374,60076FLPRN7450N,N982,2015,03,0,0,0,0,0,339
1322220656538,07114GJCHM37037,71-36-3,2022,05,0,1,1,0,0,4246
1315213921719,64051SRMYLINTER,84-74-2,2015,04,0,0,0,0,0,332
1321220314215,69001DYCPR400SO,N010,2021,04,0,0,0,0,0,326
1319218504381,92101SLRTR2200P,7440-02-0,2019,05,0,1,0,0,0,333
1324222965699,55440HNYWL2600R,7439-92-1,2024,02,0,0,0,0,0,334
1323222175325,37744BLLZNBALLR,N100,2023,04,1,0,1,1,0,331
1324222671137,0647WBYKSN33STI,71-36-3,2024,03,0,1,1,0,0,325
1322221286267,50616SLSBR1900R,N511,2022,02,1,0,0,1,0,325
1316215390257,48205NDSTR11900,95-63-6,2016,03,0,0,0,0,0,327
1317219424948,64772MNVDPHIGHW,100-41-4,2017,04,0,0,0,0,0,326
1323221752470,17851HSKNS1ARCO,127-18-4,2023,01,0,0,0,0,0,333
1320218819112,0647WCPVTW16WDR,7664-41-7,2020,04,0,0,0,0,0,2211
1319217724210,48218FRTZP255MA,7782-50-5,2019,04,0,0,0,0,0,331
1323221586896,1230WFRTTC215TE,N450,2023,02,0,0,0,0,0,325
1318217396643,29905SMCMRBLVDD,N420,2018,01,1,0,0,1,0,999
1320218673440,64051SRMYLINTER,7782-50-5,2020,03,0,0,0,0,0,332
1314212775629,44902LDGBR198WA,7440-50-8,2014,03,0,1,1,0,1,331
1320218814034,19510CNCRPEXCEL,1330-20-7,2020,04,0,0,0,0,0,332
1321220392765,79912BRDRSVINTO,7439-92-1,2021,03,1,0,0,1,0,331
1317216283059,12550CVNTR89TAF,1330-20-7,2017,03,0,0,0,0,0,325
1317216549206,97217LCMSL3625N,872-50-4,2017,05,0,0,0,0,0,325
1322220757316,08816MNCND5JOAN,110-54-3,2022,04,0,0,0,0,0,325
1315213913369,5510WPRFND51STA,7440-50-8,2015,03,0,0,0,0,0,331
1323222202133,67219THCLM801E3,7440-02-0,2023,05,0,0,0,0,0,333
1314212572123,06723THWTR114PO,N100,2014,03,1,0,0,0,0,332
1314212786356,62040TRCRP12001,7440-38-2,2014,03,0,0,0,0,0,332
1315214296117,35125RVRSDTRUSS,N590,2015,04,0,0,0,0,0,999
1320218835270,37130PLPRD1307R,7664-41-7,2020,03,1,0,0,0,0,332
1319218260596,99337SNDVKCHEMI,7697-37-2,2019,04,0,0,0,0,0,331
1318217398395,30117DCSTR1DECM,N120,2018,03,0,0,0,0,0,336
1317216266977,32218NHSRB111BU,7664-41-7,2017,05,1,0,0,1,0,3121
1314212797272,90023RCDNC3225E,131-11-3,2014,03,0,0,0,0,0,332
1314212986069,55317CNTRL1724L,7439-92-1,2014,02,0,0,0,0,0,334
1315213726348,24019VFPNC4520E,7440-47-3,2015,03,0,0,0,0,0,333
1314212674891,27420GLBRC7300F,7439-92-1,2014,04,0,1,0,0,1,333
1324223010606,35055MCSHV24007,7440-50-8,2024,03,0,0,0,0,0,332
1322221025556,94553SHLLM10MOC,N740,2022,05,0,0,0,0,0,325
1323221726476,43311BLLTC700WL,N420,2023,03,0,1,1,0,0,327
1322220645547,08691WBTCH108NG,108-88-3,2022,03,0,0,0,0,0,323
1320219394261,12138TCNCPCOONB,100-41-4,2020,04,0,0,0,0,0,313
1315213703008,06002KMTCSBLUEH,7697-37-2,2015,03,0,0,0,0,0,336
1322220795506,60152RNLDN300WE,106-94-5,2022,03,0,0,0,0,0,332
1323221870064,35810TYTMT1CTTN,7439-92-1,2023,03,0,0,0,0,0,336
1315214218810,4942WJHNSN7WEST,N495,2015,04,0,0,0,0,0,335
1316215232240,46628BRNCR2001W,108-88-3,2016,05,0,0,0,0,0,325
1316214961272,38834CRNTHFULTO,N420,2016,03,0,0,0,0,0,334
1319219408299,2618WHNMTR1HINW,107-21-1,2019,05,0,0,0,0,0,336
1324222540193,94089QLTKD1274F,7664-41-7,2024,04,0,0,0,0,0,334
1324222987000,45212MSCNC2909H,872-50-4,2024,04,0,1,1,0,0,4246
1315216631352,30294JCBSN36SPA,57213-69-1,2015,04,0,0,0,0,0,325
1317215852409,28086CYPRSJCT18,554-13-2,2017,06,1,1,1,0,0,325
1317216902736,8022WRCKYM581PE,7439-92-1,2017,02,0,0,0,0,0,327
1316215682446,53573MSCDPPOBOX,7697-37-2,2016,04,0,0,0,0,0,311
1314212516746,18702NSNNG1141H,7440-02-0,2014,04,0,0,0,0,0,336
1314212666200,45856PRTCC5000C,7439-92-1,2014,01,1,0,0,0,1,332
1323222141917,4537WCLPYB14WST,N120,2023,05,0,0,0,0,0,332
1323221950330,13204NPLTC459PU,N511,2023,03,1,0,0,1,0,332
1319218435992,40065KTYMM6901M,7440-47-3,2019,05,0,0,0,0,0,336
1320219060199,48764TWSPL510IN,7697-37-2,2020,03,0,0,0,0,0,332
1316222367841,3016WCNCRD795TR,N420,2016,05,0,0,0,0,0,335
1314212943423,77640FNLNDHIGHW,74-85-1,2014,05,1,0,0,1,0,324
1315213532563,63139LSLFM6800A,79-01-6,2015,03,0,0,0,0,0,332
1319218465526,1634WWBCND32PRG,7439-96-5,2019,04,0,0,0,0,0,331
1316215128113,1834WCSTML5RIVE,N010,2016,04,0,0,0,0,0,332
1315213901465,61702BRDGSVETER,N590,2015,03,1,0,0,1,1,326
1315214240386,14304THGDY5408B,95-53-4,2015,05,0,0,0,0,0,325
1320219375995,78521NRTNC1505M,108-95-2,2020,04,0,0,0,0,0,327
1318216828881,8943WPPGND5PITT,55406-53-6,2018,03,0,0,0,0,0,325
1315214288742,42141FLKRB125BE,7697-37-2,2015,03,0,0,0,0,0,331
1316214998092,63801LNWRC830SO,7440-50-8,2016,05,0,0,0,0,0,331
1321219778444,42101BDCMP31WNO,7439-92-1,2021,05,0,0,0,0,0,336
1315214063430,53188RTCRP1900E,7664-41-7,2015,03,0,0,0,0,0,335
1322221205798,7812WWTXSX565BL,107-21-1,2022,01,0,0,0,0,0,336
1322221399759,1511WHLTCM76BRA,7440-02-0,2022,06,0,0,0,0,0,332
1323222277396,4250WTYTTS1PINA,7439-96-5,2023,06,0,0,0,0,0,336
1315214314332,55369NVRSL8860Z,7440-50-8,2015,03,0,0,0,0,0,334
1317216138608,54476CRYST2608R,N230,2017,04,0,0,0,0,0,332
1321220512824,98270RCLLN12806,67-56-1,2021,03,0,0,0,0,0,336
1315214279933,94070KLLYM1015C,N982,2015,04,0,1,0,0,0,325
1314212412821,28134RTLND9635I,117-81-7,2014,05,0,1,0,0,1,325
1316215116524,32901RCKWL1100W,7439-92-1,2016,02,0,0,0,0,0,334
1316215466715,86301STRMRRUGER,7632-00-0,2016,03,0,0,0,0,0,332
1314212545356,7560WMNNDS16LTR,1330-20-7,2014,04,0,0,0,0,0,325
1319218069476,9530WBRBSC22EGR,100-42-5,2019,01,0,0,0,0,0,337
1319218079287,24441RYNLDCAVER,N982,2019,04,0,0,0,0,0,326
1323222336822,48084SLZRP1972M,7429-90-5,2023,04,1,0,1,0,0,331
1314213099625,47933CRWFR700LA,N420,2014,01,1,0,0,1,0,2211
1315214377792,92069SMTML915AR,107-21-1,2015,04,0,0,0,0,0,325
1314212451660,31794HTCRF420SO,7440-50-8,2014,04,0,0,0,0,0,333
1319217961768,55128YRSHR71555,7439-92-1,2019,03,0,0,0,0,0,334
1324223239880,45502TRTCN4700G,N106,2024,04,0,0,0,0,0,332
1322221360833,16749QKRSTINTER,7664-41-7,2022,04,1,0,0,1,0,324
1317215948302,47905GYPTN555SA,7440-66-6,2017,04,0,0,0,0,0,325
1317216139131,51442FRMLNINDUS,7664-41-7,2017,05,1,0,0,1,0,311
1315214331504,00804SSSTTCYRIL,108-88-3,2015,05,0,0,0,0,0,4247
1323221543198,07603STRNC35WFR,N511,2023,02,0,0,0,0,0,327
1318216958393,75668SCTND3756F,7440-50-8,2018,04,0,0,0,0,0,332
1314212404228,75160VKSTH17MET,N010,2014,03,0,0,0,0,0,326
1324222666238,4816WWBSTR55111,N120,2024,04,0,0,0,0,0,336
1323221657315,1936WVCTRY3127L,7697-37-2,2023,03,0,0,0,0,0,3121
1324222548834,37416HRPRW7463B,N120,2024,03,0,0,0,0,0,332
1320218971289,45225MYRTL3055C,7440-02-0,2020,03,0,0,0,0,0,336
1316215753827,44622DVRCHWESTF,N530,2016,07,1,0,1,0,0,325
1323222010252,29602MCHLN1401A,N982,2023,04,0,0,0,0,0,326
1319218122861,92665CNTNS520WG,N982,2019,04,0,0,0,0,0,332
1320218926347,44622NNCMP875HA,67-56-1,2020,04,0,0,0,0,0,325
1323222277042,11706STRLC1714T,N495,2023,03,0,0,0,0,0,332
1321220147856,70079CYPRS16122,7647-01-0,2021,04,1,0,0,1,0,325
1314212510628,31603LJRND1625J,100-42-5,2014,04,0,0,0,0,0,326
1324222925366,72956STLYM610SO,75-56-9,2024,04,0,0,0,0,0,311
1323221590488,03060PCDHS3EAST,872-50-4,2023,03,0,0,0,0,0,325
1323221527664,33054DYPLS1251N,N120,2023,05,0,0,0,0,0,326
1314212939363,08902RSQBBONESQ,75-05-8,2014,04,0,0,0,0,0,325
1316215068204,7730WTXNDS116AI,101-14-4,2016,03,0,0,0,0,0,326
1314213092188,23607NWPRT4101W,N590,2014,03,0,0,0,0,0,336
1319218468104,75668RLLYTPOBOX,N590,2019,03,0,0,0,0,1,325
1315213561210,14224XCLPR12NAM,75-09-2,2015,05,0,1,0,0,0,325
1319218456313,35007VNTPL700IN,67-66-3,2019,04,0,0,0,0,0,325
1322220997136,19510CNCRPEXCEL,95-63-6,2022,04,0,0,0,0,0,332
1324222637631,4606WSMCCR11SMC,7439-92-1,2024,04,0,0,0,0,0,333
1319218113140,62526DMCRN4666F,7664-41-7,2019,06,0,0,0,0,0,311
1321219668264,06075NRTHMOLDMO,7697-37-2,2021,03,0,0,0,0,0,334
1314212573695,43725LMCST804BY,N982,2014,04,0,0,0,0,0,326
1315214426823,23607NWPRT4101W,191-24-2,2015,02,0,0,0,0,0,336
1321219939547,54701MRCNP800WI,N982,2021,06,0,0,0,0,0,326
1321220205064,37744BLLZNBALLR,N982,2021,06,1,1,1,1,0,331
1318217238031,71360DSTRN529CE,N150,2018,17,0,0,0,0,1,321
1323221790898,45891RQPCR1225W,7440-50-8,2023,03,0,0,0,0,0,332
1324222893188,28086CMMRC101CA,N495,2024,03,0,0,0,0,0,333
1316215187042,07077SHLLL111ST,107-21-1,2016,04,0,0,0,0,0,4247
1315214009894,64093GTSNR617NO,N420,2015,06,1,0,1,0,0,335
1316215110608,94928PRKRH5500B,7439-92-1,2016,02,0,0,0,0,0,335
1323222277384,4250WTYTTS1PINA,7440-47-3,2023,05,0,0,0,0,0,336
1320219196615,29606MCMPNPERIM,872-50-4,2020,03,0,0,0,0,0,326
1319218000824,46515HRMSL1101L,7439-97-6,2019,03,0,0,0,0,0,335
1314212440857,02914RGNCD7484V,7440-47-3,2014,03,0,0,0,0,1,325
1324222862498,45241DLTSC11500,7440-36-0,2024,03,0,0,0,0,0,326
1322221154913,56001WNLND1950E,7439-92-1,2022,02,0,0,0,0,0,334
1316215390333,92138NTNLSHARBO,95-63-6,2016,03,0,0,0,0,0,336
1323221804762,55917VKNGC157WE,64-18-6,2023,04,0,0,0,0,0,325
1321219601655,30720SHWNDEASTF,N120,2021,05,0,0,0,0,0,314
1315214006328,12150SCHNC1000M,95-63-6,2015,03,0,0,0,0,1,325
1322220776583,11704MRCNC400SH,80-62-6,2022,04,0,0,0,0,0,326
1314212718908,43410WHRLP119BI,N040,2014,03,0,0,0,0,0,335
1316215156670,38562TNRQP142NG,7439-92-1,2016,02,0,0,0,0,0,332
1314212980700,19153CHMSN7825H,N010,2014,05,0,1,1,0,0,325
1321220041913,50595VNDSTOLDHW,107-21-1,2021,05,0,0,0,0,0,325
1321219981014,74834FRMFR1100T,N511,2021,04,1,0,0,1,0,311
1321220056182,92665CNTNS520WG,N982,2021,04,0,0,0,0,0,332
1317216402608,82701WYMNG740WE,100-41-4,2017,05,1,0,0,0,1,324
1315214432371,49503PRGNF1655M,7439-92-1,2015,02,0,0,0,0,0,334
1317216446512,0802WCHMRS67CAN,8001-58-9,2017,06,0,0,0,0,0,325
1318218520171,48043DPNTM400GR,95-63-6,2018,04,0,1,1,0,0,325
1321220257099,77630JMHBRFM736,75-15-0,2021,03,1,0,0,1,0,325
1316215734245,79187BPNCXFARMR,7664-41-7,2016,05,1,0,0,1,0,311
1321220274308,98134LSKNC32006,N100,2021,04,0,0,0,0,0,332
1314213126004,97210CSRFN6350N,N590,2014,01,0,0,0,0,0,324
1324222819753,84337WSTLB845N2,7664-41-7,2024,04,0,0,0,0,0,311
1318217061530,92663HXSNM829PR,N511,2018,03,1,0,0,1,0,332
1317216013692,03063CRCTC4STAT,7439-92-1,2017,02,0,0,0,0,0,334
1315218588768,56308MCMPN2115S,50-00-0,2015,03,1,0,0,1,0,327
1324222405348,97440PRCCR10NOR,N982,2024,04,0,1,1,0,0,332
1323221752266,24210STRNG26770,100-42-5,2023,05,0,0,0,0,0,326
1322220780415,77833VLMNTHWY29,7439-96-5,2022,03,0,0,0,0,0,332
1317216130765,2620WWYRHS41TJM,N120,2017,04,0,0,0,0,0,321
1321220562488,43952BRMCHCOUNT,N010,2021,04,0,0,0,0,0,325
1319217694215,15301WSTPN2833W,N982,2019,03,0,0,0,0,0,335
1319217682119,61953CBTCRROUTE,7782-50-5,2019,04,1,0,0,1,0,325
1317215931890,45242CNCNN5901C,7440-48-4,2017,02,0,0,0,0,0,332
1317216609646,48180MSTGC20219,N982,2017,04,0,0,0,0,0,325
1318217382415,92667BBCCK1717W,67-56-1,2018,03,0,0,0,0,0,339
1320218964031,0887WRCHML18USH,75-05-8,2020,04,0,0,0,0,0,325
1318216745911,3002WSNNCR475HR,7439-92-1,2018,02,0,0,0,0,0,334
1319218160796,55744BLNDN115SW,7439-97-6,2019,01,0,0,0,0,1,322
1314212647693,01887SRFCC100EA,N120,2014,05,0,0,0,0,0,325
1321220274144,1511WHLTCM76BRA,7439-92-1,2021,04,0,0,0,0,0,332
1321219893916,85226GLRVR6615W,7440-50-8,2021,04,0,0,0,0,0,334
1314212381141,79604BNDGNFARMR,N982,2014,05,0,0,0,0,0,326
1314213174345,73401TTLPTHIGHW,100-41-4,2014,06,0,1,1,0,0,324
1324222560118,37644SNPNTSTATE,7439-92-1,2024,05,0,0,0,0,0,332
1316215306236,13165WRGRC228EA,108-10-1,2016,04,0,0,0,0,0,325
1324222999587,49015TKRKS100HI,108-88-3,2024,03,0,0,0,0,0,336
1321219702204,19510CNCRPEXCEL,91-20-3,2021,04,0,0,0,0,0,332
1321220164483,99337SNDVKCHEMI,7697-37-2,2021,04,0,0,0,0,0,331
1315215790775,01730MYKRL8ASHB,117-81-7,2015,04,0,0,0,0,0,326
1321220065748,55912GHRML500NE,7664-41-7,2021,05,1,0,0,1,0,311
1318217165048,10940RVRSMRD2BA,N096,2018,03,0,0,0,0,0,331
1321221565258,33316KRNKS1010S,111-42-2,2021,04,0,0,0,0,1,324
1317216329565,92570TCHLL2500A,7440-02-0,2017,04,0,0,0,0,0,331
1319218154716,43619NRPLS7825C,100-41-4,2019,03,0,0,0,0,0,336
1318217547429,28052FRGHT1400T,N495,2018,05,0,0,0,0,0,336
1319218273605,16749QKRSTINTER,110-82-7,2019,03,0,0,0,0,0,324
1315214339246,4021WNLSTL48ALL,7439-96-5,2015,04,0,0,0,0,0,332
1316215144736,27409PPGND109PP,N982,2016,04,0,0,0,0,0,325
1314212695047,37334FRNKC1796W,7439-96-5,2014,05,0,0,0,0,0,332
1321219970175,72206WLSPN931FR,1344-28-1,2021,03,0,0,0,0,0,331
1322221093216,98108CCLVN429SO,N982,2022,03,1,0,1,1,0,332
1315214292043,91504CRNCM3000W,7439-92-1,2015,02,0,0,0,0,0,332
1324222732570,9176WDNCNX1745E,7697-37-2,2024,04,0,0,0,0,0,332
1314212333544,75080TWNST500WE,67-56-1,2014,03,0,0,0,0,0,334
1315214208959,4724WHNDMN2755N,67-56-1,2015,04,0,0,0,0,0,336
1315214474660,01605LJNWN15SAG,N230,2015,04,0,0,0,0,0,332
1315213910096,84044HRCLS6800W,79-94-7,2015,02,0,0,0,0,0,325
1314218619346,14150CRBRN168CR,7664-41-7,2014,04,0,0,0,0,0,325
1323221674359,37744KRFTNBOHAN,7664-41-7,2023,03,0,0,0,0,0,311
1320218641595,77536RHMXS1700T,80-15-9,2020,03,0,0,0,0,0,325
1322221214695,5544WPNMDY14425,7440-50-8,2022,04,0,0,0,0,0,332
1323221537285,21230STHRN1620B,N982,2023,04,0,0,0,0,0,332
1316215294099,49068PRGRS507IN,7439-92-1,2016,03,0,0,0,0,0,335
1323221592468,47960MCGLL705N6,7440-47-3,2023,04,0,0,0,0,0,332
1324222762763,3562WSNPNT18771,7440-47-3,2024,04,0,0,0,0,0,332
1316215149055,55117FXPCK51EAS,107-21-1,2016,04,0,0,0,0,0,325
1323222008839,27108WNSBROLDRO,N090,2023,05,1,0,0,0,1,327
1319218492243,60031MZRCH3938P,75-21-8,2019,06,0,0,0,0,0,325
1324222614683,56308MCMPN2115S,50-00-0,2024,03,0,0,0,0,0,327
1322220892677,35810TYTMT1CTTN,7439-92-1,2022,03,0,0,0,0,0,336
1316215797818,66115GNBNC3001F,7439-92-1,2016,07,0,0,0,0,0,335
1314212346973,30024KTLCM70CRE,N420,2014,03,0,0,0,0,0,336
1314212904926,53565NLSND856FA,N450,2014,04,0,0,0,0,0,336
1318217093691,16143YNGGLPOBOX,N982,2018,04,1,0,0,0,0,332
1318217123607,47170MLTCLHWY31,108-88-3,2018,04,0,0,0,0,0,323
1318217307216,49007KLSCN3713W,110-54-3,2018,03,0,0,0,0,0,311
1316215433929,37745MRCNT79WAN,100-42-5,2016,04,0,0,0,0,0,326
1322220749055,46231MCRNT1550R,N450,2022,03,0,0,0,0,0,325
1317216097461,29445HRMNNPOBOX,67-56-1,2017,05,1,0,0,1,1,325
1316215731086,38965CLTNDHIGHW,7440-50-8,2016,04,0,0,0,0,0,336
1314213002102,4411WFLWPL17STC,149-30-4,2014,04,0,0,0,0,0,325
1320219145796,54601THTRN1700H,306-83-2,2020,03,0,0,0,0,0,333
1324223125713,94553MNSNT1778M,7664-93-9,2024,01,0,0,0,0,0,325
1320218811370,30528FRDNBONENO,67-56-1,2020,03,0,0,0,0,0,326
1315214028639,43612CHMBN6175A,50-00-0,2015,06,1,0,1,0,0,325
1320218787644,0060WHPNTRCARR1,N230,2020,04,0,0,0,0,0,325
1316215782083,77380SGMGN9186S,68-12-2,2016,04,0,0,0,0,0,325
1323222217491,22170TMTNC1200S,N100,2023,04,1,0,1,1,0,334
1315213872791,75081HNYWL830EA,7664-93-9,2015,08,1,0,0,1,0,334
1321219499288,5203WBLLVS29427,1344-28-1,2021,04,0,1,0,0,0,327
1320218696211,32672MRTNM498OA,7439-92-1,2020,03,0,0,0,0,0,334
1323222346114,4817WRLKNS41144,N090,2023,04,1,1,1,0,0,331
1324222494647,60007BLRMN2201L,N420,2024,02,0,0,0,0,0,334
1316215168206,64093GTSNR617NO,N420,2016,06,1,0,1,0,0,335
1315214299428,08037MRCNGRT54S,N982,2015,04,1,0,0,1,0,332
1321220072033,61061BRDNNWHITE,108-95-2,2021,03,0,0,0,0,0,325
1314212634556,46767TWRST1491G,100-42-5,2014,04,0,0,0,0,0,326
1319218217370,47112VNTFB3430C,79-01-6,2019,05,0,0,0,0,0,326
1316214941344,62864GNRLTHWY14,111-42-2,2016,03,0,0,0,0,0,326
1314214127209,29411DPNTCCYPRE,67-56-1,2014,05,1,0,0,1,0,325
1318217073954,74403FRTHW5600E,N982,2018,04,1,0,0,1,0,322
1315214144026,17013PPGND400PA,N982,2015,04,0,0,0,0,1,327
1317216433805,38109BRMNG3601P,N982,2017,04,0,1,0,0,1,331
1324222642985,4951WMPHNL4489E,7439-92-1,2024,03,0,0,0,0,1,334
1317216138735,54476CRYST2608R,1330-20-7,2017,04,0,0,0,0,0,332
1320219034295,16749QKRSTINTER,108-88-3,2020,05,0,0,0,0,0,324
1316215088574,97124DYNCS4750N,108-88-3,2016,04,0,0,0,0,0,339
1316215529847,42718NGRSL11IND,7440-50-8,2016,04,0,0,0,0,0,333
1320218888600,23168GRYST7992R,N420,2020,04,1,0,0,1,0,332
1320218688733,74115BNGNR3330N,107-21-1,2020,04,0,0,0,0,0,336
1315214038731,1970WJHNSN5PATR,N420,2015,07,0,1,1,0,0,335
1318216776450,23834LDNCR16101,7664-41-7,2018,04,0,0,0,0,0,326
1316215579881,14304THGDY5408B,123-31-9,2016,06,0,0,0,0,0,325
1317216592446,14304THGDY5408B,108-95-2,2017,05,0,0,0,0,0,325
1317216402545,82701WYMNG740WE,7664-41-7,2017,05,0,1,0,0,0,324
1319217859824,85034BCDWR3925E,7664-39-3,2019,03,0,0,0,0,0,332
1314212802250,21620HLSMRMDRTE,108-88-3,2014,05,0,0,0,0,0,325
1314212824054,55744BLNDN115SW,67-56-1,2014,04,1,1,0,0,1,322
1318216945307,61072BLTCR1165P,N982,2018,02,0,0,0,0,0,325
1314212899064,22602HPHDX160HO,7697-37-2,2014,04,0,0,0,0,0,311
1318217268414,44035LRRMC241SA,7664-41-7,2018,03,0,0,0,0,0,336
1314212557526,07057FRMLN52MAI,7697-37-2,2014,03,0,0,0,0,0,311
1315213230939,47108HLSLNSTATE,7440-02-0,2015,03,0,0,0,0,0,332
1319217917261,18447BCWRR141EL,MIXTURE,2019,03,0,0,0,0,0,327
1318216837880,47362DNCRP2700E,N120,2018,04,0,0,0,0,0,331
1315213867017,30549KBTND11MCC,108-10-1,2015,03,0,0,0,0,0,333
1324223030622,1934WDSMBM735PE,N120,2024,04,0,0,0,0,0,339
1323222182608,3101WSTLLJ35PAT,87-86-5,2023,04,0,0,0,0,0,321
1321219715392,4816WHNRBC3SHIL,7664-93-9,2021,02,0,0,0,0,0,332
1323221562376,49340NTDST7839C,100-42-5,2023,04,0,0,0,0,0,326
1321220430817,43420CRBFR15STA,7439-96-5,2021,03,0,0,0,0,0,332
1317216618088,7757WGSNNV185EH,74-85-1,2017,05,0,0,0,0,0,4247
1321220277418,28086CMMRC101CA,7440-47-3,2021,02,0,0,0,0,0,333
1322221581198,3545WSMPTM1799E,1330-20-7,2022,03,0,0,0,0,0,336
1321219910179,47670TYTMT4000T,100-41-4,2021,03,0,0,0,0,0,336
1317216531830,31823CGLSNPOBOX,7664-41-7,2017,03,1,0,0,1,0,311
1319218345609,44663LRNMN2228R,7439-92-1,2019,01,0,0,0,0,0,326
1322221136601,75243RLQDL13546,7664-39-3,2022,05,0,0,0,0,0,4246
1322221467968,30144CHMTR1825C,110-54-3,2022,03,0,0,0,0,0,325
1323222137717,4783WVCBRZ1825E,100-41-4,2023,04,0,0,0,0,0,325
1317216315503,95193BMXXX5600C,872-50-4,2017,05,0,0,0,0,0,334
1320218702621,47374BLDNW350NO,N010,2020,05,0,0,0,0,0,331
1315214388872,15301DRKNFWESTW,N040,2015,05,1,1,1,0,0,325
1315213752153,43025RNSLC180NH,26471-62-5,2015,05,0,0,0,0,0,326
1317216402418,80542BLDRS5983R,75-09-2,2017,04,0,0,0,0,0,325
1314212396713,42445BRMNR1475U,7664-41-7,2014,04,1,0,0,1,0,311
1321220543829,55719MNNST611WE,79-01-6,2021,03,0,0,0,0,0,333
1315213893922,80751STRLN45ANG,110-54-3,2015,03,1,0,0,0,0,325
1314212881700,98134LSKNC32006,N495,2014,04,0,0,0,0,0,332
1321219606819,14304PRCSP2124L,7440-47-3,2021,03,0,0,0,0,0,332
1316215106764,34243DNZMR81611,100-42-5,2016,03,0,0,0,0,0,336
1323221773637,73023MDWSTHWY19,100-42-5,2023,05,0,0,0,0,0,326
1322221058516,37686PLYMR688IN,N982,2022,02,0,0,0,0,0,326
1316215298617,17847CFNDS2NDAR,7439-96-5,2016,03,0,0,0,0,0,336
1321220471647,37744TRWNCSNAPP,7440-02-0,2021,04,0,0,0,0,0,333
1316215591520,7806WNDPND472EA,67-56-1,2016,04,0,0,0,0,0,325
1314211898085,9280WSMRTL2WCRP,108-88-3,2014,02,0,0,0,0,0,334
1316215446206,46176RYBDC800MA,7439-92-1,2016,04,0,0,0,0,0,331
1324222981084,94553SHLLM10MOC,N740,2024,04,0,0,0,0,0,325
1321220613552,1933WPPPRD421BT,7664-41-7,2021,04,0,0,0,0,0,311
1323221649433,15767PRFRM700MA,7440-02-0,2023,03,0,0,0,0,0,332
1324222498750,46268LNPSN6925G,75-09-2,2024,04,0,0,0,0,0,325
1321219755725,15665WSTNGROUTE,100-41-4,2021,06,0,0,0,0,0,325
1320218645493,99019HNTWD238AP,100-41-4,2020,02,0,0,0,0,0,337
1320219165141,45162THHRT5374L,26002-80-2,2020,03,0,0,0,0,0,311
1316216548533,36652SCTTPBAYBR,7664-41-7,2016,04,0,0,0,0,0,322
1321219468624,52156SWSSVHWY18,N450,2021,01,0,0,0,0,0,311
1316215057858,37914MRCNS2820M,79-01-6,2016,04,0,0,0,0,0,332
1317216646568,48089MDRNH12880,N090,2017,04,0,0,0,0,0,332
1319218075671,9530WBRBSC22EGR,MIXTURE,2019,01,0,0,0,0,0,337
1322220892691,35810TYTMT1CTTN,7440-02-0,2022,04,0,0,0,0,0,336
1318217353566,23434LLDCL2301W,79-06-1,2018,07,1,0,1,0,0,325
1323221645094,46514MRRYD1536G,N420,2023,05,0,0,0,0,0,332
1322221021811,44622GRRST624BL,N090,2022,04,0,0,0,0,0,331
1321221029489,5710WRVNND111WA,N420,2021,02,0,0,0,0,0,334
1324222967642,7003WCCMRN71ENG,1330-20-7,2024,04,0,1,0,0,0,336
1322220698005,17094TRNGLJUNIA,1330-20-7,2022,04,0,0,0,0,0,337
1317216279416,95351FSTRF415KA,7697-37-2,2017,03,0,0,0,0,0,311
1316216229157,37166NTRNC1GRIZ,7440-50-8,2016,04,0,1,0,0,0,336
1315213812062,42302WNSBR719EA,N420,2015,01,1,0,0,0,0,311
1320218674683,52156SWSSVHWY18,7697-37-2,2020,04,0,0,0,0,0,311
1314211912365,75501NLCCX391TE,N230,2014,03,0,0,0,0,0,325
1324222981058,94565CRTRN2850W,N495,2024,04,0,0,0,0,0,325
1319218377315,35055MCSHV24007,7440-50-8,2019,04,0,0,0,0,0,332
1322220731525,38834CRNTHFULTO,N420,2022,03,0,0,0,0,0,334
1323222359731,17566STNRN1070R,1330-20-7,2023,04,0,0,0,0,0,325
1324222685354,7754WRVNFD55PRT,2699-79-8,2024,03,0,0,0,0,0,311
1315214202665,06492LBRCH1DUDL,7440-47-3,2015,05,0,0,0,0,0,331
1315213999283,46628BRNCR2001W,1330-20-7,2015,04,0,0,0,0,0,325
1315214007229,28392CRLNFHWY87,7664-41-7,2015,05,1,0,0,1,0,311
1314212956686,15342MNTCH2045W,N450,2014,05,0,0,0,0,0,333
1319217966276,44138MRCNW7951B,7440-50-8,2019,05,0,0,0,0,0,335
1315218598934,50138MNNST3406E,1330-20-7,2015,03,1,0,0,1,0,322
1324222691089,16749QKRSTINTER,108-88-3,2024,05,0,0,0,0,0,324
1320219126923,55449PLSTD3920P,100-41-4,2020,03,0,0,0,0,0,325
1315213603261,30501HRRSC2345M,7440-50-8,2015,04,0,0,0,0,0,333
1321220468110,16601MRWYN3701B,7439-92-1,2021,05,0,0,0,0,0,331
1316215166758,15557RCKWD300MA,7440-02-0,2016,05,0,0,0,0,0,332
1324222634420,8980WJYGLB4451P,7439-96-5,2024,03,0,0,0,0,0,999
1322220633907,59875SPCLT1131N,1330-20-7,2022,03,0,0,0,0,0,339
1317215824956,48178QNXMC400MC,106-94-5,2017,02,0,0,0,0,0,331
1323221550229,01950NNSPC3MALC,N230,2023,03,0,0,0,0,0,325
1322220731121,3741WPLSTC3241H,100-41-4,2022,02,0,0,0,0,0,336
1315214309724,62618XCLCRRR1BO,N511,2015,04,1,0,0,1,0,311
1321219903578,60633TWRTM1235S,7439-96-5,2021,04,0,0,0,0,0,336
1316215668981,84321NVRNC1073W,7439-92-1,2016,02,0,0,0,0,0,334
1317215944416,77375PLYFM11715,N120,2017,05,0,0,0,0,0,326
1315213947373,7111WMNSPC1399H,107-21-1,2015,04,0,0,0,0,0,324
1314212320877,7270WDLTGR3115W,7439-92-1,2014,02,0,0,0,0,0,334
1315214396487,60506NTNLM900NR,7440-50-8,2015,04,0,0,0,0,0,331
1315213701143,91730PRCSN11155,127-18-4,2015,04,0,0,0,0,0,336
1322221465949,49443CLRCR2700W,7440-50-8,2022,02,0,0,0,0,0,332
1324223137353,38343CHSNL3001H,7697-37-2,2024,04,0,0,0,0,0,311
1319217887177,95401HWLTT1412F,7697-37-2,2019,03,0,0,0,0,0,334
1323221747696,3762WTRCTY161AR,7429-90-5,2023,06,0,0,0,0,0,331
1318217455258,98134LSKNC32006,N090,2018,04,0,0,0,0,0,332
1320219029749,55987HSRRT1685W,7439-92-1,2020,02,0,0,0,0,0,327
1316216902686,8022WRCKYM581PE,7439-92-1,2016,01,0,0,0,0,0,327
1323222331391,60629NBSCB7300S,7664-41-7,2023,03,0,0,0,0,0,311
1315214335539,30318WHTKR1557M,67-56-1,2015,05,0,0,0,0,0,4247
1315214339259,2623WNLSTL999EA,7439-96-5,2015,04,0,0,0,0,0,332
1319217831460,17813BVRTW441WE,N590,2019,02,1,0,0,0,0,321
1322220746337,32672MRTNM498OA,7439-92-1,2022,04,0,0,0,0,0,334
1317216552582,7207WNTNLC39NCT,MIXTURE,2017,05,0,0,0,0,0,999
1320218598997,63936WWWDP1182L,71-36-3,2020,03,0,0,0,0,0,337
1322220749509,85210PHMNP112WI,7440-02-0,2022,01,0,0,0,0,0,333
1321219919026,91006NMLDB36LAP,N511,2021,04,1,0,0,1,0,332
1318217129093,92374TLDYN840WE,N420,2018,06,0,0,0,0,0,335
1320218747968,77656STHHMFM418,7783-06-4,2020,03,1,0,0,1,0,325
1320219216379,3774WHFNRT395TE,108-88-3,2020,04,0,0,0,0,0,332
1322221350150,2618WCHMRS848DU,75-45-6,2022,06,0,0,0,0,0,325
1320218645238,74015RXCHN5215A,7439-92-1,2020,02,0,0,0,0,1,333
1314212321638,7211WYNGRD769YU,7439-92-1,2014,01,0,0,0,0,1,327
1317215813460,72543BRDGS99BLT,7440-50-8,2017,04,0,0,0,0,0,335
1322220679993,44691WSTRP1SPRU,N420,2022,01,0,0,0,0,1,332
1324222967630,7003WCCMRN71ENG,71-36-3,2024,04,0,1,0,0,0,336
1315214339297,3520WNLSTL74441,7439-96-5,2015,04,0,0,0,0,0,332
1316215286966,67401CRSTW601EA,1330-20-7,2016,03,0,0,0,0,0,337
1314212804088,97062GRFFT10500,101-14-4,2014,02,0,0,0,0,0,326
1314212321879,7737WTMBLL26515,7439-92-1,2014,01,0,0,0,0,1,327
1314212835476,26164PCHNYROUTE,N090,2014,04,1,0,0,1,0,331
1317215959368,19605MSCPRSTINS,N230,2017,05,0,0,0,0,0,325
1314212478453,03766LMNSC4LUCE,7439-92-1,2014,02,0,0,0,0,0,335
1314212521064,7111WMNSPC1399H,N982,2014,05,0,0,0,0,0,324
1314213195567,02210DVNCD12CHA,7439-92-1,2014,02,0,0,0,0,0,334
1316217643372,48077CSHMM6640S,N090,2016,04,1,0,1,0,0,332
1319218078309,1682WTHRMF32RLL,67-56-1,2019,03,0,0,0,0,0,334
1317216067189,54703HTCHN2435A,N090,2017,03,0,0,0,0,1,334
1317216295030,07003CMFRN13DEW,7664-41-7,2017,03,0,0,0,0,0,333
1317216135640,16749QKRSTINTER,108-88-3,2017,05,0,0,0,0,0,324
1324222442042,52404JDMSN10256,7440-47-3,2024,04,0,1,0,1,0,332
1314212400978,16365NTRLC1401L,N420,2014,04,0,0,0,0,0,335
1319217861222,45331WHRLP171KI,7440-50-8,2019,03,0,0,0,0,0,335
1314212390456,06492CYRNDSOUTH,108-31-6,2014,04,0,0,0,0,0,325
1318217240744,37744BLLZNBALLR,N100,2018,04,1,0,1,1,0,331
1319217937616,31647MCRFLROUTE,91-20-3,2019,04,0,0,0,0,1,325
1316215156617,38562RQPCRHWY53,7440-50-8,2016,04,0,0,0,0,0,332
1324222736340,60609CDPRD6W41S,7664-39-3,2024,04,1,0,1,0,0,4246
1318217231505,56621TMNDS15PAR,N100,2018,05,0,0,0,0,0,336
1321220362952,70821STFFRAIRLI,74-87-3,2021,05,0,0,0,0,0,325
1322220794580,54110PRFSSHWY10,7440-47-3,2022,03,0,1,0,1,0,332
1319217791286,32571RPRDC4575E,50-00-0,2019,04,0,0,0,0,0,325
1324222943363,44036LYRFN120FI,7440-50-8,2024,03,0,0,0,0,0,331
1324222813026,24112CMMNW345BE,108-88-3,2024,04,0,0,0,0,0,326
1323223208618,17519CNSTG245RE,71-36-3,2023,03,0,0,0,0,0,321
1316215055916,32905FRRSR2210W,108-10-1,2016,04,0,0,0,0,0,325
1317216566467,38965CLTNDHIGHW,7440-50-8,2017,05,0,0,0,0,0,336
1321219797762,44633KRCRP8281C,N120,2021,04,0,0,0,0,0,336
1324222903926,78407JVLNC5314I,115-07-1,2024,05,0,0,0,0,0,325
1321220357418,99619SCSTGCOAST,7439-92-1,2021,03,0,0,0,0,1,999
1319217928199,55449PLSTD3920P,108-88-3,2019,04,0,0,0,0,0,325
1317216495578,74131TDWLL6801S,7439-96-5,2017,04,0,0,0,0,0,333
1323221805714,48130LPHMT8155H,7697-37-2,2023,03,0,0,0,0,0,332
1314212859019,76710WCCMP32S27,100-42-5,2014,04,0,0,0,0,0,326
1315214308470,7560WMNNDS16LTR,67-56-1,2015,05,0,0,0,0,0,325
1320219409416,22405CLNLC1026W,7440-50-8,2020,02,0,0,0,0,1,334
1319217808233,92708KGSNC11215,79-01-6,2019,03,0,0,0,0,0,332
1315213753205,14901KNNDY1021E,N450,2015,05,0,0,0,0,0,331
1315214410033,60008LNHNT900CA,N511,2015,04,0,0,0,0,1,325
1317215925660,29160TPKNCSTARR,7664-41-7,2017,03,0,0,0,0,0,311
1316215432701,4521WBNSLM5155F,N420,2016,01,0,0,0,0,1,327
1323222063719,02346CNSPRBRIDG,N590,2023,01,1,0,0,1,0,311
1322220783575,61061BRDNNWHITE,108-95-2,2022,03,0,0,0,0,0,325
1315213716184,84087CRYSN2355S,110-54-3,2015,06,1,0,1,0,0,324
1322220831174,47918CDCHR200WE,N420,2022,06,1,0,1,0,0,335
1320219230772,0680WMMRYC3BERK,N511,2020,03,0,0,0,0,0,339
1318217201312,95356BLDMN48SIS,75-56-9,2018,03,0,0,0,0,0,999
1315213686672,53158NTRST99558,7664-41-7,2015,03,0,0,0,0,0,332
1315214236919,77640FNLNDHIGHW,74-85-1,2015,05,1,0,0,1,0,324
1315213972146,02914RGNCD7484V,7440-47-3,2015,03,0,1,1,1,1,325
1315214410021,60008LNHNT900CA,123-31-9,2015,05,0,0,0,0,0,325
1315214067326,17516TRKYHRD2BO,7697-37-2,2015,03,0,0,0,0,0,311
1316215128760,29526HNYWL440AL,12185-10-3,2016,04,0,0,0,0,0,332
1322220698361,46515HRMSL1101L,7439-97-6,2022,03,0,0,0,0,0,335
1322220812337,48239ZBRTN26500,71-36-3,2022,03,0,0,0,0,0,325
1324222411997,55432MCRCN7956M,7439-92-1,2024,02,0,0,0,0,0,333
1318217011915,5510WPRFND51STA,7440-50-8,2018,03,0,0,0,0,0,331
1323221653595,75006THGLD1900J,N420,2023,01,0,0,0,0,1,325
1321219645088,39503NTDST111LR,100-42-5,2021,02,0,1,0,1,0,336
1316215133024,19443GRNTW2075D,N420,2016,02,0,0,0,0,0,339
1314212422341,17701CHRMG2475T,108-88-3,2014,03,0,0,0,0,0,331
1323222219798,5482WMCFRL114S1,N150,2023,16,0,0,0,0,1,321
1321220551408,8464WBRNSB38NRT,7439-92-1,2021,03,0,0,0,0,0,332
1318216752838,77541RLQDFFM523,N982,2018,04,0,0,0,0,0,325
1319218000065,32218NKFLR141WH,7439-92-1,2019,02,0,0,0,0,1,331
1324222783514,12920MCCDM23COL,7697-37-2,2024,04,0,0,0,0,0,311
1321219967268,77061LMNSG7300A,7440-50-8,2021,03,0,0,0,0,0,332
1317215805868,6045WWLLBR158LA,7439-92-1,2017,02,0,0,0,0,1,327
1321220319519,39452TRSTTEVANS,7440-50-8,2021,03,0,0,0,0,0,332
1324222851329,00771CTLRH50JES,7440-47-3,2024,03,0,0,0,0,0,335
1314212500995,05452BMXXX1000R,7664-41-7,2014,03,0,0,0,0,0,334
1315214067884,28704DYNTR95GLE,108-88-3,2015,05,0,0,0,0,0,326
1319217605979,13208BNBWC935EA,N982,2019,04,0,0,0,0,0,325
1315213197027,43952BRMCHCOUNT,N040,2015,05,1,1,1,0,0,325
1314212491233,17104TRTMP1500S,N230,2014,04,0,0,0,0,0,332
1323222361255,27886LCTLT2801A,N420,2023,03,0,0,0,0,0,331
1320218835128,3706WBRTTS1399G,7439-92-1,2020,04,0,0,0,0,0,332
1321219898386,45242CNCNN5901C,7440-50-8,2021,02,0,0,0,0,0,332
1323221898164,62881RDCBR1015S,91-20-3,2023,04,0,0,0,0,0,327
1316215384850,45414MDRNN3337N,N120,2016,04,0,0,0,0,0,326
1315213681974,95367THNDR34PAT,7440-38-2,2015,04,0,0,0,0,0,321
1314212940478,3785WCPRST246ST,67-56-1,2014,04,0,0,0,0,0,326
1315215406947,75160VKSTH17MET,N495,2015,03,0,0,0,0,0,326
1319217714411,60069ZLLWG405BA,67-56-1,2019,03,0,0,0,0,0,334
1317215876766,52632GRFFNCARBI,108-95-2,2017,04,0,0,0,0,0,331
1318217169515,98532MPRLF26MAU,7440-50-8,2018,05,0,0,0,0,0,336
1314212426581,60645NYLKC6465P,108-88-3,2014,03,0,0,0,0,0,332
1314213126927,43137LXTTC215BI,7440-43-9,2014,01,1,0,0,0,0,339
1324223091909,47710NSLNC1014U,N230,2024,04,0,0,0,0,0,325
1317216230603,52101GMNNC7700F,7440-50-8,2017,04,0,0,0,0,0,339
1324222507915,19116SNDMYONESA,7440-02-0,2024,06,0,0,0,0,0,332
1319218645075,0641WWHLNN51WIN,7439-92-1,2019,03,0,0,0,0,0,336
1315214215271,50616SLSBR1900R,67-56-1,2015,05,1,0,0,1,0,325
1321220544415,95023PCFCP2340B,872-50-4,2021,05,0,0,0,0,0,325
1314212525707,36606BLDNG2400E,N590,2014,01,0,0,0,0,1,324
1314212586604,84044HRCLS6800W,79-94-7,2014,02,0,0,0,0,0,325
1321219790108,5542WPNRMT48QUE,7697-37-2,2021,05,0,0,0,0,0,332
1322221069875,47229CRRWR1002I,N010,2022,04,0,0,0,0,0,331
1323221565361,37043SPXCN901AL,7439-96-5,2023,05,0,1,0,0,0,331
1317216517730,28083LLCXX2865N,872-50-4,2017,04,0,0,0,0,0,325
1314212478198,0098WPPGRC63FER,107-21-1,2014,04,0,0,0,0,0,325
1316215015417,03062TRDYN4PITT,7664-93-9,2016,04,1,0,0,0,0,334
1320218717371,48239ZBRTN26500,71-36-3,2020,03,0,0,0,0,0,325
1315213694995,71483CHMBNHIGHW,108-95-2,2015,05,0,1,0,0,0,325
1315214203503,28052FRGHT1400T,N450,2015,05,0,0,0,0,0,336
1322221276177,4866WSTYRN164BU,106-99-0,2022,06,0,1,0,0,0,325
1317215810336,7043WMCKNZ7815C,1330-20-7,2017,03,0,0,0,0,0,325
1321219805393,3545WSMPTM1799E,1330-20-7,2021,03,0,0,0,0,0,336
1317216003929,56215CHPPW27020,75-07-0,2017,01,1,0,0,0,1,325
1317216309777,07083LCNPW901LE,7440-50-8,2017,06,0,1,1,0,0,331
1318217432119,3561WNVSTR12HAL,7439-96-5,2018,05,0,0,0,0,1,336
1314213002126,4411WFLWPL17STC,96-45-7,2014,04,0,0,0,0,0,325
1314212393680,42129SMTML687IN,7439-92-1,2014,03,0,0,0,0,0,334
1316215663016,1294WLYMPC2634M,75-45-6,2016,03,0,0,0,0,0,999
1317215905252,44109LCCRP1000B,7782-50-5,2017,03,0,0,0,0,0,325
1324222868085,3596WPLSMN43AIR,95-63-6,2024,03,0,0,0,0,0,336
1319217666647,6108WWHLCL29NLC,7439-96-5,2019,04,0,0,0,0,0,335
1323221601875,0203WLPHGR2DISC,7439-92-1,2023,03,0,0,0,0,1,332
1318216753982,1803WMRCNC788PE,7697-37-2,2018,04,0,0,0,0,0,3121
1315213696685,30125SHBYGHWY10,108-88-3,2015,03,0,0,0,0,0,325
1315213903709,94555SCNTF6550D,7439-92-1,2015,01,0,0,0,0,0,334
1318217511031,79008CMNCMFMROA,7782-50-5,2018,04,0,0,0,0,0,325
1321220076931,3741WPLSTC3241H,100-41-4,2021,02,0,0,0,0,0,336
1319217963848,13815SHFFLWOODS,7664-41-7,2019,03,0,0,0,0,0,311
1315214098206,06795TTCNC169CA,7440-47-3,2015,03,0,0,0,0,0,332
1316215102512,02745CSHNT215DU,N120,2016,03,0,0,0,0,0,339
1323222258889,52776LSRCH207WE,7664-41-7,2023,04,0,0,0,0,0,311
1315213558238,07114CHMFL92896,67-56-1,2015,09,0,0,0,0,0,325
1320219245091,46514MRRYD1536G,N090,2020,05,0,0,0,0,0,332
1322221467347,30144CHMTR1825C,67-56-1,2022,03,0,0,0,0,0,325
1321220162630,38555STNPK238PR,107-21-1,2021,04,0,0,0,0,0,327
1321220173862,52776LSRCH207WE,7664-41-7,2021,04,0,0,0,0,0,311
1317216007740,32905MCSSM2755K,N420,2017,02,0,0,0,0,0,334
1315213559432,04005NTRMT389HI,N590,2015,03,0,0,0,0,0,336
1315213883871,40216MRCNS4500C,106-99-0,2015,06,0,0,0,0,0,325
1316215233420,77073TRLLB192RA,75-09-2,2016,02,0,0,0,0,0,326
1323221982109,44460WRRNM800PE,100-41-4,2023,03,0,0,0,0,0,326
1317216369494,75670WTCCROFFHW,98-82-8,2017,03,0,0,0,0,1,325
1317216029621,16066MNSFT1000C,7439-92-1,2017,03,0,0,0,0,0,334
1321220154645,46345CRDNLFIRST,7782-50-5,2021,06,0,0,0,0,0,4246
1314216437943,37309BWTRSROUTE,75-07-0,2014,04,1,0,0,1,0,322
1316214983595,72390THNRCINDUS,N982,2016,06,1,1,1,0,0,325
1324222442459,98277TCHNC584WT,7439-92-1,2024,02,0,0,0,0,0,334
1314212405512,51566JHNSN315FE,N420,2014,06,0,1,0,0,0,335
1321219469499,0203WLPHGR2DISC,7440-50-8,2021,04,0,0,0,0,0,332
1321220009219,15857CRBNC150FO,7440-50-8,2021,03,0,0,0,0,0,332
1315213721691,56215CHPPW27020,110-54-3,2015,04,0,1,1,0,0,325
1318216925711,44203MLCPR361FA,67-56-1,2018,05,0,0,0,0,0,325
1319217781994,49355MWYCR7575E,N230,2019,04,0,0,0,0,0,325
1321220357329,3774WHFNRT395TE,67-56-1,2021,03,0,0,0,0,0,332
1315214255604,37801NPPND1720R,7440-50-8,2015,05,0,0,0,0,1,334
1314212461988,72118WLSCN9301C,115-07-1,2014,04,0,1,1,0,0,325
1318217047721,40210STHRN1335S,N230,2018,04,0,0,0,0,0,327
1323221549759,75668SCTND3756F,7439-92-1,2023,03,1,0,0,0,0,332
1315214502421,54901SHKSH1228W,N982,2015,04,1,0,0,0,0,332
1316215116450,19601MRTNP150CO,80-05-7,2016,04,0,0,0,0,0,325
1318217240769,37744BLLZNBALLR,7439-92-1,2018,04,0,0,0,0,1,331
1315213227325,47229CRRWR1002I,7440-50-8,2015,06,0,1,0,0,0,331
1316215166745,15557RCKWD300MA,7439-96-5,2016,05,0,0,0,0,0,332
1322220778803,3045WGRTDN177GA,N120,2022,03,0,0,0,0,0,336
1314212339004,03842BRZNC94TID,7664-39-3,2014,03,0,0,0,0,0,332
1315214305486,54476CRYST2608R,N090,2015,04,0,0,0,0,0,332
1322221223718,3769WKYCRP146CU,67-56-1,2022,03,0,0,0,0,0,332
1316214961688,27709SCMMT2601W,N450,2016,04,0,0,0,0,0,331
1321219711417,29696JHNSN124LD,N420,2021,06,1,0,0,0,0,326
1322220755146,42101BDCMP31WNO,7439-92-1,2022,05,0,0,0,0,0,336
1318216893370,9211WLLMNX52ILL,75-09-2,2018,04,0,0,0,0,0,334
1317215852587,90250SLCTR2533C,7439-92-1,2017,02,0,0,0,0,0,334
1314212459438,92780BJBNT14791,N458,2014,02,0,0,0,0,0,325
1321219630744,4670WSCTND1729W,7439-96-5,2021,05,1,0,1,0,0,333
1318217483736,43952BRMCHCOUNT,N010,2018,04,0,0,0,0,0,325
1319217828134,46580DNCND245DE,N511,2019,04,1,0,0,1,0,332
1321219972914,84116L3CMM640N2,7439-92-1,2021,02,0,0,0,0,0,334
1324222585756,37873PCLCN306GE,7429-90-5,2024,04,0,0,0,0,0,323
1321219630771,53573WSCNS810NE,N420,2021,04,1,0,0,1,0,332
1317218630402,6704WBGPRD2415P,1336-36-3,2017,01,0,0,0,0,0,324
1314212481915,0605WMRSMM28HAR,7697-37-2,2014,03,0,0,0,0,0,332
1317216369518,75670WTCCROFFHW,107-21-1,2017,05,0,0,0,0,0,325
1317216566479,38965CLTNDHIGHW,7439-92-1,2017,03,0,0,0,0,0,336
1323221976766,43015PNNWL421LO,N535,2023,03,0,0,0,0,0,325
1322220948436,35653THCLTWALNU,50-00-0,2022,04,0,0,0,0,0,327
1322221110859,27804LCNCN400JE,N100,2022,06,0,0,0,0,0,332
1315213857865,79906STWRT44BUT,7647-01-0,2015,03,0,0,0,0,0,332
1316215434061,3764WCLRWR151ID,7664-41-7,2016,04,0,0,0,0,0,313
1316215522347,17061MMTLSRT209,1330-20-7,2016,03,0,0,0,0,0,331
1324223084702,31533PCCRF1400P,80-05-7,2024,03,0,0,0,0,0,336
1322220955280,42141MKBRK1765C,N010,2022,03,0,1,0,0,0,336
1323221728532,38113CRGLL2330B,110-54-3,2023,03,0,0,0,0,0,311
1319221498165,75243RYTHN13510,7439-92-1,2019,01,0,0,0,0,0,334
1324222690810,16749QKRSTINTER,7664-41-7,2024,04,1,0,0,1,0,324
1314212779577,98661CHRCH6211N,N982,2014,04,0,0,0,0,0,311
1315214146553,45433SDDSFDEPAR,7647-01-0,2015,04,1,0,0,1,0,999
1316215317342,48764TWSPL510IN,N495,2016,04,0,0,0,0,0,332
1316215364631,16749QKRSTINTER,7664-93-9,2016,03,1,0,0,1,0,324
1314212303198,95206VLMTN431SP,7429-90-5,2014,06,1,0,1,0,0,331
1317216468658,49858MNMNP144FI,N511,2017,02,1,0,0,1,0,322
1320219231343,7403WWBCND18256,7440-02-0,2020,07,0,0,0,0,0,331
1314212687444,29730KNGSL1685O,108-10-1,2014,03,0,0,0,0,0,325
1322220813923,57401TCFRV515CO,7440-02-0,2022,03,0,0,0,0,0,333
1324222494712,3731WPLRTC31IND,N230,2024,03,0,0,0,0,0,313
1324222569663,89101NDRSN801SE,7697-37-2,2024,03,0,0,0,0,0,311
1320218800009,48071FRNDL31600,7439-96-5,2020,05,0,0,0,0,0,332
1324222813002,24112CMMNW345BE,110-54-3,2024,03,0,0,0,0,0,326
1315214288704,42141FLKRB125BE,N090,2015,03,1,0,0,1,0,331
1315214911669,01260MDSPCWILLO,50-00-0,2015,02,0,0,0,0,0,322
1315213704366,14870CRNNGADDIA,7697-37-2,2015,04,0,0,0,0,0,332
1319217694203,15301WSTPN2833W,N100,2019,05,0,0,0,0,0,335
1324223208366,9028WSMRKC8636T,N230,2024,04,0,0,0,0,0,325
1314211935263,61537HNRYFRICHA,7664-41-7,2014,05,0,0,0,0,0,325
1315213610367,01507NCMNCRT169,N420,2015,03,0,0,0,0,0,327
1322220687863,4950WMCRNM1722K,7439-92-1,2022,02,0,0,0,0,0,332
1318218634032,36615TLDYN2000N,7664-41-7,2018,03,1,0,0,1,0,336
1316215063532,37355BTSVLPOBOX,1330-20-7,2016,03,0,0,0,0,0,339
1315214264273,54307FRTHW1919S,N420,2015,03,1,0,0,1,1,322
1315213240930,68901DTTNL1601W,79-01-6,2015,04,0,0,0,0,0,332
1316215015355,03062TRDYN4PITT,N100,2016,04,1,0,0,1,0,334
1315215766650,92880CNCDB345CE,7440-50-8,2015,04,0,0,0,0,0,332
1320219213333,53233GBHRD2615W,7664-41-7,2020,02,0,0,0,0,0,316
1314212464592,92083TMPRS1390A,7439-92-1,2014,02,0,0,0,0,0,334
1321220412795,19061BPLCMPOSTR,7783-06-4,2021,06,1,1,0,1,1,324
1316215190873,5010WLSDRY1149U,7664-41-7,2016,04,0,0,0,0,0,325
1316215569500,77253FMCWL1777G,107-21-1,2016,05,0,0,0,0,0,333
1320218845788,47670TYTMT4000T,N450,2020,05,0,0,0,0,0,336
1321220042915,50595VNDSTOLDHW,7664-41-7,2021,06,0,0,0,0,0,325
1319217824477,5359WDRFRM4375D,7697-37-2,2019,04,0,0,0,0,0,311
1315214169613,49423NTRRT1776A,N120,2015,03,0,0,0,0,0,336
1315214184778,0548WSWNVL11JNE,7664-41-7,2015,03,0,0,0,0,0,311
1315213841265,28075FLRDSHWY49,N230,2015,03,0,0,0,0,0,332
1316215711274,9174WVLLYP491WI,N420,2016,03,0,0,0,0,0,326
1318217093689,16143YNGGLPOBOX,7439-92-1,2018,04,0,0,0,0,1,332
1321219627748,44904HSTTM345SO,7439-92-1,2021,02,0,0,0,0,0,335
1315213891272,39701KMNRDNASHV,N511,2015,02,0,0,0,0,0,325
1319217928175,55449PLSTD3920P,100-41-4,2019,03,0,0,0,0,0,325
1314213044124,72209MRNNM11605,N982,2014,06,0,0,0,0,0,325
1314212703704,40403MTRWHGLADE,7440-47-3,2014,05,0,0,0,0,0,332
1316214935734,35570HMLTNHWY78,100-42-5,2016,04,0,0,0,0,0,326
1314212359780,46809SCTFM3005C,N120,2014,04,0,0,0,0,0,326
1321220076210,4413WCVNTY4639V,N090,2021,04,1,0,1,0,0,325
1318217457833,00936SNJNCKM267,7664-41-7,2018,04,0,0,0,0,0,999
1322220797310,01001HPHDN233MA,7697-37-2,2022,04,0,0,0,0,0,311
1319217820758,5542WPNRMT48QUE,7697-37-2,2019,04,0,0,0,0,0,332
1319217963851,13815SHFFLWOODS,N511,2019,03,1,0,0,1,0,311
1316215045345,07083LCNPW901LE,7439-96-5,2016,04,0,1,1,0,0,331
1318216947933,80002FRNTR6155W,N511,2018,04,1,0,0,1,0,332
1316215497494,8943WPPGND5PITT,N982,2016,03,0,0,0,0,0,325
1316215067618,27261MRSHF1001S,67-56-1,2016,04,0,0,0,0,0,337
1322221385418,77032GHYDR33NSA,107-21-1,2022,04,0,0,0,0,0,333
1316215197157,83606JRSMPHWY19,7664-41-7,2016,05,0,0,0,0,0,311
1319218233839,43068DYNLB555LA,7439-92-1,2019,03,1,0,0,0,0,334
1322221422076,98537WYRHS700EA,7664-41-7,2022,03,0,0,0,0,0,322
1320218623712,77417HDSNPHIGHW,100-42-5,2020,05,0,0,0,0,0,332
1323221558897,02860CLYNC50EST,68-12-2,2023,03,0,0,0,0,0,313
1315213243660,08817MRCNN135NA,N230,2015,04,0,0,0,0,0,332
1315213706031,76504CNTRF3320P,N495,2015,05,0,0,0,0,0,331
1314212554606,71901CHMFB1923C,7664-39-3,2014,03,0,0,0,0,0,336
1316215616261,64801GLPCHCPORT,79-01-6,2016,03,0,0,0,0,0,335
1318217101575,17837PLYWR1BUFF,N982,2018,03,0,0,0,0,0,339
1322221112396,28901TBRDM1000H,115-07-1,2022,03,0,0,0,0,0,333
1314212404026,77028RSSLL4004H,108-88-3,2014,02,0,0,0,0,0,332
1319217666623,6108WWHLCL29NLC,7440-48-4,2019,04,0,0,0,0,0,335
1322220921100,52057XDCRPSOUTH,N420,2022,06,1,0,0,1,0,335
1317215900806,63045FMSPP4387N,N120,2017,06,0,0,0,0,0,325
1321219944586,44105NRTHC8806C,N230,2021,02,0,0,0,0,0,332
1321219949233,06422PRMTRAIRLI,8001-58-9,2021,05,0,0,0,0,0,321
1314212392839,44870FRDMT3020T,N120,2014,03,0,0,0,0,0,336
1315214277129,36105HYNDM7HYUN,N511,2015,04,1,0,0,1,0,336
1319217761752,3785WCPRST246ST,67-56-1,2019,03,0,0,0,0,0,326
1323222259398,4713WCLRCR1RIVE,7439-96-5,2023,04,0,0,0,0,0,333
1319218032454,55963LNDLK2062N,7697-37-2,2019,03,0,0,0,0,0,311
1316215598816,19067GLSTN11EST,110-54-3,2016,03,0,0,0,0,0,325
1320218825356,46580DNCND245DE,N511,2020,04,1,0,0,1,0,332
1322221312566,65109CHSBR2900W,N230,2022,05,0,0,0,0,0,325
1315214343410,65804DRFTN2035E,N511,2015,04,0,0,0,0,0,311
1315214006342,12150SCHNC1000M,50-00-0,2015,05,0,0,0,0,0,325
1316215464761,08086PNNWLCROWN,75-68-3,2016,06,1,1,1,0,1,325
1323222343358,40475XDCRP876RI,7440-38-2,2023,03,1,0,0,0,0,335
1314212324192,14304VSHYT2160L,7439-92-1,2014,02,0,0,0,0,0,334
1315214381446,97116TKTRN1521P,N420,2015,02,1,1,0,1,0,334
1314212555965,48220GGPRD625WA,N420,2014,01,0,0,0,0,1,325
1318217157015,19087JHNSN43645,7697-37-2,2018,04,0,0,0,0,1,336
1316215010467,55749HBBNG1832S,N040,2016,02,1,0,0,1,0,2211
1321219529169,54153CRSRS804PE,80-62-6,2021,03,0,0,0,0,0,336
1318216914832,37644SNPNTSTATE,7439-92-1,2018,05,0,0,0,0,0,332
1314212843421,44305RCRBB1833E,N982,2014,04,0,0,0,0,0,326
1323221614528,8052WDVNCD2424M,7439-92-1,2023,01,0,0,0,0,0,335
1323221849235,6802WLNCLN1325E,79-21-0,2023,03,0,0,0,0,0,311
1320219174760,37644SNPNTSTATE,7439-92-1,2020,05,0,0,0,0,0,332
1315213743836,1972WVSDLW511CA,7439-92-1,2015,04,0,0,0,0,1,332
1315213583925,28655SGLCR307JA,7439-92-1,2015,02,0,0,0,0,1,335
1319218527517,4403WRDDLL751PE,1330-20-7,2019,04,0,0,0,0,0,339
1323221681529,35950MLLRCWEAVE,1330-20-7,2023,03,0,0,0,0,0,331
1324223062629,76501DLTCN3402C,N100,2024,05,0,0,0,0,0,332
1315219435219,30549KBTND11MCC,7439-92-1,2015,02,0,0,0,0,0,333
1316215136235,18707NSNNG71CRE,7440-02-0,2016,05,0,0,0,0,0,336
1314212308961,16050WTCCRHWY26,N040,2014,05,0,1,0,0,0,324
1318217083649,2754WMTKSP81KNI,7439-92-1,2018,03,0,0,0,0,0,335
1323221527878,36426BRWTN132MI,N420,2023,03,0,0,0,0,0,331
1321219800063,76031TNSKV831SP,7664-41-7,2021,04,0,0,0,0,0,2211
1314212378374,73036GMNLC101SW,95-63-6,2014,04,0,0,0,0,0,325
1320219281716,29101SMTHWUSHWY,N450,2020,05,0,0,0,0,0,333
1317215845773,61362RNKNNWOLFE,117-81-7,2017,04,0,0,0,0,0,335
1322221205836,7812WWTXSX565BL,117-81-7,2022,01,0,0,0,0,0,336
1321219694092,55110TRNXX4833W,7439-92-1,2021,02,0,0,0,0,0,334
1324222492466,00705TRCSNRD14K,N511,2024,03,1,0,0,1,1,311
1316215364656,16749QKRSTINTER,1330-20-7,2016,03,0,0,0,0,0,324
1320218765927,45242CNCNN5901C,7440-50-8,2020,02,0,0,0,0,0,332
1322221025644,94565CRTRN2850W,7697-37-2,2022,04,0,0,0,0,0,325
1321222393050,98108NRTHS820SB,N450,2021,04,0,0,0,0,0,331
1320219247451,92665CNTNS520WG,N982,2020,04,0,0,0,0,0,332
1314214973479,46131SSXGR3200E,1330-20-7,2014,03,0,1,0,0,0,331
1318216698821,35570HMLTNHWY78,100-42-5,2018,05,0,0,0,0,0,326
1317216168512,98661SCTRM6211N,N982,2017,04,0,0,0,0,0,311
1321219447036,37086QLTYN130JO,7440-47-3,2021,01,0,0,0,0,0,336
1321219721444,01085WSTFL68NOR,N511,2021,03,1,0,0,1,0,332
1314213065269,26505WSTMR1000D,7647-01-0,2014,03,1,0,1,1,0,325
1314212801106,91320RCKWL2427W,872-50-4,2014,04,0,0,0,0,0,334
1315213968249,16143YNGGLPOBOX,7439-92-1,2015,04,0,0,0,0,0,332
1314212900195,50616SLSBR1900R,68-12-2,2014,04,0,0,0,0,0,325
1315213975156,45371DPNCX875NO,N982,2015,04,0,0,0,0,0,325
1315213850670,67530THFLLWESTP,106-46-7,2015,04,0,0,0,0,0,325
1319217883053,48017NDNDS1NCRK,108-88-3,2019,03,0,0,0,0,0,332
1322220981132,17540DRTCN60EAS,100-42-5,2022,05,0,0,0,0,0,325
1324222721223,30125THHNC907WE,95-63-6,2024,04,0,0,0,0,0,337
1324222727392,0187WLDSSC1RADC,7439-92-1,2024,03,0,0,0,0,0,334
1322221500465,55369NVRSL8860Z,7439-92-1,2022,03,0,0,0,0,0,334
1319217919772,4657WFRSTR42LEB,127-18-4,2019,03,0,0,0,0,0,336
1319218198947,07077SHLLL111ST,110-54-3,2019,04,1,0,0,1,0,4247
1315214412342,53545SHRXC2001A,75-56-9,2015,05,0,0,0,0,0,325
1320219316484,9028WSMRKC8636T,N230,2020,04,0,0,0,0,0,325
1320219386315,53563XXNCH1012T,75-21-8,2020,05,0,0,0,0,0,325
1320218733119,50616SLSBR1900R,108-88-3,2020,05,0,0,0,0,0,325
1314212728505,47170MLTCLHWY31,108-88-3,2014,05,0,0,0,0,0,323
1314212777801,42029GFCHMHIGHW,N420,2014,02,0,0,0,0,0,325
1318216855926,21237BLTMR7110Q,N982,2018,05,0,0,0,0,0,332
1318217160353,28704DYNTR95GLE,N120,2018,03,0,0,0,0,0,326
1317215909526,29526HNYWL440AL,N100,2017,03,0,1,0,0,0,332
1316215461676,55987LKCNT5752I,N420,2016,03,0,0,0,0,0,336
1314212390443,06492CYRNDSOUTH,140-88-5,2014,05,0,0,0,0,0,325
1316215590074,45176DLTNCONEDU,N420,2016,01,0,0,0,0,0,339
1315213826819,33853CTRSW650US,7664-41-7,2015,05,0,0,0,0,0,311
1316214972337,43137LXTTC215BI,7439-92-1,2016,02,0,0,0,0,0,339
1314212553503,27374MRSNN325WE,7440-47-3,2014,04,0,0,0,0,0,335
1320219210236,63111RHNPL133EK,1897-45-6,2020,05,0,0,0,0,0,325
1314212428573,03062TRDYN4PITT,N230,2014,03,0,0,0,0,0,334
1314213044062,72209MRNNM11605,108-10-1,2014,05,0,0,0,0,0,325
1321220471662,37744TRWNCSNAPP,1330-20-7,2021,04,0,1,0,0,0,333
1314213076870,50010HCHCM100DA,N458,2014,03,0,0,0,0,0,325
1314213133515,8831WWHTSN19955,7439-92-1,2014,02,0,0,0,0,0,999
1314212389720,7610WSPMFL761WY,7440-02-0,2014,04,0,0,0,0,0,333
1323221765581,68107NRTHR3435G,79-21-0,2023,03,0,0,0,0,0,311
1316215168927,16686WSTVC1600P,7429-90-5,2016,03,1,0,0,1,0,322
1322221587367,3545WSMPTM1799E,71-36-3,2022,03,0,0,0,0,0,336
1320219176753,37620BCHML501FI,7440-22-4,2020,01,0,0,0,0,0,325
1315213805979,40403MTRWHGLADE,7440-50-8,2015,05,0,0,0,0,0,332
1314213174562,73401TTLPTHIGHW,1330-20-7,2014,06,0,1,1,0,0,324
1323222333647,70079CYPRS16122,108-90-7,2023,05,0,0,0,0,0,325
1321220568404,18103RPRDC2801M,7440-50-8,2021,04,0,0,0,0,0,332
1315213779135,97503CRTNT12AVE,7439-92-1,2015,02,0,0,0,0,1,327
1317216256521,15557RCKWD300MA,7440-50-8,2017,05,0,0,0,0,0,332
1314212774412,90503FRSTB19500,67-56-1,2014,06,0,0,0,0,0,325
1314212764690,29341SHKSH552HY,107-21-1,2014,04,0,0,0,0,0,336
1315213791167,51560KLNDF21876,7664-41-7,2015,05,0,0,0,0,1,311
1314212402642,55044TMTDS2777K,7439-92-1,2014,02,0,0,0,0,0,334
1315214025456,37744TRWNCSNAPP,7429-90-5,2015,04,0,1,0,0,0,333
1319218464891,3886WGNRLT112BR,7440-50-8,2019,05,0,0,0,0,0,335
1320221547882,33316KRNKS1010S,111-42-2,2020,02,0,0,0,0,1,324
1315214073532,29445SNCHM156BU,67-56-1,2015,05,0,1,0,0,0,325
1323221629494,77541RLQDFFM523,74-85-1,2023,03,0,0,0,0,1,325
1314212626954,98284JNCKM24595,100-42-5,2014,04,0,0,0,0,0,333
1320218944243,14432GWLSK2SOUT,106-94-5,2020,04,0,0,0,0,0,332
1314213070966,92708KGSNC11215,79-01-6,2014,03,0,0,0,0,0,332
1321220205025,37744BLLZNBALLR,N100,2021,04,1,0,1,1,0,331
1315214305601,11788CLNLW4ENGI,7440-50-8,2015,06,0,0,0,0,0,332
1316215146883,14825VLCRF5362R,7440-02-0,2016,04,0,0,0,0,0,332
1323221613122,43301LTVCP686WF,N420,2023,01,0,0,0,0,1,331
1323222314813,62024LNCRPLEWIS,N982,2023,06,1,1,0,1,0,331
1320219268341,46947TTLLC1TECH,7439-92-1,2020,03,0,0,0,0,0,334
1316215065982,2581WFDRLCPBX12,7439-92-1,2016,03,0,0,0,0,0,999
1316215131614,46725NDRSS4578E,7439-92-1,2016,03,0,0,0,0,0,334
1316215451699,5262WWFLLL31873,67-56-1,2016,05,0,0,0,0,0,325
1316215462134,75668RLLYTPOBOX,75-09-2,2016,04,0,0,0,0,0,325
1318217152420,75006THGLD1900J,N420,2018,02,0,0,0,0,1,325
1322220722755,28315CRLNGSR207,7440-02-0,2022,03,0,0,0,0,0,331
1316215065513,4968WGRNDT1677P,7440-50-8,2016,05,0,0,0,0,0,336
1322221164371,60101STYDC450SL,N230,2022,04,0,0,0,0,0,325
1314215788403,17061MMTLSRT209,1330-20-7,2014,03,0,0,0,0,0,331
1314212962207,56502SJLCT22650,7439-92-1,2014,03,0,0,0,0,0,334
1321219776592,90023WTCCR4000E,107-21-1,2021,03,1,0,1,0,0,324
1324222712438,92123KYCRM8611B,N106,2024,03,0,0,0,0,0,334
1319218273516,16749QKRSTINTER,7647-01-0,2019,03,1,0,0,1,0,324
1317216340822,47201DMTCR1751A,7440-50-8,2017,05,0,0,0,0,0,332
1324222538821,7617WCTFDS54SAN,7664-41-7,2024,04,0,0,0,0,0,311
1320218909582,01453NVCRC31FUL,N982,2020,04,0,0,0,0,0,326
1319218307510,55369CRMTR325HW,1330-20-7,2019,04,0,0,0,0,0,325
1317215914235,45346FLRDP1855S,1330-20-7,2017,04,0,0,0,0,0,326
1314212770251,53202PHRMC2202N,75-05-8,2014,03,0,0,0,0,0,325
1315214288692,42141FLKRB125BE,7440-47-3,2015,03,0,0,0,0,0,331
1324222950141,44432LBCFN230WM,N420,2024,02,0,0,0,0,0,331
1320218700250,85210PHMNP112WI,7440-50-8,2020,01,0,0,0,0,0,333
1316218615185,45817DTRND320SN,117-81-7,2016,03,0,0,0,0,0,326
1324222539239,64128FRMNT3805V,7697-37-2,2024,04,0,0,0,0,0,311
1322221300179,35601MCCHMFINLE,123-91-1,2022,01,1,0,0,1,0,325
1315213874567,73143BCHMN2220S,75-15-0,2015,04,0,0,0,0,0,325
1316216652382,46510LSDRY7344S,110-54-3,2016,05,0,0,0,0,0,311
1314211886522,1522WVRCHM3499G,35691-65-7,2014,04,0,0,0,0,0,325
1321219863267,4021WKCHFL841AB,N120,2021,04,0,0,0,0,0,333
1319218210185,83639GSTFSBRUNE,82-68-8,2019,05,0,0,0,0,0,325
1314212321830,7752WBYTWN71NRT,7439-92-1,2014,01,0,0,0,0,1,327
1315213921164,30240NTRFCORCHA,117-81-7,2015,04,0,0,0,0,0,314
1316215162862,97116TKTRN1521P,7697-37-2,2016,03,0,0,0,0,0,334
1323221967223,23168GRYST7992R,N090,2023,04,0,0,0,0,0,332
1319218238374,61911SCHRC217SO,108-88-3,2019,03,0,0,0,0,0,337
1320219370970,60174NTDLB32037,N230,2020,03,0,0,0,0,0,325
1316215049471,1180WDVSVS17EXP,N420,2016,03,0,0,0,0,0,339
1324222545194,02346CNSPRBRIDG,191-24-2,2024,01,1,0,0,1,0,311
1324222577114,49204QNXCRPOBOX,N090,2024,05,0,0,0,0,1,331
1324222925190,35810TYTMT1CTTN,7440-50-8,2024,05,0,0,0,0,0,336
1323221590906,4021WCRRRV34FER,1330-20-7,2023,02,0,0,0,0,0,333
1323221664701,26155MBYCRSTATE,302-01-2,2023,05,0,0,0,0,0,325
1323221736313,50616SLSBR1900R,75-09-2,2023,05,0,0,0,0,0,325
1324222601510,47167KMBLLHWY56,12185-10-3,2024,03,0,0,0,0,0,337
1315214032740,75670WTCCROFFHW,75-65-0,2015,04,0,0,0,0,0,325
1314212536775,66018NTRVT355W9,N458,2014,01,0,0,0,0,0,325
1315213578661,67217SMTHF2501S,101-77-9,2015,03,0,0,0,0,0,326
1323221539582,13212CMCNT7313W,7440-50-8,2023,04,0,1,0,0,0,335
1315213629633,46131KYBND2525N,N982,2015,04,0,0,0,0,0,336
1316215470992,02703LCHGR49PEA,N511,2016,01,1,0,0,1,0,331
1320218855029,19021GRGSC3015S,N230,2020,04,0,0,0,0,0,4246
1314212648683,60142MDWST11213,7439-92-1,2014,01,0,0,0,0,0,331
1315213716208,84087CRYSN2355S,91-20-3,2015,05,1,0,1,0,0,324
1322221035405,23150RNTRN5901L,7697-37-2,2022,04,0,1,0,0,0,323
1318216912283,52404GNNCR10004,64-18-6,2018,04,0,0,0,0,0,325
1320218845838,47670TYTMT4000T,N511,2020,03,1,0,0,1,0,336
1323221649419,15767PRFRM700MA,7440-47-3,2023,03,0,0,0,0,0,332
1321219857632,41094CRBLLONECA,74-85-1,2021,03,1,0,0,1,1,336
1316215541715,7146WFDRLC1AIRB,7439-92-1,2016,02,0,0,0,0,0,999
1317216146100,31601GRFFNROCKY,67-56-1,2017,04,0,0,0,0,0,325
1321220238024,16143YNGGLPOBOX,7439-92-1,2021,04,0,0,0,0,1,332
1315214189072,40330HTCHT955WA,7439-92-1,2015,03,0,0,0,0,0,336
1321220313365,89506VKWST14250,N090,2021,03,0,0,0,0,0,326
1319218225720,61061BRDNNWHITE,108-95-2,2019,04,0,0,0,0,0,325
1322223217136,40216DPNTL4200C,67-66-3,2022,06,0,0,0,0,0,325
1317216165353,27603DWRDV1900S,7440-02-0,2017,03,0,0,0,0,0,332
1322220839361,4104WRNNNG85PRD,N420,2022,03,0,0,0,0,0,334
1320218645517,99019HNTWD238AP,71-36-3,2020,02,0,0,0,0,0,337
1315214201838,45212THSHP4900B,N090,2015,05,1,0,1,0,0,325
1315214073520,29445SNCHM156BU,50-00-0,2015,03,1,0,0,1,0,325
1318216834679,77590MCLCM24015,100-41-4,2018,05,1,0,0,1,1,325
1322220969303,47670TYTMT4000T,108-10-1,2022,04,0,0,0,0,0,336
1324222673865,46514MRRYD1536G,N770,2024,05,0,0,0,0,0,332
1314213036534,6045WNRTHF34EAS,7439-92-1,2014,01,0,0,0,0,0,327
1317216322281,27420GLBRC7300F,7439-92-1,2017,04,0,1,0,0,1,333
1324222598169,47670TYTMT4000T,7697-37-2,2024,04,0,0,0,0,0,336
1320219000371,4737WHRTLN4748W,N982,2020,03,0,0,0,0,0,311
1316215150261,08857BLNDR1JAKE,N420,2016,02,0,0,0,0,0,334
1315214250122,67401PLSGL11NHI,N982,2015,05,1,0,0,1,0,332
1314212353003,19154RDYFD10975,7697-37-2,2014,04,0,0,0,0,0,311
1315213831961,17604JLCLR303NO,95-63-6,2015,03,0,0,0,0,0,332
1316215342837,17519CNSTG245RE,108-10-1,2016,02,0,0,0,0,0,337
1316215039912,48316FRCTM6226M,N120,2016,05,0,0,0,0,0,326
1318217447871,0810WKRSHN1HLTE,7440-47-3,2018,05,0,0,0,0,0,332
1315214346393,04092SDWRR89CUM,71-36-3,2015,04,0,0,0,0,0,322
1323221681467,35950MLLRCWEAVE,100-41-4,2023,03,0,0,0,0,0,331
1317215835695,39475RDMRR304OL,N458,2017,01,1,0,0,0,0,2211
1321219678442,1902WDRKRF29SAM,7440-50-8,2021,04,0,0,0,0,0,333
1322220969467,47670TYTMT4000T,N100,2022,04,0,0,0,0,0,336
1323221734650,45242CNCNN5901C,7440-48-4,2023,02,0,0,0,0,0,332
1322220978163,45241NYRND10700,191-24-2,2022,03,0,0,0,0,0,324
1316215284985,14611RCHST2CAIR,N495,2016,03,0,0,0,0,0,332
1324222823597,95206LDCST422GI,N420,2024,02,0,0,0,0,1,327
1322220726778,70715NNYPLLA1NO,N982,2022,04,0,0,0,0,0,326
1322220722490,16130GTCRPRD2RO,7440-50-8,2022,04,0,0,0,0,0,334
1323221741325,37815MHLNCHWY11,N100,2023,04,0,0,0,0,0,336
1317216464406,53051ZNTHSW156N,7440-50-8,2017,04,0,0,0,0,0,332
1319218326635,43612CHMBN6175A,108-95-2,2019,06,0,0,0,0,0,325
1324222835187,4021WKCHFL841AB,N120,2024,04,0,0,0,0,0,333
1320219349127,7748WGDMNM191KE,7439-96-5,2020,05,0,0,0,0,0,333
1319218291969,48626HMLCK12334,75-45-6,2019,04,0,0,0,0,0,327
1322220900474,91761WMBRR1400S,100-42-5,2022,02,0,0,0,0,0,326
1322220761656,0700WHNRYR59E1S,7439-92-1,2022,04,0,0,0,0,0,332
1323222023994,07730FFCMP600ST,1222-05-5,2023,05,0,0,0,0,0,325
1319218198986,07077SHLLL111ST,N590,2019,06,1,0,0,1,0,4247
1320219383231,3064WNSTLP266IN,7440-66-6,2020,03,0,0,0,0,0,311
1322221561374,30024KTLCM70CRE,N420,2022,01,0,0,0,0,0,336
1319218263604,35806NGLHR9800K,N040,2019,05,0,1,0,0,0,336
1322220969455,47670TYTMT4000T,98-82-8,2022,02,0,0,0,0,0,336
1314212614414,77484PPGFM19914,67-56-1,2014,05,0,0,0,0,0,325
1314212410308,02143RYLNS3INNE,64-18-6,2014,03,0,0,0,0,0,999
1316215290178,94025SDSTN2575S,7439-92-1,2016,06,0,0,0,0,0,999
1324222967655,7003WCCMRN71ENG,100-41-4,2024,04,0,1,0,0,0,336
1317215987948,0150WKRLST91CAR,N420,2017,03,0,0,0,0,0,333
1322220768030,4344WNSGGL2175P,7439-92-1,2022,02,0,0,0,0,1,327
1321220454730,1630WWBCND363SE,7439-96-5,2021,05,0,0,0,0,0,331
1316215655212,68601BCTNDINDUS,7440-02-0,2016,05,0,0,0,0,0,339
1322220763371,75006THGLD1900J,N982,2022,04,0,0,0,0,0,325
1321219630795,53573WSCNS810NE,N090,2021,05,1,0,0,1,0,332
1320218760078,56502SJLCT22650,7439-92-1,2020,02,0,0,0,0,0,334
1322221016203,3762WTRCTY161AR,N982,2022,05,0,0,0,0,1,331
1315214381295,4713WTNNCN8TREY,7440-47-3,2015,03,0,0,0,0,0,336
1316215197219,52761THHNC301OA,1330-20-7,2016,03,0,0,0,0,0,337
1323221607183,48809BLDNG200NG,100-42-5,2023,05,0,0,0,0,0,326
1315213717426,49203LMPLT1319S,N511,2015,04,0,0,0,0,0,332
1314212985168,37771QZTCR300IN,94-36-0,2014,03,0,0,0,0,0,326
1315213223441,12138TCNCPCOONB,108-88-3,2015,04,0,0,0,0,0,313
1314211914318,76053BYLSG625WH,7439-92-1,2014,02,1,1,0,1,1,332
1315213700747,56303PRKND631SA,7439-96-5,2015,04,0,0,0,0,0,333
1320219343769,00629CHLLNRD874,7440-50-8,2020,04,0,0,0,0,0,335
1323222387084,54701WRRNV5200S,108-10-1,2023,04,0,0,0,0,0,562
1323221564735,63111RHNPL133EK,59669-26-0,2023,04,0,0,0,0,0,325
1322220853826,52001YMCDN4800C,7440-50-8,2022,04,0,0,0,0,0,332
1314212959136,00624CLCTRRD337,7664-41-7,2014,04,0,0,0,0,0,2211
1315213848260,46383TTNDV5103E,N096,2015,02,0,0,0,0,0,339
1319217978067,32905FRRSR2210W,108-10-1,2019,04,0,0,0,0,0,325
1320218575443,76140MDLND4800E,7440-50-8,2020,05,0,0,0,0,0,331
1316215216021,29690DMNDWPOBOX,N495,2016,03,1,0,0,1,0,327
1314212781177,64601HDSNV501MI,N982,2014,03,0,0,0,0,0,326
1314212862496,35207MRCNC2930N,1330-20-7,2014,03,0,0,0,0,0,331
1321219695956,85210PHMNP112WI,7439-96-5,2021,01,0,0,0,0,0,333
1316214985259,76504CNTRF3320P,N450,2016,05,0,0,0,0,0,331
1320219305760,3708WRLNCW11CEN,N106,2020,01,0,0,0,0,0,332
1314212403543,29445SNVYS2316R,N420,2014,03,0,0,0,0,0,999
1316215624154,62521NTRNT66WIM,7439-92-1,2016,03,0,0,0,0,0,334
1323221637059,30318WHTKR1557M,1330-20-7,2023,06,0,0,0,0,0,4247
1319217997321,00628LLLLY65THI,75-05-8,2019,05,0,0,0,0,0,325
1322220642211,7754WGRNRT55CLI,67-56-1,2022,06,0,0,0,0,0,325
1322221415045,24112CMMNW345BE,107-21-1,2022,06,0,0,0,0,0,326
1323221532878,35611TRSSN1803W,7440-50-8,2023,03,0,0,0,0,0,334
1314213115328,62618XCLCRRR1BO,7664-41-7,2014,05,1,0,0,1,0,311
1316215328725,36105HYNDM7HYUN,71-36-3,2016,04,0,0,0,0,0,336
1317215906936,72209TRNRC691IN,N511,2017,01,0,0,0,0,0,311
1318216905087,74868PRKSM711BR,100-42-5,2018,04,0,0,0,0,0,336
1319217740962,75668SCTND3756F,N090,2019,06,1,1,1,1,0,332
1323222141929,4537WCLPYB14WST,80-62-6,2023,04,0,0,0,0,0,332
1316215697653,39345SCCRPHIGHW,N230,2016,03,0,0,0,0,0,331
1323221642743,69361WSTRN2100E,7439-97-6,2023,01,1,0,0,0,0,311
1314212472498,45891FDRLM150FI,N982,2014,03,0,0,0,0,1,339
1322220922571,37172WCRNG1100I,N495,2022,03,0,0,0,0,0,335
1314212345336,53201WHBRD2230W,872-50-4,2014,04,0,0,0,0,0,322
1322220984367,68064MCXXX600EA,79-10-7,2022,03,0,0,0,0,0,326
1314212759841,28352LBBYWHWY74,7647-01-0,2014,01,1,0,0,1,0,327
1320218844672,30916MCPRF3702C,7647-01-0,2020,04,1,0,0,1,0,325
1320218705717,48066PLLPL15765,7697-37-2,2020,04,0,0,0,0,0,332
1324223089119,1511WHLTCM76BRA,7439-92-1,2024,04,0,0,0,0,0,332
1315214277143,36105HYNDM7HYUN,7632-00-0,2015,04,0,0,0,0,0,336
1318217432994,16823PZKNT66ERL,N420,2018,04,0,0,0,0,0,334
1323221638277,76708PRCSH6613N,N090,2023,05,0,0,0,0,0,332
1322221235993,3562WSNPNT18771,7440-50-8,2022,03,0,0,0,0,0,332
1323222077137,9340WNTGRS4175S,N495,2023,04,0,0,0,0,0,339
1321220313833,0850WLLNTW165CU,7440-47-3,2021,04,0,0,0,0,0,332
1322220984785,30120NHSRB100BU,7664-41-7,2022,05,1,0,0,0,0,3121
1316215455609,35806NGLHR9800K,N100,2016,05,0,0,0,0,0,336
1322220680045,02763MTFBN332JO,7439-92-1,2022,03,0,0,0,0,0,332
1321220337861,60440QNTMF750SS,7664-41-7,2021,04,0,0,0,0,0,311
1314212689261,55746DDRDM11117,7439-92-1,2014,02,0,0,0,0,0,334
1322221043755,15767PRFRM700MA,7440-02-0,2022,03,0,0,0,0,0,332
1319218454167,37744TRWNCSNAPP,7429-90-5,2019,04,0,1,0,0,0,333
1323221753938,26037WHLNGPENNM,7440-47-3,2023,03,0,0,0,0,0,332
1323221536701,08691WBTCH108NG,108-88-3,2023,03,0,0,0,0,0,323
1322221212463,47374BLDNW350NO,N100,2022,06,0,0,0,0,0,331
1321219616935,03055CRTRN528RT,7439-92-1,2021,03,0,0,0,0,0,334
1315214243002,75247MRYKY1330R,N230,2015,03,0,0,0,0,0,325
1317216438921,47170MLTCLHWY31,108-88-3,2017,04,0,0,0,0,0,323
1314212545406,27292PDMNTRTE14,67-56-1,2014,03,0,0,0,0,0,323
1314212560320,81001SHLND250WI,7664-39-3,2014,05,0,0,0,0,0,325
1319217766397,02763MTFBN332JO,7439-92-1,2019,03,0,0,0,0,0,332
1317215842295,12138TCNCPCOONB,1330-20-7,2017,03,0,0,0,0,0,313
1321220412757,19061BPLCMPOSTR,100-41-4,2021,06,1,1,0,1,0,324
1314212624973,23434LLDCL2301W,79-06-1,2014,06,1,0,0,0,0,325
1314212665145,48314SHMRC61251,N450,2014,04,0,0,0,0,0,332
1315214107361,81001TRNCX101WI,7440-50-8,2015,05,0,0,0,0,0,333
1316215554407,95963LNDLK3601C,N511,2016,03,1,0,0,1,0,311
1315213999244,46628BRNCR2001W,110-54-3,2015,05,0,0,0,0,0,325
1318217661317,30643MNRTQ200MC,N090,2018,04,0,0,0,0,0,336
1319218298418,55369CRMTR325HW,N230,2019,03,0,0,0,0,0,325
1319218346500,47170MLTCLHWY31,108-88-3,2019,04,0,0,0,0,0,323
1320218607087,56501TMNDS1551R,7439-92-1,2020,03,0,0,0,0,0,331
1318216718837,4942WJHNSN7WEST,872-50-4,2018,04,0,0,0,0,0,335
1318217167345,98597PHLPS801NO,100-42-5,2018,05,0,0,0,0,0,326
1323222346138,4817WRLKNS41144,N495,2023,05,1,1,1,0,0,331
1319218271827,13440RMSTR530HE,7440-47-3,2019,05,0,0,0,0,0,331
1324222736338,60609CDPRD6W41S,50-00-0,2024,04,1,0,0,0,0,4246
1322221467537,42437DWSNM3564U,108-10-1,2022,02,0,0,0,0,0,332
1321220562730,70715NNYPLLA1NO,N010,2021,03,0,0,0,0,0,326
1317215867856,92355BNNZL11711,1330-20-7,2017,03,0,0,0,0,0,331
1316215413232,40033CRTSM665ME,N495,2016,03,0,1,1,0,0,336
1320221534454,60153KRNKM2601G,1330-20-7,2020,04,0,0,0,0,1,324
1321220188027,70776CBGGYRIVER,110-54-3,2021,03,0,0,0,0,1,325
1324223002837,48341KZCTN2527B,100-41-4,2024,05,0,0,0,0,0,325
1319218090254,53233GBHRD2615W,7664-41-7,2019,02,1,0,0,1,0,316
1321220473110,07114CHMFL92896,77-73-6,2021,04,0,0,0,0,0,325
1316215162847,97116TKTRN1521P,N420,2016,02,1,1,0,1,0,334
1321220163000,43457CHRTR6255U,N982,2021,04,0,0,0,0,0,331
1323222163697,77541RHNPL6213H,100-41-4,2023,04,0,0,0,0,0,325
1316215258486,16334GRGPCHWY20,N420,2016,02,0,0,0,0,1,321
1314212573226,92621BRSTL630EL,7697-37-2,2014,03,0,0,0,0,0,332
1323221596543,00632BCRDCSTREE,91-20-3,2023,03,1,0,0,1,0,3121
1321220007189,16749QKRSTINTER,7664-41-7,2021,04,1,0,0,1,0,324
1320219123751,78112CLRWT4420S,71-36-3,2020,04,0,0,0,0,0,325
1321219852377,01453CMCMN165PI,67-56-1,2021,06,0,0,0,0,0,325
1324223141969,17066WNSCRUSROU,131-11-3,2024,03,0,0,0,0,0,326
1318216905846,93212JGBSW710BA,110-82-7,2018,03,0,0,0,0,0,311
1324222561678,3956WBDPLS55ALL,100-42-5,2024,05,0,0,0,0,0,326
1320219381656,85539BHPCPHWY60,7440-47-3,2020,05,0,0,0,0,0,2122
1318216680114,62959DGRPH5307M,1330-20-7,2018,03,0,0,0,0,0,325
1322221016165,3762WTRCTY161AR,7429-90-5,2022,06,0,0,0,0,0,331
1323221749738,45380MDMRK60VIS,7440-47-3,2023,04,0,0,0,0,0,339
1319218488500,40211BFGDR4100B,7647-01-0,2019,05,1,0,0,1,0,325
1316215150133,92069HGHSC54SPA,N100,2016,04,0,1,0,0,1,334
1318216924542,9176WDNCNX1745E,N511,2018,04,1,0,0,1,0,332
1316215325604,45804SPLML122SM,79-10-7,2016,04,1,0,0,0,0,325
1317216539142,56284STHRNEASTH,7783-06-4,2017,05,1,0,0,1,0,311
1323221586908,1230WFRTTC215TE,N982,2023,03,0,0,0,0,0,325
1324222848552,3762WTRCTY161AR,N420,2024,04,0,0,0,0,1,331
1323221603057,14304PRCSP2124L,N100,2023,05,1,1,1,0,0,332
1321219910116,47670TYTMT4000T,95-63-6,2021,03,0,0,0,0,0,336
1316215760188,21740MCKTR1999P,7439-96-5,2016,03,0,0,0,0,0,336
1322220747760,6337WCNTNN27GUE,100-42-5,2022,04,0,0,0,0,0,335
1314212543882,70518SCHMT5750H,108-88-3,2014,06,0,0,0,0,0,325
1316215055904,32905FRRSR2210W,67-56-1,2016,04,0,0,0,0,0,325
1314212584217,55112WHLBR1950O,7440-02-0,2014,04,0,0,0,0,0,332
1315214156832,3768WRBBRT7INDU,101-14-4,2015,04,0,0,0,0,0,326
1323222022271,77041TSHBN13131,7439-96-5,2023,04,0,0,0,0,0,335
1322221337304,49868LSNPC461MI,75-07-0,2022,01,1,0,0,1,0,321
1316215127337,68467SNDST2800D,7439-92-1,2016,03,1,0,0,1,0,336
1321220277457,28086CMMRC101CA,N495,2021,03,0,0,0,0,0,333
1315214329548,06516NTHNN350FR,N420,2015,01,0,0,0,0,0,325
1319217915293,93268TFTCR19815,107-02-8,2019,05,1,1,1,0,0,325
1314211928320,5707WLMRDT224WE,7439-92-1,2014,03,0,1,1,0,0,336
1321220026999,71730LDRDC4500N,7664-41-7,2021,08,1,0,1,0,0,325
1324222481537,97850SLNDCHWY82,67-56-1,2024,02,1,0,0,1,0,321
1319217817790,48071FRNDL31600,7439-96-5,2019,04,0,0,0,0,0,332
1315213225295,47987MSTRG1200E,N495,2015,06,1,1,1,1,0,336
1316215580162,77571NVSTS12455,N100,2016,05,1,0,0,1,0,325
1317216249209,08619THTRN2231E,N120,2017,03,0,0,0,0,0,333
1319218342564,29732CLSTM32BRY,117-81-7,2019,04,0,0,0,0,0,326
1315214457766,24301WSTPNBURGI,N010,2015,04,0,0,0,0,0,313
1316215044126,60007PNRYC1801E,N511,2016,03,0,0,0,0,0,325
1315214065803,07083LCNPW901LE,7440-36-0,2015,05,0,1,1,0,0,331
1318217271701,45246THSHP4539D,N450,2018,06,1,1,1,0,0,325
1314211928332,55746LMRDT1414E,7439-92-1,2014,03,0,1,1,0,0,336
1316215023464,73036GMNLC101SW,95-63-6,2016,04,0,0,0,0,0,325
1320219192921,8052WDVNCD2424M,7439-92-1,2020,01,0,0,0,0,0,335
1320219358658,70634WSTVCPOBOX,50-00-0,2020,01,1,0,0,1,0,325
1319218365207,55113SCHRD2080R,N511,2019,02,1,0,0,1,0,311
1314212876344,54812JRMFD34N7T,7664-41-7,2014,04,1,0,0,1,0,311
1323222093383,46562SPXCR5ARNO,7439-92-1,2023,02,1,0,0,1,1,331
1324223181494,44114PRSTL5109H,N982,2024,03,0,0,0,0,0,325
1324222594842,35094SQRDC940MO,7439-92-1,2024,03,0,0,0,0,0,331
1322220951180,02717HTTRN120BR,N120,2022,04,0,0,0,0,0,335
1316215016611,68524KWSKM6600N,N982,2016,03,0,0,0,0,0,336
1323221950948,2408WMPRLG4969S,7439-96-5,2023,05,0,0,0,0,0,332
1320219252374,97303NRRSP1675C,1330-20-7,2020,05,0,0,0,0,0,325
1319218481327,2962WNGNRN4SUPR,7440-02-0,2019,05,0,0,0,0,1,335
1321220153771,94565CRTRN2850W,N495,2021,04,0,0,0,0,0,325
1322221484898,62839HLLLC111VI,7439-92-1,2022,04,0,0,0,0,0,336
1324222570297,28704DYNTR95GLE,108-88-3,2024,05,0,0,0,0,0,326
1314213128010,03063CRCTC4STAT,7664-41-7,2014,03,0,0,0,0,0,334
1317216496529,92667BBCCK1717W,67-56-1,2017,03,0,0,0,0,0,339
1319220592909,7601WHNTSM3315E,107-21-1,2019,05,0,0,0,0,0,325
1316215033681,44202MCRMR1395D,N982,2016,02,0,0,0,0,0,325
1319217825847,42129SMTML687IN,7439-92-1,2019,02,0,0,0,0,0,334
1321219900988,55368BNGRD13200,N511,2021,04,1,0,0,1,0,311
1319222367839,3016WCNCRD795TR,N420,2019,06,0,0,0,0,0,335
1315214030936,90503FRSTB19500,67-56-1,2015,05,0,0,0,0,0,325
1323222166795,28675PNRCLECLIP,N230,2023,05,0,0,0,0,0,325
1318217423680,72740LBRGL403SW,7439-92-1,2018,02,0,0,0,0,0,336
1315213745146,27709SCMMT2601W,N100,2015,06,1,0,1,0,0,331
1315213766102,5574WDTRTR3895S,7439-92-1,2015,02,0,0,0,0,0,334
1314212716219,6760WHSSSR267E9,1330-20-7,2014,03,0,0,0,0,0,332
1324222558013,4340WBTCCR4VANC,65530-63-4,2024,01,0,0,0,0,1,325
1315213866940,97030LSLGC23400,120-80-9,2015,03,0,0,0,0,0,334
1321220195768,5314WKNLLM1255T,7439-92-1,2021,02,0,0,0,0,0,335
1315213857408,13760NDCTT1701N,N420,2015,03,0,0,0,0,0,334
1323221743750,44483GMCPCNORTH,N982,2023,04,0,0,0,0,0,336
1321220544098,95988MNVLLCOUNT,N090,2021,04,1,0,0,0,0,327
1324222434538,16823SPLCNSUPEL,108-88-3,2024,03,0,0,0,0,0,334
1315213200330,42633BLDNWWESTH,N982,2015,04,0,0,0,0,0,335
1315213940493,7146WFDRLC1AIRB,7439-92-1,2015,02,0,0,0,0,0,999
1321219692908,03051PRNCT33CNS,7439-92-1,2021,02,0,0,0,0,0,334
1324222405779,35611TRSSN1803W,7440-50-8,2024,03,0,0,0,0,0,334
1315214295141,98134LSKNC32006,N100,2015,04,0,0,0,0,0,332
1315217687817,60123LGLYN1565F,7440-02-0,2015,05,0,0,0,0,0,331
1318217280573,55069LNDLK404EA,N100,2018,04,0,0,0,0,0,311
1316215168408,4524WMVRCK11379,67-56-1,2016,03,0,0,0,0,0,325
1316215717253,3377WDSNZH734BR,7439-92-1,2016,03,1,0,0,1,0,334
1315213753320,54659TLSRSN75CU,50-00-0,2015,03,1,0,0,1,0,325
1322220823241,6672WHLNDS3928R,100-41-4,2022,02,0,0,0,0,0,337
1317216010280,75006THGLD1900J,N982,2017,05,0,0,0,0,0,325
1320219234539,4903WTDMRC475WD,N495,2020,06,1,1,1,0,0,325
1324223030913,7751WNSLGM15916,115-07-1,2024,04,0,0,0,0,0,325
1315213603525,17972NDPND250RT,117-81-7,2015,04,0,0,0,0,0,326
1324222892768,37744TRWNCSNAPP,7440-47-3,2024,04,0,0,0,0,0,333
1320218705705,48066PLLPL15765,N090,2020,04,1,0,0,1,0,332
1317216591558,44657PCCRF3860U,106-94-5,2017,04,0,0,0,0,0,336
1315213711664,14304VSHYT2160L,7439-92-1,2015,02,0,0,0,0,0,334
1319217883584,23168GRYST7992R,N090,2019,04,0,0,0,0,0,332
1318217248107,55987HSRRT1685W,7439-92-1,2018,02,0,0,0,0,0,327
1323221674486,1050WWLLMSPBX19,7440-02-0,2023,04,0,0,0,0,0,332
1315214355404,00918NDLCX198CH,7697-37-2,2015,03,0,0,0,0,0,311
1315213775998,5050WCRTNT219QU,7439-92-1,2015,01,0,0,0,0,1,327
1315214030924,90503FRSTB19500,107-21-1,2015,08,0,0,0,0,0,325
1316215724117,53573WSCNS810NE,N090,2016,05,1,0,0,1,0,332
1320219359395,9402WCSBCX2KELL,75-09-2,2020,04,0,0,0,0,0,325
1314212333506,25419DPNTPROUTE,94-36-0,2014,03,0,0,0,0,0,325
1317216201640,45408SCHRM107WE,N420,2017,03,1,0,0,1,0,332
1315214416315,00683BXTRHRD122,75-09-2,2015,04,0,0,0,0,0,339
1314212884112,49442DCPLS2050P,67-56-1,2014,05,0,0,0,0,0,336
1316215616487,85714CCNTN4722S,100-42-5,2016,03,0,0,0,0,0,326
1319217615020,72757BKRTXONEBE,N982,2019,04,1,0,0,0,0,314
1320219232497,35806NGLHR9800K,N040,2020,04,0,1,0,0,0,336
1320219414707,4866WSTYRN164BU,100-42-5,2020,07,0,1,0,0,0,325
1315213703388,18951QKRCL201SH,872-50-4,2015,04,0,0,0,0,0,325
1322221444894,90001LLYSC1960E,7664-39-3,2022,04,0,0,0,0,0,332
1314212321196,17540DRTCN60EAS,100-42-5,2014,04,0,0,0,0,0,325
1321220000994,37406SYNRC4001N,N230,2021,04,0,0,0,0,0,325
1322220660144,48084SLZRP1972M,N495,2022,05,1,1,1,0,0,331
1314212333304,90040LLYNC6900E,117-81-7,2014,03,0,0,0,0,0,326
1314212352470,93291GLSNC2000N,7697-37-2,2014,04,0,0,0,0,0,311
1319217827563,11235SCNTF13NEP,7439-92-1,2019,01,0,0,0,0,0,334
1323222227593,03062BNCHM1INNV,7439-92-1,2023,03,0,0,0,0,0,334
1316215298124,1722WTLSCP13278,7440-02-0,2016,04,0,0,0,0,0,333
1317217566215,47112VNTFB3430C,79-01-6,2017,05,0,0,0,0,0,326
1316215760190,21740MCKTR1999P,7440-02-0,2016,03,0,0,0,0,0,336
1314212471433,0183WJHNSN3BNDS,N458,2014,02,0,1,1,0,0,4246
1314212943676,4804WZFMRY29BUS,7664-41-7,2014,03,0,0,0,0,0,336
1322221159092,92803CCCLF1226N,7697-37-2,2022,03,0,0,0,0,0,3121
1316215086214,63334TRMNF16755,N120,2016,04,0,0,0,0,0,333
1320219156003,7606WDRTCH19SEN,128-04-1,2020,04,0,0,0,0,0,332
1317216376626,28669BTBPRHWY26,7664-41-7,2017,03,0,0,0,0,0,321
1321220327668,0680WMMRYC3BERK,67-56-1,2021,03,0,0,0,0,0,339
1315214052122,28001CLLNS313BE,N090,2015,02,0,0,0,0,0,314
1318217149208,38109BRMNG3601P,N982,2018,05,0,1,0,0,1,331
1323221607878,3735WSNFRD831VL,71-36-3,2023,04,0,0,0,0,0,325
1319217813690,55987LKCNT5752I,N420,2019,02,0,0,0,0,0,336
1316215329588,67501JCKSN2600E,7697-37-2,2016,04,0,0,0,0,0,311
1317216222202,27261MRSHF1001S,71-36-3,2017,03,0,0,0,0,0,337
1323221543046,16823SPLCNSUPEL,108-88-3,2023,03,0,0,0,0,0,334
1324222676456,01950NNSPC3MALC,121-44-8,2024,03,0,0,0,0,0,325
1324222520227,6877WNGRDN39516,79-21-0,2024,02,0,0,0,0,0,311
1321219625163,6570WRCHTC77WHW,1330-20-7,2021,02,0,0,0,0,0,332
1320218653564,0700WHNRYR59E1S,7439-92-1,2020,04,0,0,0,0,0,332
1318216989715,47167FRRLYBECKS,7440-50-8,2018,04,0,0,0,0,0,332
1323221775505,97459CSBYL250SA,N100,2023,02,0,0,0,0,0,321
1324222682472,50616SLSBR1900R,872-50-4,2024,04,0,0,0,0,0,325
1320218655621,55041HTNGL800JE,1330-20-7,2020,02,0,0,0,0,0,333
1314212975902,60901DYTNS2150B,7440-02-0,2014,04,1,0,0,1,0,332
1324222528123,0311WLGCST6BELL,7439-92-1,2024,03,0,0,0,0,0,325
1321219664455,24102BLRDGSTATE,71-36-3,2021,03,0,0,0,0,0,325
1321220147829,70079CYPRS16122,108-90-7,2021,05,0,0,0,0,0,325
1317216076986,42129SMTML687IN,7440-50-8,2017,04,0,0,0,0,0,334
1321220331831,28804RVCSC275AI,75-45-6,2021,02,0,1,0,0,0,333
1317217558713,83653SMPLT4912E,N511,2017,05,1,0,0,1,0,311
1317215819071,27709SCMMT2601W,N450,2017,04,0,0,0,0,0,331
1314212780148,35096HNDMF1800H,67-56-1,2014,04,0,0,0,0,0,336
1314213105671,89015THTCH7300L,7782-50-5,2014,05,0,1,0,0,0,325
1319217735289,03251BRNDYRT3AC,7697-37-2,2019,03,0,0,0,0,0,335
1316215187764,48178QNXMC400MC,106-94-5,2016,02,0,0,0,0,0,331
1315213720295,47842LLLLYSTATE,7664-93-9,2015,05,1,0,0,1,0,325
1323221533565,7860WFDRLC1341H,7439-92-1,2023,02,0,0,0,0,0,999
1323222180073,42420CCRDC2315A,N982,2023,03,0,0,0,0,0,336
1323222243800,18103RPRDC2801M,7440-50-8,2023,04,0,0,0,0,0,332
1314212841480,0493WPKNDS15PIK,7439-92-1,2014,01,1,0,0,1,0,999
1322220764536,37398CKRNDRTE3B,1330-20-7,2022,01,0,1,0,0,0,326
1322221506316,77417HDSNPHIGHW,1330-20-7,2022,04,0,0,0,0,0,332
1322221006240,06813THBRD200PA,106-94-5,2022,04,0,0,0,0,0,332
1322221011719,38017LPHRSHIGHW,100-42-5,2022,05,0,0,0,0,0,325
1322221227352,1201WTHGND2WALL,106-42-3,2022,02,0,0,0,0,0,326
1314212979405,94070KLLYM1015C,N982,2014,05,0,1,0,0,0,325
1322221172467,46725NDRSS4578E,7439-92-1,2022,04,0,0,0,0,0,334
1320218842514,32905MCSSM2755K,N420,2020,02,0,0,0,0,0,334
1315215179235,66115CRTNT103FU,7664-41-7,2015,03,0,0,0,0,0,327
1316215717000,30643MNRTQ200MC,N420,2016,01,0,0,0,0,1,336
1322221497441,95691NRCLB2286S,N511,2022,03,1,0,0,1,0,3121
1316215745629,69361WSTRN2100E,7664-41-7,2016,04,1,0,0,1,0,311
1316215208885,74015LLDSG1301M,N495,2016,03,0,0,0,0,0,325
1317216466779,16143YNGGLPOBOX,7439-92-1,2017,04,0,0,0,0,0,332
1319218289357,46514MRRYD1536G,N982,2019,06,0,0,0,0,0,332
1323221748128,3762WTRCTY161AR,N495,2023,02,0,0,0,0,1,331
1324222418220,75668SCTND3756F,7440-50-8,2024,04,0,0,0,0,0,332
1316215620814,61821HDSNT342NM,306-83-2,2016,05,0,0,0,0,0,325
1319218063079,14303LNCHM2400B,7782-50-5,2019,06,1,0,1,0,0,325
1316217730910,11980CTHNS5ZRNB,7664-41-7,2016,05,0,0,0,0,0,2211
1321219456062,42240MRTRS102BI,7439-96-5,2021,03,0,0,0,0,0,332
1318216843262,3774WSRYBT79AND,100-42-5,2018,04,0,0,0,0,0,326
1322220754307,45044PLTCH3439Y,111-42-2,2022,05,0,0,0,0,0,325
1324222964013,91719SBTTR1675S,N420,2024,05,1,1,1,1,0,335
1314212325183,66110PBGRD300S3,2300-66-5,2014,06,1,0,0,0,0,325
1315213648874,60123LGLYN1565F,7440-48-4,2015,04,0,0,0,0,0,331
1315214430997,74117NRDMS691NW,127-18-4,2015,04,0,0,0,0,0,336
1320219214119,98134LSKNC32006,N090,2020,04,0,0,0,0,0,332
1319217826041,76710WCCMP32S27,100-42-5,2019,04,0,0,0,0,0,326
1322221429537,68521MLXNC700KI,N010,2022,04,0,0,0,0,0,334
1324222961625,33458MPCCN1440W,7440-47-3,2024,04,0,0,0,0,0,333
1314213004195,00683BXTRHRD122,75-09-2,2014,04,0,0,0,0,0,339
1315213894948,32501RCHHL407SO,1330-20-7,2015,05,0,0,0,0,0,325
1316215129851,44035NGLHR120PI,N100,2016,04,0,0,0,0,0,325
1314212355566,15376HNSNNRTE1B,N495,2014,04,0,1,0,0,0,331
1323221835453,24112CMMNW345BE,108-88-3,2023,05,0,0,0,0,0,326
1318217079565,06354GRSWL1RIVE,N590,2018,02,1,0,0,1,1,326
1314212388615,73055CHMCL1004S,N230,2014,05,0,0,0,0,0,325
1315219722105,19020NTNLR539DU,7440-47-3,2015,04,0,0,0,0,0,333
1322221021886,78226STNDR661DU,7439-92-1,2022,03,0,0,0,0,1,336
1319218088348,45242XMXCR4444C,7440-47-3,2019,04,0,0,0,0,0,332
1316215316783,1320WMPRVS694FL,7439-92-1,2016,02,0,0,0,0,0,339
1318217398496,01757BNJMN49SUM,N230,2018,03,0,0,0,0,0,325
1322221322530,0680WMMRYC3BERK,67-56-1,2022,03,0,0,0,0,0,339
1315214019705,1650WPWRDR33PIT,N420,2015,02,0,0,0,0,0,332
1320218700286,85210PHMNP112WI,7440-47-3,2020,01,0,0,0,0,0,333
1321219898362,45242CNCNN5901C,7440-47-3,2021,02,0,0,0,0,0,332
1322220797791,15022NTNLP9GUTT,1330-20-7,2022,03,0,0,0,0,0,325
1321219914140,43123TSHSM3515G,7440-50-8,2021,06,0,1,0,0,0,332
1316215052768,11356NDSTR20451,67-56-1,2016,02,0,0,0,0,0,325
1316215768779,64132CBGGY8485P,N010,2016,03,0,0,0,0,0,326
1321220354157,4866WSTYRN164BU,100-42-5,2021,07,0,1,0,0,0,325
1314212765503,6760WHSSSR17892,100-42-5,2014,04,0,0,0,0,0,326
1315213984279,54220ZNTHS5710V,7440-50-8,2015,04,0,0,0,0,0,332
1322220948588,2725WNDLRX932EA,100-42-5,2022,05,0,0,0,0,0,325
1318217361652,04092SLVXN45THO,7697-37-2,2018,03,0,0,0,0,0,332
1319217971769,30720CPTLD300CR,110-54-3,2019,05,0,0,0,0,0,325
1315216627935,8440WBRNSR125SU,7697-37-2,2015,04,0,0,0,0,0,336
1324222434375,16823SPLCNSUPEL,67-56-1,2024,03,0,0,0,0,0,334
1322220745451,98550PNLTC2999J,108-95-2,2022,04,0,0,0,0,0,325
1322220946014,89506VKWST14250,N450,2022,03,0,0,0,0,0,326
1320218727067,44024LSTCH160PA,N420,2020,04,0,1,1,0,0,326
1324222579017,06492LBRCH1DUDL,7440-02-0,2024,05,0,0,0,0,0,331
1314212916682,77592MCCHMFOOTO,71-43-2,2014,06,1,0,0,0,0,325
1323221728809,44004MLDDF1601W,100-42-5,2023,05,0,0,0,0,0,326
1323221950518,65536DTRTT100CA,7439-96-5,2023,05,0,0,0,0,0,332
1323221532928,35611TRSSN1803W,7664-41-7,2023,03,0,0,0,0,0,334
1316215232253,46628BRNCR2001W,110-54-3,2016,05,0,0,0,0,0,325
1319218134688,84116L3CMM640N2,7439-92-1,2019,02,0,0,0,0,0,334
1324222559751,15824WNSBRCHERR,N420,2024,04,1,0,0,0,0,327
1324222577951,77705SRTMR11455,7637-07-2,2024,04,0,0,0,0,0,325
1314211950961,14009PRTCH91NST,540-59-0,2014,04,0,0,0,0,0,332
1318216935128,30720CPTLD300CR,108-88-3,2018,04,0,0,0,0,0,325
1314213237579,76401FMCTL2825W,7440-50-8,2014,04,0,0,0,0,0,333
1322220766430,46231MCRNT1550R,N982,2022,04,0,0,0,0,0,325
1324222993976,61834FBRTQ3650S,50-00-0,2024,03,0,0,0,0,0,327
1317215956855,90001FBRCT724E6,108-88-3,2017,04,0,0,0,0,0,313
1317216246278,53589NRYLP501SW,872-50-4,2017,03,0,0,0,0,0,313
1324223067188,01757BNJMN49SUM,55406-53-6,2024,04,0,0,0,0,0,325
1324222675175,7516WTRRLL32IRN,N590,2024,02,0,0,0,0,0,324
1314212653808,7505WLTCRT17111,1344-28-1,2014,04,0,0,0,0,0,327
1323221559634,85301FRBRD61N53,100-42-5,2023,03,0,0,0,0,0,326
1321219814151,65301TYSNF19571,N511,2021,03,1,0,0,1,0,311
1314212466243,78130WTRWR15655,100-42-5,2014,03,0,0,0,0,0,326
1316215555590,36504SWFTLSWIFT,N420,2016,03,0,0,0,0,1,321
1316215682081,44711NNMTL19351,N982,2016,04,0,0,0,0,0,332
1318217071846,39440MSNTCSOUTH,67-56-1,2018,02,1,0,0,1,0,321
1317216239261,46515HRMSL1101L,7439-97-6,2017,03,0,0,0,0,0,335
1318218342475,28392CRLNFHWY87,7664-41-7,2018,05,1,0,0,1,0,311
1314212684688,00937SSLMMLUISM,1330-20-7,2014,06,0,0,0,0,0,4247
1323222366128,78251TKTTL4611W,N495,2023,04,1,0,0,0,0,336
1324223106737,70079CYPRS16122,75-00-3,2024,05,1,0,0,1,0,325
1318217021854,55901PMSTR3535T,7439-92-1,2018,04,0,0,0,0,0,334
1314212793778,94802GNRLC525CA,7783-06-4,2014,02,0,0,0,0,0,325
1317216422903,35806NGLHR9800K,N040,2017,04,0,1,0,0,0,336
1315213957083,06002KMNRSBLUEH,N590,2015,02,1,0,0,1,0,336
1318216857882,37821GRTLKROUTE,100-41-4,2018,04,0,0,0,0,0,325
1318216872871,77705LNCRP1400O,7664-93-9,2018,07,1,0,1,0,0,325
1314212801308,60628NCMST429W1,7647-01-0,2014,05,1,0,0,1,0,332
1323221663988,85210PHMNP112WI,7440-47-3,2023,01,0,0,0,0,0,333
1322221317264,32514GLMNS8780E,67-56-1,2022,01,0,0,0,0,0,326
1324222840427,89049TNPHTTNPAH,N420,2024,02,0,0,0,0,0,999
1321219783406,01720THHRT87HAY,108-10-1,2021,03,0,0,0,0,0,336
1314212943361,77640FNLNDHIGHW,1332-21-4,2014,04,0,0,0,0,0,324
1321219634250,62959DGRPH5307M,1330-20-7,2021,03,0,0,0,0,0,325
1322221025493,48161NRTHS3000E,N982,2022,06,1,0,0,1,1,331
1317216612008,00718CMBPRELDUQ,106-50-3,2017,01,0,0,0,0,0,325
1318216839567,95678NCLCT7501F,7664-39-3,2018,04,1,0,0,1,0,334
1319218202632,60426LLDTB16100,7440-47-3,2019,04,0,0,0,0,0,331
1324223060664,30120NHSRB100BU,7664-41-7,2024,05,1,0,0,0,0,3121
1322220921478,44224STRKT201ES,N535,2022,03,0,0,0,0,0,325
1322221324231,33860WSTVCPOBOX,71-36-3,2022,04,0,0,0,0,0,325
1324222411884,49503MDWST613NO,N982,2024,03,1,0,0,0,0,332
1323222001620,9770WSTRRL295NE,1634-04-4,2023,04,0,0,0,0,0,325
1324222471702,31601GRFFNROCKY,67-56-1,2024,04,0,0,0,0,0,325
1323221824218,92707NMLDB401WR,7697-37-2,2023,04,0,0,0,0,0,332
1324222748574,75051LTVRS1701W,7439-92-1,2024,02,0,0,0,0,0,336
1317216597397,67213FRMLN2323S,7664-41-7,2017,04,1,0,0,1,0,311
1314212557577,31402GLFSTPOBOX,108-88-3,2014,04,0,0,0,0,0,336
1320219182615,27306HMNTS149HO,67-56-1,2020,03,1,0,0,1,0,321
1318217685864,50219VNGRP1400W,7439-96-5,2018,03,0,0,0,0,0,333
1315214371561,87113SMTCM9401S,7647-01-0,2015,05,1,0,0,1,0,334
1314212638631,16136BBCCKMOUNT,N982,2014,04,1,0,0,1,0,331
1314212302614,72390THNRCINDUS,N982,2014,06,1,1,1,0,0,325
1314212914509,02861TKNRP505CE,117-81-7,2014,05,0,0,0,0,1,325
1314212945113,38116MTRMT1634F,7429-90-5,2014,02,0,0,0,0,0,327
1315214074128,00731PRLSSFIRMD,7440-38-2,2015,01,0,0,0,0,1,4247
1321220076917,3741WPLSTC3241H,N230,2021,02,0,0,0,0,0,336
1315213244611,1332WFLCST15SUT,N120,2015,03,0,0,0,0,0,326
1319218239352,2808WBCKYFPBX42,7697-37-2,2019,04,0,0,0,0,0,332
1322220830804,0382WTRBCM67CAL,N495,2022,04,0,0,0,0,0,332
1318217282399,07105PLYMR297FE,N420,2018,02,0,0,0,0,0,326
1314212518219,42718NGRSL11IND,7440-50-8,2014,04,0,0,0,0,0,333
1320218764393,47201MPCTF20805,7440-47-3,2020,05,0,0,0,0,0,332
1315214136222,23168GRYST7992R,N420,2015,03,1,0,0,1,0,332
1321220544946,86004RLSTN4700E,N450,2021,03,0,0,0,0,0,311
1317216479663,2870WVRTQN115VI,1330-20-7,2017,04,0,0,0,0,1,333
1322220941809,14825VLCRF5362R,7439-92-1,2022,03,0,0,0,0,0,332
1324222733040,27288RXMRL816FI,108-88-3,2024,05,0,0,0,0,0,322
1315214161580,14895LSTMP121SM,7440-47-3,2015,05,0,0,0,0,0,332
1317216204279,30503CTTRL2125C,7439-92-1,2017,02,0,0,0,0,0,336
1315214387060,16066MNSFT1000C,7439-92-1,2015,03,0,0,0,0,0,334
1316215491503,2380WPRCNN321BR,7439-92-1,2016,02,0,0,0,0,0,313
1317216499994,28392CRLNFHWY87,N511,2017,05,1,0,0,1,0,311
1321219625326,31601BTHCR1610J,100-42-5,2021,03,0,0,0,0,0,326
1321219615770,20892NTNLN9000R,7439-92-1,2021,02,0,0,0,0,0,999
1316215166834,54660NNCMP501WI,N120,2016,04,0,0,0,0,0,323
1321220167466,37398CKRNDRTE3B,1330-20-7,2021,02,0,1,0,0,0,326
1315214431328,93745PPGND3333S,7439-92-1,2015,02,0,0,0,0,1,327
1321220034060,44224STRKT201ES,N982,2021,05,1,1,1,0,0,325
1315213643923,14850MPLNC41DUT,7439-92-1,2015,02,0,0,0,0,0,334
1318216700435,54901LKSDP450W3,N420,2018,03,0,0,0,0,0,325
1318217221492,0374WNWHMP35CNN,7439-92-1,2018,01,0,0,0,0,1,333
1324222673840,46514MRRYD1536G,N100,2024,05,0,0,0,0,0,332
1316215174640,90031NTNLW136SA,N420,2016,02,0,0,0,0,0,335
1314212855872,6010WRNMLS55SPI,7664-41-7,2014,04,0,0,0,0,0,311
1317216514341,98033WSTRN8356T,106-94-5,2017,04,0,0,0,0,0,336
1324223223746,56621TMNDS15PAR,N100,2024,05,0,0,0,0,0,336
1321220109045,48161NRTHS3000E,N090,2021,07,0,0,0,0,1,331
1320218577029,5311WPRFSS448WM,107-21-1,2020,03,0,0,0,0,0,335
1323222044075,28086CMMRC101CA,N982,2023,03,0,0,0,0,0,333
1315213537210,61537HNRYFRICHA,7664-41-7,2015,05,0,0,0,0,0,325
1321220042016,50595VNDSTOLDHW,5902-51-2,2021,04,0,0,0,0,0,325
1314212943474,77640FNLNDHIGHW,108-38-3,2014,05,1,0,0,0,0,324
1314212501050,05452BMXXX1000R,N511,2014,04,1,0,0,1,0,334
1315214050142,29636RYMTLBOX38,N511,2015,03,1,0,0,1,0,332
1316215477504,02852DVLPM300OL,N458,2016,02,0,0,0,0,0,325
1314213115518,3714WKYWMR139FR,100-41-4,2014,02,0,0,0,0,0,326
1315213629417,02703LCHGR49PEA,N511,2015,01,1,0,0,1,0,331
1318217056858,37311MLLRC62IND,7439-92-1,2018,03,0,0,0,0,0,332
1318217345786,56284STHRNEASTH,N511,2018,10,1,0,0,1,0,311
1316215460585,17604JLCLR303NO,71-36-3,2016,04,0,0,0,0,1,332
1316215367905,23168GRYST7992R,N420,2016,03,1,0,0,1,0,332
1314212479606,90749RCPRD1801A,115-07-1,2014,05,1,0,0,1,0,325
1322221199565,14048RLSTN3800M,N982,2022,05,0,0,0,0,0,311
1316215325628,45804SPLML122SM,67-56-1,2016,04,1,0,0,0,0,325
1316215399698,86004RLSTN4700E,N982,2016,03,0,0,0,0,0,311
1316215143595,55413LCTRC800CE,7440-50-8,2016,04,0,0,0,0,0,335
1316215030925,60123LGLYN1565F,7440-47-3,2016,05,0,0,0,0,0,331
1315213615356,17847CFNDS2NDAR,7439-96-5,2015,03,0,0,0,0,0,336
1316215056591,7704WLLYST11625,7440-47-3,2016,06,0,0,0,0,0,332
1317216044572,84404CRRWR1160W,N010,2017,04,0,0,0,0,0,331
1319217859204,54110PRFSSHWY10,7697-37-2,2019,03,0,0,0,0,0,332
1324222438398,14760HYSLL211FR,79-94-7,2024,03,0,0,0,0,0,325
1316215118011,44203BCRSR842NO,7697-37-2,2016,04,0,0,0,0,0,336
1314212622207,28328THLND424RA,7664-41-7,2014,05,1,0,0,1,0,311
1316215535170,43756JPTRN5037N,N420,2016,05,0,0,0,0,0,333
1324222515304,6661WMRSCH1MARS,7664-41-7,2024,04,0,0,0,0,0,311
1314212447546,82931XBWHYI80EX,71-43-2,2014,05,1,0,1,0,0,324
1318216985438,06902PLYCS69SOU,80-62-6,2018,05,0,0,0,0,0,326
1316215103565,49646CDNGP111WP,67-56-1,2016,04,0,0,0,0,0,339
1316214983494,79120SDPRTUSHIG,7439-92-1,2016,03,0,0,0,0,0,325
1322220769436,46515LKHRT1255O,7440-50-8,2022,06,0,1,1,0,0,332
1323221681051,38583LTDPR5538S,N120,2023,03,0,0,0,0,0,336
1322220767418,48507PRMRP6220L,N982,2022,04,0,0,0,0,0,325
1324222642858,49512BRSCH4511E,7439-92-1,2024,03,0,0,0,0,0,334
1317218523569,00705TRCSNRD14K,N511,2017,02,1,0,0,1,0,311
1317216604862,98270RCLLN12806,108-95-2,2017,03,0,0,0,0,0,336
1321219810660,42702DNCRP750DA,7439-96-5,2021,06,0,0,0,0,0,336
1323221737582,91761WMBRR1400S,100-42-5,2023,02,0,0,0,0,0,326
1318218622102,44663LRNMN2228R,N982,2018,05,0,0,0,0,0,326
1322220937282,80301DTRCH5601N,N090,2022,04,0,0,0,0,0,334
1315214221828,30830KWKST770MI,95-63-6,2015,03,0,0,0,0,0,331
1317216129369,48030KCJNS321WT,N106,2017,03,0,0,0,0,0,332
1322220899470,85301FRBRD61N53,100-42-5,2022,03,0,0,0,0,0,326
1315214441899,9915WCDZDC51NNE,108-95-2,2015,04,0,0,0,0,0,336
1323221549658,53573WSCNS810NE,N100,2023,04,1,0,0,1,0,332
1320219228208,74101MDWGL215ND,7697-37-2,2020,04,0,0,0,0,0,311
1324222779225,77229STHWS737AL,N982,2024,06,0,0,0,0,1,332
1320219149717,44092SHRWD29501,7440-48-4,2020,05,0,0,0,0,0,336
1323222145207,39167CRBNCANDRE,7664-41-7,2023,07,0,0,0,0,0,325
1315213583913,28655SGLCR307JA,191-24-2,2015,04,0,0,0,0,0,335
1314212454654,9880WSRPXX434LD,N420,2014,02,0,0,0,0,0,334
1321220452256,40213NTDCT4900C,7664-41-7,2021,07,0,0,0,0,0,325
1314212997151,28610CMMSC3642U,7440-50-8,2014,06,0,1,0,0,0,335
1318216742522,85224NRPLX165SP,68-12-2,2018,03,0,0,0,0,0,334
1318216790788,52101DRLLT13011,7440-47-3,2018,04,0,0,0,0,0,332
1316215359732,02767JHNSN325PA,7440-47-3,2016,04,0,0,0,0,0,339
1324222746125,3545WSMPTM1799E,1330-20-7,2024,05,0,0,0,0,0,336
1317218150682,48909JTDXX5300A,7664-39-3,2017,04,0,0,0,0,0,336
1319217852375,03062TRDYN4PITT,N420,2019,03,1,0,0,1,0,334
1321219910914,7501WBTYMN125FR,N982,2021,04,0,0,0,0,0,325
1319217857059,9713WDCNCX261CR,7439-92-1,2019,04,0,1,0,0,0,339
1318216738373,33065WSTNG4300C,7440-50-8,2018,03,0,0,0,0,0,335
1323222326124,43570TRNTY6AKST,N040,2023,04,0,0,0,0,0,325
1319217920317,45365LFPRD1810P,N230,2019,03,0,0,0,0,0,322
1321220174510,84337WSTLB845N2,7664-41-7,2021,04,0,0,0,0,0,311
1322220739128,40065BNDMN2720P,108-88-3,2022,02,0,0,0,0,0,326
1319218562561,30024KTLCM70CRE,N420,2019,03,0,0,0,0,0,336
1322220646665,05301FLFLXPUTNE,N982,2022,04,0,0,0,0,0,325
1320218825483,77630JMHBRFM736,7783-06-4,2020,03,1,0,0,1,0,325
1315213935291,0887WRCHML18USH,67-56-1,2015,03,0,0,0,0,0,325
1323221930035,32548SGNLT84HIL,N420,2023,02,0,0,0,0,0,334
1314213062829,1462WJFFRS135JE,7439-92-1,2014,03,0,0,0,0,0,334
1324222972251,21030CRPRTYORKR,1336-36-3,2024,01,0,0,0,0,0,336
1315213862903,58652RDTRL3682H,7664-41-7,2015,04,1,0,0,1,0,325
1315213625419,72390THNRCINDUS,N982,2015,06,1,1,1,0,0,325
1321219843529,56601PTLTC5518C,7439-92-1,2021,02,1,0,0,1,1,321
1316215288111,22405CLNLC1026W,7439-92-1,2016,03,0,0,0,0,1,334
1316215437690,38017LPHRSHIGHW,100-42-5,2016,08,0,0,0,0,0,325
1315213948829,01570SHLDPPETER,1330-20-7,2015,04,0,0,0,0,0,325
1324222417560,5635WPRLNT11EAS,7697-37-2,2024,03,0,0,0,0,0,311
1322220662973,6110WTRGTL2433F,7440-47-3,2022,03,0,0,0,0,0,332
1314212736235,9562WBSLTX65IND,7439-97-6,2014,02,0,0,0,0,1,327
1315213896133,7840WBCKYT151SU,91-20-3,2015,06,1,0,0,1,1,324
1321219653449,3880WFVRNX18LIP,26471-62-5,2021,05,0,0,0,0,0,326
1322220697383,03062TRDYN4PITT,7664-93-9,2022,03,1,0,0,0,0,334
1324222989358,3774WHFNRT395TE,1330-20-7,2024,04,0,0,0,0,0,332
1322220961066,3785WCPRST246ST,67-56-1,2022,03,0,0,0,0,0,326
1320219328919,37744BLLZNBALLR,7439-92-1,2020,04,0,0,0,0,1,331
1314212534592,55432LRSNS7421C,79-01-6,2014,03,0,0,0,0,0,332
1316214916518,29501NTRNT1435N,N090,2016,03,0,0,0,0,0,332
1321219702418,19510CNCRPEXCEL,7439-96-5,2021,05,0,0,0,0,0,332
1318216976694,91749CMCCH18383,79-21-0,2018,04,1,0,1,0,0,325
1321219606821,14304PRCSP2124L,N100,2021,05,1,1,1,0,0,332
1319218032542,56352KRFTN1000E,N511,2019,03,1,0,0,1,0,311
1318217559564,8519WDSYBR752WA,N511,2018,02,1,0,0,1,0,311
1317216114241,47374CHMPN232IN,191-24-2,2017,05,0,0,0,0,1,339
1315214453666,60504DNLXX555NC,7440-50-8,2015,04,0,0,0,0,0,334
1314212764753,37087WYNNS104HA,N982,2014,03,0,1,0,0,0,325
1315213945583,72209MRNNM11605,100-41-4,2015,05,0,0,0,0,0,325
1315213950013,18707NSNNG71CRE,7440-02-0,2015,05,0,0,0,0,0,336
1317216293670,30024KTLCM70CRE,N420,2017,03,0,0,0,0,0,336
1315214039861,29644CLRRS300IN,330-54-1,2015,05,0,0,0,0,0,325
1316215028705,45846FRTRC2440S,7440-50-8,2016,03,0,0,0,0,0,332
1317216517805,76401NRTNC2770W,N982,2017,03,0,0,0,0,0,327
1317216250908,4524WMVRCK11379,67-56-1,2017,03,0,0,0,0,0,325
1323222275796,77507HLDRT10010,1313-27-5,2023,05,0,1,0,0,0,325
1320218982888,4675WTYLRM111ST,N120,2020,04,0,0,0,0,0,332
1321220116065,37620BCHML501FI,75-09-2,2021,03,0,0,0,0,0,325
1322220719355,9211WLLMNX52ILL,75-05-8,2022,05,0,0,0,0,0,334
1315213632793,14304PRCSP2124L,N495,2015,04,1,0,1,0,0,332
1315214038402,43410WHRLP119BI,N040,2015,03,0,0,0,0,0,335
1320218764140,5542WPNRMT48QUE,N511,2020,04,1,0,0,1,0,332
1315213749815,92704RBCTR3131W,N090,2015,04,0,0,0,0,0,332
1314212972968,91331MCPRD12306,N230,2014,05,0,0,0,0,0,325
1317216142380,42101CLTND1801R,7439-92-1,2017,01,0,0,0,0,1,336
1315213766342,73036GMNLC101SW,N230,2015,05,0,0,0,0,0,325
1319218423337,4361WFRCMS5255T,7440-47-3,2019,03,0,0,0,0,0,336
1314212638035,68521MLXNC700KI,N010,2014,04,0,0,0,0,0,334
1314212778930,37309BWTRSROUTE,N770,2014,03,1,0,0,1,1,322
1315213617879,02767JHNSN325PA,7440-47-3,2015,03,0,0,0,0,0,339
1316214912913,3785WCPRST246ST,67-56-1,2016,03,0,0,0,0,0,326
1323222349641,65349SLTRF432WL,N120,2023,04,0,0,0,0,0,333
1316215516509,80401DLPHC12THF,7783-06-4,2016,01,1,0,0,1,0,3121
1316217695257,77562STHWS18310,75-56-9,2016,05,0,0,0,0,0,336
1315213990702,47905LLLLYLILLY,N511,2015,04,1,0,0,1,0,325
1315213602016,9174WSNPNS1922S,7439-92-1,2015,01,0,0,0,0,0,332
1314212897538,37066HGNSC810ST,110-54-3,2014,03,0,0,0,0,0,331
1314212460822,07083LCNPW901LE,7440-50-8,2014,06,0,1,1,0,0,331
1319218244642,48057HSPTR4150S,108-88-3,2019,02,0,0,0,0,0,325
1321219716343,61201RCKSL1321S,107-21-1,2021,05,0,0,0,0,0,4247
1322220687800,4950WMCRNM1722K,7440-50-8,2022,03,0,0,0,0,0,332
1322220698423,00705TRCSNRD14K,N511,2022,03,1,0,0,1,1,311
1318218549160,71945HTFLD20MAR,N090,2018,04,0,0,0,0,0,321
1316215645526,97355MRKNC250NO,79-01-6,2016,05,0,0,0,0,0,326
1318216847222,14701WBRKN441CH,7439-92-1,2018,01,0,0,0,0,0,332
1323221671682,4695WZRKMT3112S,67-56-1,2023,04,0,0,0,0,0,325
1315214422622,44107NNCRB11709,7697-37-2,2015,04,0,0,0,0,0,335
1314212814584,70057NNCRBHWY31,108-88-3,2014,07,1,0,1,1,0,325
1316215484027,49093DYNTR111DA,108-88-3,2016,04,0,0,0,0,0,326
1322221201066,81001BFGDR50WIL,71-43-2,2022,01,1,0,0,1,0,336
1322221448943,12801MSGLD21ROG,50-00-0,2022,03,0,0,0,0,0,331
1323221719038,95828JBRDT8401S,N982,2023,02,0,0,0,0,0,336
1323222369910,9028WSMRKC8636T,N230,2023,04,0,0,0,0,0,325
1321219615376,00608DCRBNRD3KM,100-42-5,2021,04,0,1,0,0,0,325
1317216433793,38109BRMNG3601P,N770,2017,04,1,0,0,0,0,331
1318217221656,36105HGRHN150FO,N495,2018,04,0,0,0,0,0,332
1318217760709,46510LSDRY7344S,110-54-3,2018,05,0,0,0,0,0,311
1319217975883,06075NRTHMUPPER,N100,2019,03,1,0,1,1,0,334
1323221671047,43026BCKRP4150L,7429-90-5,2023,03,0,0,0,0,0,325
1315214148494,19067GLSTN11EST,67-56-1,2015,03,1,0,0,1,1,325
1315213937269,24141NWRVRRTE11,122-39-4,2015,04,0,1,0,0,0,325
1316215479763,3383WFLRKN244CM,N120,2016,05,0,0,0,0,0,325
1316215539418,48057HSPTR4150S,26471-62-5,2016,04,0,0,0,0,0,325
1317216227316,3377WDSNZH734BR,7439-92-1,2017,03,1,0,0,1,0,334
1320219012061,90670BRNNT10747,75-09-2,2020,05,0,0,0,0,0,4246
1316215215031,37821SNCPRRANKI,7439-92-1,2016,02,1,0,0,0,1,322
1322221325943,76708PRCSH6613N,N420,2022,01,1,0,0,1,0,332
1316215373960,38555STNPK238PR,107-21-1,2016,04,0,0,0,0,0,327
1317216150678,3026WLTFMX15NCH,N120,2017,04,0,0,0,0,0,326
1314212943551,77640FNLNDHIGHW,106-42-3,2014,03,1,0,0,0,0,324
1323221664939,9176WLGHTN85EFR,N458,2023,03,0,0,0,0,0,562
1319217675661,01420NWRKM1NEWA,7439-92-1,2019,01,0,0,0,0,1,322
1323221603071,14304PRCSP2124L,N495,2023,04,1,1,1,0,0,332
1321220513067,9915WCDZDC51NNE,50-00-0,2021,03,0,0,0,0,0,336
1323221645106,46514MRRYD1536G,N495,2023,05,0,0,0,0,0,332
1323221706361,48917LNSNG3725S,N420,2023,02,0,0,0,0,0,2211
1320219210248,63111RHNPL133EK,59669-26-0,2020,05,0,0,0,0,0,325
1321220024905,22601SLLVN1944V,108-88-3,2021,04,0,0,0,0,0,326
1322220952574,43420CHMTR721GR,7439-96-5,2022,04,0,0,0,0,0,332
1321219713144,40475XDCRP876RI,N420,2021,06,1,0,0,0,0,335
1316215604707,36105HGRHN150FO,N090,2016,04,0,0,0,0,0,332
1316215782069,77380SGMGN9186S,75-05-8,2016,05,0,0,0,0,0,325
1319218120867,51241GRNDL14471,N458,2019,01,0,0,0,0,0,325
1316215236163,56093BRWNPHIGHW,N230,2016,03,0,0,0,0,0,323
1314212447460,98108RLMJR8531E,7440-47-3,2014,04,0,0,0,0,0,332
1315213832660,18103RPRDC2801M,7440-50-8,2015,04,0,0,0,0,0,332
1314212872461,76657TRNCXHWY84,7440-50-8,2014,04,0,0,0,0,0,333
1324222703555,0887WRCHML18USH,75-09-2,2024,03,0,0,0,0,0,325
1322220649053,48371MSPND45WAK,107-21-1,2022,03,0,0,0,0,0,332
1321219716469,61201RCKSL1321S,N982,2021,05,0,0,0,0,0,4247
1320218807838,85281LTTNS1215S,N420,2020,03,0,0,0,0,0,333
1321220015073,31639CHPRRINDUS,80-62-6,2021,03,0,0,0,0,0,336
1320219079872,7310WCLMTC1427N,7440-50-8,2020,05,0,0,0,0,0,333
1324223163217,6721WCHRMP3939W,7664-39-3,2024,02,0,0,0,0,0,332
1316215145335,35801CRFNT2122A,7439-92-1,2016,03,0,0,0,0,0,334
1316215551692,73106HSPNT1700W,1330-20-7,2016,04,0,0,0,0,0,325
1317216023111,13021WCKSM1WICK,7439-92-1,2017,03,0,0,0,0,0,336
1317215817014,16365NTRLC1401L,N420,2017,04,0,0,0,0,0,335
1319218044840,3760WLPNCX56TWI,100-42-5,2019,05,0,1,0,0,0,326
1316215101825,16161WHTLNCOUNC,7664-41-7,2016,04,1,0,0,1,0,331
1324223030610,1934WDSMBM735PE,68-12-2,2024,03,0,0,0,0,0,339
1324222696940,29646CPRPW1520E,7440-47-3,2024,03,0,0,0,0,1,335
1323221549746,75668SCTND3756F,7440-50-8,2023,04,0,0,0,0,0,332
1321219926627,45241DLTSC11500,1330-20-7,2021,04,0,0,0,0,0,326
1314212322248,7503WRVNGP515VA,7439-92-1,2014,01,0,0,0,0,1,327
1318217413133,90201MTLSR6060S,N420,2018,02,0,0,0,0,0,332
1319218409872,77507DWCHM952BB,79-10-7,2019,07,1,0,1,0,0,325
1321219816840,06111DVNCD681NM,80-62-6,2021,04,0,0,0,0,0,325
1318217547405,28052FRGHT1400T,7439-92-1,2018,04,0,0,0,0,0,336
1322221441367,28086CMMRC101CA,N495,2022,03,0,0,0,0,0,333
1317215816644,60090SPCKG440DE,1330-20-7,2017,04,0,0,0,0,0,325
1319218515486,95014KSRCMNAXXX,7647-01-0,2019,02,1,0,0,1,0,327
1315213215167,60146GRPHC100N6,N420,2015,02,0,0,0,0,0,334
1315213694971,71483CHMBNHIGHW,50-00-0,2015,06,1,1,1,0,0,325
1315214296206,30720CPTLD300CR,110-82-7,2015,03,1,1,0,0,0,325
1323222333635,70079CYPRS16122,7550-45-0,2023,06,0,0,0,0,0,325
1320218872859,19720CMRCSCHERR,N230,2020,05,1,0,0,1,1,325
1323221648049,14228NTRNT310CO,67-56-1,2023,03,0,0,0,0,0,339
1317216215032,18702NSNNG1141H,7440-02-0,2017,04,0,0,0,0,0,336
1319218198885,07077SHLLL111ST,100-41-4,2019,06,0,0,0,0,0,4247
1314211913912,44706GRGRY1723C,7439-92-1,2014,03,1,1,0,1,1,332
1320219371503,07080MTZMT3900S,N740,2020,05,1,1,1,0,0,325
1314211952369,23805NDSTR3535H,N982,2014,05,1,0,1,1,0,332
1317216376638,28669BTBPRHWY26,50-00-0,2017,03,1,0,0,1,1,321
1319218333983,37620BCHML501FI,67-56-1,2019,04,0,1,0,0,0,325
1318216691497,91355RMNCX28101,108-88-3,2018,03,0,0,0,0,0,339
1315214503815,5300WLLCST217WE,7440-50-8,2015,03,0,0,0,0,0,331
1320219176726,37620BCHML501FI,75-09-2,2020,03,0,0,0,0,0,325
1321219811256,28360LKYST88CAT,7440-02-0,2021,04,0,0,0,0,0,332
1317216122667,68601BCTNDINDUS,7664-41-7,2017,03,0,0,0,0,0,339
1314212481675,02809PTCCR51BAL,1330-20-7,2014,03,0,0,0,0,0,322
1322221340793,49441CWCCS2672H,7440-50-8,2022,04,0,0,0,0,1,331
1314212494090,07503PRSRN91MIC,N230,2014,04,0,0,0,0,0,325
1316215006521,5581WHRLSY4418H,7439-92-1,2016,01,0,0,0,0,0,334
1316215765684,83854PTLTC41NPT,N120,2016,05,0,0,0,0,0,321
1321219846413,75051LTVRS1701W,7439-92-1,2021,02,0,0,0,0,0,336
1315213641929,33065WSTNG4300C,7440-50-8,2015,04,0,0,0,0,0,335
1321220310989,28655CTPLL90CER,N090,2021,02,0,0,0,0,0,336
1317215940735,4942WJHNSN7WEST,N096,2017,03,0,0,0,0,0,335
1314211901463,28043FSTFD801EA,7664-41-7,2014,04,0,0,0,0,0,311
1314212728683,43952BRMCHCOUNT,N010,2014,04,0,0,0,0,0,325
1315213984281,53051ZNTHSW156N,7440-02-0,2015,03,0,0,0,0,0,332
1315214406656,55927MCNLSHIGHW,7439-96-5,2015,05,0,0,0,0,0,336
1314213045471,97030LSLGC23400,N230,2014,02,0,0,0,0,0,334
1323222047274,30916MCPRF3702C,108-90-7,2023,06,1,1,0,0,0,325
1321219752173,98909DWTYR2720W,7440-02-0,2021,04,0,0,0,0,0,336
1315213766367,73036GMNLC101SW,67-56-1,2015,05,0,0,0,0,0,325
1320219381694,85539BHPCPHWY60,7440-02-0,2020,05,0,0,0,0,0,2122
1322220834980,03060PCDHS3EAST,872-50-4,2022,04,0,0,0,0,0,325
1322220917886,55041HTNGL800JE,7440-50-8,2022,05,0,0,0,0,0,333
1319218365219,55113SCHRD2080R,7697-37-2,2019,03,0,0,0,0,0,311
1319217934506,3209WCMPBL5629S,7439-92-1,2019,04,0,0,0,0,0,999
1320219025754,63145MCDNNLINDB,7697-37-2,2020,04,0,0,0,0,0,336
1323221724937,16749QKRSTINTER,110-82-7,2023,03,0,0,0,0,0,324
1323221727290,32444TRNCX200AB,7440-50-8,2023,06,0,1,0,0,0,333
1316214927067,45036SCHMD360HA,100-42-5,2016,03,0,0,0,0,0,326
1316215319144,53589NRYLP501SW,N010,2016,04,0,0,0,0,0,313
1315214406389,21741RSTLMINTER,1330-20-7,2015,05,0,0,0,0,0,325
1316215837372,30643MNRTQ200MC,N090,2016,04,0,0,0,0,0,336
1319217794217,30085DXNDS4925S,N982,2019,04,1,0,0,1,0,332
1315213929084,32905FRRSR2210W,67-56-1,2015,04,0,0,0,0,0,325
1317216090163,4651WNNCHM123KE,1330-20-7,2017,03,0,0,0,0,0,325
1322221249446,1383WMPHNL191DE,7440-50-8,2022,04,0,0,0,0,0,334
1314212321614,7203WCNWYP35SUT,7439-92-1,2014,01,0,0,0,0,1,327
1316215460561,17604JLCLR303NO,95-63-6,2016,04,0,0,0,0,0,332
1323221535697,14605FNGRL418ST,67-56-1,2023,04,0,0,0,0,0,325
1315213538287,5539WWMNFC39223,7440-02-0,2015,04,0,0,0,0,0,332
1314211925437,27709SCMMT2601W,N100,2014,06,1,0,1,0,0,331
1314213072667,54701WRRNV5200S,1330-20-7,2014,05,0,0,0,0,0,562
1315214388858,15301DRKNFWESTW,N010,2015,05,1,1,1,0,0,325
1323221724949,16749QKRSTINTER,1330-20-7,2023,03,0,0,0,0,0,324
1314213027459,97321SLMTN33992,7697-37-2,2014,04,0,0,0,0,0,331
1316215655198,68601BCTNDINDUS,7440-47-3,2016,05,0,0,0,0,0,339
1324222568659,2780WPNCLL542EN,N420,2024,03,0,0,0,0,0,326
1315214313583,85242LNMCR6550S,7664-41-7,2015,05,0,0,0,0,0,325
1315213704974,08861VSMBY1190A,7439-92-1,2015,03,0,0,0,0,1,332
1322220887588,38372PRXSN435IN,100-42-5,2022,05,0,0,0,0,0,326
1314213104680,29732MCMTL445BR,7440-50-8,2014,04,0,0,0,0,0,332
1321220619706,30207BLBNC1735D,N740,2021,01,0,0,0,0,0,325
1323221875279,42101KBLMN525CE,7429-90-5,2023,03,1,0,0,1,1,332
1317216193540,35259MYFLD18WES,7440-38-2,2017,03,0,0,0,0,0,331
1316215218013,47842LLLLYSTATE,7647-01-0,2016,02,1,0,0,1,0,325
1315214266037,35806NGLHR9800K,N100,2015,05,0,0,0,0,0,336
1314212558959,30125HNKLC701WI,50-00-0,2014,09,0,0,0,0,0,325
1314212334395,24019TTLCT7635P,N420,2014,03,1,0,0,1,0,334
1317215803786,23832LLDSGEXIT5,76-13-1,2017,05,0,0,0,0,0,325
1314215788631,72209TRNRC691IN,N511,2014,01,0,0,0,0,0,311
1317216592776,15145STLDN200BR,7439-96-5,2017,05,0,0,0,0,0,332
1318216885501,26547HLLNCROUTE,50-00-0,2018,02,0,0,0,0,0,327
1316215692373,7122WMRHSB6299C,N420,2016,01,0,0,0,0,1,321
1322220892689,35810TYTMT1CTTN,7439-96-5,2022,04,0,0,0,0,0,336
1318217438466,6580WPSTRN1325N,7439-92-1,2018,01,0,0,0,0,0,334
1314212652642,1970WJHNSN5PATR,N420,2014,07,0,1,1,0,0,335
1324222750960,35950MLLRCWEAVE,N450,2024,03,0,0,0,0,1,331
1315213564545,4953WPLSNC3195W,108-88-3,2015,03,0,0,0,0,0,336
1316218588743,56308MCMPN2115S,50-00-0,2016,03,1,0,0,1,0,327
1319218503631,36201FMCCR2101W,N420,2019,01,0,0,0,0,1,332
1317218630453,67213BGPRD701SW,1336-36-3,2017,02,0,0,0,0,0,324
1321220452561,40213NTDCT4900C,N495,2021,05,1,1,1,0,0,325
1316215120066,92123DPSTN4540V,110-54-3,2016,03,0,0,0,0,0,326
1314212881698,98134LSKNC32006,N450,2014,03,0,0,0,0,0,332
1315214136335,14150LFRGN41RIV,7439-92-1,2015,01,0,0,0,0,1,327
1324222592848,7270WDLTGR3115W,7439-92-1,2024,02,0,0,0,0,0,334
1319217707672,94710CTTRB4THAN,107-21-1,2019,04,0,0,0,0,0,325
1314211916313,16502KLNPL2020G,7440-50-8,2014,04,0,0,0,0,0,332
1316214964999,16901GTPRD1JACK,7440-50-8,2016,04,0,0,0,0,0,327
1314211901549,52361KNZMNI80AT,7439-96-5,2014,04,0,0,0,0,0,333
1316215320401,77960CLTCRFMRD2,N458,2016,01,1,0,0,0,0,2211
1323221814852,93003VLXCR6080L,7440-02-0,2023,01,0,0,0,0,0,332
1317216454847,53573MSCDPPOBOX,7697-37-2,2017,04,0,0,0,0,0,311
1317216214926,18702NSNNG1141H,7440-48-4,2017,03,0,0,0,0,0,336
1318217495997,76301NTDLC50151,7440-50-8,2018,05,0,0,0,0,0,333
1314212865063,70094MRCNC10800,123-31-9,2014,04,0,0,0,0,0,325
1314212900260,50616SLSBR1900R,121-44-8,2014,04,0,0,0,0,0,325
1314212904888,53565NLSND856FA,N090,2014,05,0,0,0,0,0,336
1314212929436,91744MNTXN13300,7664-41-7,2014,03,0,0,0,0,0,325
1316214994497,08027CRDXCALINE,7664-41-7,2016,03,0,0,0,0,0,325
1319217884283,23168GRYST7992R,N420,2019,04,1,0,0,1,0,332
1324222418333,9471WLCTRC893CA,N420,2024,03,1,0,0,1,0,332
1320218839900,89506VKWST14250,N010,2020,02,0,0,0,0,0,326
1314212578367,46041TRMSF3281W,7439-96-5,2014,04,0,0,0,0,0,332
1315214099121,50501FRSKS24005,N982,2015,01,0,0,0,0,0,311
1324222671099,0647WBYKSN33STI,872-50-4,2024,04,0,1,1,0,0,325
1314213057060,5475WTLSRSW1899,7664-41-7,2014,03,1,0,0,1,0,325
1319218140438,75041NNCRB2326L,108-05-4,2019,05,0,0,0,0,0,325
1319217961515,35603TRCST4301H,N090,2019,04,0,1,0,1,0,331
1322220651071,24501WYNNS3700M,N420,2022,01,0,0,0,0,0,326
1316215205485,2740WNLSTL15WES,7440-02-0,2016,04,0,0,0,0,0,332
1315213926886,46580DNCND245DE,7697-37-2,2015,04,0,0,0,0,0,332
1316215162823,97116TKTRN1521P,N100,2016,05,1,0,1,1,0,334
1316215014681,80110BRDNN1325W,7697-37-2,2016,04,0,0,0,0,0,311
1316215162811,97116TKTRN1521P,N230,2016,03,0,0,0,0,0,334
1321219658008,44103DYGLC4515S,50-00-0,2021,04,0,0,0,0,0,325
1323221828395,44135TTHLL1000B,7440-02-0,2023,03,0,0,0,0,0,332
1315213781279,85226PMLCX6833W,7440-50-8,2015,05,0,0,0,0,0,331
1321220205013,37744BLLZNBALLR,7782-50-5,2021,04,0,0,0,0,0,331
1316215083852,18976PLYSC400VA,N420,2016,03,0,0,0,0,0,325
1314212516722,18702NSNNG1141H,7440-47-3,2014,04,0,0,0,0,0,336
1315213791849,6933WBRDGP9216R,110-54-3,2015,03,1,0,0,1,1,325
1315214442737,93307KRNLRRR677,95-63-6,2015,05,0,0,0,0,1,324
1314212322390,7516WWXHCH419NH,7439-92-1,2014,01,0,0,0,0,1,327
1317216264046,77541RLQDFFM523,N982,2017,04,0,0,0,0,0,325
1318217095759,46750NTDTC1230S,N420,2018,04,0,0,0,0,0,336
1318217218231,17022PHLPS40IND,100-42-5,2018,05,0,0,0,0,0,326
1319218166027,17701LNZNC3500T,55406-53-6,2019,03,0,0,0,0,0,325
1315213196862,91790NTRSP2009S,N420,2015,06,0,0,0,0,0,335
1322221402389,00731PRLSSFIRMD,100-41-4,2022,05,0,1,0,1,1,4247
1317216425595,42141MKBRK1765C,7440-66-6,2017,04,0,0,0,0,0,336
1314212750057,3760WLMTXX167RW,7439-92-1,2014,03,0,0,0,0,0,333
1316215446170,46176RYBDC800MA,7429-90-5,2016,06,1,0,0,1,0,331
1322220679322,52156SWSSVHWY18,N230,2022,02,0,0,0,0,0,311
1319217959511,48823SPRRB4893D,7439-92-1,2019,02,1,0,1,1,0,331
1317215851686,57262WDLND2415E,71-36-3,2017,04,0,0,0,0,0,337
1323222350896,27360THMSM1024R,N420,2023,05,0,0,0,0,0,332
1316215044189,60090SPCKG440DE,100-41-4,2016,03,0,0,0,0,1,325
1317216025128,15632DVNCD9001C,7439-92-1,2017,02,0,0,0,0,0,334
1315214339172,3811WNLSTL2315P,7439-96-5,2015,04,0,0,0,0,0,332
1317216117034,83653SMPLT4912E,7697-37-2,2017,05,0,0,0,0,0,311
1316215575515,30153LRLNGGOODY,108-88-3,2016,04,0,0,0,0,0,326
1316215394887,37744BLLZNBALLR,N106,2016,04,0,1,0,0,0,331
1318217588134,55901STFFR24027,7697-37-2,2018,04,0,0,0,0,0,311
1319219044512,5203WBLLVS29427,1344-28-1,2019,04,0,1,0,0,0,327
1323222229647,40216DPNTL4200C,75-45-6,2023,06,1,0,1,0,0,325
1324222502534,15022NTNLP9GUTT,N530,2024,03,0,0,0,0,0,325
1316215738636,30114STCNT201LO,N458,2016,01,0,0,0,0,0,325
1324223229562,15349MRGNT303ME,107-21-1,2024,04,0,0,0,0,0,999
1320218829339,4601WNSTS431W7X,79-21-0,2020,03,0,0,0,0,0,311
1323221860024,46553SMKRC68143,108-88-3,2023,03,0,0,0,0,0,336
1317216584995,98134LSKNC32006,N100,2017,04,0,0,0,0,0,332
1322222301855,4320WMLLSM1977M,7439-96-5,2022,03,0,0,0,0,0,332
1316215506318,91790NTRSP2009S,N420,2016,06,0,0,0,0,0,335
1320219275878,28086CMMRC101CA,7440-47-3,2020,02,0,0,0,0,0,333
1314212688194,15238CHSCR128FI,N120,2014,01,0,0,0,0,0,325
1314211904661,38652MSTRBHIGHW,75-45-6,2014,02,0,0,0,0,0,333
1314212342911,63552CNGRF216VI,7697-37-2,2014,04,0,0,0,0,0,311
1321219751245,52641HTLTR1915W,7439-96-5,2021,02,0,0,0,0,0,333
1324222924401,16143YNGGLPOBOX,N982,2024,03,0,0,0,0,1,332
1322221261530,54840PRKRH533NO,7440-47-3,2022,04,0,0,0,0,0,332
1316215080134,78023VNTNM13310,100-42-5,2016,02,0,0,0,0,0,327
1315215804509,41144MTKMC300HA,75-09-2,2015,04,0,0,0,0,0,326
1314212572109,16922STMRYUSRTE,N495,2014,03,0,0,0,0,0,332
1315213605544,37809DTRTN199BO,108-10-1,2015,03,0,0,0,0,0,326
1314212347710,72543BRDGS99BLT,7439-92-1,2014,02,0,0,0,0,0,335
1314212746832,06457KLNNR1349R,7664-41-7,2014,05,0,0,0,0,0,2211
1324222992164,94566PPLDB655SU,75-09-2,2024,04,0,0,0,0,0,325
1321219704614,01950NNSPC3MALC,872-50-4,2021,04,0,0,0,0,0,325
1316215615384,45631FDRLM2160E,106-94-5,2016,01,0,0,0,0,0,332
1315214191722,62321MTHDL111WB,N420,2015,03,0,0,0,0,0,336
1320218707281,8943WPPGND5PITT,N982,2020,04,0,0,0,0,0,325
1317216580757,13212CMCNT7313W,7439-92-1,2017,03,0,0,0,0,0,335
1316215232289,46628BRNCR2001W,100-41-4,2016,05,0,0,0,0,0,325
1317216402622,82701WYMNG740WE,7664-39-3,2017,04,0,1,0,0,0,324
1315213800143,32703TRQNT1818S,872-50-4,2015,03,0,0,0,0,0,334
1320218813982,19510CNCRPEXCEL,7440-50-8,2020,04,0,0,0,0,0,332
1319218082788,9530WBRBSC22EGR,MIXTURE,2019,01,0,0,0,0,0,337
1315214295180,98134LSKNC32006,N495,2015,04,0,0,0,0,0,332
1317216488371,44663LRNMN2228R,7439-92-1,2017,03,0,0,0,0,0,326
1314211899810,32809STNDR170SU,7439-92-1,2014,01,0,0,0,0,0,336
1315213727922,16901GTPRD1JACK,7440-50-8,2015,04,0,0,0,0,0,327
1321219910193,47670TYTMT4000T,N420,2021,02,0,0,0,0,0,336
1319217963089,45242CNCNN5901C,7440-02-0,2019,02,0,0,0,0,0,332
1314212322337,7501WCPPLL61NHW,7439-92-1,2014,01,0,0,0,0,1,327
1320219374776,91746LGHTM13329,7439-92-1,2020,03,0,0,0,0,1,331
1320219360094,87109CDMYP5941M,N740,2020,04,1,0,1,0,0,331
1314212595829,31075RNTZC2041C,108-88-3,2014,02,0,0,0,0,0,337
1317216591255,75668SCTND3756F,N090,2017,06,1,1,1,1,0,332
1315214294314,54143NSLFRPIERC,108-88-3,2015,03,0,0,0,0,0,332
1319218193629,54455SNNTR1000S,N511,2019,04,1,0,0,1,0,332
1320218886416,7003WCCMRN71ENG,1330-20-7,2020,02,0,1,0,0,0,336
1317216486213,48309MSTRC2930A,872-50-4,2017,03,0,0,0,0,0,316
1318216983510,16749QKRSTINTER,108-88-3,2018,05,0,0,0,0,0,324
1320219337728,48057HSPTR4150S,95-63-6,2020,03,0,0,0,0,0,325
1324222770380,27302GCXXX6801I,N106,2024,02,0,0,0,0,0,335
1320219126962,55449PLSTD3920P,110-54-3,2020,04,0,0,0,0,0,325
1315213962347,16749QKRSTINTER,191-24-2,2015,01,1,0,0,1,0,324
1322220680058,02763MTFBN332JO,7440-02-0,2022,03,0,0,0,0,0,332
1315214492961,50616SLSBR1900R,75-09-2,2015,05,0,0,0,0,0,325
1318217152432,75006THGLD1900J,N982,2018,05,0,0,0,0,0,325
1319218377531,19541BLKCHOLDRT,872-50-4,2019,03,0,0,0,0,0,325
1322221008865,15857CRBNC150FO,7440-47-3,2022,03,0,0,0,0,0,332
1320218832436,60938NCBRS540EU,110-54-3,2020,05,0,0,0,0,0,311
1320218981278,30503CTTRL2125C,7439-96-5,2020,04,0,0,0,0,0,336
1324222518793,28516PRKRMHWY10,100-42-5,2024,04,0,0,0,0,0,336
1318218342499,28392CRLNFHWY87,67-56-1,2018,05,0,0,0,0,0,311
1322221202219,79936TTRNC1490H,7439-92-1,2022,02,0,0,0,0,0,336
1324222803708,49120SHLLR1501S,7429-90-5,2024,06,0,0,0,0,1,333
1319218197539,51401PLLCRHWY30,N230,2019,03,0,0,0,0,0,321
1321220432684,90670BRNNT10747,1330-20-7,2021,05,0,0,0,0,0,4246
1320218659302,60102WCNDT821WE,106-94-5,2020,03,0,0,0,0,0,332
1321219769092,04364LTRNT3BSUM,N420,2021,02,0,0,0,0,0,334
1318217031739,46515HRMSL1101L,7439-97-6,2018,03,0,0,0,0,0,335
1319217970134,38113WMBRR2105C,1330-20-7,2019,06,0,0,0,0,0,325
1323222333027,49735STNDR594AL,N982,2023,04,0,1,0,0,0,326
1316215256862,46383TTNDV5103E,7440-02-0,2016,03,0,0,0,0,0,339
1314212399669,7860WFDRLC1341H,7439-92-1,2014,02,0,0,0,0,0,999
1314212481030,90404STNDR16219,N420,2014,01,0,0,0,0,1,327
1322220686479,61938NMTNCEASTR,117-81-7,2022,03,0,0,0,0,0,332
1318217149133,38109BRMNG3601P,N090,2018,04,1,0,0,0,1,331
1315213949997,18707NSNNG71CRE,7440-47-3,2015,05,0,0,0,0,0,336
1317216269528,99216CMNCLEAST1,110-54-3,2017,02,0,0,0,0,0,332
1315213195617,16102NVRSLEASDT,100-42-5,2015,04,0,0,0,0,0,326
1315214032726,75670WTCCROFFHW,80-15-9,2015,04,0,0,0,0,0,325
1320218813994,19510CNCRPEXCEL,100-41-4,2020,04,0,0,0,0,0,332
1320219137890,70508SSFNT29GLA,100-42-5,2020,03,0,0,0,0,0,326
1315213745969,43783SCHML7970W,100-42-5,2015,03,0,0,0,0,0,313
1321220485357,60435CPNRG10IND,N100,2021,05,1,1,1,0,0,325
1315214240350,14304THGDY5408B,62-53-3,2015,05,0,0,0,0,0,325
1322220877435,70578BKRPT135IN,100-41-4,2022,05,0,0,0,0,1,4246
1323221710130,3383WFLRKN244CM,N450,2023,04,0,0,0,0,0,325
1321220188039,70776CBGGYRIVER,1910-42-5,2021,06,0,1,1,0,0,325
1323221555168,19123NTNLC401NO,N535,2023,05,0,1,0,0,0,325
1314212797385,4950WMCRNM1722K,7440-50-8,2014,02,0,0,0,0,0,332
1323222043996,37744TRWNCSNAPP,7440-47-3,2023,04,0,0,0,0,0,333
1315213782838,43143RBRTS10732,7439-92-1,2015,02,0,0,0,0,1,332
1323221684715,7920WZRKMT1574F,67-56-1,2023,04,0,0,0,0,0,325
1317216010266,75006THGLD1900J,55406-53-6,2017,04,0,0,0,0,0,325
1324223038771,61455NTNBW711NO,7440-50-8,2024,04,0,0,0,0,0,332
1314212603207,21720FLTCN12129,67-56-1,2014,04,0,0,0,0,0,313
1318217181371,77017MBLCH9822L,100-41-4,2018,03,1,0,1,1,0,325
1320219337680,7111WMNSPC1399H,N982,2020,05,0,0,0,0,0,324
1318217322484,25703RBRLT2501G,N120,2018,04,0,0,0,0,0,339
1314212541066,44024LSTCH145PA,N010,2014,04,0,0,0,0,0,326
1323221870052,35810TYTMT1CTTN,7440-50-8,2023,05,0,0,0,0,0,336
1321219615933,17754CHMCTRD3BO,N230,2021,02,0,0,0,0,0,325
1322220741197,13212CMCNT7313W,7440-50-8,2022,04,0,1,0,0,0,335
1315214218784,4942WJHNSN7WEST,N096,2015,04,0,0,0,0,0,335
1314212498253,1413WSNBRN2186C,7439-92-1,2014,03,0,0,0,0,1,327
1316215101849,16161WHTLNCOUNC,N090,2016,03,0,0,0,0,0,331
1322220824445,3934WLZBYN9482E,N420,2022,01,0,0,0,0,0,337
1322220899215,2937WSPCTR228IN,7664-41-7,2022,03,0,0,0,0,0,325
1315214403192,7906WZWNCX293ST,7439-96-5,2015,05,0,0,0,0,0,332
1323222068936,94565CRTRN2850W,N096,2023,04,0,0,0,0,0,325
1314212654293,4626WLTCRT462WE,1344-28-1,2014,05,0,0,0,0,0,325
1317215941826,28610CMMSC3642U,N010,2017,04,0,0,0,0,0,335
1323221611332,03062TRDYN4PITT,N420,2023,03,1,1,0,1,0,334
1316215329879,44305NRTNC2664G,117-81-7,2016,04,0,0,0,0,0,326
1317215812456,54153CRSRS804PE,80-62-6,2017,03,0,0,0,0,0,336
1317216517452,93707PBDYF2494S,7440-47-3,2017,04,0,0,0,0,0,333
1317216895514,03304PTCFR509RT,7440-02-0,2017,02,0,1,1,0,0,333
1318217393762,74127DJVNT3634C,95-63-6,2018,04,0,0,0,0,1,325
1315215179680,66115CRTNT103FU,N420,2015,01,1,0,0,1,1,327
1315214215321,50616SLSBR1900R,N511,2015,04,1,0,0,1,0,325
1319218284471,06902PLYCS69SOU,80-62-6,2019,05,0,0,0,0,0,326
1316215514959,97030LSLGC23400,120-80-9,2016,03,0,0,0,0,0,334
1324222776751,17851HSKNS1ARCO,7697-37-2,2024,03,0,0,0,0,0,333
1321219788609,8434WNVRXX75EAS,7439-92-1,2021,02,0,0,0,0,0,334
1323222077214,36251WLBRNHWY77,100-41-4,2023,03,0,0,0,0,0,337
1319218482432,1906WNFNTY2PRGR,79-94-7,2019,05,0,0,0,0,0,325
1320219305291,06497HMPFR292LO,108-88-3,2020,03,0,0,0,0,0,325
1315213751718,0887WNWWRL1RAND,7440-47-3,2015,05,0,0,0,0,0,331
1322220646982,70805LBMRLGULFS,N982,2022,04,0,0,0,0,0,325
1320218596462,45414LRDCR4644W,7697-37-2,2020,03,0,0,0,0,0,326
1321219995824,55414GLBTL73024,79-01-6,2021,04,0,0,0,0,0,332
1318216747170,5964WLMSTNLDWMA,7439-92-1,2018,02,0,0,0,0,0,999
1323221899279,6811WQNGLB571FS,75-09-2,2023,03,0,0,0,0,0,325
1315214324725,91352NPLCR11912,100-42-5,2015,04,0,0,0,0,0,325
1323222109035,29605MCHLN1920P,N982,2023,04,0,1,0,0,0,326
1317216495566,74131TDWLL6801S,7439-92-1,2017,04,0,0,0,0,0,333
1319218486746,37744TRWNCSNAPP,N982,2019,03,0,0,0,0,0,333
1324222947069,75090CPRBL4900M,7440-02-0,2024,04,0,0,0,0,0,335
1314212652681,9735WLTCRT1ENTE,1344-28-1,2014,04,0,0,0,0,0,325
1315213755491,92123DPSTN4540V,110-54-3,2015,03,0,0,0,0,0,326
1323221843600,2937WSPCTR228IN,7664-41-7,2023,03,0,0,0,0,0,325
1320219283470,61455NTNBW711NO,7440-47-3,2020,05,0,0,0,0,0,332
1314212322301,7624WLLNCP2921H,7439-92-1,2014,01,0,0,0,0,1,327
1319218252928,37686PLYMR688IN,108-88-3,2019,04,0,0,0,0,0,326
1316215193855,07840LSTMLESNAD,N120,2016,02,0,0,0,0,0,335
1317215871839,5581WCRRSD495MI,108-88-3,2017,04,0,0,0,0,0,336
1317215816620,60090SPCKG440DE,127-18-4,2017,04,0,0,0,0,0,325
1317216146819,01507NCMNCRT169,N420,2017,03,0,0,0,0,0,327
1315214331441,00804SSSTTCYRIL,110-54-3,2015,04,0,0,0,0,0,4247
1317215940762,4942WJHNSN7WEST,N495,2017,03,0,0,0,0,0,335
1321219686197,46802SSXGR1601W,95-63-6,2021,04,0,0,0,0,0,331
1316217692767,55021KGMNF226PA,79-00-5,2016,04,0,0,0,0,0,332
1322221556982,29732MCMTL445BR,N090,2022,01,0,0,0,0,1,332
1319218303283,77578KSHNB22102,71-36-3,2019,06,1,0,1,0,0,325
1317216013021,03063CRCTC4STAT,7664-41-7,2017,03,0,1,0,0,0,334
1314212340172,17331HNVRWEASTM,7782-50-5,2014,01,0,0,0,0,0,332
1315214247088,90023FRSTR3137E,79-01-6,2015,02,0,0,0,0,0,325
1321220591034,3075WCCLLN1324N,7697-37-2,2021,02,0,0,0,0,0,339
1315214144406,28213NCLCH14700,106-99-0,2015,05,0,0,0,0,0,325
1316215477617,26155PPGNDSTATE,N450,2016,01,1,0,0,1,0,325
1317216315097,32571RPRDC4575E,124-40-3,2017,06,1,0,1,0,0,325
1323222338840,07066KRNKC330CE,98-82-8,2023,03,0,0,0,0,1,324
1319217908538,35565FNTNTOLDDE,100-41-4,2019,03,0,0,0,0,0,336
1316215628090,45212THSHP4900B,N090,2016,05,1,0,1,0,0,325
1319217830684,30528FRDNBONENO,67-56-1,2019,03,0,0,0,0,0,326
1322220838142,45242CNCNN5901C,7440-47-3,2022,02,0,0,0,0,0,332
1316215544901,50616SLSBR1900R,75-05-8,2016,04,0,0,0,0,0,325
1321219469739,28315CRLNGSR207,7440-02-0,2021,04,0,0,0,0,0,331
1320220657492,3762WTRCTY161AR,7429-90-5,2020,06,0,0,0,0,0,331
1317216000430,17057PHNXC586FU,7439-92-1,2017,02,0,0,0,0,0,335
1315213965876,75006THGLD1900J,N982,2015,05,0,0,0,0,0,325
1316215037843,56303PRKND631SA,7440-47-3,2016,02,0,0,0,0,0,333
1323222337990,48084SLZRP1972M,N096,2023,04,1,1,1,0,0,331
1323221975903,0810WKRSHN1HLTE,7439-96-5,2023,05,0,0,0,0,0,332
1319217730720,47429CKNCX6300N,75-21-8,2019,03,0,0,0,0,0,339
1320219242649,28516PRKRMHWY10,100-42-5,2020,03,0,0,0,0,0,336
1321220302335,3377WJHNSN8575L,7440-47-3,2021,03,0,0,0,0,0,333
1324222853436,02860CLYNC50EST,N420,2024,01,0,0,0,0,0,313
1323221548629,00705TRCSNRD14K,N511,2023,03,1,0,0,1,1,311
1314212878526,77571NVSTS12455,N100,2014,05,0,1,0,0,0,325
1318219430927,36652SCTTPBAYBR,N511,2018,03,1,0,0,1,0,322
1322221112319,27804LCNCN400JE,N420,2022,05,0,0,0,0,0,332
1314212501047,05452BMXXX1000R,872-50-4,2014,04,0,0,0,0,0,334
1323222295228,38127CCRYL2665F,74-90-8,2023,01,0,0,0,0,0,325
1314213121813,79764DSSBB6112W,7440-50-8,2014,04,0,0,0,0,0,333
1315213962398,16749QKRSTINTER,N590,2015,03,1,0,0,1,0,324
1314213104781,4942WLGCHM1LGWA,N040,2014,04,0,1,1,0,0,335
1318217139411,24505GRFFNADAMS,N982,2018,04,0,0,0,0,1,331
1314212322349,7605WHSLTP1918K,7439-92-1,2014,01,0,0,0,0,1,327
1314213183888,9176WPCFCR1671S,26471-62-5,2014,05,0,0,0,0,0,326
1315214459113,95023PCFCP2340B,107-21-1,2015,04,0,0,0,0,0,325
1316214987442,1755WGRNRN165ST,108-88-3,2016,04,0,0,0,0,0,332
1323222381915,02780PRFSS40MYL,75-21-8,2023,03,0,0,0,0,0,999
1323222092470,46562SPXCR5ARNO,7440-50-8,2023,04,1,0,0,1,0,331
1321220512394,98270RCLLN12806,67-56-1,2021,01,0,0,0,0,0,336
1320218679330,95367SLGNC3250P,100-41-4,2020,03,0,0,0,0,0,332
1322221188600,75091MMCST6800H,872-50-4,2022,03,0,0,0,0,0,334
1320218865842,50595VNDSTOLDHW,108-88-3,2020,04,0,0,0,0,1,325
1315213629621,46131KYBND2525N,N420,2015,03,1,0,0,1,0,336
1322222301830,4320WMLLSM1977M,7440-47-3,2022,03,0,0,0,0,0,332
1314212847899,45212DNGRPBEECH,108-88-3,2014,04,0,0,0,0,0,323
1316215200116,85301FRBRD61N53,80-62-6,2016,01,0,0,0,0,0,326
1317215942335,91006NMLDB36LAP,7697-37-2,2017,04,0,0,0,0,0,332
1321220140887,28392CRLNFHWY87,7664-41-7,2021,05,1,0,0,1,0,311
1316215027095,31206RMSTR4520B,7664-41-7,2016,01,1,0,0,1,0,339
1315214509263,9254WTYCLC5733W,N010,2015,02,0,0,0,0,0,334
1323221751403,91320RCKWL2427W,7664-41-7,2023,03,0,0,0,0,0,334
1324222473706,03060PCDHS3EAST,872-50-4,2024,03,0,0,0,0,0,325
1314212390001,23220RCHFD1505R,N511,2014,04,1,0,0,1,0,311
1323221538756,9540WGNRLH2877G,N511,2023,05,0,0,0,0,0,325
1324223141957,17066WNSCRUSROU,100-42-5,2024,05,0,0,0,0,0,326
1321220257137,77630JMHBRFM736,463-58-1,2021,02,1,0,0,1,0,325
1318216786994,53142RNSNF33036,7439-96-5,2018,03,0,0,0,0,0,331
1321220627069,12771KLMRLSKYLI,N230,2021,04,0,0,0,0,0,325
1322221046788,4889WSGRPT137HI,N120,2022,04,0,0,0,0,0,336
1324222720753,4635WPRRPC7277S,7664-39-3,2024,05,1,1,1,0,0,4246
1323221954997,56057FBRGL315WI,100-42-5,2023,04,0,0,0,0,0,335
1314212906440,21703PTPSC5350P,7439-92-1,2014,02,0,0,0,0,0,334
1314212943373,77640FNLNDHIGHW,71-43-2,2014,06,1,0,1,1,0,324
1322221449768,90250FLNSL12333,100-42-5,2022,06,0,0,0,0,0,325
1315214266013,35806NGLHR9800K,7664-41-7,2015,03,0,0,0,0,0,336
1319218207520,64402YRKNTHWY13,7440-47-3,2019,03,0,0,0,0,0,333
1315214417127,77389PLYTH2400S,MIXTURE,2015,04,0,0,0,0,0,325
1319218529372,39168GRGPCHIGHW,50-00-0,2019,06,1,0,1,0,1,325
1322220984811,43311BLLTC700WL,N420,2022,03,0,1,1,0,0,327
1315213962335,16749QKRSTINTER,7664-41-7,2015,04,1,0,0,1,0,324
1324222980878,94565CRTRN2850W,N511,2024,05,0,0,0,0,0,325
1320218667424,55346MCRDY6201B,7439-92-1,2020,02,0,0,0,0,0,334
1324222494015,06110CHNDLCHART,7439-92-1,2024,01,0,0,0,0,0,336
1315214025468,37744TRWNCSNAPP,100-41-4,2015,03,0,1,0,0,0,333
1319217771652,0060WHPNTRCARR1,N230,2019,04,0,0,0,0,0,325
1316215184300,50010MNNST900DA,N982,2016,03,0,0,0,0,0,327
1315214277117,36105HYNDM7HYUN,N495,2015,05,0,0,0,0,0,336
1316215114846,18403DVFFRJFKEN,7439-92-1,2016,03,0,0,0,0,0,332
1316215161530,2350WCPTLC4STAP,N511,2016,04,0,0,0,0,0,327
1319218353009,28208TRNSR4500M,7440-50-8,2019,05,0,0,0,0,0,333
1314212803643,77630NVSTS355AF,1319-77-3,2014,04,1,0,0,1,0,325
1317216579944,11788RRSRC225MA,75-65-0,2017,03,0,0,0,0,0,339
1314212937965,3765WFMPRD11SUT,N511,2014,03,0,0,0,0,0,326
1324222522106,78521NRTNC1505M,108-95-2,2024,04,0,0,0,0,0,327
1317216251470,95354JGLLW600YO,7664-41-7,2017,03,0,0,0,0,0,3121
1319217971771,30720CPTLD300CR,108-88-3,2019,04,0,0,0,0,0,325
1315213858018,60174SYSTM3825O,7439-92-1,2015,03,0,0,0,0,0,334
1321220641221,85205MCDNN5000E,79-94-7,2021,02,0,0,0,0,0,336
1324222757294,60466MCNTY1000G,111-41-1,2024,05,0,0,0,0,0,325
1317216433779,38109BRMNG3601P,N458,2017,01,0,1,0,0,1,331
1318217149119,38109BRMNG3601P,N040,2018,03,1,0,0,0,1,331
1319218454205,37744TRWNCSNAPP,1330-20-7,2019,04,0,1,0,0,0,333
1317215831367,50010MNNST900DA,N982,2017,04,0,0,0,0,0,327
1323221534050,24501WYNNS3700M,N420,2023,01,0,0,0,0,0,326
1317216335113,52627CHVRN1800S,7664-41-7,2017,04,0,0,0,0,0,325
1315214264780,32514GLMNS8780E,422-56-0,2015,03,0,0,0,0,0,326
1321219688672,67219WLKPN2727O,1330-20-7,2021,04,0,0,0,0,0,325
1323221644279,55318MCLGH4001P,75-09-2,2023,05,0,0,0,0,0,325
1320218653069,28804RVCSC275AI,75-45-6,2020,02,0,1,0,0,0,333
1321220542791,95023PCFCP2340B,107-21-1,2021,04,0,0,0,0,0,325
1320219001120,50009MRZTT838TH,7664-41-7,2020,04,0,0,0,0,0,311
1316215289733,98373BCGFB18001,108-88-3,2016,02,0,0,0,0,0,336
1314212932406,47905RMGNT2800C,95-63-6,2014,03,0,0,0,0,0,335
1324222856318,54027CDYCH126HW,7697-37-2,2024,04,0,0,0,0,0,311
1322220779882,49505KNPVG2700O,N090,2022,03,0,0,0,0,0,332
1322221371382,98107LYMPC1141N,71-36-3,2022,03,0,0,0,0,0,325
1320218932388,1684WNYDRF468QU,80-62-6,2020,03,0,0,0,0,0,321
1316215534696,90280TCHNC11220,7440-02-0,2016,04,0,0,0,0,0,331
1321220562868,43952BRMCHCOUNT,N420,2021,03,1,1,1,0,0,325
1315213700735,56303PRKND66SAU,7439-96-5,2015,03,0,0,0,0,0,333
1319217848567,39440MSNTCSOUTH,N982,2019,04,0,0,0,0,0,321
1324222673954,46514MRRYD1536G,N090,2024,05,0,0,0,0,0,332
1319217666650,6108WWHLCL29NLC,7440-02-0,2019,04,0,0,0,0,0,335
1315213969090,00764THMSBCABOC,7440-50-8,2015,05,0,0,0,0,0,335
1318217383342,8100WVSTST1TWER,71-36-3,2018,03,0,0,0,0,0,332
1318217402585,8091WBSLTC3255D,7439-97-6,2018,01,0,0,0,0,1,327
1314212647731,01887SRFCC100EA,26471-62-5,2014,04,0,0,0,0,0,325
1324222598106,47670TYTMT4000T,95-63-6,2024,03,0,0,0,0,0,336
1318216675165,76140MDLND4800E,7440-50-8,2018,05,0,0,0,0,0,331
1318217282387,38965CLTNDHIGHW,1330-20-7,2018,01,0,0,0,0,0,336
1314212646715,33710MLXTC23757,N982,2014,04,0,0,0,0,0,334
1320219001548,01887CRSNS730MA,872-50-4,2020,04,0,0,0,0,0,325
1314213031622,46725CHRMS2433S,N230,2014,05,0,0,0,0,0,322
1314212322251,7514WMSQTP1719S,7439-92-1,2014,01,0,0,0,0,1,327
1315213615786,18327HCDVSROUTE,7664-41-7,2015,04,0,0,0,0,0,325
1323222070892,43612CHMBN6175A,108-95-2,2023,06,0,0,0,0,0,325
1320218624854,28206KRZTR3200W,108-88-3,2020,04,0,0,0,0,0,323
1317215820616,43137LXTTC215BI,7439-92-1,2017,02,0,0,0,0,0,339
1320219374752,91746LGHTM13329,7440-50-8,2020,04,0,0,0,0,0,331
1316215023526,73036GMNLC101SW,108-10-1,2016,05,0,0,0,0,0,325
1314212647756,0307WWKFLD33BRI,7440-50-8,2014,04,0,0,0,0,0,331
1314212900068,37644SNPNTSTATE,7439-92-1,2014,05,0,0,0,0,0,332
1317216454850,53573MSCDPPOBOX,N511,2017,03,0,0,0,0,0,311
1316215015342,03062TRDYN4PITT,N230,2016,03,0,0,0,0,0,334
1322221434739,1630WWBCND363SE,7440-47-3,2022,04,0,0,0,0,0,331
1317216117200,79720R2RDL348E1,100-42-5,2017,04,0,0,0,0,0,333
1323223208733,17519CNSTG245RE,67-56-1,2023,03,0,0,0,0,0,321
1317216369049,21740MCKTR1999P,7440-02-0,2017,03,0,0,0,0,0,336
1316218598833,50138MNNST3406E,1330-20-7,2016,03,1,0,0,1,0,322
1320219295639,99619SCSTGCOAST,7439-92-1,2020,03,0,0,0,0,0,999
1318216858732,37620BCHML501FI,67-56-1,2018,04,0,1,0,0,0,325
1317216010936,45162THHRT5374L,26002-80-2,2017,03,0,0,0,0,0,311
1318216725566,4606WFNCTN11CMM,N420,2018,03,0,0,0,0,0,334
1321219610348,0700WHNRYR59E1S,7439-92-1,2021,04,0,0,0,0,0,332
1314212877308,76031SCHMN2311P,75-05-8,2014,04,0,0,0,0,0,325
1315214006379,12150SCHNC1000M,108-10-1,2015,03,0,0,0,0,0,325
1315214203491,28052FRGHT1400T,7439-92-1,2015,04,0,0,0,0,0,336
1316215205422,4021WNLSTL48ALL,7440-02-0,2016,04,0,0,0,0,0,332
1324222879280,19007DNMRC145WH,108-88-3,2024,04,0,0,0,0,0,326
1321219985569,97348PPTLB30480,7782-50-5,2021,04,1,0,0,1,0,322
1320218750178,28360LKYST88CAT,7439-96-5,2020,04,0,0,0,0,0,332
1324222902785,17402HRLYD1425E,71-36-3,2024,03,0,0,0,0,0,336
1315213689336,9880WSRPXX434LD,N420,2015,02,0,0,0,0,0,334
1316215034226,49424BWLCT1311R,7439-92-1,2016,02,0,0,0,0,0,334
1322221338801,45750FRMSCMILLC,N120,2022,03,0,0,0,0,0,333
1323221674765,39358KMPRPBOX10,87-86-5,2023,04,0,0,0,0,0,321
1314212335931,7816WCPNDS1BUSI,7439-92-1,2014,03,0,0,0,0,0,332
1316215362157,26164PCHNYROUTE,7647-01-0,2016,01,1,0,0,1,0,331
1324222982252,30240NTRFCORCHA,N125,2024,02,0,0,0,0,1,314
1322221339930,45750FRMSCMILLC,7440-02-0,2022,05,0,0,0,0,0,333
1315214203465,28052FRGHT1400T,7440-47-3,2015,04,0,0,0,0,0,336
1316214926964,61364PBDYM1621S,7440-47-3,2016,03,0,0,0,0,0,336
1324222603969,45891RQPCR1225W,7440-50-8,2024,02,0,0,0,0,0,332
1322221396447,9713WDPLST271E2,79-94-7,2022,01,0,0,0,0,0,326
1319218449078,06010STRNP110HA,75-09-2,2019,02,0,0,0,0,0,326
1315213557679,91744MNTXN13300,107-21-1,2015,03,0,0,0,0,0,325
1321221534579,60153KRNKM2601G,100-41-4,2021,03,0,0,0,0,1,324
1314213072539,54701WRRNV5200S,110-82-7,2014,03,0,0,0,0,0,562
1322221059912,54601THTRN1700H,306-83-2,2022,03,0,0,0,0,0,333
1316215462730,63090PWLSTONEPA,N100,2016,06,0,0,0,0,0,335
1321220390443,29607RYMTL12MCD,N982,2021,04,1,0,0,0,0,332
1316214971879,19154RDYFD10975,7697-37-2,2016,04,0,0,0,0,0,311
1321219812272,01570GNTXP183WE,67-56-1,2021,04,0,1,0,0,0,339
1319218110260,54612NLSND1450E,N090,2019,03,0,0,0,0,0,336
1320219394259,12138TCNCPCOONB,7429-90-5,2020,03,0,0,0,0,0,313
1319217968205,01570GNTXP183WE,67-56-1,2019,04,0,0,0,0,0,339
1322220705673,53048QDGRP952BA,108-88-3,2022,05,0,0,0,0,0,323
1317215970652,07080HMMLC10HAR,7632-00-0,2017,04,0,0,0,0,0,325
1324222681619,17519CNSTG245RE,100-41-4,2024,02,0,0,0,0,0,321
1317215943251,92707NMLDB401WR,7697-37-2,2017,04,0,0,0,0,0,332
1324223034657,05478BNJRR900IN,7697-37-2,2024,03,0,0,0,0,0,311
1317215842081,17066WNSCRUSROU,131-11-3,2017,03,0,0,0,0,0,326
1320219391719,4887WMWCLL164TE,94-36-0,2020,03,0,0,0,0,0,311
1314214919060,53224PHTRN8701W,7439-92-1,2014,01,0,0,0,0,0,334
1317216373884,91335VKNDS25323,7440-66-6,2017,04,0,0,0,0,0,332
1315213210154,38372PRXSN435IN,100-42-5,2015,04,0,0,0,0,0,326
1314212427138,56031MXXXX710NO,26471-62-5,2014,03,0,0,0,0,0,326
1323221983063,62040GRNTC1020N,7647-01-0,2023,02,1,0,0,1,0,332
1315213617564,07828L3CMM45CLA,7439-92-1,2015,02,0,0,0,0,0,334
1320219054222,27804LCNCN400JE,N495,2020,05,0,0,0,0,0,332
1322220687990,46360VTMNS1700E,110-54-3,2022,03,0,0,0,0,0,311
1320218619195,76708PRCSH6613N,N090,2020,05,0,0,0,0,0,332
1321220325714,01821MRCNS829MI,7439-92-1,2021,04,0,0,0,0,0,334
1319217861537,14224XCLPR12NAM,75-09-2,2019,04,0,0,0,0,0,325
1324222800486,4912WMDNRP2121W,7439-92-1,2024,05,0,0,0,0,1,336
1316214898114,1680WGNRLD6DECI,106-94-5,2016,02,0,0,0,0,0,334
1321220425401,47167KMBLLHWY56,12185-10-3,2021,03,0,0,0,0,0,337
1315213633264,54467SLGNC1400P,N230,2015,03,0,0,0,0,0,332
1324222594816,7584WTXSMC65MIN,N458,2024,01,0,0,0,0,1,327
1320218813970,19510CNCRPEXCEL,N230,2020,04,0,0,0,0,0,332
1317216402661,82701WYMNG740WE,91-20-3,2017,04,1,1,1,0,1,324
1318217074069,68601BCTNDINDUS,7440-47-3,2018,05,0,0,0,0,0,339
1317216234272,78112CLRWT4420S,64-67-5,2017,04,0,0,0,0,0,325
1314212694766,54021BRQST1600O,N100,2014,04,0,0,0,0,0,334
1323221544327,30060NRTHC1525C,79-06-1,2023,05,0,0,0,0,0,325
1323222078800,4951WMPHNL4489E,7439-92-1,2023,03,0,0,0,0,1,334
1315214112056,45887FLXBLBAILE,N120,2015,05,0,0,0,0,0,326
1314212576514,77015PNNWL2231H,7783-06-4,2014,04,1,0,0,0,0,325
1314212488237,60646PRCSN4123W,7697-37-2,2014,03,0,0,0,0,0,332
1315213772888,03766LMNSC4LUCE,115-07-1,2015,04,0,0,0,0,0,335
1316215742077,96003CLVRS15390,N458,2016,01,1,0,0,0,1,327
1323221821426,95023PCFCP2340B,67-56-1,2023,04,0,0,0,0,0,325
1321220490268,33860WSTVCPOBOX,N230,2021,04,0,0,0,0,0,325
1315213841897,24124HCHSTRT460,7439-92-1,2015,02,1,0,0,1,1,325
1316215362169,26164PCHNYROUTE,N450,2016,05,1,0,0,1,0,331
1315213791775,6933WBRDGP9216R,75-07-0,2015,04,1,0,0,0,0,325
1315213926088,31601GRFFNROCKY,67-56-1,2015,05,0,0,0,0,0,325
1315214381737,98271SCSTN61303,80-05-7,2015,04,0,0,0,0,0,331
1317216129407,48030KCJNS321WT,N982,2017,03,1,0,0,1,0,332
1323221534542,91730PRCSN11155,7664-39-3,2023,03,0,0,0,0,0,336
1315214257026,44663LRNMN2228R,117-81-7,2015,03,0,0,0,0,0,326
1320218831586,63468CRRCP516WE,7440-50-8,2020,06,0,0,0,0,0,331
1314212368563,46517DRNLL1808W,67-56-1,2014,03,0,0,0,0,0,321
1316215092572,55428VTCFN9101S,N495,2016,03,0,0,0,0,0,332
1319218300402,14870CRNNGADDIA,106-94-5,2019,03,0,0,0,0,0,333
1321219468814,48103THTFR7101J,50-00-0,2021,04,0,0,0,0,0,325
1321219529171,54153CRSRS804PE,100-42-5,2021,03,0,0,0,0,0,336
1319218011017,16510MDCLM2205E,75-21-8,2019,03,0,0,0,0,0,339
1321219919469,3732WWHRLP2525B,7440-50-8,2021,04,0,0,0,0,0,335
1315214357550,55379CRPMT7632H,7664-41-7,2015,09,0,0,0,0,0,325
1319218576852,49015TKRKS100HI,7440-50-8,2019,04,0,0,0,0,0,336
1314213021328,43618TLNDS2541T,7439-92-1,2014,03,0,0,0,0,0,334
1318217630021,53022CSTMPN118W,100-41-4,2018,04,0,0,0,0,0,325
1314213076868,50010HCHCM100DA,108-31-6,2014,04,0,0,0,0,0,325
1323221747708,3762WTRCTY161AR,N090,2023,02,0,0,0,0,1,331
1320219170747,37406WDBRD100JU,584-84-9,2020,05,0,0,0,0,0,326
1314212637995,53929WLKRS902SE,7439-96-5,2014,04,0,0,0,0,0,332
1317216269718,38301BDNLM31JAM,7440-50-8,2017,04,0,0,0,0,0,331
1320219212750,84302MRTNT9160A,N100,2020,05,0,0,0,0,0,336
1322220732453,58075PRMBR2441N,N120,2022,05,0,0,0,0,0,339
1321219673732,46515HRMSL1101L,7439-97-6,2021,03,0,0,0,0,0,335
1315213557655,91744MNTXN13300,7664-41-7,2015,03,0,0,0,0,0,325
1324222851432,00771CTLRH50JES,7440-50-8,2024,05,0,0,0,0,0,335
1323221550825,76905THCNN3348P,75-21-8,2023,03,0,0,0,0,0,339
1323221664636,53072NRTHR845HI,7440-50-8,2023,04,0,0,0,0,0,331
1321220452635,40210NTDCT1227S,108-88-3,2021,04,0,0,0,0,0,325
1324222411098,37857SSRDC300IN,1319-77-3,2024,04,0,0,0,0,0,332
1315214059990,54110PRFSSHWY10,7697-37-2,2015,03,0,1,0,0,0,332
1324222563645,32072BKRPNUS90E,67-56-1,2024,04,0,0,0,0,0,325
1323221824156,9176WDNCNX1745E,7697-37-2,2023,04,0,0,0,0,0,332
1324222578989,06492LBRCH1DUDL,7439-96-5,2024,04,0,0,0,0,0,331
1316215474127,46241RLLYT1500S,N982,2016,03,0,0,0,0,0,325
1323221650512,76712LXPCK9200O,7440-50-8,2023,04,0,0,0,0,0,322
1320218750154,28360LKYST88CAT,7440-48-4,2020,03,0,0,0,0,0,332
1314214973378,46131SSXGR3200E,872-50-4,2014,04,0,1,0,0,0,331
1314212920666,80501CRCLG129TH,N230,2014,04,0,0,0,0,0,323
1324223106042,79720FBRCM364BE,100-42-5,2024,05,0,0,0,0,1,333
1314212943462,77640FNLNDHIGHW,N420,2014,03,1,0,0,0,0,324
1318218636835,85301GLBRT5310W,7439-92-1,2018,03,1,0,0,1,0,332
1317216604900,45414MDRNN3337N,N120,2017,04,0,0,0,0,0,326
1320219374788,91746LGHTM13329,7440-02-0,2020,04,0,0,0,0,0,331
1314212551372,02865TNRYN6NEWE,N106,2014,02,0,0,0,0,0,332
1314212555977,48220GGPRD625WA,67-56-1,2014,04,0,0,0,0,0,325
1316214978658,77053CSSPR14211,7439-92-1,2016,03,0,0,0,0,0,333
1316215027006,8100WVSTST1TWER,7439-96-5,2016,05,0,0,0,0,0,332
1324222473516,14652JHNSN300WE,108-38-3,2024,03,0,0,0,0,0,325
1319217966973,4831WNNVTV68115,7439-92-1,2019,02,0,0,0,0,0,334
1322220663429,97702NSLRN107SW,N420,2022,05,0,0,0,0,0,332
1321219600362,0204WNXTGN11NRF,N230,2021,07,0,0,0,0,0,325
1316215201839,98070PCFCR10221,N458,2016,01,0,0,0,0,0,326
1320219109749,6672WHLNDS3928R,71-36-3,2020,03,0,0,0,0,0,337
1324222423345,55719MNNST611WE,79-01-6,2024,02,0,0,0,0,0,333
1321220452650,29250WSTNGPOBOX,7697-37-2,2021,05,0,0,0,0,0,325
1315214015315,24441RYNLDCAVER,N982,2015,04,0,0,0,0,0,326
1314212674129,37406STHRN4106S,7440-50-8,2014,05,0,0,0,0,0,331
1317216208746,28001CLLNS313BE,N090,2017,02,0,0,0,0,0,314
1315214256467,37620BCHML501FI,67-56-1,2015,04,0,1,0,0,0,325
1315214357648,55379CRPMT7632H,N982,2015,05,0,0,0,0,0,325
1314212471940,14048RLSTN3800M,N982,2014,04,0,0,0,0,0,311
1316215390814,46705TRNNC5HLTH,7439-92-1,2016,01,0,0,0,0,0,336
1321219815800,76067TWSHK201GA,67-56-1,2021,03,0,0,0,0,0,325
1320219134665,77580MNTBL13330,108-88-3,2020,05,0,1,0,0,0,325
1320219140086,30828WHLND1117T,121-44-8,2020,04,0,0,0,0,0,331
1314212325132,66110PBGRD300S3,94-75-7,2014,06,0,1,0,0,0,325
1319218588756,56308MCMPN2115S,108-95-2,2019,04,0,0,0,0,0,327
1319217791627,49269MCHGN2400N,1330-20-7,2019,03,0,0,0,0,0,336
1316215719737,17057PHNXC586FU,7439-92-1,2016,02,0,0,0,0,0,335
1324222598219,47670TYTMT4000T,67-56-1,2024,04,0,0,0,0,0,336
1315213847864,45846FRTRC2440S,7440-50-8,2015,03,0,0,0,0,0,332
1320219342894,32501RZNCH411SO,1330-20-7,2020,05,0,0,0,0,0,325
1316215390511,92138NTNLSHARBO,100-41-4,2016,03,0,0,0,0,0,336
1314212858791,63801GDHMR2400R,7664-41-7,2014,05,0,0,0,0,0,311
1323221629025,80305NTNLN325BR,7439-97-6,2023,01,0,0,0,0,0,999
1324222858223,02865TNRYN6NEWE,N106,2024,03,0,0,0,0,0,332
1321219654288,38930VKNGR561VI,N120,2021,05,0,0,0,0,0,335
1323222286041,48057HSPTR4150S,98-82-8,2023,02,0,0,0,0,0,325
1320219002730,37873PCLCN306GE,N982,2020,02,0,0,0,0,0,323
1324222469088,42240DNCRP301BI,N450,2024,05,0,0,0,0,0,336
1316215534658,90280TCHNC11220,7440-47-3,2016,04,0,0,0,0,0,331
1322220935997,60007XCLLL2425A,N420,2022,02,1,0,0,1,0,334
1315214009969,04622JSPRWRTE19,N590,2015,02,0,0,0,0,0,311
1315214191886,44024LSTCH145PA,N982,2015,05,0,1,1,0,0,326
1322220799617,85009TRFFR1021N,7697-37-2,2022,04,0,0,0,0,0,332
1324222453969,85282CMLCT528W2,7440-02-0,2024,04,0,0,0,0,0,335
1324222848929,55434NCRNP4000P,7664-41-7,2024,05,0,0,0,0,0,325
1315214417230,91016NTKMC2724S,7440-47-3,2015,03,1,0,0,0,1,339
1319217782147,57262WDLND2415E,71-36-3,2019,04,0,0,0,0,0,337
1320218781591,17061BRBKR200FR,N040,2020,03,0,0,0,0,0,333
1324222750958,35950MLLRCWEAVE,108-10-1,2024,03,0,0,0,0,0,331
1324222712198,9050WPLYPP365MA,75-05-8,2024,04,0,0,0,0,0,325
1320218734871,46515HRMSL1101L,7439-97-6,2020,03,0,0,0,0,0,335
1321220297725,0810WKRSHN1HLTE,7439-96-5,2021,05,0,0,0,0,0,332
1318220625990,89431GRNGP909EG,117-81-7,2018,05,0,0,0,0,0,326
1323222395384,53051RNDLLN82W1,N230,2023,04,0,0,0,0,0,323
1318217199557,43140STNLY1627S,100-42-5,2018,05,0,0,0,0,0,336
1316215549128,47710NSLNC1014U,N120,2016,03,0,0,0,0,0,325
1316215023476,73036GMNLC101SW,100-41-4,2016,04,0,0,0,0,0,325
1323221836404,13476DRYLCWARDS,N511,2023,02,1,0,0,1,0,311
1318217444936,76118DVNCC7101B,N530,2018,05,1,0,1,0,0,4246
1318218160315,55112CRDCP4100H,N450,2018,04,0,0,0,0,0,334
1320218787846,40033TYTBS2FRAN,110-82-7,2020,03,0,0,0,0,0,336
1316215054519,52732STHNS1347B,7664-41-7,2016,04,0,0,0,0,0,311
1314212386686,30110HLCNC101MU,108-88-3,2014,04,0,0,0,0,0,336
1314212549190,75006KTCHM1200W,108-10-1,2014,04,0,0,0,0,0,325
1316214977934,60608LSTMR2448W,117-81-7,2016,04,0,0,0,0,0,326
1316215531029,12150SCHNC1000M,95-48-7,2016,04,0,0,0,0,1,325
1324222602260,46041NTKPR741CU,7440-02-0,2024,03,0,0,0,0,0,336
1324222675454,63111RHNPL133EK,59669-26-0,2024,04,0,0,0,0,0,325
1319218313474,3708WRLNCW11CEN,N100,2019,01,0,0,0,0,0,332
1320219268606,48161NRTHS3000E,N458,2020,01,1,0,0,1,0,331
1322221467006,5472WNRDSN145LA,108-88-3,2022,03,0,0,0,0,0,333
1324222430795,9495WLGCBS2199S,75-09-2,2024,03,0,0,0,0,0,325
1324222561615,32672MRTNM498OA,7439-92-1,2024,04,0,0,0,0,0,334
1314212320853,87109DLTGR4801L,7439-92-1,2014,02,0,0,0,0,0,334
1315213762343,4589WVHCPR6793U,7664-41-7,2015,04,0,0,0,0,0,311
1314212498517,37040NTRNT801AL,N100,2014,03,1,0,0,0,0,323
1324222987087,45212MSCNC2909H,67-56-1,2024,05,0,1,1,0,0,4246
1315213643063,28134RTLND9635I,117-81-7,2015,05,0,1,0,0,1,325
1324223153800,72801CNGRFHWY64,7697-37-2,2024,04,0,0,0,0,0,311
1320219224185,19087JHNSN43645,7664-41-7,2020,03,0,0,0,0,1,336
1321220554087,4420WPYRTK355CA,N120,2021,03,0,0,0,0,0,333
1318217091178,03103SNMNC140AB,7439-92-1,2018,03,0,0,0,0,0,334
1322220707537,1803WCNSPR151BU,7697-37-2,2022,03,0,0,0,0,0,311
1315214061069,76307PGGNDI44EA,N090,2015,03,0,0,0,0,1,327
1324223010404,44105GRLND3800E,N590,2024,03,0,0,0,0,0,324
1322220677759,7704WHRRYC641WS,107-21-1,2022,03,0,0,0,0,0,333
1316215044227,60090SPCKG440DE,108-88-3,2016,04,0,0,0,0,0,325
1324222910770,45242CNCNN5901C,7440-47-3,2024,02,0,0,0,0,0,332
1315213839133,17519CNSTG245RE,108-88-3,2015,02,0,0,0,0,0,337
1323222273652,71463KDLPLHWY16,67-56-1,2023,02,1,0,0,1,0,321
1323222221602,60185CLRTL530IN,100-42-5,2023,05,0,0,0,0,0,325
1323223228317,9364WFDRLB335WC,7439-92-1,2023,02,0,0,0,0,0,999
1320219290057,75119NNSPN2800O,108-88-3,2020,05,0,0,0,0,0,325
1321222524201,75041CRRLL2900W,N230,2021,04,0,0,0,0,0,325
1321220443550,63111RHNPL133EK,59669-26-0,2021,05,0,0,0,0,0,325
1321219719414,50664WPSVL30010,7697-37-2,2021,02,0,0,0,0,0,311
1316215018932,06804TRDNT1114F,N420,2016,01,0,0,0,0,0,334
1321219762945,6204WGTWYP2CENT,N120,2021,03,0,0,0,0,0,323
1320218885046,75006THGLD1900J,N982,2020,05,0,0,0,0,0,325
1315214390270,29340BCCRP1COMM,107-21-1,2015,03,0,1,0,0,0,339
1314213027446,97321SLMTN33992,7664-39-3,2014,04,0,0,0,0,0,331
1315214331530,00804SSSTTCYRIL,1330-20-7,2015,05,0,0,0,0,0,4247
1319218236887,4484WJHNSM49LCK,N982,2019,04,0,0,0,0,0,326
1315214089017,90280HGHSB11010,7439-92-1,2015,05,0,0,0,0,0,331
1315214436711,48176SLNNS7700M,N120,2015,05,0,0,0,0,0,336
1318216777971,31516SNDNC6131S,100-42-5,2018,04,0,0,0,0,0,326
1318216830063,52761THHNC301OA,1330-20-7,2018,03,0,0,0,0,0,337
1316215552163,7310WHSPNT181WR,107-21-1,2016,02,0,0,0,0,0,325
1321220027419,71730LDRDC4500N,7697-37-2,2021,06,1,0,1,0,0,325
1316215205410,4021WNLSTL48ALL,7439-96-5,2016,04,0,0,0,0,0,332
1323221540040,07114GJCHM37037,1634-04-4,2023,04,0,1,1,0,0,4246
1315214250286,1996WBLTMR1162H,N096,2015,01,0,0,0,0,0,333
1315214147896,55413LCTRC800CE,7440-50-8,2015,04,0,0,0,0,0,335
1324222835338,33860WSTVCPOBOX,N230,2024,04,0,0,0,0,0,325
1323221714619,27406LYMPC4100P,26471-62-5,2023,05,0,0,0,0,0,326
1316214908764,15522BDFRDRD2BO,100-42-5,2016,03,0,0,0,0,0,326
1314211899214,44663LRNMN2228R,117-81-7,2014,03,0,0,0,0,0,326
1314213104843,4942WLGCHM1LGWA,7440-02-0,2014,04,0,1,1,0,0,335
1323221684158,01566BRLLCSTURB,N420,2023,03,0,0,0,0,0,334
1319218562508,8519WDSYBR752WA,N511,2019,02,1,0,0,1,0,311
1319218398651,63468CRRCP516WE,7440-50-8,2019,06,0,0,0,0,0,331
1314212342947,2937WSBWLD256MI,7440-50-8,2014,08,0,0,0,0,0,331
1314212679726,49085NDRSN216UP,1330-20-7,2014,02,0,0,0,0,0,332
1324223134836,0773WCSMTC2182R,1222-05-5,2024,02,0,0,0,0,0,325
1317220606507,16823SPLCNSUPEL,108-88-3,2017,04,0,0,0,0,0,334
1323222103362,43207FRNKL2020B,N230,2023,04,0,0,0,0,0,325
1324222583231,77041TSHBN13131,7440-47-3,2024,05,0,0,0,0,0,335
1315214278018,36615TLDYN2000N,7664-41-7,2015,03,1,0,0,1,0,336
1321222083925,32785RMCDVHIGHW,N511,2021,01,1,0,0,1,0,331
1315213873262,67213RCPTL1702S,108-88-3,2015,03,0,0,0,0,0,332
1324222437853,53079BKRCHROUTE,N511,2024,02,1,0,0,1,0,311
1322221082276,43457CHRTR6255U,N511,2022,03,1,0,0,1,0,331
1317216031690,55987LKCNT5752I,N420,2017,02,0,0,0,0,0,336
1319218350561,29607RYMTL12MCD,N982,2019,03,1,0,0,0,0,332
1324222416378,71801PYRMD220WE,108-88-3,2024,03,0,0,0,0,0,325
1323221846759,37087PRMPP1310Q,N120,2023,05,0,1,0,0,0,332
1324222734055,60609CDPRD6W41S,7697-37-2,2024,04,1,0,1,0,0,4246
1317216058610,44107NNCRB11709,7697-37-2,2017,04,0,0,0,0,0,335
1315214106484,76118DVNCC7101B,N230,2015,05,1,0,1,0,0,4246
1315213732290,78343CLNSNONEMI,110-54-3,2015,05,0,0,0,0,0,325
1314212364741,60044JSSPM1701R,110-54-3,2014,04,0,0,0,0,0,313
1316215587256,49015PRNYF126BR,7697-37-2,2016,04,0,0,0,0,0,311
1315214105025,75041NNCRB2326L,108-05-4,2015,05,0,0,0,0,0,325
1322221336959,43068DYNLB555LA,7439-92-1,2022,03,0,0,0,0,0,334
1314212528069,90620LLYDC6550C,N100,2014,04,0,0,0,0,1,331
1317216895490,03304PTCFR509RT,7440-47-3,2017,03,0,1,1,0,0,333
1322221155118,77656STHHMFM418,110-82-7,2022,05,1,0,0,1,0,325
1322220969481,47670TYTMT4000T,N230,2022,03,0,0,0,0,0,336
1314212391763,2752WNVNRD3612P,108-39-4,2014,03,0,1,0,0,0,325
1314212862991,61265JHNDR5013R,95-63-6,2014,03,0,0,0,0,0,333
1315213900273,61025PHNXC16675,7664-41-7,2015,09,1,0,1,0,0,325
1316215554217,49855PRSQS2701L,7647-01-0,2016,02,1,0,0,1,0,2211
1316215604733,31545TTRYNSAVAN,N040,2016,04,1,0,0,0,0,322
1315215827686,75607TXSSTOFFHI,71-43-2,2015,06,1,0,1,1,0,325
1314213025897,93012MDCLM1150C,80-62-6,2014,04,0,0,0,0,0,326
1316214954455,75119PLYGR3801H,1330-20-7,2016,04,0,0,0,0,0,324
1322220841466,40769FRSTN1FIRE,N982,2022,05,0,0,0,0,0,326
1321219879210,82604CLVRT7242W,191-24-2,2021,01,0,0,0,0,0,332
1324222980322,94553SHLLM10MOC,108-88-3,2024,04,0,0,0,0,0,325
1324223165958,56093TRNNC241NS,7439-92-1,2024,02,0,0,0,0,0,334
1314212630394,97348PPTLB30480,7647-01-0,2014,02,1,0,0,1,0,322
1315213984154,05452BMXXX1000R,872-50-4,2015,04,0,0,0,0,0,334
1324222578991,06492LBRCH1DUDL,7440-47-3,2024,05,0,0,0,0,0,331
1315214247266,06095WNDSR169OL,7440-02-0,2015,04,0,0,0,0,0,336
1316214917926,48239ZBRTN26500,71-36-3,2016,03,0,0,0,0,0,325
1314212666212,45856PRTCC5000C,N982,2014,04,1,0,0,1,1,332
1314212674131,37406STHRN4106S,7439-92-1,2014,03,0,0,0,0,0,331
1320218624068,77590DLLSG301DO,7647-01-0,2020,06,0,0,0,0,0,325
1314213100009,93063MGGTS1915V,7439-92-1,2014,02,0,0,0,0,0,336
1316215321771,33811NDLPL4225D,100-42-5,2016,04,0,1,0,0,0,326
1320219341068,55359LCTRC5630P,N495,2020,03,0,1,1,0,0,325
1315213678269,95376LGGTT215NM,N120,2015,05,0,0,0,0,0,326
1316215065210,53916KRFTN419SO,7697-37-2,2016,04,0,0,0,0,0,311
1317215957263,4305WSMLST1455J,7439-92-1,2017,04,0,0,0,0,0,332
1320218865792,50595VNDSTOLDHW,N535,2020,05,0,0,0,0,0,325
1322220978516,3064WNSTLP266IN,N982,2022,02,0,0,0,0,0,311
1324223058518,1201WBCHNT1HERD,7697-37-2,2024,04,0,0,0,0,0,311
1323221668926,7601WHNTSM3315E,107-21-1,2023,05,0,0,0,0,0,325
1318217152471,75006THGLD1900J,N511,2018,03,0,0,0,0,1,325
1315213699123,13654LSRDF3454U,N511,2015,02,1,0,0,1,0,311
1321220222323,33597RBBNSSR50S,N100,2021,04,0,0,0,0,0,321
1320219203849,14304BTLSP5000P,108-95-2,2020,06,0,1,0,0,0,325
1324222437093,97479RNCSY814AI,100-42-5,2024,04,0,0,0,0,0,326
1314212953956,49221GNRLM1450E,N120,2014,05,0,0,0,0,0,336
1316215016015,77705LNCRP1400O,7664-93-9,2016,07,1,0,1,0,0,325
1315215827585,75607TXSSTOFFHI,108-88-3,2015,05,1,0,1,1,0,325
1315214425872,94710PCFCS1333S,7440-47-3,2015,03,0,0,0,0,0,331
1314212696316,36582PHNLC7770R,98-82-8,2014,07,0,1,0,0,0,325
1317216289482,01720THHRT87HAY,N010,2017,04,0,0,0,0,0,336
1315215075781,31907RCPLYONERU,107-21-1,2015,06,0,0,0,0,0,325
1315213962386,16749QKRSTINTER,N458,2015,01,1,0,0,1,0,324
1321220660955,17094TRNGLJUNIA,1330-20-7,2021,05,0,0,0,0,0,337
1314212426389,42101CLTND1801R,7439-92-1,2014,01,0,0,0,0,1,336
1314212641688,46041RCHRDPOBOX,110-54-3,2014,05,0,0,0,0,0,311
1316215694821,98134LSKNC32006,N450,2016,03,0,0,0,0,0,332
1314212637944,53950WLKRS625ST,7440-50-8,2014,03,0,0,0,0,0,332
1321219783798,32672MRTNM498OA,7439-92-1,2021,03,0,0,0,0,0,334
1318217060235,56501TMNDS1551R,7439-92-1,2018,03,0,0,0,0,0,331
1314212403291,90280TCHNC11220,7440-47-3,2014,04,0,0,0,0,0,331
1318216912838,91761NMLDB1750M,N511,2018,04,1,0,0,1,0,332
1318216747182,5963WFTHRRNGMTE,7439-92-1,2018,03,0,0,0,0,0,999
1319217629120,43160CRTCC2351K,80-62-6,2019,04,0,0,0,0,0,326
1314212440263,18201NRGBRVALMO,N120,2014,06,0,0,0,0,0,326
1324222682142,50616SLSBR1900R,75-09-2,2024,05,0,0,0,0,0,325
1314212878730,53119GNRCP211MU,7440-02-0,2014,04,0,0,0,0,0,335
1322221371370,98107LYMPC1141N,108-10-1,2022,03,0,0,0,0,0,325
1323221609860,0382WTRBCM38RED,N090,2023,04,0,0,0,0,1,332
1322221399746,1511WHLTCM76BRA,7439-96-5,2022,05,0,0,0,0,0,332
1318216709788,48239ZBRTN26500,1330-20-7,2018,03,0,0,0,0,0,325
1322220656540,07114GJCHM37037,1634-04-4,2022,04,0,1,1,0,0,4246
1314213003736,28349GLFRDROUTE,N511,2014,03,1,0,0,1,0,313
1316214949188,44667CTYFR1100P,N420,2016,01,1,0,0,1,0,2211
1321219577804,0410WMNSTN51ING,67-56-1,2021,03,0,0,0,0,0,325
1318216926182,44203MLCPR361FA,1330-20-7,2018,04,0,0,0,0,0,325
1314212942054,47804BFGDR3100N,117-81-7,2014,05,0,0,0,0,0,325
1322220732818,02766BBSFN135EH,7440-50-8,2022,03,0,0,0,0,0,331
1315213716259,84087CRYSN2355S,1330-20-7,2015,05,1,0,1,0,0,324
1315213950153,18702NSNNG1141H,7440-47-3,2015,04,0,0,0,0,0,336
1323221944313,93606CTGRN4516N,N100,2023,05,0,0,0,0,0,325
1317216539128,56284STHRNEASTH,N150,2017,12,1,0,0,1,0,311
1324222986996,45212MSCNC2909H,75-09-2,2024,05,0,1,1,0,0,4246
1314212779589,92707NMLDB401WR,N511,2014,04,1,0,0,1,0,332
1314212829206,48723MCHGN725AL,7647-01-0,2014,01,1,0,0,1,0,311
1321220607182,16823SPLCNSUPEL,108-88-3,2021,03,0,0,0,0,0,334
1321219857366,9732WSTTRF95PRT,100-42-5,2021,04,0,0,0,0,0,326
1315213716374,15146PPGND440CO,108-88-3,2015,05,0,0,0,0,0,325
1316215079904,92704RBCTR3131W,N090,2016,04,0,0,0,0,0,332
1321220041937,50595VNDSTOLDHW,51235-04-2,2021,04,0,0,0,0,0,325
1323222346672,30224HSHZK101GR,7440-47-3,2023,05,0,0,0,0,0,333
1314212499723,97478WYRHS785N4,7783-06-4,2014,03,1,0,0,1,0,322
1321219931589,91761NMLDB1750M,7697-37-2,2021,04,0,0,0,0,0,332
1314212881458,54216THVLL23KIL,7439-96-5,2014,04,0,0,0,0,0,332
1321219601945,48187DYNMC7784R,7664-41-7,2021,04,0,0,0,0,0,332
1320219236674,29556NTRNTHWY52,7664-41-7,2020,04,0,0,0,0,0,311
1324222746226,67460MNVLLCOUNT,N420,2024,01,1,0,0,1,1,327
1321220552828,77541FRPRT2398V,7664-41-7,2021,04,0,0,0,0,0,325
1320218825444,77630JMHBRFM736,75-15-0,2020,03,1,0,0,1,0,325
1314212932230,78023VNTNM13310,100-42-5,2014,03,0,0,0,0,0,327
1320218906182,23228MNVLL7400R,N010,2020,04,0,0,0,0,0,322
1320219146267,5511WSTJDM177EA,67-56-1,2020,03,0,0,0,0,0,339
1321219662640,14513SPNCM1COUN,7440-50-8,2021,05,0,0,0,0,0,332
1322221479355,55719MNNST611WE,79-01-6,2022,03,0,0,0,0,0,333
1320222367272,3016WCNCRD795TR,N420,2020,06,0,0,0,0,0,335
1319217825355,91761NMLDB1750M,7697-37-2,2019,04,0,0,0,0,0,332
1315214006330,12150SCHNC1000M,80-05-7,2015,04,0,0,0,0,0,325
1316215401694,16066MNSFT1000C,7439-92-1,2016,04,0,0,0,0,0,334
1316215709902,75668SCTND3756F,N090,2016,06,1,1,1,1,0,332
1316215251505,68008CRGLL650IN,107-02-8,2016,02,1,0,0,1,0,311
1317216013829,31647MCRFLROUTE,91-20-3,2017,04,0,0,0,0,1,325
1322220674194,27042HLSTDHWY31,7440-50-8,2022,06,0,1,1,0,0,331
1324223228495,9364WFDRLB335WC,7439-92-1,2024,02,0,0,0,0,0,999
1314212679361,29662QNTMC2GOLD,107-21-1,2014,04,0,0,0,0,0,325
1315213645017,07509CSTML932MA,108-88-3,2015,04,0,0,0,0,0,313
1314212670273,44705THKRL442LU,N150,2014,12,1,0,0,1,0,331
1314212669384,55369NVRSL8860Z,7440-50-8,2014,03,0,0,0,0,0,334
1324222413597,1972WCLRWR251ED,7439-96-5,2024,02,0,0,0,0,0,332
1323221681517,35950MLLRCWEAVE,108-88-3,2023,03,0,0,0,0,0,331
1324223165147,48057HSPTR4150S,375-95-1,2024,02,0,0,0,0,0,325
1321219984186,46510LSDRY7344S,67-56-1,2021,06,0,0,0,0,0,311
1320218888307,03062TRDYN4PITT,50-00-0,2020,03,0,0,0,0,0,334
1315214367447,77627CCRYL6350N,7664-41-7,2015,04,0,0,0,0,0,325
1322221384579,77630JMHBRFM736,75-15-0,2022,03,1,0,0,1,0,325
1322220663239,9775WNSLRN2115S,7440-50-8,2022,05,0,0,0,0,0,332
1321219728072,72653BSSCTHWY12,100-42-5,2021,03,0,0,0,0,1,336
1316214900019,23832LLDSGEXIT5,76-13-1,2016,05,0,0,0,0,0,325
1322221441328,37744TRWNCSNAPP,108-88-3,2022,03,0,1,0,0,0,333
1320219278138,30721MRCHM115AB,N090,2020,05,0,0,0,0,0,325
1320219386291,53563XXNCH1012T,100-41-4,2020,03,1,0,0,0,0,325
1318217218647,37744TRWNCSNAPP,100-41-4,2018,03,0,1,0,0,0,333
1314211928270,55746LMRDT1414E,7440-50-8,2014,05,0,1,1,0,0,336
1316215290747,27284HGHLN215DR,68-12-2,2016,03,0,0,0,0,0,313
1321219935830,0887WRCHML18USH,75-05-8,2021,04,0,0,0,0,0,325
1315214184780,0548WSWNVL11JNE,7697-37-2,2015,04,0,0,0,0,0,311
1317215972504,37644SNPNTSTATE,7439-92-1,2017,05,0,0,0,0,0,332
1323221823937,91761NMLDB1750M,7697-37-2,2023,04,0,0,0,0,0,332
1315213904093,89408JHNSM325IN,N120,2015,05,0,0,0,0,0,326
1317215988700,68352NDCTTE6MIH,N450,2017,04,0,0,0,0,0,327
1318217505698,29101SMTHWUSHWY,N450,2018,04,0,0,0,0,0,333
1322221155169,77656STHHMFM418,110-54-3,2022,06,1,0,1,0,0,325
1323221816717,01540MRCNSOLDWE,N420,2023,02,0,0,0,0,1,327
1321219704626,01950NNSPC3MALC,121-44-8,2021,04,0,0,0,0,0,325
1320218863330,27360THMSM1024R,N100,2020,06,0,0,0,0,0,332
1315214314736,48077CSHMM6640S,N495,2015,04,1,0,1,0,0,332
1323221651868,15824WNSBRCHERR,N420,2023,04,1,0,0,0,0,327
1315213592571,83221BLCKF591W1,N450,2015,03,0,0,0,0,0,331
1316215120318,06355MRCLC950FL,50-00-0,2016,02,0,0,0,0,0,339
1323222070880,43612CHMBN6175A,67-56-1,2023,06,0,0,0,0,0,325
1323221577099,3031WNTDST61MCD,7439-92-1,2023,03,0,0,0,0,0,999
1323221772015,38930VKNGR561VI,N120,2023,05,0,0,0,0,0,335
1322220803783,14228NTRNT310CO,67-56-1,2022,03,0,0,0,0,0,339
1314212556029,48220GGPRD625WA,91-20-3,2014,03,0,0,0,0,0,325
1323222354452,98134LSKNC32006,N495,2023,04,0,0,0,0,0,332
1315213937295,24141NWRVRRTE11,55-63-0,2015,04,0,0,0,0,0,325
1316215310335,48089MDRNH12880,N090,2016,04,0,0,0,0,0,332
1314212712549,28752BXTRHHWY22,117-81-7,2014,01,0,0,0,0,0,325
1324222418182,4670WSCTND1729W,7439-96-5,2024,05,1,0,1,0,0,332
1324222808887,23168GRYST7992R,N090,2024,04,0,0,0,0,0,332
1321220282382,54912PPLTN825EW,N982,2021,04,0,0,0,0,0,322
1321221498088,75243RYTHN13510,7439-92-1,2021,01,0,0,0,0,0,334
1319218244592,48057HSPTR4150S,98-82-8,2019,02,0,0,0,0,0,325
1323221537273,21230STHRN1620B,7439-92-1,2023,01,0,0,0,0,0,332
1317216148763,13602SRMYFHQ10T,N420,2017,05,1,0,0,1,0,999
1315214384758,9050WPLYPP365MA,68-12-2,2015,04,0,0,0,0,0,325
1317215973191,92630GNRLM26776,N420,2017,02,0,0,0,0,1,334
1315214074130,37815MHLNCHWY11,N450,2015,04,1,0,0,1,0,336
1315213661996,60139WBSTR704EF,7664-41-7,2015,03,0,0,0,0,0,332
1324222458731,8052WDVNCD2424M,7439-92-1,2024,01,0,0,0,0,0,335
1321220259978,43025CLBNC383NH,107-21-1,2021,04,0,0,0,0,0,325
1323222044048,28086CMMRC101CA,N420,2023,03,0,0,0,0,0,333
1321219853417,4756WWBBWH984WE,7440-47-3,2021,05,0,0,0,0,0,336
1323221900766,89049TNPHTTNPAH,N420,2023,02,0,0,0,0,0,999
1321220660930,17094TRNGLJUNIA,50-00-0,2021,01,0,0,0,0,0,337
1322221433598,03062BNCHM1INNV,7439-92-1,2022,03,0,0,0,0,0,334
1319218454039,0810WKRSHN1HLTE,7440-47-3,2019,05,0,0,0,0,0,332
1319218344998,12550CVNTR89TAF,1330-20-7,2019,03,0,0,0,0,0,325
1316215253206,06422PRMTRAIRLI,8001-58-9,2016,05,0,0,0,0,0,321
1322220920425,91406NHSRB15800,7664-41-7,2022,04,0,0,0,0,0,3121
1315214392627,28752BXTRHHWY22,117-81-7,2015,01,0,0,0,0,0,325
1314212695403,1686WPMGPN187EN,7440-50-8,2014,03,0,0,0,0,0,332
1319218395960,38555STNPK238PR,107-21-1,2019,04,0,0,0,0,0,327
1314212330322,46992THFRD775MA,7439-92-1,2014,04,0,0,0,0,1,331
1322220639722,35611TRSSN1803W,7440-50-8,2022,03,0,0,0,0,0,334
1320219343629,4945WPTRSN314WE,7697-37-2,2020,03,0,0,0,0,0,311
1316215782071,77380SGMGN9186S,75-09-2,2016,04,0,0,0,0,0,325
1322221349576,78343CLNSNONEMI,107-21-1,2022,01,0,0,0,0,0,325
1316215020456,61821KRFTN1701W,7697-37-2,2016,04,0,0,0,0,0,311
1320222370621,32571RPRDC4575E,N511,2020,04,1,0,0,0,0,325
1316215454570,53042LKTLK9278T,7697-37-2,2016,03,0,0,0,0,0,311
1315214356711,42135FRNKL322BW,7440-02-0,2015,03,0,0,0,0,0,336
1317215918576,01566BRLLCSTURB,N420,2017,03,0,0,0,0,0,334
1318216913855,15557RCKWD300MA,106-94-5,2018,03,0,0,0,0,0,332
1314212772293,7502WCTRPL351SU,7439-92-1,2014,03,0,0,0,0,0,333
1316218160291,55112CRDCP4100H,N450,2016,04,0,0,0,0,0,334
1316215102536,02745CSHNT215DU,N982,2016,04,0,1,0,0,0,339
1321220091464,3518WCXWDF181BU,N150,2021,18,0,0,0,0,1,321
1322220830172,14304PRCSP2124L,N495,2022,04,1,1,1,0,0,332
1323222154460,06010MTLFN60WOO,7647-01-0,2023,03,1,0,0,1,0,332
1319218206694,6753WDNNSP36NEH,N100,2019,03,1,0,0,1,0,336
1315213907393,37642FGNDSAFGRD,7782-49-2,2015,03,0,0,0,0,0,327
1315215816455,36652SCTTPBAYBR,7664-41-7,2015,04,0,0,0,0,0,322
1317215971324,36105HYNDM7HYUN,110-82-7,2017,04,0,0,0,0,0,336
1314212724468,75243RYTHN13510,7439-92-1,2014,02,0,0,0,0,0,334
1318216867667,45365RLBLC1521W,7440-50-8,2018,01,0,0,0,0,1,331
1324222704114,92708KGSNC11215,79-01-6,2024,04,0,0,0,0,0,332
1321221565272,33316KRNKS1010S,1330-20-7,2021,04,0,0,0,0,1,324
1315213979774,32008SWNNM5117U,N458,2015,01,0,0,0,0,0,327
1316215027032,8100WVSTST1TWER,7440-66-6,2016,05,1,0,0,1,0,332
1319217769165,28621WYRHSRT3OF,N120,2019,04,0,0,0,0,0,321
1322220858221,31415RZNCH121WL,108-31-6,2022,05,0,0,0,0,0,325
1324222677268,32221SFTMR13575,7440-50-8,2024,05,0,1,0,0,0,335
1322221058668,44036LYRFN120FI,7440-02-0,2022,03,0,0,0,0,0,331
1315214339285,4021WNLSTL48ALL,7440-02-0,2015,04,0,0,0,0,0,332
1314212542296,06492TMSMC358HA,7440-50-8,2014,05,0,0,0,0,0,335
1315213672862,14701CRTCSONEPR,7439-92-1,2015,02,0,0,0,0,0,334
1314212711838,03055HTCHNOLDWI,7664-41-7,2014,04,0,0,0,0,0,331
1321219469018,7207WNTNLC39NCT,MIXTURE,2021,04,0,0,0,0,0,999
1324222972376,55112BLLLM7781S,87-86-5,2024,05,0,0,0,0,0,321
1316214922130,37821GRTLKROUTE,1330-20-7,2016,05,0,0,0,0,0,325
1315214112068,45887FLXBLBAILE,26471-62-5,2015,05,0,0,0,0,0,326
1321220015477,15857PWDRM879WA,7440-02-0,2021,03,0,0,0,0,0,332
1323221821465,67337FNKMNHWY16,N120,2023,04,0,0,0,0,0,333
1324222671152,0647WBYKSN33STI,1330-20-7,2024,05,0,1,1,0,0,325
1322221307349,6811WQNGLB571FS,75-09-2,2022,03,0,0,0,0,0,325
1314212777611,78343CLNSNONEMI,50-00-0,2014,07,1,0,1,0,0,325
1321219969704,28210FRTLY2911N,79-21-0,2021,03,0,0,0,0,0,311
1317216382150,50616SLSBR1900R,64-18-6,2017,04,0,0,0,0,0,325
1321219817285,92647CMBMN7601C,100-42-5,2021,02,0,0,0,0,0,326
1323221587328,3545WSMPTM1799E,100-41-4,2023,03,0,0,0,0,0,336
1321219864269,44138MRCNW7951B,N010,2021,03,0,0,0,0,0,335
1321220109033,48161NRTHS3000E,N040,2021,04,0,0,0,0,1,331
1323221642945,12603MRCMF55PAG,7439-92-1,2023,01,0,0,0,0,0,334
1315213624291,07095LCNBL11CRA,7440-47-3,2015,04,0,0,0,0,0,332
1314212687469,29730KNGSL1685O,1330-20-7,2014,04,0,0,0,0,0,325
1314212536799,2965WDRCRL2375H,7440-47-3,2014,04,0,0,0,0,0,332
1318217185053,55068SPCTL13220,N150,2018,14,1,0,0,1,0,331
1316215027044,8100WVSTST1TWER,100-41-4,2016,05,0,0,0,0,0,332
1315213241728,13045BSTWY3877L,N100,2015,03,0,0,0,0,0,321
1314212944437,87413BLMFLNO50C,71-43-2,2014,06,1,0,1,0,0,324
1316215413220,40033CRTSM665ME,7440-50-8,2016,05,0,1,1,0,0,336
1319218532176,27820GRGPCAMPAC,108-95-2,2019,05,0,0,0,0,0,325
1315214104919,75041NNCRB2326L,79-10-7,2015,04,0,0,0,0,0,325
1314212536383,14433PRKRH124CO,7440-47-3,2014,04,0,0,0,0,0,336
1319217707912,0633WMRCSS1761R,100-41-4,2019,04,0,0,0,0,0,325
1314212478224,0098WPPGRC63FER,N982,2014,05,0,0,0,0,0,325
1314212637957,53929WLKRS902SE,7440-50-8,2014,03,0,0,0,0,0,332
1314214937512,75607TXSSTOFFHI,78-84-2,2014,06,1,0,1,0,0,325
1320218778569,4461WBRWST8SWAB,7664-41-7,2020,04,0,0,0,0,0,311
1315213921176,30240NTRFCORCHA,N420,2015,02,0,0,0,0,0,314
1320218784647,1722WTLSCP13278,7440-02-0,2020,04,0,0,0,0,0,333
1323222350884,27360THMSM1024R,N100,2023,05,0,0,0,0,0,332
1318217592157,4524WMVRCK11379,67-56-1,2018,03,0,0,0,0,0,325
1322221126865,17113DRBND2716S,1330-20-7,2022,04,0,0,0,0,0,332
1323221605177,46514LKHRT1913S,7697-37-2,2023,03,0,0,0,0,0,332
1318217450206,74361WLGRF5THHU,7782-50-5,2018,04,0,0,0,0,0,325
1318216954432,36193RHMMN2600E,7440-47-3,2018,06,0,0,0,0,1,335
1322220780884,3179WMBRML9WGLD,74-83-9,2022,06,0,0,0,0,0,325
1319217707924,0633WMRCSS1761R,100-42-5,2019,07,0,0,0,0,0,325
1317216380194,3065WMTCSL1421A,N982,2017,04,0,0,0,0,0,326
1318216835900,14527TRNSL1789T,N420,2018,02,1,0,1,0,0,325
1319218206706,6753WDNNSP36NEH,N450,2019,03,1,0,0,1,0,336
1317216440370,55369CRMTR325HW,1330-20-7,2017,04,0,0,0,0,0,325
1324223230879,02916HNDYH231FE,7440-02-0,2024,04,0,0,0,0,0,332
1322221328091,48057HSPTR4150S,1330-20-7,2022,02,0,0,0,0,0,325
1319218295727,77520CHMCL12321,7664-41-7,2019,03,0,0,0,0,0,325
1315214174411,43420CHMTR721GR,7439-96-5,2015,04,0,0,0,0,0,332
1317215984117,48895MNCHS845PR,N120,2017,04,0,0,0,0,0,336
1320218957037,6811WQNGLB571FS,75-09-2,2020,03,0,0,0,0,0,325
1316215037856,56303PRKND631SA,7439-96-5,2016,02,0,0,0,0,0,333
1316215477555,26155PPGNDSTATE,N040,2016,02,1,0,0,1,0,325
1324222560082,37644SNPNTSTATE,7440-47-3,2024,04,0,0,0,0,0,332
1324223044494,21613CLDWT904WO,7697-37-2,2024,03,0,0,0,0,0,311
1319218127987,16066MNSFT1000C,7439-92-1,2019,03,0,0,0,0,0,334
1320218694192,14825VLCRF5362R,7440-02-0,2020,04,0,0,0,0,0,332
1319218515536,95014KSRCMNAXXX,N495,2019,03,1,0,0,0,1,327
1320218704688,60123CBDNC1185J,7439-92-1,2020,02,0,0,0,0,0,334
1323221815400,78407JVLNC5314I,115-07-1,2023,05,0,0,0,0,0,325
1324222502496,0810WKRSHN1HLTE,7439-96-5,2024,05,0,0,0,0,0,332
1322220917948,28134RTLND9635I,117-81-7,2022,05,0,1,0,0,1,325
1319218474260,70508SSFNT29GLA,100-42-5,2019,03,0,0,0,0,0,326
1315213696659,30125SHBYGHWY10,100-41-4,2015,03,0,0,0,0,0,325
1324223047352,77905NVSTS2695L,N495,2024,05,0,1,0,1,0,325
1324222469090,42240DNCRP301BI,N100,2024,04,0,0,0,0,0,336
1323222198549,1934WDSMBM735PE,68-12-2,2023,03,0,0,0,0,0,339
1315215179678,66115CRTNT103FU,N458,2015,01,0,0,0,0,1,327
1319218051934,1722WTLSCP13278,7439-96-5,2019,04,0,0,0,0,0,333
1317215995263,56303PRKND631SA,7440-47-3,2017,02,0,0,0,0,0,333
1320218873572,3045WGRTDN177GA,N120,2020,03,0,0,0,0,0,336
1321219892066,68131RBRTS2901C,7697-37-2,2021,03,0,0,0,0,0,311
1319218058446,78343XBSHPUSHWY,75-07-0,2019,05,0,0,0,0,0,325
1318216944999,49307WLVRN1005B,N120,2018,03,0,0,0,0,0,316
1314212749218,29836SNDZCHIGHW,7664-41-7,2014,04,1,0,0,1,1,325
1318217630019,53022CSTMPN118W,1330-20-7,2018,04,0,0,0,0,0,325
1320218962722,30117DCSTR1DECM,108-88-3,2020,03,0,0,0,0,0,336
1315214361533,49007KLSCN3713W,67-56-1,2015,05,0,0,0,0,0,311
1320218768214,49423NTRRT1776A,872-50-4,2020,03,0,0,0,0,0,336
1316215094499,80640DLTRC9155B,N982,2016,04,0,0,0,0,0,324
1317215808938,7560WNTNLC1998F,7440-50-8,2017,05,0,0,0,0,0,333
1320219072232,43420CRBFR15STA,7439-96-5,2020,03,0,0,0,0,0,332
1317215923727,76702PLNTTLAKES,79-21-0,2017,04,0,0,0,0,0,311
1315213741681,40214BNKWR5540N,7697-37-2,2015,03,0,0,0,0,0,331
1314212322364,7609WSTHLK1968B,7439-92-1,2014,01,0,0,0,0,1,327
1315214245918,06492MRCNCSOUTH,N511,2015,03,1,0,0,1,0,325
1320218724591,53209PHLPS5855N,N420,2020,02,0,0,0,0,0,334
1316215541069,94952SCSTG599TO,7439-92-1,2016,03,0,0,0,0,0,999
1320218759330,53901CPSLR2500W,67-56-1,2020,03,1,0,0,1,0,325
1314212471383,28269KTNGG12VAN,7440-50-8,2014,04,0,0,0,0,0,332
1318216687362,97210CSRFN6350N,7439-92-1,2018,01,0,0,0,0,0,324
1320219159959,35023NTDST2023S,7440-66-6,2020,04,1,0,0,1,0,331
1314212737643,5570WMSBNG65HIG,N090,2014,05,1,0,0,1,1,331
1319218003566,29526HNYWL440AL,N495,2019,05,0,1,0,0,0,332
1314212589915,51301WSDMG33651,N420,2014,03,1,0,0,1,0,2211
1315213705623,38851MPNCX400TH,N120,2015,05,0,0,0,0,0,326
1315214382451,01801FRNCR324NE,127-18-4,2015,03,0,0,0,0,0,332
1321220377170,90505RXNRD3000W,7440-02-0,2021,04,0,0,0,0,0,332
1320218834529,65301TYSNF19571,79-21-0,2020,03,0,0,0,0,0,311
1322220715054,26525SPHZL164SK,7439-92-1,2022,03,0,0,0,0,0,999
1321219820305,16433LRDCRSOUTH,N420,2021,04,0,0,0,0,0,325
1323222286003,48057HSPTR4150S,26471-62-5,2023,04,0,0,0,0,0,325
1322221273701,70079CYPRS16122,108-90-7,2022,05,0,0,0,0,0,325
1322221327986,48057HSPTR4150S,108-31-6,2022,03,0,0,0,0,0,325
1319218346536,98033WSTRN8356T,106-94-5,2019,04,0,0,0,0,0,336
1321219708221,83639GSTFSBRUNE,82-68-8,2021,04,0,0,0,0,0,325
1322221460177,90670DPNCX8707S,7632-00-0,2022,05,0,0,0,0,0,325
1319219469463,0203WLPHGR2DISC,7440-50-8,2019,03,0,0,0,0,0,332
1317216297438,01453NVCRC31FUL,N982,2017,04,0,0,0,0,0,326
1324222924211,35810TYTMT1CTTN,7439-96-5,2024,04,0,0,0,0,0,336
1316215067620,27261MRSHF1001S,71-36-3,2016,03,0,0,0,0,0,337
1315214061095,76307PGGNDI44EA,N725,2015,04,0,0,0,0,0,327
1320218865653,50595VNDSTOLDHW,95-63-6,2020,05,0,0,0,0,0,325
1318217353616,23434LLDCL2301W,67-56-1,2018,05,0,0,0,0,0,325
1319218244578,16701DRSSR41FIS,7439-92-1,2019,01,0,0,0,0,0,332
1321219454319,92121PRGRM925BR,7439-92-1,2021,02,0,0,0,0,0,334
1315213874593,73143BCHMN2220S,67-56-1,2015,04,0,0,0,0,0,325
1319218120246,30503CTTRL2125C,7439-96-5,2019,04,0,0,0,0,0,336
1318216928251,14850MPLNC41DUT,7439-92-1,2018,02,0,0,0,0,0,334
1318217442565,92621LCTRN537WE,N420,2018,02,0,0,0,0,0,332
1315214464962,00664BXTRHSTROA,117-81-7,2015,03,0,0,0,0,0,325
1315213704947,48827XSNNR1611H,N420,2015,01,0,0,0,0,0,325
1324222715094,4817WWBSTR142NB,N120,2024,04,0,0,0,0,0,336
1323222351571,49058VKNGC21NIN,7440-02-0,2023,03,0,0,0,0,0,332
1314211959440,12138TCNCPCOONB,108-88-3,2014,04,0,0,0,0,0,313
1315214235386,12502SCHWT2424R,N150,2015,12,1,0,0,1,0,322
1323222318420,54021BRQST1600O,7440-50-8,2023,03,0,0,0,0,0,334
1321219596754,37406WDBRD100JU,26471-62-5,2021,05,0,0,0,0,0,326
1321220473704,39074HGHSRRTE5B,7439-92-1,2021,03,0,0,0,0,0,334
1320219176979,67219WLKPN2727O,1330-20-7,2020,04,0,0,0,0,0,325
1322221447687,46402MRBLHCLARK,7440-66-6,2022,04,0,0,0,0,0,327
1315213731425,29706SPCLT869OL,100-42-5,2015,05,0,0,0,0,0,325
1320219174784,37644SNPNTSTATE,7439-96-5,2020,05,0,0,0,0,0,332
1316216640779,27864WSTNGHWY43,N120,2016,03,0,0,0,0,0,335
1319218198962,07077SHLLL111ST,91-20-3,2019,06,1,0,0,1,0,4247
1314212453070,77041HSTNS11235,67-56-1,2014,06,0,0,0,0,0,4246
1315214006165,3045WGRTDN177GA,N120,2015,04,0,0,0,0,0,336
1320219214145,98134LSKNC32006,N495,2020,04,0,0,0,0,0,332
1318216952693,04841FSHRN50GOR,N495,2018,02,0,0,0,0,0,333
1322220678635,29115GLBRNHWY21,7782-50-5,2022,06,0,0,0,0,0,325
1319218270142,32174HMCMF1SIGN,7697-37-2,2019,03,0,0,0,0,0,335
1315214420806,6676WCSTML48VER,7439-92-1,2015,01,0,0,0,0,1,331
1324222784276,52404KLNGR5555H,108-88-3,2024,04,0,0,0,0,0,325
1320219380185,92801RSCNT223NC,N100,2020,03,0,0,0,0,0,334
1316215761293,33710MLXTC23757,7440-50-8,2016,05,0,0,0,0,0,334
1317216601967,60174NTDLB32037,N230,2017,03,0,0,0,0,0,325
1323221686759,75051LTVRS1701W,7439-92-1,2023,02,0,0,0,0,0,336
1316215020049,17026FRMRS154WM,N511,2016,05,1,0,0,1,0,311
1320218704308,7603WTRCHM26NCR,N535,2020,04,0,0,0,0,0,4246
1323221841834,3290WMCKTC755TE,N420,2023,03,0,0,0,0,0,334
1314212608424,56501TMNDS1551R,7439-92-1,2014,04,0,0,0,0,0,331
1315213656251,57252VLLYQ200ER,N511,2015,04,1,0,0,1,0,311
1317216435774,3560WTMTCS792ND,7439-92-1,2017,03,0,0,0,0,1,332
1315214155590,9402WCSBCX2KELL,68-12-2,2015,04,0,0,0,0,0,325
1322221018310,44202MCRMR1395D,N982,2022,04,0,0,0,0,0,325
1314212573671,43725LMCST804BY,117-81-7,2014,04,0,0,0,0,0,326
1314212933283,80401DLPHC12THF,7664-41-7,2014,05,0,0,0,0,0,3121
1321220659534,48084SLZRP1972M,N100,2021,04,1,1,1,0,0,331
1315214223455,49431GRTLK800NW,7439-92-1,2015,01,1,0,0,1,1,331
1321220316020,44663LRNMN2228R,7439-92-1,2021,01,0,0,0,0,0,326
1318216786602,02780PMSTR355CO,7439-92-1,2018,02,0,0,0,0,0,335
1324222962490,29644MTSTH1MITA,N040,2024,04,0,0,0,0,0,334
1322221380658,43160YSCRP151JA,N982,2022,04,0,0,0,0,0,336
1317215815541,57201FBRGL12251,100-42-5,2017,03,0,1,0,0,0,326
1317215988698,68352NDCTTE6MIH,N090,2017,04,0,0,0,0,0,327
1315214193094,9737WFDRLC2772B,7439-92-1,2015,01,0,0,0,0,0,999
1315213880990,44128MMCNT4475E,100-41-4,2015,04,0,0,0,0,1,325
1323222432243,70776CBGGYRIVER,1912-24-9,2023,07,1,0,1,0,1,325
1314212698423,08857BLNDR1JAKE,N420,2014,02,0,0,0,0,0,334
1317215931902,45242CNCNN5901C,7440-50-8,2017,02,0,0,0,0,0,332
1324223052883,06010MTLFN60WOO,N495,2024,03,1,0,0,0,0,332
1314212335766,95324HLMRC9001N,79-21-0,2014,03,0,0,0,0,0,311
1316215074232,67801RFFNN500ET,7664-41-7,2016,06,0,0,0,0,0,325
1315214249930,76063MRCHM1300F,N450,2015,05,0,0,0,0,0,325
1322221115470,7761WRNWBL651HG,67-56-1,2022,06,0,0,0,0,0,325
1322220969505,47670TYTMT4000T,N450,2022,05,0,0,0,0,0,336
1324222913838,35094SCPWR81CHU,7440-50-8,2024,04,0,0,0,0,0,335
1320218784635,1722WTLSCP13278,7439-96-5,2020,04,0,0,0,0,0,333
1316215394913,37744BLLZNBALLR,N982,2016,06,1,1,1,1,0,331
1324222981286,5111WPCHPT2717M,7439-92-1,2024,01,0,0,0,0,0,339
1321220163772,52577CLWVL902SO,7440-47-3,2021,02,0,0,0,0,0,332
1323222345819,30224HSHZK101GR,7440-02-0,2023,05,0,0,0,0,0,333
1322221565880,9721WPRTTN121SE,N420,2022,01,0,0,0,0,0,327
1317215830353,8100WVSTST1TWER,7439-96-5,2017,04,0,0,0,0,0,332
1322221336148,70776CBGGYRIVER,1912-24-9,2022,07,1,0,1,0,1,325
1316217685472,75050SMNSN501FO,7440-50-8,2016,05,0,1,0,0,0,335
1319219407119,78407JVLNC5314I,115-07-1,2019,05,0,0,0,0,0,325
1320219396847,2383WSBRDP159SA,7697-37-2,2020,02,0,0,0,0,0,311
1321219667882,26554HLMCK8THBE,7440-47-3,2021,03,0,0,0,0,0,332
1316215032222,43615CNBRR3610H,N230,2016,04,0,0,0,0,0,325
1322220749992,37363PWRSR9404O,N420,2022,06,0,0,0,0,0,335
1314218588681,56308MCMPN2115S,108-95-2,2014,04,0,0,0,0,0,327
1316215087925,30503CTTRL2125C,7439-96-5,2016,04,0,0,0,0,0,336
1319217814300,03820DTMGN140CR,7439-92-1,2019,01,0,0,0,0,0,334
1317216458366,55927MCNLSHIGHW,108-10-1,2017,04,0,0,0,0,0,336
1316215136211,18707NSNNG71CRE,7440-48-4,2016,04,0,0,0,0,0,336
1316215368616,49423NTRRT1776A,N120,2016,03,0,0,0,0,0,336
1317216513198,8523WBHMNT1331W,N982,2017,04,0,0,0,0,0,325
1324222576542,46750MCSTL25CMM,N090,2024,05,0,0,0,0,1,332
1315218523506,00705TRCSNRD14K,N511,2015,02,1,0,0,1,0,311
1317216138368,4737WFRTRC71ECR,7439-92-1,2017,01,0,0,0,0,0,332
1324222459087,0144WNWNGL65ZUB,75-05-8,2024,03,0,0,0,0,0,325
1314212860783,66115GNBNC3001F,7439-92-1,2014,06,0,0,0,0,0,335
1320218899957,01960STMNG227WA,N511,2020,05,1,0,0,1,0,325
1324222980866,94565CRTRN2850W,7664-41-7,2024,04,0,0,0,0,0,325
1314212547246,6155WCNTNN14DIS,7664-41-7,2014,04,0,0,0,0,0,325
1322221111634,06241NTNLPBOX41,7440-50-8,2022,05,0,0,0,0,0,335
1320218802460,7270WDLTGR3115W,7439-92-1,2020,02,0,0,0,0,0,334
1315215310970,40475XDCRP876RI,N420,2015,06,1,0,0,0,0,335
1314212396473,49337DNNLL700SO,N230,2014,04,0,0,0,0,0,336
1314213019538,43402CPRND1175N,N982,2014,04,0,0,0,0,0,326
1314213971599,84321LNDHL710NO,N100,2014,04,0,0,0,0,0,334
1318217209838,90503RPSCN285CL,7439-92-1,2018,03,0,0,0,0,0,334
1323221535139,4942WGRTKN4211H,7440-66-6,2023,04,0,1,0,0,0,332
1318217137456,44111BRTPL3000W,7440-47-3,2018,04,0,0,0,0,0,332
1321220412720,19061BPLCMPOSTR,110-82-7,2021,06,1,1,0,1,0,324
1322220978199,45241NYRND10700,N590,2022,05,0,0,0,0,0,324
1315213736768,16365NTRLC1401L,7439-97-6,2015,02,0,0,0,0,0,335
1315214029605,32074HMCMF12SOU,N420,2015,03,0,0,0,0,0,335
1314212702652,05764FRSTL212ID,7439-97-6,2014,01,0,0,0,0,0,335
1315213632779,14304PRCSP2124L,N100,2015,05,1,0,1,0,0,332
1317216068419,44111BRTPL3000W,7440-02-0,2017,03,0,0,0,0,0,332
1321220523385,30062FLXBL1881W,107-21-1,2021,03,0,0,0,0,0,325
1323222170589,08759RGTHR35CLN,7429-90-5,2023,05,0,0,0,0,0,339
1316215007220,5581WCRRSD495MI,108-88-3,2016,04,0,0,0,0,0,336
1324222911048,45242CNCNN5901C,7440-50-8,2024,01,0,0,0,0,0,332
1323221713441,61702BRDGSVETER,N590,2023,02,1,0,0,1,1,326
1314211931480,33617BLLPC4700W,71-36-3,2014,04,0,0,0,0,0,332
1315213701600,55369CRMTR325HW,N230,2015,03,0,0,0,0,0,325
1314212728493,47170MLTCLHWY31,110-54-3,2014,03,0,0,0,0,0,323
1320218865780,50595VNDSTOLDHW,91-20-3,2020,05,0,0,0,0,0,325
1315214385306,37744BLLZNBALLR,N982,2015,06,1,1,1,1,0,331
1323221648052,14228NTRNT310CO,108-88-3,2023,05,0,0,0,0,0,339
1323221959873,97124DYNCS4750N,108-88-3,2023,04,0,0,0,0,0,323
1318217454572,15071CRCBL1001R,7440-47-3,2018,05,0,0,0,0,0,332
1316215472679,63145MCDNNLINDB,79-01-6,2016,04,0,0,0,0,0,336
1319218273439,16749QKRSTINTER,7664-41-7,2019,04,1,0,0,1,0,324
1317215809765,31408MNDSTOLEAR,N511,2017,03,1,0,0,1,0,325
1322220806943,60411CMBST333ST,N590,2022,03,0,0,0,0,1,327
1320218637130,39440MSNTCSOUTH,67-56-1,2020,01,1,0,0,1,0,321
1315214110710,94802GNRLC525CA,7783-06-4,2015,05,0,0,0,0,0,325
1323222154559,06422PRMTRAIRLI,N590,2023,02,0,0,0,0,0,321
1321220468716,12901BMBRD71WAL,7440-47-3,2021,04,0,0,0,0,0,336
1316215381411,50208THMBR316E7,N120,2016,04,0,0,0,0,0,326
1316215580123,0887WRCHML18USH,67-56-1,2016,03,0,0,0,0,0,325
1323221624113,32955DLTGR395GU,7439-92-1,2023,03,0,0,0,0,0,334
1319217965654,7704WPGNTR1611V,7440-47-3,2019,04,0,1,1,0,0,332
1316215366206,16143YNGGLPOBOX,N982,2016,04,0,0,0,0,0,332
1320218865691,50595VNDSTOLDHW,1912-24-9,2020,06,0,0,0,0,0,325
1314212718112,80501DRSSL1301I,N100,2014,03,0,0,0,0,0,325
1314212873335,2870WVRTQN115VI,1330-20-7,2014,04,0,0,0,0,1,333
1315213992136,92621BRSTL630EL,7697-37-2,2015,03,0,0,0,0,0,332
1322220854754,13654LSRDF3454U,N511,2022,02,1,0,0,1,0,311
1324223199656,59701DVNCD11914,7664-41-7,2024,04,0,0,0,0,0,331
1315214418737,90040SHLND6608E,79-94-7,2015,04,0,0,0,0,0,325
1314212545343,7560WMNNDS16LTR,108-88-3,2014,04,0,0,0,0,0,325
1315213857410,13760NDCTT1701N,7697-37-2,2015,03,0,0,0,0,0,334
1319218014468,44110SYNTH1000W,N982,2019,06,1,0,1,0,0,325
1321219468826,48103THTFR7101J,67-56-1,2021,04,0,0,0,0,0,325
1317215813407,3707WNVTTC175LD,7439-92-1,2017,03,0,0,0,0,0,336
1320218655304,05764FRSTL212ID,7439-97-6,2020,01,0,0,0,0,0,335
1319217909252,91352NPLCR11912,100-42-5,2019,04,0,0,0,0,0,325
1322221083684,13476DRYLCWARDS,N511,2022,02,1,0,0,1,0,311
1321220008852,15857CRBNC150FO,7440-02-0,2021,03,0,0,0,0,0,332
1315213604489,04950MDSNPMAINS,7439-92-1,2015,01,1,0,0,0,1,322
1322221395674,1934WDSMBM735PE,68-12-2,2022,03,0,0,0,0,0,339
1314212887020,9280WVSYST314EA,N100,2014,04,1,0,1,0,0,334
1315214406353,21741RSTLMINTER,N230,2015,04,0,0,0,0,0,325
1315213962412,16749QKRSTINTER,108-88-3,2015,05,0,0,0,0,0,324
1317216498511,02703LCHGR49PEA,7697-37-2,2017,02,0,0,0,0,0,339
1322220666301,60185CLRTL530IN,100-42-5,2022,05,0,0,0,0,0,325
1322221461674,56301NWFLY6200G,95-63-6,2022,04,0,0,0,0,0,336
1323221626258,98277TCHNC584WT,N420,2023,02,0,0,0,0,0,334
1319218273124,39074HGHSRRTE5B,7439-92-1,2019,03,0,0,0,0,0,334
1316215689961,40211BFGDR4100B,75-01-4,2016,06,0,0,0,0,0,325
1319218330330,45169NWSBN12555,7439-92-1,2019,02,0,0,0,0,0,334
1315217700160,55901STFFR24027,N511,2015,04,1,0,0,1,0,311
1315215827700,75607TXSSTOFFHI,106-99-0,2015,06,1,0,1,1,0,325
1323222333799,9704WBNCHM3BEAV,7440-47-3,2023,03,0,0,0,0,0,332
1320219226685,01581MRSHMNEAME,872-50-4,2020,04,0,0,0,0,0,333
1324222893012,28086CMMRC101CA,N420,2024,03,0,0,0,0,0,333
1320219275942,28086CMMRC101CA,N495,2020,03,0,0,0,0,0,333
1314212369870,14304PRCSP2124L,N495,2014,04,1,0,1,0,0,332
1323221596392,30125THHNC907WE,95-63-6,2023,04,0,0,0,0,0,337
1319218069490,9530WBRBSC22EGR,108-10-1,2019,01,0,0,0,0,0,337
1321220101986,61285STLYMROUTE,7440-02-0,2021,04,0,0,0,0,0,311
1321220490751,98107LYMPC1141N,71-36-3,2021,04,0,0,0,0,0,325
1314211917113,90040VLLYP5900S,7440-02-0,2014,04,0,0,0,0,0,332
1314212497414,36505MVCCH12650,7726-95-6,2014,05,0,0,0,0,0,325
1315214015479,46510LSDRY7344S,67-56-1,2015,06,0,0,0,0,0,311
1315213235548,52404GNNCR10004,7697-37-2,2015,04,0,0,0,0,0,325
1315213940378,28328THLND424RA,7664-41-7,2015,05,1,0,0,1,0,311
1315213857372,13760NDCTT1701N,N230,2015,04,0,0,0,0,0,334
1314212859324,92123DPSTN4540V,108-10-1,2014,04,0,0,0,0,0,326
1316215044203,60090SPCKG440DE,127-18-4,2016,04,0,0,0,0,0,325
1322221294061,44460WRRNM800PE,1330-20-7,2022,03,0,0,0,0,0,326
1323222011862,21613CLDWT904WO,7697-37-2,2023,03,0,0,0,0,0,311
1315213861519,85224PRFSS325SP,N230,2015,05,0,0,0,0,0,325
1323221643911,46526BNTLR910SE,7440-50-8,2023,04,0,0,0,0,0,336
1323222239232,60609CDPRD6W41S,107-21-1,2023,04,0,0,0,0,0,4246
1321219767783,38108WTCCR1231P,107-21-1,2021,04,0,0,0,0,0,325
1322220861239,38555STNPK238PR,N090,2022,04,0,0,0,0,0,327
1322221461635,2811WPRTPS41VAN,80-62-6,2022,02,0,0,0,0,0,327
1322221286065,50616SLSBR1900R,7664-41-7,2022,04,1,0,0,1,0,325
1321220082388,56308MCMPN2115S,108-95-2,2021,04,0,0,0,0,0,327
1315213193776,30043NTXCR1055P,50-00-0,2015,05,0,0,0,0,0,325
1321219515386,74868PRKSM711BR,100-42-5,2021,04,0,0,0,0,0,336
1324223132147,17566STNRN1070R,1330-20-7,2024,04,0,0,0,0,0,325
1318216807812,1682WTHRMF32RLL,67-56-1,2018,03,0,0,0,0,0,334
1314212911667,23836KTNGR833LI,7440-50-8,2014,03,0,0,0,0,0,332
1316215352725,1996WBLTMR1162H,N096,2016,01,0,0,0,0,0,333
1321219756994,46526GSHNR1525S,N982,2021,03,0,0,0,0,0,326
1314212481042,81001TRNCX101WI,7440-50-8,2014,05,0,0,0,0,0,333
1315213682281,85301FRBRD61N53,100-42-5,2015,03,0,0,0,0,0,326
1319218574426,63147TRNSC419EA,67-56-1,2019,05,0,0,0,0,0,4246
1315213850023,06360PHLPS41WAW,N100,2015,07,1,1,1,1,0,331
1314212527143,52240THPRC2200L,N725,2014,03,0,0,0,0,0,325
1316215303583,34624HNYWL13350,7439-92-1,2016,03,0,0,0,0,0,334
1315214339234,8100WNLSTL319LC,7439-96-5,2015,04,0,0,0,0,0,332
1314212303693,85281LTTNS1215S,N420,2014,03,0,0,0,0,0,333
1314212900144,50616SLSBR1900R,108-90-7,2014,05,0,0,0,0,0,325
1314213020338,45042RNCNC232WE,7697-37-2,2014,04,0,0,0,0,0,336
1314213961865,28208TRNSR4500M,7440-50-8,2014,05,0,0,0,0,0,333
1317216256545,15557RCKWD300MA,7440-02-0,2017,05,0,0,0,0,0,332
1321219779117,49512TSTYL5050K,91-20-3,2021,01,0,0,0,0,0,336
1322221060395,21720FLTCN12129,67-56-1,2022,04,0,0,0,0,0,313
1322221100593,84404CRRWR1160W,N010,2022,04,0,0,0,0,0,331
1317218456147,4524WWNCMN11444,7632-00-0,2017,03,0,0,0,0,1,325
1324222746214,67460MNVLLCOUNT,N090,2024,05,1,0,0,1,1,327
1323222387122,54701WRRNV5200S,1330-20-7,2023,05,0,0,0,0,0,562
1315214412571,49331PRFRM615CH,N120,2015,04,0,0,0,0,0,326
1314212498810,53156PCRSN600IN,N120,2014,04,0,0,0,0,0,325
1319218066304,3045WGRTDN177GA,N120,2019,04,0,0,0,0,0,336
1315214260313,55108WRMCH2130E,68-12-2,2015,06,0,0,0,0,0,4246
1320219054196,27804LCNCN400JE,N100,2020,06,0,0,0,0,0,332
1321219919483,3732WWHRLP2525B,N495,2021,04,0,0,0,0,0,335
1321220520163,7503WFRSCP155ST,7439-92-1,2021,01,0,0,0,0,1,327
1321220291189,14432GWLSK2SOUT,N420,2021,03,0,0,0,0,0,332
1321219779410,49512TSTYL5050K,100-42-5,2021,01,0,0,0,0,0,336
1317216385664,01757BNJMN49SUM,1330-20-7,2017,03,0,0,0,0,0,325
1319217838743,3740WNRGYS2CMPR,N090,2019,05,0,0,0,0,0,332
1317216458493,48846MRCNB14NOR,N090,2017,04,0,0,0,0,0,336
1318217280597,55069LNDLK404EA,N982,2018,05,0,0,0,0,0,311
1316215530989,12150SCHNC1000M,67-56-1,2016,04,0,0,0,0,1,325
1316215586088,28732BLRDG180MI,7664-93-9,2016,04,0,0,0,0,0,331
1316215598830,19067GLSTN11EST,67-56-1,2016,03,1,0,0,1,1,325
1314212663708,24141NWRVRRTE11,N511,2014,04,0,0,0,0,0,325
1319217611565,41076FSCHR111IN,79-01-6,2019,04,0,0,0,0,0,332
1315213225269,47987MSTRG1200E,N090,2015,05,0,0,0,0,0,336
1320218852263,3385WGNRLN14893,7439-96-5,2020,03,0,0,0,0,1,336
1322221461561,45103CNCHM458WE,7440-36-0,2022,04,0,0,0,0,0,325
1323221768839,55369NVRSL8860Z,7440-50-8,2023,03,0,0,0,0,0,334
1314212881522,53081THVLL1236N,7440-02-0,2014,05,0,0,0,0,0,332
1315213999218,46628BRNCR2001W,110-82-7,2015,04,0,0,0,0,0,325
1316215043504,9213WTLDYN9855C,N420,2016,01,0,0,0,0,0,335
1314212496780,8522WBHMNT21SRS,N511,2014,04,0,0,0,0,0,325
1319218027009,2421WHPCXX26252,7440-66-6,2019,05,0,0,0,0,0,332
1320218819530,3760WLPNCX56TWI,100-42-5,2020,05,0,1,0,0,0,326
1320219246093,46514MRRYD1536G,N495,2020,05,0,0,0,0,0,332
1324222986921,45212MSCNC2909H,75-05-8,2024,06,0,1,1,0,0,4246
1320218599001,63936WWWDP1182L,108-88-3,2020,03,0,0,0,0,0,337
1315214422255,42420GBBSDUS60W,7440-02-0,2015,03,0,0,0,0,1,331
1315214264246,54307FRTHW1919S,7647-01-0,2015,01,1,0,0,1,0,322
1315214027765,7824WVSNWR655RI,7439-92-1,2015,02,0,0,0,0,0,339
1320218813968,19510CNCRPEXCEL,95-63-6,2020,04,0,0,0,0,0,332
1318217009479,7207WNTNLC39NCT,MIXTURE,2018,05,0,0,0,0,0,999
1314212428027,7503WFRSCP155ST,N511,2014,03,0,0,0,0,0,327
1315213640244,02780PMSTR355CO,7439-92-1,2015,02,0,0,0,0,0,335
1320218765550,32901RCKWL1100W,7439-92-1,2020,02,0,0,0,0,0,334
1314212555953,48220GGPRD625WA,100-41-4,2014,05,0,0,0,0,0,325
1315213207475,46176RYBDC800MA,7440-47-3,2015,01,0,0,0,0,0,331
1319218259760,45331BSFCRSTATE,111-42-2,2019,05,0,0,0,0,0,325
1315214031914,44305NRTNC2664G,117-81-7,2015,04,0,0,0,0,0,326
1317216402685,82701WYMNG740WE,100-42-5,2017,02,1,0,0,0,1,324
1321220024917,22601SLLVN1944V,1330-20-7,2021,04,0,0,0,0,0,326
1314212525695,36606BLDNG2400E,N420,2014,01,0,0,0,0,0,324
1314212940480,3785WCPRST246ST,71-36-3,2014,04,0,0,0,0,0,326
1319218032441,55963LNDLK2062N,N511,2019,03,1,0,0,1,0,311
1323222137287,1511WHLTCM76BRA,7439-96-5,2023,05,0,0,0,0,0,332
1323222228102,3774WMCCRP15IND,7439-96-5,2023,04,0,0,0,0,0,335
1316215727569,53573WSCNS810NE,N100,2016,04,1,0,0,1,0,332
1323222258509,94566PPLDB655SU,75-09-2,2023,04,0,0,0,0,0,325
1321220494619,17402YRKCS2880B,108-88-3,2021,03,0,0,0,0,0,339
1315217548890,17402HRLYD1425E,71-36-3,2015,03,0,0,0,0,0,336
1314212916744,77592MCCHMFOOTO,100-41-4,2014,06,1,0,1,0,0,325
1314212757583,95131LMLDS370WT,7664-41-7,2014,05,0,0,0,0,0,334
1314212414787,28115NGKCR119MA,N511,2014,04,1,0,0,1,0,327
1315213872740,47170MLTCLHWY31,110-54-3,2015,03,0,0,0,0,0,323
1315214456319,55044TMTDS2777K,7439-92-1,2015,02,0,0,0,0,0,334
1317215816719,60007PNRYC1801E,1330-20-7,2017,03,0,0,0,0,0,325
1315213533540,3295WDSGNR1TGKC,1330-20-7,2015,03,0,0,0,0,0,337
1320219172259,7600WGRDNR178BB,115-07-1,2020,05,0,0,0,0,0,333
1319218048003,14701WBRKN441CH,7439-92-1,2019,01,0,0,0,0,0,332
1320219115589,79730CYNSG4259M,7783-06-4,2020,03,0,0,0,0,1,211
1317216466793,16143YNGGLPOBOX,N982,2017,04,0,0,0,0,0,332
1317216057063,44024LSTCH160PA,N010,2017,03,0,1,1,0,0,326
1319218029902,80550VSTSB1114E,N120,2019,03,0,0,0,0,0,333
1315214114795,73801TRRNT1000T,7782-50-5,2015,04,0,0,0,0,0,325
1317215988066,02360TCHTC45ALD,7697-37-2,2017,03,0,0,0,0,0,332
1318216829349,46131KYBND2525N,N090,2018,04,1,0,0,1,1,336
1316215022690,52407DMNDV436GA,75-07-0,2016,02,1,0,0,0,0,311
1324222514097,72118WLSCN9301C,115-07-1,2024,04,0,0,0,0,0,4246
1316215442563,2870WVRTQN115VI,108-88-3,2016,03,0,0,0,0,0,333
1317216573600,49015TKRKS100HI,7440-50-8,2017,04,0,0,0,0,0,336
1316215731047,38965CLTNDHIGHW,7440-47-3,2016,04,0,0,0,0,0,336
1319218288153,55616LSNPCINDUS,N982,2019,04,0,0,0,0,0,321
1314212434219,72011LCRKNUSHIG,7664-39-3,2014,01,1,0,0,1,0,331
1318216834642,77590MCLCM24015,71-43-2,2018,05,1,0,0,1,0,325
1324222533921,57262WDLND2415E,1330-20-7,2024,04,0,0,0,0,0,337
1319217740315,4811WFRTCH76KEN,7664-41-7,2019,03,0,0,0,0,0,325
1315214432989,32256JHNSN75CEN,N982,2015,03,0,0,0,0,0,339
1317216438907,47170MLTCLHWY31,110-54-3,2017,04,0,0,0,0,0,323
1318217507045,38901HTCRFHIGHW,7440-50-8,2018,06,0,0,0,0,0,333
1314212530568,27330STTCC2903L,67-56-1,2014,04,0,0,0,0,0,335
1318216748741,17403NRTHM609EA,1313-27-5,2018,05,0,0,0,0,0,325
1314212479188,74063FBRCS25SOU,100-42-5,2014,04,0,1,0,0,0,326
1323221710142,3383WFLRKN244CM,N982,2023,04,0,0,0,0,0,325
1324222620510,48180MSTGC20219,N125,2024,04,0,0,0,0,0,325
1314212803593,77630NVSTS355AF,71-43-2,2014,05,1,0,0,1,1,325
1322221071499,43420CRBFR15STA,7439-96-5,2022,03,0,0,0,0,0,332
1319217757513,15853XTCMTBOOTJ,7440-50-8,2019,04,0,0,0,0,0,332
1322220639847,67068PGNCX1SPEN,7439-92-1,2022,03,0,0,0,0,0,325
1316214950469,52361KNZMNI80AT,95-63-6,2016,01,0,0,0,0,0,333
1316215191851,62615DCKYJ5200D,N420,2016,02,0,0,0,0,0,334
1314211900915,45879THMPSRT2CO,N420,2014,04,0,0,0,0,0,332
1320219249481,38017CRRRC975BY,N495,2020,02,0,0,0,0,0,333
1322221298856,37744BLLZNBALLR,7439-92-1,2022,03,0,0,0,0,1,331
1314212638922,52627DPNTF80135,85-44-9,2014,05,0,0,0,0,0,325
1323222158560,46515LKHRT1255O,128-04-1,2023,03,0,0,0,0,0,332
1319217975820,55408NCPRD29291,7697-37-2,2019,03,0,0,0,0,0,332
1319218193302,77015MRCHM1914H,106-44-5,2019,07,0,1,1,0,0,325
1315213184916,0192WTRNSN1ELEC,7697-37-2,2015,04,0,0,0,0,0,325
1315214256442,37620BCHML501FI,7647-01-0,2015,02,0,1,0,0,0,325
1315214006381,12150SCHNC1000M,71-36-3,2015,03,0,0,0,0,0,325
1316215224902,54952SPPRM69WAS,7439-92-1,2016,02,1,0,0,1,1,322
1318216980363,75038MNTRP3041S,1330-20-7,2018,04,0,0,0,0,0,339
1320219270105,14760CPRPW1648D,79-94-7,2020,01,0,0,0,0,0,335
1324222437067,97470LCNCB867NB,100-42-5,2024,04,0,0,0,0,0,326
1323222163685,77541RHNPL6213H,95-63-6,2023,04,0,0,0,0,0,325
1321219906435,8142WRYSLV1416C,N420,2021,04,1,0,1,1,0,2122
1322221236019,3562WSNPNT18771,7439-96-5,2022,03,0,0,0,0,0,332
1314212560181,01260MDSPCWILLO,50-00-0,2014,02,0,0,0,0,0,322
1320218732131,4832WSHNNN4425P,7440-47-3,2020,04,0,0,0,0,0,332
1316215089018,5842WDKTGR1PAST,2699-79-8,2016,04,0,0,0,0,0,311
1315213969102,80501DRSSL1301I,N100,2015,03,0,0,0,0,0,325
1314212793780,94802GNRLC525CA,7664-93-9,2014,05,1,0,0,0,0,325
1322221575083,66749CMRNN25WMI,N495,2022,04,0,0,0,0,0,333
1318222391486,06810BDKNRFINAN,67-56-1,2018,03,1,0,0,1,0,325
1321219700150,42129SMTML687IN,7440-50-8,2021,02,0,0,0,0,0,334
1320218955639,52641MTPLS2225E,7664-41-7,2020,04,0,0,0,0,0,311
1320219394285,12138TCNCPCOONB,1330-20-7,2020,03,0,0,0,0,0,313
1321219811419,3760WLPNCX56TWI,100-42-5,2021,05,0,1,0,0,0,326
1314212321867,7746WRCHMN4815R,7439-92-1,2014,01,0,0,0,0,1,327
1314215788670,72209TRNRC691IN,7697-37-2,2014,03,0,0,0,0,0,311
1324222468694,4213WCRRRF572BW,N100,2024,06,0,0,0,0,0,331
1324222868097,3596WPLSMN43AIR,110-82-7,2024,03,0,0,0,0,0,336
1324222521611,14432GWLSK2SOUT,106-94-5,2024,03,0,0,0,0,0,332
1314212303871,8090WDMNDM355NS,7440-50-8,2014,03,0,0,0,0,0,332
1323221621079,83837SNSHN1176B,7440-38-2,2023,01,1,0,0,0,1,2122
1315214107664,55128YRSHR71555,7439-92-1,2015,03,0,0,0,0,0,334
1317215936117,53126FBRTC4155C,100-42-5,2017,04,0,0,0,0,0,326
1315214401655,16050WTCCRHWY26,N040,2015,05,0,1,0,0,0,324
1321220389795,2967WRMFXX1515L,N982,2021,04,1,0,0,0,0,332
1315214394506,44460WRRNM800PE,1330-20-7,2015,03,0,0,0,0,0,326
1321220116483,47250RTRYL2700L,95-63-6,2021,03,0,0,0,0,0,333
1322220742415,18707GSLDS125CR,7697-37-2,2022,03,0,0,0,0,0,334
1317215848363,42642SPRRBHIGHW,N420,2017,06,1,1,1,1,1,335
1316215052731,11356NDSTR20451,107-21-1,2016,01,0,0,0,0,0,325
1315214500910,35811MSKRD3440S,7440-47-3,2015,05,0,0,0,0,0,332
1318216983508,16749QKRSTINTER,7664-93-9,2018,03,1,0,0,1,0,324
1319217898663,65560RYLKNHWY19,91-20-3,2019,04,0,0,0,0,0,325
1315213831973,17604JLCLR303NO,100-41-4,2015,03,0,0,0,0,1,332
1314212557553,28043PRKRH23PIN,7439-92-1,2014,01,0,0,0,0,0,332
1322220870861,45242CNCNN5901C,7440-50-8,2022,02,0,0,0,0,0,332
1320218776262,8434WNVRXX75EAS,7439-92-1,2020,02,0,0,0,0,0,334
1323221712096,75091MMCST6800H,872-50-4,2023,03,0,0,0,0,0,334
1323221628884,2725WNDLRX932EA,140-88-5,2023,05,0,0,0,0,0,325
1317215812470,54153CRSRS804PE,100-42-5,2017,04,0,0,0,0,0,336
1317216163117,42303WRGRC5525U,110-54-3,2017,05,0,0,0,0,0,326
1315213735653,46580DPYDVUS30E,108-88-3,2015,03,0,0,0,0,0,339
1316215028717,45846FRTRC2440S,7440-02-0,2016,03,0,0,0,0,0,332
1321220135204,3769WKYCRP146CU,7439-96-5,2021,03,0,0,0,0,0,332
1314212505162,57032SHWPL1ENTE,67-56-1,2014,02,0,0,0,0,0,337
1315213619392,76240MLDDF3333N,100-42-5,2015,03,0,0,0,0,0,326
1316215116688,75050SRGRD23501,71-36-3,2016,04,0,0,0,0,0,325
1315214182673,84337NCXXX1360N,110-54-3,2015,04,0,0,0,0,0,336
1315214189007,89408QBCRP2000E,108-88-3,2015,05,0,0,0,0,0,323
1323221626688,37644SNPNTSTATE,7440-02-0,2023,05,0,0,0,0,0,332
1324222542159,45241NYRND10700,191-24-2,2024,03,0,0,0,0,0,324
1321220520062,43160YSCRP151JA,107-21-1,2021,04,0,0,0,0,0,336
1322220703932,7601WHNTSM3315E,N535,2022,06,0,0,0,0,0,325
1316217712710,45895KNTRB700LU,N982,2016,03,0,0,0,0,0,326
1317216289557,01720THHRT87HAY,95-47-6,2017,03,0,0,0,0,0,336
1319217851955,56501TMNDS1551R,7440-50-8,2019,03,0,0,0,0,0,331
1314212763559,25428GRDNFI81TA,50-00-0,2014,04,0,0,0,0,0,327
1319217794369,3544WFCLCV117HI,7439-92-1,2019,01,0,0,0,0,0,999
1319218528610,53092THRMS10605,108-88-3,2019,02,0,0,0,0,0,327
1321219631429,74116JHNZN11920,7440-47-3,2021,05,0,0,0,0,0,332
1316216348843,21720FLTCN12129,67-56-1,2016,04,0,0,0,0,0,313
1315214091062,45177CNCNN894PR,N982,2015,06,0,0,0,0,0,326
1317215805829,6044WWLLBR1133M,7439-92-1,2017,02,0,0,0,0,1,327
1316215409133,80501CRCLG129TH,N230,2016,04,0,0,0,0,0,323
1316214972325,43137LXTTC215BI,7440-43-9,2016,02,0,0,0,0,0,339
1315214009235,16301NVLLSROUTE,1319-77-3,2015,06,1,0,1,0,1,325
1314214388795,15301DRKNFWESTW,N010,2014,05,1,1,1,0,0,325
1324222503551,42343NTNLFHIGHW,1330-20-7,2024,03,0,0,0,0,0,337
1323221643935,46526BNTLR910SE,7440-02-0,2023,04,0,0,0,0,0,336
1318216705715,2945WTTKLB413CA,7440-50-8,2018,04,0,0,0,0,0,333
1315214213530,12883NTRNTSHORE,N150,2015,14,1,0,0,1,0,322
1319218504355,92101SLRTR2200P,7440-47-3,2019,04,0,1,0,0,0,333
1321219677085,0060WHPNTRCARR1,N230,2021,01,0,0,0,0,0,325
1317216279430,95540HMBLD572HW,N511,2017,03,1,0,0,1,0,311
1323221974140,73801DPWTR1210A,67-56-1,2023,04,0,0,0,0,0,325
1321220542803,95023PCFCP2340B,67-56-1,2021,04,0,0,0,0,0,325
1314212305015,14304CHRSR5300F,7439-97-6,2014,01,1,0,0,1,0,2211
1314212325334,30135CSTMB6551W,100-42-5,2014,04,0,0,0,0,0,326
1314212553731,77092MNRCH3530L,N230,2014,05,0,0,0,0,0,325
1315213230915,47108HLSLNSTATE,7440-47-3,2015,03,0,0,0,0,0,332
1315214006417,12150SCHNC1000M,95-48-7,2015,04,0,0,0,0,1,325
1314212786040,22624SWRDNROUTE,N120,2014,03,0,0,0,0,0,326
1319218261271,95828CRMCR59508,N420,2019,03,1,0,0,1,0,332
1317216017400,3760WLPNCX56TWI,100-42-5,2017,05,0,1,0,0,0,326
1318216776310,44131SFCSL5708S,N495,2018,04,1,1,1,1,0,332
1315214220954,53589NRYLP501SW,N420,2015,03,0,0,0,0,1,313
1316215328752,36105HYNDM7HYUN,N495,2016,05,0,0,0,0,0,336
1322220816007,1907WDVSVS385WE,7439-92-1,2022,02,0,0,0,0,0,339
1316215445901,72701CMPBL1100W,7664-41-7,2016,05,0,0,0,0,0,311
1323222170591,08759RGTHR35CLN,N450,2023,04,0,0,0,0,0,339
1315214272700,40210NTDCT1227S,N100,2015,05,1,1,1,0,0,325
1317219407083,78407JVLNC5314I,115-07-1,2017,05,0,0,0,0,0,325
1314212902581,07105DLTMR26BLA,N511,2014,04,0,0,0,0,0,325
1320219097351,51401PLLCRHWY30,N230,2020,03,0,0,0,0,0,321
1314212826299,75050SMNSN501FO,7440-50-8,2014,05,0,0,0,0,0,335
1314212979785,49735STNDR594AL,N982,2014,03,0,0,0,0,0,326
1314212655359,16749QKRSTINTER,7664-41-7,2014,04,1,0,0,1,0,324
1319217758578,95630GLNTT91BLU,75-09-2,2019,02,0,0,0,0,0,334
1319218210173,83639GSTFSBRUNE,118-74-1,2019,02,0,0,0,0,1,325
1317215820806,91710SHLDP5165G,110-54-3,2017,03,0,0,0,0,0,325
1319217809502,97116TKTRN1521P,N100,2019,05,1,0,1,1,0,334
1319217828146,46580DNCND245DE,7697-37-2,2019,04,0,0,0,0,0,332
1320218998134,40330HTCHT955WA,7439-92-1,2020,03,0,0,0,0,0,336
1324223174487,08817KZCHMMEADO,110-54-3,2024,05,0,0,0,0,0,325
1319217750367,49221RVNMS915TA,7439-96-5,2019,04,0,0,0,0,0,327
1323222190567,37831XFRDT601OA,7439-92-1,2023,03,0,0,0,0,0,334
1316215217833,56001HNYMD2060S,64-18-6,2016,05,0,0,0,0,0,311
1324223166719,98033WSTRN8356T,106-94-5,2024,04,0,0,0,0,0,336
1317215945369,4739WMRSXC241NE,7440-50-8,2017,05,0,0,0,0,0,332
1315213665211,17701LTTNS1035W,7439-92-1,2015,03,0,1,0,0,0,334
1318217511207,78521NRTNC1505M,108-95-2,2018,04,0,0,0,0,0,327
1315214341152,49518WSTNG43003,7440-02-0,2015,04,0,0,0,0,1,337
1314213071196,53042STLTN52HWY,7439-96-5,2014,04,0,0,0,0,0,333
1314212974733,30294JCBSN36SPA,94-75-7,2014,04,0,0,0,0,0,325
1315214048199,48212DLTRS17350,108-95-2,2015,06,0,0,0,0,0,325
1321220300053,45176DLTNCONEDU,N420,2021,01,0,0,0,0,0,339
1321219828581,03062TRDYN4PITT,7697-37-2,2021,03,0,0,0,0,0,334
1317215933286,78759MDYNT11705,N420,2017,02,0,0,0,0,0,334
1320219296504,43952BRMCHCOUNT,N040,2020,05,1,1,1,0,0,325
1320219337781,48057HSPTR4150S,26471-62-5,2020,04,0,0,0,0,0,325
1317216432447,46514MRRYD1536G,N420,2017,05,0,0,0,0,0,332
1320219112556,47362DNCRP2700E,N120,2020,04,0,0,0,0,0,331
1314212886853,3002WSNNCR475HR,N420,2014,03,0,0,0,0,0,334
1318217339884,28787RLNCLREEMS,7439-92-1,2018,04,0,0,0,0,0,333
1316215219546,20607BRTTS17601,7439-92-1,2016,01,0,0,0,0,0,332
1316215491491,23803PRCNN220SP,110-82-7,2016,04,0,0,0,0,0,313
1316215342407,06810BDKNRFINAN,64-18-6,2016,03,0,0,0,0,0,325
1322221032283,95023PCFCP2340B,67-56-1,2022,04,0,0,0,0,0,331
1320219375817,45414MDRNN3337N,N120,2020,04,0,0,0,0,0,326
1321220277420,28086CMMRC101CA,7440-50-8,2021,02,0,0,0,0,0,333
1323222004362,7754WCRTVF698MI,88-06-2,2023,06,1,0,0,1,0,325
1323222271266,33801TSTMK4705U,67-56-1,2023,05,0,0,0,0,0,311
1318217252586,66542FLXLN6000S,50-00-0,2018,03,0,0,0,0,0,325
1318216798076,12138TCNCPCOONB,1330-20-7,2018,03,0,0,0,0,0,313
1322221420654,23461SNVYF1912R,7439-92-1,2022,04,0,0,0,0,0,999
1321219635404,23801SRMYC3901A,7439-92-1,2021,03,0,0,0,0,0,999
1315213685276,50703DVNCD2825M,79-01-6,2015,03,0,0,0,0,0,332
1317216568889,4941WGHSPJ125SB,7439-92-1,2017,03,0,0,0,0,0,334
1322220996413,32571RPRDC4575E,124-40-3,2022,07,1,0,1,0,0,325
1322221441239,28086CMMRC101CA,7440-50-8,2022,02,0,0,0,0,0,333
1322220794034,45502NVSTR6125U,107-21-1,2022,05,0,0,0,0,0,336
1322220830160,14304PRCSP2124L,N040,2022,03,0,0,0,0,0,332
1323222348726,7756WCSTMC823FM,1330-20-7,2023,06,0,0,0,0,0,4246
1324222697082,23803DMNNC2050P,67-56-1,2024,03,0,0,0,0,0,325
1316215039850,62301PRRFR415N2,90-43-7,2016,01,0,0,0,0,0,311
1322220942965,14825VLCRF5362R,7439-96-5,2022,05,0,0,0,0,0,332
1315213982174,02745DPYNC61JOH,7440-47-3,2015,03,0,0,0,0,0,339
1323221677343,0183WCDRSM148WA,79-21-0,2023,03,0,0,0,0,0,311
1315213959517,13165WRGRC228EA,108-10-1,2015,04,0,0,0,0,0,325
1314212450353,17042LBNNC1600E,7664-41-7,2014,03,0,0,0,0,0,325
1314211928318,50644LMRDT717TH,7439-92-1,2014,03,0,1,1,0,0,336
1323221623554,75137QLTYC603BI,N511,2023,04,0,0,0,0,0,337
1317216616449,14304NRTNW6600W,N511,2017,02,1,0,0,1,0,327
1317216464418,53051ZNTHSW156N,7440-47-3,2017,03,0,0,0,0,0,332
1315214252963,30184TYTRN366HW,N982,2015,05,0,0,0,0,0,326
1314211883513,27292WLDRN313NE,N420,2014,02,0,1,0,0,1,321
1315213701865,27261MRSHF1001S,67-56-1,2015,04,0,0,0,0,0,337
1323221787854,35055SPDRN6717A,7697-37-2,2023,04,0,0,0,0,0,336
1314212749345,22906SPRRY1070S,7439-92-1,2014,02,0,0,0,0,0,334
1318217283581,77380SGMGN9186S,75-09-2,2018,04,0,0,0,0,0,325
1322220781330,33710MLXTC23757,N982,2022,05,0,0,0,0,0,334
1322220793780,45502NVSTR6125U,95-63-6,2022,03,0,0,0,0,0,336
1320219258670,3704WHNKKT1325I,7439-92-1,2020,05,0,0,0,0,0,335
1322220982161,3383WFLRKN244CM,N120,2022,05,0,0,0,0,0,325
1321220389959,6811WQNGLB571FS,75-09-2,2021,03,0,0,0,0,0,325
1321220102572,02717HTTRN120BR,N120,2021,04,0,0,0,0,0,335
1322220697332,03062TRDYN4PITT,50-00-0,2022,03,0,0,0,0,0,334
1324222899510,46619MGNRN1302W,7697-37-2,2024,04,0,0,0,0,0,332
1320218798421,29696JHNSN124LD,N420,2020,06,1,0,0,0,0,326
1319218612238,61364PBDYM1621S,7440-47-3,2019,01,0,0,0,0,0,336
1318217170950,60160NCHRP2755W,N090,2018,04,1,0,0,1,1,332
1324222444566,14304PRCSP2124L,N100,2024,05,1,1,1,0,0,332
1322220732224,43526DTRCH761WH,7440-47-3,2022,04,0,0,0,0,0,331
1322220779399,01520RDPLSHOLDE,N090,2022,03,0,0,0,0,0,325
1314212655258,2834WLTCRT299IN,1344-28-1,2014,04,0,0,0,0,0,325
1316215355417,18046DYTMR1WILL,N420,2016,03,0,0,0,0,0,325
1323222139937,35806NGLHR9800K,N040,2023,04,0,1,0,0,0,332
1316215205509,5061WWLSRN71CHA,7440-02-0,2016,05,0,0,0,0,0,332
1318216743157,16509HYSTR5599N,100-42-5,2018,06,0,0,0,0,0,326
1320219168820,44258RCPPR230NS,7440-50-8,2020,04,0,1,1,1,0,332
1318217282348,38965CLTNDHIGHW,7440-47-3,2018,01,0,0,0,0,0,336
1316215128758,29526HNYWL440AL,N495,2016,05,0,1,0,0,0,332
1317216270759,56621TMNDS15PAR,N100,2017,06,0,0,0,0,0,336
1316215075793,31907RCPLYONERU,107-21-1,2016,06,0,0,0,0,0,325
1323222044164,37744TRWNCSNAPP,N982,2023,03,0,0,0,0,0,333
1323221988633,40210NTDCT1227S,7697-37-2,2023,05,0,0,0,0,0,325
1314213174547,73401TTLPTHIGHW,108-88-3,2014,07,1,1,1,0,0,324
1322220640585,33054DYPLS1251N,N120,2022,05,0,0,0,0,0,326
1320218736736,02861TKNRP505CE,117-81-7,2020,05,0,0,0,0,1,325
1322221071830,02905MNRCH189GE,N106,2022,02,0,0,0,0,0,332
1322221380266,3774WHFNRT395TE,67-56-1,2022,04,0,0,0,0,0,332
1324222736528,3764WCLRWR151ID,7664-41-7,2024,04,0,0,0,0,0,314
1323221664624,53072NRTHR845HI,7440-47-3,2023,04,0,0,0,0,0,331
1317216425037,99206PYRTKE9601,N120,2017,04,0,0,0,0,0,327
1318216788493,31728THTRR2525T,100-42-5,2018,04,0,0,0,0,0,336
1323221984343,77045KCDCH12701,N100,2023,05,0,0,0,0,0,325
1319218573487,63147TRNSC419EA,1330-20-7,2019,05,0,0,0,0,0,4246
1323222175921,43469MRTNM755LI,7647-01-0,2023,02,1,0,0,0,0,327
1314212881926,46304MGNTC1111N,7647-01-0,2014,06,1,0,0,1,0,325
1322220951457,03301RGNLM24CHE,7439-92-1,2022,02,0,0,0,0,0,334
1315213197270,35570HMLTNHWY78,100-42-5,2015,04,0,0,0,0,0,326
1318217181357,77017MBLCH9822L,71-43-2,2018,05,1,0,0,1,0,325
1321219610312,91352CCRTN871TE,N420,2021,01,0,0,0,0,0,334
1323221660513,67460MNVLLCOUNT,N420,2023,01,1,0,0,1,1,327
1322221008143,48178SNSTL550MI,N040,2022,04,0,0,0,0,0,332
1321219670674,48843VRSTR3075W,N120,2021,04,0,0,0,0,0,336
1317216513174,8523WBHMNT1331W,N450,2017,04,0,0,0,0,0,325
1321220473779,30344WLLMC2335L,87-86-5,2021,04,0,0,0,0,0,321
1324223039811,49456MRDNN18558,7439-92-1,2024,03,0,0,0,0,1,337
1319217902814,64501HLLYR402NO,N982,2019,05,0,0,0,0,0,325
1317216601500,19543XLJHN900HE,N590,2017,03,0,0,0,0,0,331
1321219639679,83318RDFDSHIGHW,N511,2021,06,1,0,0,1,0,311
1316215031131,77805LNCXX615CA,95-63-6,2016,03,0,0,0,0,0,332
1315213743077,29624WCRFR101MA,7632-00-0,2015,04,0,0,0,0,0,335
1315214187104,45408SCHRM107WE,N420,2015,03,1,0,0,1,0,332
1322221461585,45103CNCHM458WE,85-44-9,2022,04,0,0,0,0,0,325
1314212962169,0460WMRRSY27RAM,100-42-5,2014,03,0,0,0,0,0,336
1314213045483,97030LSLGC23400,7664-39-3,2014,03,0,0,0,0,0,334
1317216617860,1350WMTTBR811ED,79-21-0,2017,02,0,0,0,0,0,3121
1317215882604,55075NDRNC275BR,N530,2017,03,0,0,0,0,0,325
1316215531068,12150SCHNC1000M,80-05-7,2016,04,0,0,0,0,0,325
1314212601583,45216FRSFR110EA,75-07-0,2014,04,0,0,0,0,0,311
1322220765477,9176WDNCNX1745E,7697-37-2,2022,04,0,0,0,0,0,332
1322220851695,38108WTCCR1231P,7664-41-7,2022,05,0,0,0,0,0,325
1321220661666,48218FRTZP255MA,7439-92-1,2021,03,0,0,0,0,0,331
1322221267077,75455FRNCD1300I,N010,2022,04,0,0,0,0,0,335
1314212639494,43756JPTRN5037N,N420,2014,05,0,0,0,0,0,333
1315213557010,85242MGCPR6560S,7664-41-7,2015,05,0,0,0,0,0,325
1314212492324,02038DLKNS15FRE,N090,2014,04,0,1,1,0,0,999
1314212350829,12502SCHWT2424R,N150,2014,12,1,0,0,1,0,322
1324222710319,38583LTDPR5538S,N120,2024,03,0,0,0,0,0,336
1320218719906,24087PRCHM51ENT,7697-37-2,2020,01,0,0,0,0,0,325
1323221835438,24112CMMNW345BE,110-54-3,2023,03,0,0,0,0,0,326
1314213065028,44691SMNCR1000V,N420,2014,03,0,0,0,0,0,313
1322220636676,42240MRTRS102BI,7439-96-5,2022,03,0,0,0,0,0,332
1314212385153,16738LLGHN14EGB,7697-37-2,2014,04,0,0,0,0,0,332
1322221328026,48057HSPTR4150S,307-55-1,2022,02,0,0,0,0,0,325
1324222899231,5359WSFCNC111KE,67-56-1,2024,04,0,0,0,0,0,325
1314212462319,53932FLLRV670SO,7439-92-1,2014,03,0,0,0,0,0,331
1322221268105,43612CHMBN6175A,108-95-2,2022,06,0,0,0,0,0,325
1321220041875,50595VNDSTOLDHW,1912-24-9,2021,06,0,0,0,0,0,325
1321220142261,77656STHHMFM418,7783-06-4,2021,03,1,0,0,1,0,325
1317215930734,56093BRWNPHIGHW,N230,2017,03,0,0,0,0,0,323
1315214343422,65804DRFTN2035E,7697-37-2,2015,04,0,0,0,0,0,311
1315213688169,3606WFRSLN13ECH,108-95-2,2015,03,0,0,0,0,0,336
1314212634644,38118THSTR5151E,7664-41-7,2014,05,0,0,0,0,0,3121
1323221850415,6012WLGNND11JAN,67-56-1,2023,04,0,0,0,0,0,336
1324222558076,33597RBBNSSR50S,N020,2024,04,0,0,0,0,0,321
1322221243456,27203TLRMP801PI,107-21-1,2022,06,0,0,0,0,0,325
1323222011571,50316RCHRD1940E,N420,2023,01,1,0,0,1,0,311
1324222418814,17403NRTHM609EA,1313-27-5,2024,06,0,0,0,0,0,325
1315215653953,7840WBCKYT151SU,71-43-2,2015,06,1,0,0,1,1,324
1319218412118,9205WNNSTN4115A,68-12-2,2019,03,0,0,0,0,0,313
1321220301764,97124DYNCS4750N,108-88-3,2021,04,0,0,0,0,0,323
1321219903566,60633TWRTM1235S,N420,2021,01,0,0,0,0,0,336
1314212584205,55112WHLBR1950O,7439-96-5,2014,04,0,0,0,0,0,332
1321219893575,72956STLYM610SO,75-56-9,2021,04,0,0,0,0,0,311
1314213065168,29445SNCHM156BU,50-00-0,2014,03,1,0,0,1,0,325
1316215037159,56215CHPPW27020,110-54-3,2016,04,0,1,1,0,0,325
1324222567707,75006THGLD1900J,N982,2024,04,0,0,0,0,0,325
1322221390899,16335PPGNDKEBER,N096,2022,04,0,1,0,1,0,327
1316215549155,47710NSLNC1014U,N982,2016,04,0,0,0,0,0,325
1317216230476,61068LLNSR19STE,108-88-3,2017,04,0,0,0,0,1,325
1323221950342,13204NPLTC459PU,7697-37-2,2023,04,0,0,0,0,0,332
1319218044713,19510CNCRPEXCEL,7439-96-5,2019,05,0,0,0,0,0,332
1321220375051,78407JVLNC5314I,67-56-1,2021,05,0,0,0,0,0,324
1320219234150,55318MCLGH4001P,75-09-2,2020,04,0,0,0,0,0,325
1314212507139,17604JLCLR303NO,95-63-6,2014,04,0,0,0,0,1,332
1319218481594,5314WKNLLM1255T,7439-92-1,2019,02,0,0,0,0,0,335
1322220810865,33597RBBNSSR50S,N020,2022,04,0,0,0,0,0,321
1314212996274,7701WLGNLT111LU,7440-50-8,2014,05,0,0,0,0,0,332
1322221237504,72902KFDSNREEDL,7664-41-7,2022,04,1,0,0,1,0,311
1314212943524,77640FNLNDHIGHW,91-20-3,2014,06,1,0,0,1,0,324
1317216214460,18702NSNNG1141H,7440-47-3,2017,04,0,0,0,0,0,336
1314212332670,76427RMRNNHWY38,1330-20-7,2014,03,0,0,0,0,0,332
1316215044102,60007PNRYC1801E,67-56-1,2016,04,0,0,0,0,0,325
1317216122655,68601BCTNDINDUS,7440-47-3,2017,05,0,0,0,0,0,339
1318216790865,30188NTLMR304BE,100-42-5,2018,04,0,0,0,0,0,326
1317216306757,37744TRWNCSNAPP,100-41-4,2017,03,0,1,0,0,0,333
1314212446684,46510LSDRY7344S,67-56-1,2014,06,0,0,0,0,0,311
1315214432953,7797WPTCKCPBX7X,7664-41-7,2015,04,0,0,0,0,0,2211
1321219666625,53022SNLTPW194N,117-81-7,2021,04,0,0,0,0,0,326
1318217021411,32905FRRSR2210W,7726-95-6,2018,04,0,0,0,0,0,325
1322220669004,18104TRCTY4980S,100-42-5,2022,03,0,0,0,0,0,326
1316215108717,21227DLLPL453AN,N982,2016,04,0,0,0,0,0,325
1314212876888,46368MRCNR6300U,7782-50-5,2014,01,1,0,0,1,0,325
1324222584132,53156PCRSN600IN,N120,2024,05,0,0,0,0,0,325
1322220650547,9363WBLTMR15341,N450,2022,04,0,0,0,0,0,333
1321220015200,15857PWDRM879WA,7429-90-5,2021,05,0,0,0,0,0,332
1319218031856,93274DRYMN400SO,7697-37-2,2019,04,0,0,0,0,0,311
1322221139797,75652FBRGL1505I,100-42-5,2022,04,0,0,0,0,0,326
1319218225706,61061BRDNNWHITE,80-05-7,2019,03,0,0,0,0,0,325
1323221788250,17066WNSCRUSROU,100-42-5,2023,04,0,0,0,0,0,326
1315214298921,45820CRCHMROUTE,7664-93-9,2015,06,1,0,0,1,0,325
1321219689991,75006TXSFN1801S,1330-20-7,2021,03,0,0,0,0,0,332
1314212776355,91006NMLDB36LAP,7697-37-2,2014,04,0,0,0,0,0,332
1324222963706,64701CHMSY1701V,75-09-2,2024,04,0,0,0,0,0,325
1320218739478,3774WSRYBT79AND,100-42-5,2020,04,0,0,0,0,0,326
1323222430403,7003WCCMRN71ENG,1330-20-7,2023,04,0,0,0,0,0,336
1317216075376,79022HLMRC124US,7697-37-2,2017,06,0,0,0,0,0,311
1314212453334,47274GTPRD1231A,N120,2014,03,0,0,0,0,0,336
1321220277469,28086CMMRC101CA,N982,2021,03,0,0,0,0,0,333
1321220316018,44663LRNMN2228R,117-81-7,2021,03,0,0,0,0,0,326
1324222988572,3774WHFNRT395TE,108-88-3,2024,03,0,0,0,0,0,332
1315214370355,75061WTKNC230IR,7439-92-1,2015,02,0,0,0,0,0,334
1321220471611,37744TRWNCSNAPP,7440-47-3,2021,04,0,0,0,0,0,333
1315214393353,55343SMNCS5951C,N120,2015,04,0,0,0,0,0,333
1317216247876,72756TYSNG212EA,79-21-0,2017,03,0,0,0,0,0,311
1315213231172,60044JSSPM1701R,108-88-3,2015,04,0,0,0,0,0,313
1320218865665,50595VNDSTOLDHW,1928-43-4,2020,06,0,0,0,0,0,325
1315213969049,2965WDRCRL2375H,7440-47-3,2015,04,0,0,0,0,0,332
1320218845752,47670TYTMT4000T,100-41-4,2020,03,0,0,0,0,0,336
1315214272686,40210NTDCT1227S,N096,2015,04,1,1,1,0,0,325
1315213668318,73111WGNMT1018E,100-42-5,2015,03,0,0,0,0,0,326
1317216549269,00683BXTRHRD122,75-09-2,2017,03,0,0,0,0,0,339
1314212585057,85027HNYWL21111,7439-92-1,2014,02,0,0,0,0,0,334
1316215547643,16509BSHND2455R,1330-20-7,2016,03,0,0,0,0,0,326
1321220395673,99352LLDTC2025B,N150,2021,14,0,1,0,1,0,562
1315213865052,44092SHRWD29501,7440-02-0,2015,05,0,0,0,0,0,336
1322221080169,44258RCPPR230NS,7440-50-8,2022,04,0,1,1,1,0,332
1319217962152,44138MRCNW7951B,N010,2019,03,0,0,0,0,0,335
1314212909004,23168GRYST7992R,N420,2014,03,1,0,0,1,0,332
1319218491064,9024WSPCLK1336H,7440-02-0,2019,04,0,0,0,0,0,332
1315215179666,66115CRTNT103FU,N590,2015,01,0,0,0,0,1,327
1314212543805,70518SCHMT5750H,98-82-8,2014,05,0,0,0,0,0,325
1322220765465,9176WDNCNX1745E,N511,2022,04,1,0,0,1,0,332
1317216499968,28392CRLNFHWY87,10049-04-4,2017,01,1,0,0,0,0,311
1321219975137,45225MYRTL3055C,7440-02-0,2021,03,0,0,0,0,0,336
1314212620443,12118PLYSTUPPER,75-09-2,2014,03,0,0,0,0,0,325
1315213965849,75006THGLD1900J,55406-53-6,2015,04,0,0,0,0,0,325
1315214215562,26164PCHNYROUTE,N100,2015,05,1,0,0,1,0,331
1317215812468,54153CRSRS205CH,100-42-5,2017,02,0,0,0,0,0,336
1315213841772,27284HGHLN215DR,68-12-2,2015,03,0,0,0,0,0,313
1314212498303,84115PRCSN2970S,N420,2014,02,0,0,0,0,0,334
1314212555092,44012BFGDRMOORE,75-65-0,2014,04,1,0,0,1,0,325
1324222414486,44420LTRNC712TR,7439-92-1,2024,03,0,0,0,0,0,334
1322220996514,56057FBRGL315WI,100-42-5,2022,04,0,0,0,0,0,335
1323221729635,79720R2RDL348E1,100-42-5,2023,04,0,0,0,0,0,333
1317216346104,92123DPSTN4540V,108-88-3,2017,04,0,0,0,0,0,326
1315213736832,97210WCKRS7200N,N511,2015,03,1,0,0,1,0,334
1315213819814,75160FLXBL501IN,26471-62-5,2015,05,0,0,0,0,0,326
1314212428585,03062TRDYN4PITT,N100,2014,04,1,0,0,1,0,334
1314212850743,8055WHXCLW31815,330-54-1,2014,03,0,0,0,0,0,325
1315213874579,73143BCHMN2220S,N230,2015,04,0,0,0,0,0,325
1319218052886,6337WCNTNN27GUE,100-42-5,2019,04,0,0,0,0,0,335
1322220817112,94804VRFLC250CA,7440-47-3,2022,04,0,0,0,0,0,334
1320219212762,84302MRTNT9160A,N511,2020,05,0,0,0,0,0,336
1314212488605,77571VNLRC10850,N230,2014,03,0,0,0,0,0,332
1316214979344,5605WTBLKC52182,7440-50-8,2016,04,0,0,0,0,0,336
1319218496192,12138TCNCPCOONB,1330-20-7,2019,03,0,0,0,0,0,313
1321219659947,27542CNSTG621JH,1330-20-7,2021,03,0,0,0,0,0,321
1315213807163,98660FRTLY4808N,7697-37-2,2015,03,0,0,0,0,0,311
1322220810220,37862TRWFJ128RI,7439-96-5,2022,04,0,0,0,0,0,336
1321220238188,10702GRPHT1050N,7440-50-8,2021,04,0,0,0,0,0,335
1322221223860,29644MTSTH1MITA,N040,2022,04,0,0,0,0,0,334
1317215965524,1755WGRNRN165ST,108-88-3,2017,04,0,0,0,0,0,332
1319218395921,38555STNPK238PR,N010,2019,04,0,0,0,0,0,327
1314212428635,03062TRDYN4PITT,7697-37-2,2014,03,0,0,0,0,0,334
1320218865741,50595VNDSTOLDHW,51235-04-2,2020,05,0,0,0,0,0,325
1314211938220,48150MBSTN31770,7697-37-2,2014,04,0,0,0,0,0,311
1319217735277,03251BRNDYRT3AC,N511,2019,01,1,0,0,1,1,335
1322221008891,28273HRPRC11625,N090,2022,04,0,0,0,0,0,333
1317216010254,75006THGLD1900J,4080-31-3,2017,04,0,0,0,0,0,325
1317216268476,56511TMNDSFRTHR,7440-02-0,2017,04,0,0,0,0,0,332
1318216920835,02703CHMTC52GAR,67-56-1,2018,04,0,0,0,0,0,332
1321220257063,77630JMHBRFM736,7783-06-4,2021,03,1,0,0,1,0,325
1318216808853,26037WHLNGPENNM,7440-47-3,2018,03,0,0,0,0,0,332
1314212823266,14304NRTNW6600W,7697-37-2,2014,04,0,1,0,0,0,327
1317216402646,82701WYMNG740WE,67-56-1,2017,02,1,0,0,0,1,324
1324223097181,8519WKHLRC1495N,100-42-5,2024,06,0,0,0,0,0,326
1314212428039,7507WPRSPR77SDA,N511,2014,03,0,0,0,0,0,327
1314212439107,46515HRMSL1101L,7439-97-6,2014,03,0,0,0,0,0,335
1315214314724,48077CSHMM6640S,N090,2015,04,1,0,1,0,0,332
1322220834360,6672WHLNDS3928R,71-36-3,2022,03,0,0,0,0,0,337
1316215470509,0173WNTGRS9CRSB,67-56-1,2016,03,0,0,0,0,0,326
1322220832861,35986RNSVL189RT,1330-20-7,2022,03,0,0,0,0,0,326
1324222567695,75006THGLD1900J,N230,2024,04,0,0,0,0,0,325
1316215353184,80501DRSSL1301I,N100,2016,03,0,0,0,0,0,325
1315214321539,17603TTNGN33CEN,7440-47-3,2015,04,0,0,0,0,0,332
1316215471754,95131LMLDS370WT,7697-37-2,2016,03,0,0,0,0,0,334
1315213593888,48150MBSTN31770,N511,2015,04,1,0,0,1,0,311
1319218140352,40210STHRN1335S,N230,2019,04,0,0,0,0,0,327
1314212975888,45324MMPRD1260S,7782-50-5,2014,05,0,1,0,0,0,325
1318217283833,01570GNTXP183WE,67-56-1,2018,04,0,0,0,0,0,339
1316215534672,90280TCHNC11220,7440-50-8,2016,05,0,0,0,0,0,331
1317215922966,53151PTRNC16700,N982,2017,04,0,0,0,0,0,324
1316215545043,50616SLSBR1900R,108-88-3,2016,05,0,0,0,0,0,325
1321219695931,85210PHMNP112WI,7440-47-3,2021,01,0,0,0,0,0,333
1323222367815,53538LCTRN1100N,N420,2023,02,0,0,0,0,0,334
1324222521231,95050DVNCD2210W,7439-97-6,2024,01,0,0,0,0,0,335
1320219229325,77054LLCHM9011E,N770,2020,04,0,0,0,0,0,325
1314213237581,76401FMCTL2825W,7439-92-1,2014,02,0,0,0,0,0,333
1318217159514,53002MYSTL6199C,7440-02-0,2018,04,0,0,0,0,0,332
1318216910455,46580DNCND245DE,7697-37-2,2018,04,0,0,0,0,0,332
1324222528085,62249BLNSY509WE,7440-47-3,2024,04,0,0,0,0,0,332
1315214204000,38555STNPK238PR,107-21-1,2015,05,0,0,0,0,0,327
1321219448382,17066WNSCRUSROU,100-42-5,2021,04,0,0,0,0,0,326
1316217623519,31408MNDSTOLEAR,7697-37-2,2016,04,1,0,0,1,0,325
1314212786368,62040TRCRP12001,N420,2014,06,0,1,1,0,0,332
1314212790760,06516NTHNN350FR,N420,2014,02,0,0,0,0,0,325
1324223165135,48057HSPTR4150S,307-55-1,2024,02,0,0,0,0,0,325
1314212549202,75006KTCHM1200W,872-50-4,2014,04,0,0,0,0,0,325
1314212876155,92665CVTCH250EA,7439-92-1,2014,02,0,0,0,0,0,334
1316215673070,56284STHRNEASTH,N150,2016,12,1,0,0,1,0,311
1321220015465,15857PWDRM879WA,7440-50-8,2021,03,0,0,0,0,0,332
1323222255984,27709SCMMT2601W,N100,2023,06,1,1,1,0,0,331
1318217338526,14432GWLSK2SOUT,106-94-5,2018,04,0,0,0,0,0,332
1319218206720,6753WDNNSP36NEH,N982,2019,03,1,0,0,1,0,336
1315215827609,75607TXSSTOFFHI,1330-20-7,2015,05,1,0,1,1,0,325
1321220041901,50595VNDSTOLDHW,330-54-1,2021,04,0,0,0,0,0,325
1323221763156,85353SNLND651SO,79-21-0,2023,04,0,0,0,0,0,311
1317219442896,52627CHVRN1800S,57213-69-1,2017,04,0,0,0,0,0,325
1314212541104,44024LSTCH145PA,N982,2014,05,0,1,1,0,0,326
1324222411100,37857SSRDC300IN,7440-50-8,2024,06,0,0,0,0,0,332
1322220660120,48084SLZRP1972M,N096,2022,04,1,1,1,0,0,331
1324223047453,77905NVSTS2695L,74-90-8,2024,05,1,0,0,1,0,325
1316215640614,19703LLDSG6100P,7637-07-2,2016,05,1,0,1,0,0,325
1324222641526,23834LDNCR16101,7664-41-7,2024,04,0,0,0,0,0,326
1324222943351,44036LYRFN120FI,7440-47-3,2024,03,0,0,0,0,0,331
1318217507084,38901HTCRF1000H,7440-50-8,2018,05,0,0,0,0,0,333
1315214339196,2740WNLSTL15WES,7440-02-0,2015,04,0,0,0,0,0,332
1323221581325,3545WSMPTM1799E,1330-20-7,2023,03,0,0,0,0,0,336
1316215677194,30228STHRN30GEO,7440-47-3,2016,04,0,1,1,0,1,335
1321219911981,75670WTCCROFFHW,80-15-9,2021,04,0,0,0,0,0,325
1316215424197,29532JMSRV126AV,7664-41-7,2016,03,1,0,0,1,0,322
1318217074057,68601BCTNDINDUS,7664-41-7,2018,03,0,0,0,0,0,339
1324223023906,49415CMNRN14638,7439-92-1,2024,03,0,0,0,0,1,331
1324222646679,76503THGLD3410L,1330-20-7,2024,04,0,0,0,0,0,325
1317216089425,90201MTLSR6060S,N495,2017,04,0,0,0,0,0,332
1321220069379,90248NDPND14705,N230,2021,03,0,0,0,0,0,325
1323222238976,60609CDPRD6W41S,67-56-1,2023,03,1,0,0,0,0,4246
1324222704292,5240WBSYST78256,7439-92-1,2024,02,0,0,0,0,0,334
1314213043918,85242MGCPR6560S,7664-41-7,2014,05,0,0,0,0,0,325
1318217398445,30117DCSTR1DECM,108-88-3,2018,03,0,0,0,0,0,336
1318216750164,03251BRNDYRT3AC,N511,2018,01,1,0,0,1,0,335
1320218674695,52156SWSSVHWY18,79-21-0,2020,03,0,0,0,0,0,311
1323222329625,0496WCNBRF335HU,7439-96-5,2023,04,0,0,0,0,0,332
1314212368524,07470NRTNC150DE,7664-41-7,2014,03,0,0,0,0,0,326
1314212443218,19936PPGNDCOUNT,N982,2014,04,0,0,0,0,0,325
1324222734067,60609CDPRD6W41S,107-21-1,2024,04,1,0,1,0,0,4246
1314212541080,44024LSTCH145PA,96-45-7,2014,04,0,1,1,0,0,326
1314212638011,53929WLKRS902SE,7440-02-0,2014,04,0,0,0,0,0,332
1320219169873,6412WDTCHN951NT,N535,2020,01,0,0,0,0,0,325
1321219905130,56284STHRNEASTH,7783-06-4,2021,04,1,0,0,1,0,311
1316215539774,35401BLCKW4601S,191-24-2,2016,03,0,0,0,0,0,324
1319218026971,2421WHPCXX26252,7429-90-5,2019,05,0,0,0,0,0,332
1319217629613,35631MCFRTCORNE,7664-41-7,2019,05,0,0,0,0,0,325
1320219294408,2967WRMFXX1515L,N982,2020,04,1,0,0,0,0,332
1319217798685,30030TLNTM224RI,100-42-5,2019,04,0,0,0,0,0,326
1322221332644,71429FLRNPHWY17,75-07-0,2022,02,1,0,0,1,0,321
1317216617605,55987HSRRT1685W,7439-92-1,2017,02,0,0,0,0,0,327
1320219123876,21720FLTCN12129,67-56-1,2020,04,0,0,0,0,0,313
1314212682571,7976WCMRNN25STE,7439-97-6,2014,02,0,0,0,0,0,334
1314212797260,90023RCDNC3225E,N230,2014,03,0,0,0,0,0,332
1324222588687,48161NRTHS3000E,N420,2024,05,0,0,0,0,1,331
1318218234235,30062FLXBL1881W,111-42-2,2018,03,0,0,0,0,0,325
1320219037785,16143YNGGLPOBOX,7439-92-1,2020,03,0,0,0,0,1,332
1323221667138,61364PBDYM1621S,7440-47-3,2023,04,0,0,0,0,0,336
1319218082826,9530WBRBSC22EGR,MIXTURE,2019,01,0,0,0,0,0,337
1320219303258,8100WVSTST1TWER,71-36-3,2020,04,0,0,0,0,0,332
1321219631431,74116JHNZN11920,7439-96-5,2021,04,0,0,0,0,0,332
1317216498497,02703LCHGR49PEA,N100,2017,03,1,0,0,1,0,339
1322221218718,78407JVLNC5314I,74-85-1,2022,05,0,0,0,0,0,324
1320218694180,14825VLCRF5362R,7439-96-5,2020,05,0,0,0,0,0,332
1318219407107,78407JVLNC5314I,115-07-1,2018,05,0,0,0,0,0,325
1315215278742,75160VKSTH17MET,N010,2015,03,0,0,0,0,0,326
1324223120092,27360THMSM1024R,N420,2024,05,0,0,0,0,0,332
1321219452632,26050HMRLGSIXTH,N096,2021,03,0,0,0,0,0,327
1324222974560,19382SRTMRBOLMA,108-88-3,2024,05,0,0,0,0,0,325
1314212822377,54952WSCNS3RDAN,7664-41-7,2014,03,0,0,0,0,0,322
1316215037514,24201SNDVK1000I,7439-96-5,2016,04,0,0,0,0,0,332
1317216376640,28669BTBPRHWY26,N420,2017,02,1,0,0,1,0,321
1315214137147,30027KPPRS1579K,N020,2015,06,1,1,1,0,0,325
1315214368185,01757BNJMN49SUM,N982,2015,05,0,0,0,0,0,325
1318216889182,42101CLTND1801R,7439-92-1,2018,01,0,0,0,0,1,336
1315213804723,02865TNRYN6NEWE,N100,2015,03,0,0,0,0,0,332
1322221066665,84115DCRPR2645S,N420,2022,04,0,0,0,0,0,334
1324222668535,8940WCRBLN95AIR,1330-20-7,2024,03,0,0,0,0,0,325
1315213720624,77028RSSLL4004H,100-41-4,2015,03,0,0,0,0,0,332
1321220382295,33626RPTRN13750,7439-92-1,2021,03,0,0,0,0,0,334
1315213934639,44258RCPPR230NS,7440-50-8,2015,04,0,1,1,1,0,332
1315214331302,00804SSSTTCYRIL,95-63-6,2015,04,0,0,0,0,0,4247
1314213106053,45331NDRSN5728E,7664-41-7,2014,04,0,0,0,0,0,325
1318217080466,1907WTHBNGSTEWA,79-01-6,2018,04,0,0,0,0,0,336
1321220184028,92649SPDYC5332C,N420,2021,02,0,1,0,0,0,334
1317216237242,70737SHLLCRIVER,7782-50-5,2017,05,0,0,0,0,0,325
1324222848564,3762WTRCTY161AR,N495,2024,02,0,0,0,0,1,331
1315214062566,54952WSCNS3RDAN,7664-41-7,2015,03,0,0,0,0,0,322
1324222821581,6672WHLNDS3928R,100-41-4,2024,02,0,0,0,0,0,337
1318217238765,38108BCKMN1256N,7664-41-7,2018,04,1,0,0,1,0,325
1314212412439,46131SSXGR3200E,7440-50-8,2014,06,0,0,0,0,0,331
1318220596528,7601WHNTSM3315E,107-21-1,2018,05,0,0,0,0,0,325
1323222137895,4783WVCBRZ1825E,1330-20-7,2023,05,0,0,0,0,0,325
1316215294986,63640HFFYB2055P,N090,2016,05,0,0,0,0,0,332
1317216491492,37620BCHML501FI,67-56-1,2017,04,0,1,0,0,0,325
1322220751491,49120NTNLS1631L,7440-02-0,2022,04,0,0,0,0,0,331
1323221642186,75006TXSFN1801S,1330-20-7,2023,03,0,0,0,0,0,332
1323222180275,01757BNJMN49SUM,1330-20-7,2023,04,0,0,0,0,1,325
1317216778011,49601VNPRT53EIG,872-50-4,2017,04,0,0,0,0,0,339
1320219358633,70634WSTVCPOBOX,80-05-7,2020,03,0,0,0,0,0,325
1314213045368,19353CZNKS210PH,N230,2014,04,0,0,0,0,0,325
1316215766991,19520GRCCH47PAR,N420,2016,02,0,0,0,0,0,325
1316215449909,3003WKLKLK5224S,7440-47-3,2016,03,0,0,0,0,0,333
1321220372383,30213RLSTN5001F,N982,2021,03,0,0,0,0,0,311
1321219601477,60139WBSTR704EF,7664-41-7,2021,03,0,0,0,0,0,332
1323221948553,7406WQKWTR8939W,7440-02-0,2023,03,0,0,0,0,0,333
1314212560306,81001SHLND250WI,107-21-1,2014,05,0,0,0,0,0,325
1318217538356,33597RBBNSSR50S,N090,2018,04,0,0,0,0,0,321
1320219010485,29250WSTNGPOBOX,7697-37-2,2020,05,0,0,0,0,0,325
1322221371154,98107LYMPC1141N,100-41-4,2022,03,0,0,0,0,1,325
1320219277605,60007RCTRN1150P,7439-92-1,2020,03,0,0,0,0,0,334
1323221949629,12498GGRTR7HASB,7439-92-1,2023,02,0,0,0,0,0,333
1315213882691,52553WCKRB1WACK,108-88-3,2015,04,0,0,0,0,0,311
1314212321766,7750WBYPRT143PR,7439-92-1,2014,01,0,0,0,0,1,327
1314212892069,58102TCTNX44011,100-42-5,2014,04,0,0,0,0,0,326
1320218693113,1902WDRKRF29SAM,7440-50-8,2020,04,0,0,0,0,0,333
1324223160742,28364CMPBLRT2HI,7697-37-2,2024,03,0,0,0,0,0,311
1316215066895,9006WTRBGN544MC,7439-92-1,2016,02,0,0,0,0,0,334
1322221431051,78521NRTNC1505M,108-95-2,2022,04,0,0,0,0,0,327
1321219468612,52156SWSSVHWY18,N230,2021,02,0,0,0,0,0,311
1320218578096,55350HRCLS35ADA,7664-41-7,2020,04,0,0,0,0,0,311
1319218139297,37406WDBRD100JU,584-84-9,2019,05,0,0,0,0,0,326
1318217322496,25703RBRLT2501G,107-21-1,2018,04,0,0,0,0,0,339
1321220163620,42141MKBRK1765C,7440-66-6,2021,02,0,1,0,0,0,336
1314212551156,68131RBRTS2901C,7697-37-2,2014,04,0,0,0,0,0,311
1314212983441,48764TWSPL510IN,7697-37-2,2014,03,0,0,0,0,0,332
1316214966451,54115NCLTP200MA,7647-01-0,2016,01,1,0,0,0,0,322
1322220941330,37322STRMC240IN,7697-37-2,2022,03,0,0,0,0,0,332
1322221441355,37744TRWNCSNAPP,7439-92-1,2022,03,0,0,0,0,0,333
1321220032561,1938WJHNSN141KI,7440-50-8,2021,03,0,0,0,0,0,331
1315214252761,42164SMTML796SM,7440-50-8,2015,04,0,0,0,0,0,335
1315213906466,71001CNGRBHWY80,N511,2015,01,1,0,0,1,0,311
1322221467335,30144CHMTR1825C,106-94-5,2022,05,0,0,0,0,0,325
1317216191369,46241RLLYT1500S,75-07-0,2017,05,0,0,0,0,0,325
1318217022603,7704WPGNTR1611V,7440-02-0,2018,04,0,1,1,0,0,332
1322220740094,75006TXSFN1801S,N230,2022,03,0,0,0,0,0,332
1314212352850,48060TNDCS24071,7697-37-2,2014,04,0,0,0,0,0,332
1320219291960,27709SCMMT2601W,N450,2020,04,0,0,0,0,0,331
1318219028255,0150WNCMNC242ST,N420,2018,02,0,0,0,0,0,327
1314212509727,68467SNDST2800D,7440-50-8,2014,04,0,0,0,0,0,336
1315214357600,55379CRPMT7632H,N450,2015,05,0,0,0,0,0,325
1315213196013,44004VTSCH4741K,107-21-1,2015,04,0,0,0,0,0,327
1323221626664,37644SNPNTSTATE,7439-92-1,2023,05,0,0,0,0,0,332
1316215580061,0887WRCHML18USH,75-05-8,2016,04,0,0,0,0,0,325
1318216910291,27886LCTLT2801A,7440-50-8,2018,06,0,0,0,0,0,331
1324222851836,6013WTHLNC769IN,N120,2024,03,0,0,0,0,0,336
1315213673104,08067THGNCUSRTE,75-01-4,2015,06,0,0,0,0,0,325
1314212324457,64865MLNTC105WA,N511,2014,01,1,0,0,1,0,311
1324222577963,77705SRTMR11455,107-05-1,2024,04,0,0,0,0,0,325
1318217137468,44111BRTPL3000W,7440-50-8,2018,05,0,0,0,0,0,332
1316215493901,77465CHVRNSTATE,100-41-4,2016,06,1,0,1,0,0,325
1319218487801,08071KTRNLRUTES,N420,2019,03,0,1,0,1,0,334
1324223012612,16424MLDDFEASTE,100-42-5,2024,04,0,0,0,0,0,326
1324222518856,25502GDYRTSTRT2,123-91-1,2024,04,1,0,0,1,0,325
1315213249562,27533PVNRT1200A,7440-47-3,2015,04,0,0,0,0,0,333
1317216293643,45216FRSFR110EA,75-07-0,2017,04,0,0,0,0,0,311
1324222987063,45212MSCNC2909H,110-54-3,2024,05,0,1,1,0,0,4246
1323222346126,4817WRLKNS41144,N096,2023,04,1,1,1,0,0,331
1322220750475,74101CHRMM412NC,N420,2022,04,0,0,0,0,0,332
1320218593693,38372PRXSN435IN,100-42-5,2020,05,0,0,0,0,0,326
1324223091644,70776CBGGYRIVER,122-34-9,2024,06,1,0,0,0,1,325
1315214213579,12883NTRNTSHORE,N420,2015,01,1,0,0,1,1,322
1314212512925,55987LKCNT5752I,N420,2014,03,0,0,0,0,0,336
1315213993102,95828CRTLD59008,74-90-8,2015,01,1,0,0,1,0,325
1322220766455,48507PRMRP6220L,N230,2022,05,0,0,0,0,0,325
1316215191800,02840NWPRT312CN,67-56-1,2016,05,0,0,0,0,0,325
1319218032237,53042LKTLK9278T,N511,2019,03,1,0,0,1,0,311
1316215446218,46176RYBDC800MA,7439-96-5,2016,04,0,0,0,0,0,331
1315213716362,15146PPGND440CO,7439-97-6,2015,01,0,0,0,0,0,325
1316215045333,07083LCNPW901LE,7440-50-8,2016,06,0,1,1,0,0,331
1318217398407,30117DCSTR1DECM,100-41-4,2018,03,0,0,0,0,0,336
1323221556069,17026KYSTNCHEST,N511,2023,04,1,0,0,1,0,311
1314213028020,99212NLNDMN3320,67-56-1,2014,02,1,0,0,1,0,322
1316215127186,01260MDSPCWILLO,50-00-0,2016,02,0,0,0,0,0,322
1323221677356,32672MRTNM498OA,7439-92-1,2023,04,0,0,0,0,0,334
1315213684576,50138MNNST3406E,100-41-4,2015,04,0,0,0,0,0,322
1319218549564,46767FRDNB1496G,872-50-4,2019,03,0,0,0,0,0,326
1315213805967,40403MTRWHGLADE,7440-47-3,2015,05,0,0,0,0,0,332
1316215630575,27330WBRSN2101N,7429-90-5,2016,04,0,0,0,0,0,336
1315214417115,77389PLYTH2400S,MIXTURE,2015,02,0,0,0,0,0,325
1314213018930,32674MRGNC1701S,107-21-1,2014,02,0,0,0,0,0,336
1317216424960,77028RSSLL4004H,108-95-2,2017,03,0,0,0,0,0,332
1315214264350,54307FRTHW1919S,7664-93-9,2015,01,1,0,0,1,0,322
1314212860771,66115GNBNC3001F,7440-36-0,2014,04,0,0,0,0,0,335
1324223092824,4070WRPSCN13W23,7439-92-1,2024,04,0,0,0,0,0,334
1318217337373,03452MLLPRPRESC,75-09-2,2018,04,0,0,0,0,0,334
1320218764746,4831WNNVTV68115,7439-92-1,2020,03,0,0,0,0,0,334
1324222895702,9732WCMCMN375AR,107-21-1,2024,03,0,0,0,0,0,325
1323222044024,37744TRWNCSNAPP,7439-96-5,2023,04,0,0,0,0,0,333
1320219226584,4816WHNRBC3SHIL,7439-96-5,2020,03,0,0,0,0,0,332
1323222265542,07727PPLCD5029I,7439-92-1,2023,03,0,0,0,0,0,334
1317215909932,3031WCNTRY72MET,7664-41-7,2017,04,0,0,0,0,0,311
1315218636811,85301GLBRT5310W,7439-92-1,2015,03,1,0,0,1,0,332
1316218654604,48066PLLPL15765,N495,2016,04,1,0,0,1,0,332
1322221324217,33860WSTVCPOBOX,N230,2022,04,0,0,0,0,0,325
1323221566173,80026DHRMC265CR,75-05-8,2023,03,0,0,0,0,0,325
1322220805725,28075FLRDSHWY49,N230,2022,03,0,0,0,0,0,332
1318216983445,16749QKRSTINTER,191-24-2,2018,01,1,0,0,1,0,324
1321219774484,39307FRBNK239W6,N450,2021,03,0,0,0,0,0,333
1319217710161,04841FSHRN50GOR,N090,2019,03,0,0,0,0,0,333
1319218092005,47150BLGRS895IN,N100,2019,05,1,0,1,0,0,325
1322220679346,52156SWSSVHWY18,7697-37-2,2022,03,0,0,0,0,0,311
1324222418509,53573WSCNS810NE,N100,2024,04,1,0,0,1,0,332
1321222574345,46714MTLDY131WH,7440-50-8,2021,04,0,0,0,0,0,336
1317216573612,49015TKRKS100HI,7439-92-1,2017,03,0,0,0,0,0,336
1322220756757,91761NMLDB1750M,N511,2022,04,1,0,0,1,0,332
1315213967641,07114RHSKR131MA,N495,2015,04,0,0,0,0,0,311
1323221720129,61455NTNBW711NO,7664-41-7,2023,03,0,0,0,0,0,332
1314215804497,41144MTKMC300HA,75-09-2,2014,04,0,0,0,0,0,326
1323222378972,57262WDLND2415E,67-56-1,2023,04,0,0,0,0,0,337
1319217777630,7975WCTLYS11999,7664-41-7,2019,04,1,0,0,1,0,325
1319218212557,37644SNPNTSTATE,7439-92-1,2019,05,0,0,0,0,0,332
1317216245175,46176RYBDC800MA,7440-50-8,2017,02,0,0,0,0,0,331
1315214379758,52761GRNPR1600O,7664-41-7,2015,04,1,0,0,1,0,311
1314212682102,39440MSNTCSOUTH,7439-92-1,2014,01,1,0,0,1,1,321
1323222422572,4816WWBSTR55111,107-21-1,2023,04,0,0,0,0,0,336
1315214006443,12150SCHNC1000M,1330-20-7,2015,05,0,0,0,0,0,325
1315214438246,9270WJDPRC222CA,7440-47-3,2015,01,0,0,0,0,0,332
1315213903572,81001SHLND250WI,7664-41-7,2015,06,1,0,1,0,0,325
1317216617302,5510WPRFND51STA,7440-50-8,2017,03,0,0,0,0,0,331
1321220477400,43612PRSTR600MA,67-56-1,2021,06,0,0,0,0,0,325
1316215706476,81501CPCNC1328W,7439-92-1,2016,02,0,0,0,0,1,332
1323222277030,11706STRLC1714T,N100,2023,04,0,0,0,0,0,332
1321220471623,37744TRWNCSNAPP,100-41-4,2021,03,0,1,0,0,0,333
1319217981315,14094CNDLL24MIC,71-36-3,2019,03,0,0,0,0,0,337
1319217819426,4601WNSTS431W7X,79-21-0,2019,03,0,0,0,0,0,311
1315213959606,46992THFRD775MA,N982,2015,05,1,0,0,1,0,331
1314212304998,14304CHRSR5300F,7647-01-0,2014,04,1,0,0,1,0,2211
1314219435272,30549KBTND11MCC,7439-96-5,2014,05,0,0,0,0,0,333
1321219469727,28315CRLNGSR207,7440-50-8,2021,05,0,0,0,0,0,331
1316215588587,13601KNWLT213FA,50-00-0,2016,03,0,0,0,0,0,322
1314212790758,06516NTHNN350FR,N100,2014,05,0,0,0,0,0,325
1318217149184,38109BRMNG3601P,N495,2018,03,0,1,0,0,1,331
1317216110041,76086CHMCL1020E,N090,2017,03,0,0,0,0,0,336
1316215288390,75082FJTSN2801T,7439-92-1,2016,02,0,0,0,0,0,334
1324222833461,45373LCPCR421SO,67-56-1,2024,04,0,0,0,0,0,322
1317215868050,92355BNNZL11711,1330-20-7,2017,03,0,0,0,0,0,331
1315214428435,90064BRRYV2210B,7697-37-2,2015,04,0,0,0,0,0,332
1316215260187,54812JRMFD34N7T,7664-41-7,2016,04,0,0,0,0,0,311
1315213662000,60139WBSTR704EF,7440-50-8,2015,04,0,0,0,0,0,332
1315214331466,00965SSCTBSTATE,91-20-3,2015,07,0,0,0,0,0,4247
1324222706943,54703WDCLG4780E,7439-92-1,2024,01,0,0,0,0,1,321
1323221628175,97479RNCSY814AI,100-42-5,2023,04,0,0,0,0,0,326
1314215376753,0377WWHTMN35BUS,67-56-1,2014,05,0,0,0,0,0,325
1317215931888,45242CNCNN5901C,7440-47-3,2017,02,0,0,0,0,0,332
1317216464014,49085NDRSN216UP,1330-20-7,2017,02,0,0,0,0,0,332
1315214445417,55113SFLTR2430R,N100,2015,03,1,0,1,0,0,562
1315214457792,24301WSTPNBURGI,84-74-2,2015,03,0,0,0,0,0,313
1317216191320,80504PRCSN74WEL,79-01-6,2017,04,0,0,0,0,0,332
1319218205944,55317QNTMC1691L,7439-92-1,2019,02,0,0,0,0,0,335
1320218723500,48823SPRRB4893D,7440-50-8,2020,05,1,1,1,1,0,331
1314213106634,56001MNKTN1FAZI,110-54-3,2014,04,0,0,0,0,0,2211
1314212919144,9577WMSFRW1485T,7440-02-0,2014,05,0,0,0,0,0,332
1324223108756,53545SHRXC2001A,75-56-9,2024,01,0,0,0,0,1,325
1317215967910,14620MCRWV175SC,7439-92-1,2017,02,1,0,0,1,0,334
1323222060725,43612CHMBN6175A,50-00-0,2023,06,1,0,1,0,0,325
1314212659650,83835TRNST1070A,7439-92-1,2014,02,0,0,0,0,1,335
1323222164372,46383PFZRP4901E,7664-41-7,2023,05,0,0,0,0,0,325
1316215381219,89408QBCRP2000E,108-88-3,2016,05,0,0,0,0,0,323
1321220516355,02780TNTNM1314S,191-24-2,2021,02,1,0,0,1,1,2211
1315213983810,84088MRCNW5520W,7439-96-5,2015,04,0,0,0,0,0,332
1314212566564,08052CVCSP2980R,106-89-8,2014,05,0,0,0,0,0,325
1315213896525,00621SLNDCLUCHE,108-10-1,2015,03,0,0,0,0,0,332
1316215081860,47501GRNPR2000S,75-21-8,2016,05,0,0,0,0,0,311
1321219926639,45241DLTSC11500,7440-36-0,2021,03,0,0,0,0,0,326
1319218504203,90248CSTPL128W1,N090,2019,05,0,0,0,0,0,332
1316215676952,19380ZKSCM1302G,7440-47-3,2016,03,0,0,0,0,1,333
1323221596556,00632BCRDCSTREE,N590,2023,03,1,0,0,1,0,3121
1324223203807,77507HLDRT10010,N770,2024,05,0,0,0,0,0,325
1319218157384,38965CLTNDHIGHW,7439-92-1,2019,03,0,0,0,0,0,336
1314212311500,38372PRXSN435IN,100-42-5,2014,04,0,0,0,0,0,326
1315214896401,14825VLCRF5362R,78-92-2,2015,03,0,0,0,0,0,332
1315213706017,76504CNTRF3320P,N100,2015,04,0,0,0,0,0,331
1314212890913,1180WDVSVS17EXP,N420,2014,03,0,0,0,0,0,339
1323222196899,0183WDWRDS2CREE,7439-92-1,2023,03,0,0,0,0,0,333
1317216707846,3708WRLNCW11CEN,N106,2017,02,0,0,0,0,0,332
1321220555650,61856VBNCR226WE,110-54-3,2021,03,0,0,0,0,0,311
1323222277016,36652SCTTPBAYBR,N511,2023,04,1,0,0,1,0,322
1321220516189,53563XXNCH1012T,75-21-8,2021,05,0,0,0,0,0,325
1322221543162,71901CHMFB1923C,N420,2022,03,0,0,0,0,0,336
1324222583268,77041TSHBN13131,7440-02-0,2024,05,0,0,0,0,0,335
1324222746113,3545WSMPTM1799E,100-41-4,2024,04,0,0,0,0,0,336
1320218726634,44024LSTCH145PA,149-30-4,2020,03,0,1,1,0,0,326
1314212556740,46750MCSTL25CMM,N090,2014,06,0,0,0,0,0,332
1324223048671,33760SNGLP14493,7440-43-9,2024,03,0,0,0,0,0,332
1322220845022,79720FBRCM364BE,100-42-5,2022,05,0,0,0,0,1,333
1315213766393,73036GMNLC101SW,108-88-3,2015,05,0,0,0,0,0,325
1316215444136,3768WRBBRT7INDU,584-84-9,2016,03,0,0,0,0,0,326
1323221611320,03062TRDYN4PITT,7647-01-0,2023,02,1,0,0,0,0,334
1314212611634,56627PGHLLHWY71,7664-41-7,2014,03,0,1,0,0,0,321
1320219216381,3774WHFNRT395TE,1330-20-7,2020,04,0,0,0,0,0,332
1324222518072,04210STRLNPIONI,191-24-2,2024,01,1,0,0,1,0,326
1314212318341,47150SPWNM2049I,50-00-0,2014,04,0,0,0,0,0,325
1316215146059,31030BLBRDNORTH,107-21-1,2016,04,0,0,0,0,0,336
1316215577255,37331MNVLLHWY41,50-00-0,2016,03,0,0,0,0,0,313
1314212907366,18707GSLDS125CR,7664-39-3,2014,03,0,0,0,0,0,334
1315213853563,3505WLBMCL46ALA,7440-47-3,2015,02,0,0,0,0,1,336
1320219289889,29607RYMTL12MCD,N982,2020,03,1,0,0,0,0,332
1324223005479,7780WLQDPW1331I,110-54-3,2024,04,0,0,0,0,0,325
1314212450771,30103LGCHM31LGD,117-81-7,2014,04,0,0,0,0,0,325
1324222630321,76044WNLTL121CU,7439-92-1,2024,04,0,0,0,0,0,325
1314212748709,3730WDYNST11DYN,100-42-5,2014,04,0,0,0,0,0,326
1314211927468,63139LSLFM6800A,79-01-6,2014,04,0,0,0,0,0,332
1316215545450,54307FRTHW1919S,7664-93-9,2016,01,1,0,0,1,0,322
1323221748130,3762WTRCTY161AR,N982,2023,05,0,0,0,0,1,331
1323221790672,90250SLCTR2533C,7439-92-1,2023,02,0,0,0,0,0,334
1317216618090,7757WGSNNV185EH,115-07-1,2017,05,0,0,0,0,0,4247
1324222986135,90266TRWNC3001A,67-56-1,2024,03,0,0,0,0,0,336
1316215604772,31545TTRYNSAVAN,120-80-9,2016,04,1,0,0,0,0,322
1322221461623,2811WPRTPS41VAN,100-42-5,2022,03,0,0,0,0,0,327
1315213760477,9363WBLTMR15341,N090,2015,04,0,0,0,0,0,333
1321220024893,22601SLLVN1944V,108-10-1,2021,04,0,0,0,0,0,326
1314212823254,14304NRTNW6600W,N511,2014,02,1,0,0,1,0,327
1323222343840,95828CRMCR59508,N420,2023,03,0,0,0,0,0,332
1323221925807,94952CLVRS91LAK,7697-37-2,2023,01,0,0,0,0,0,311
1323221571399,80216FPLYM46HLL,N120,2023,04,0,0,0,0,0,325
1319217782135,57262WDLND2415E,67-56-1,2019,04,0,0,0,0,0,337
1322220660132,48084SLZRP1972M,N100,2022,04,1,1,1,0,0,331
1314212893022,53585XCTNC2LDFA,N230,2014,04,0,0,0,0,0,325
1314211925084,77705NTRNT500IN,N982,2014,05,1,1,0,1,0,332
1321219891850,39440MSNTCSOUTH,67-56-1,2021,01,1,0,0,1,0,321
1323221713427,61702BRDGSVETER,191-24-2,2023,01,1,0,0,1,1,326
1318217033240,2421WHPCXX26252,7440-66-6,2018,05,0,0,0,0,0,332
1316215544937,50616SLSBR1900R,108-90-7,2016,05,0,0,0,0,0,325
1318216834768,77590MCLCM24015,108-38-3,2018,08,1,0,1,0,0,325
1322220781328,33710MLXTC23757,7440-50-8,2022,05,0,0,0,0,0,334
1323221546928,60102WCNDT821WE,106-94-5,2023,03,0,0,0,0,0,332
1324222732327,89431GRNGP909EG,117-81-7,2024,05,0,0,0,0,0,326
1318216981819,37406WDBRD100JU,584-84-9,2018,05,0,0,0,0,0,326
1324222588598,48161NRTHS3000E,N040,2024,04,0,0,0,0,1,331
1324222765416,90745HCKMN900WA,7697-37-2,2024,04,0,0,0,0,0,332
1324222997722,3934WLZBYN9482E,N420,2024,01,0,0,0,0,0,337
1319217746890,48030KCJNS321WT,7697-37-2,2019,03,0,0,0,0,0,332
1318217014632,64093GTSNR617NO,N420,2018,06,1,0,1,0,0,335
1316215445747,17981DYTNS55NPI,7440-47-3,2016,04,0,0,0,0,0,332
1320219197136,49601RBRKS201HA,108-88-3,2020,04,0,0,0,0,0,332
1317216114811,48205NDSTR11900,108-95-2,2017,03,0,0,0,0,0,327
1318216924555,9176WDNCNX1745E,7697-37-2,2018,04,0,0,0,0,0,332
1314213144835,32501RZNCH411SO,108-95-2,2014,05,0,0,0,0,0,325
1322222549901,01472HLLNGTOWNS,N982,2022,05,0,0,0,0,0,322
1319218203851,92806PRCSN1601N,7697-37-2,2019,03,0,0,0,0,0,332
1314212383071,85706CRLXC7800S,7647-01-0,2014,02,1,0,0,1,0,331
1316215694819,98134LSKNC32006,N090,2016,04,0,0,0,0,0,332
1316215362144,26164PCHNYROUTE,N150,2016,12,1,0,0,0,0,331
1317216190049,15146PPGND440CO,7439-97-6,2017,01,0,0,0,0,0,325
1315214033680,66536NYXCL22AND,100-42-5,2015,05,0,0,0,0,0,326
1315214043527,38108QCHMC3324C,1634-04-4,2015,04,0,0,0,0,0,325
1322220764765,42343NTNLFHIGHW,1330-20-7,2022,03,0,0,0,0,0,337
1320218769572,97210SCCRP2211N,80-05-7,2020,03,0,0,0,0,0,331
1319217661077,5579WVRGNP6182N,N420,2019,01,1,0,0,1,1,2211
1317216229575,75050SMNSN501FO,7440-50-8,2017,06,0,1,1,1,0,335
1316215462742,56621TMNDS15PAR,N100,2016,05,0,0,0,0,0,336
1323222285975,48057HSPTR4150S,108-88-3,2023,02,0,0,0,0,0,325
1317215945332,4739WMRSXC241NE,7440-47-3,2017,05,0,0,0,0,0,332
1324222910984,4737WFRTRC71ECR,7440-50-8,2024,04,0,0,0,0,0,332
1314212654166,80110KLPPN2627W,7440-47-3,2014,04,0,0,0,0,0,332
1324222849489,53538LCTRN1100N,N420,2024,02,0,0,0,0,0,334
1316215066364,15857PWDRM879WA,7440-02-0,2016,04,0,0,0,0,0,332
1318217735529,03251BRNDYRT3AC,N100,2018,05,1,0,0,1,0,335
1320219393372,77389PLYTH2400S,67-56-1,2020,04,0,0,0,0,0,325
1319218261939,06354GRSWL1RIVE,191-24-2,2019,01,1,0,0,1,0,326
1318216912651,63468CRRCP516WE,7439-92-1,2018,01,0,0,0,0,0,331
1318217307406,44460WRRNM800PE,1330-20-7,2018,03,0,0,0,0,0,326
1314212783169,77507NVMLC10200,71-36-3,2014,05,1,1,1,0,1,325
1318217176775,5391WTLPLS16TEE,N420,2018,03,0,0,0,0,0,326
1315214277105,36105HYNDM7HYUN,91-20-3,2015,05,0,0,0,0,0,336
1316215076439,55987WTLWW1241B,N420,2016,03,0,1,0,0,0,334
1322220857181,30073JYCHM1400I,68-12-2,2022,05,0,0,0,0,0,325
1317216607376,95023PCFCP2340B,67-56-1,2017,04,0,0,0,0,0,325
1316215373022,74116LMFNS2104N,N090,2016,05,0,0,0,0,0,336
1316215373059,74116LMFNS2104N,108-88-3,2016,03,0,0,0,0,0,336
1314212396574,45069PLZRC553UN,7439-92-1,2014,02,0,0,0,0,0,335
1317215909589,29526HNYWL440AL,N495,2017,05,0,1,0,0,0,332
1322220648113,02860CLYNC50EST,68-12-2,2022,03,0,0,0,0,0,313
1320220657478,3762WTRCTY161AR,N495,2020,02,0,0,0,0,1,331
1324223119633,8554WFDRLC1529W,7439-92-1,2024,01,0,0,0,0,0,999
1320218648095,37406SYNRC2003A,91-08-7,2020,05,0,0,0,0,0,325
1318217153598,32905MCSSM2755K,N420,2018,02,0,0,0,0,0,334
1315214223238,46933FRNKL100SC,N420,2015,03,0,0,0,0,0,334
1321220041990,50595VNDSTOLDHW,27314-13-2,2021,04,0,0,0,0,0,325
1315214040178,47805LCNRL5901N,N420,2015,02,0,0,0,0,1,331
1320219065962,54952WSCNS3RDAN,N100,2020,01,0,0,0,0,0,322
1315214222681,40065BNDMN2720P,108-88-3,2015,04,0,0,0,0,0,326
1322220997175,19510CNCRPEXCEL,71-36-3,2022,04,0,0,0,0,0,332
1321220041976,50595VNDSTOLDHW,91-20-3,2021,05,0,0,0,0,0,325
1317216425571,42141MKBRK1765C,N010,2017,03,0,0,0,0,0,336
1321219529118,54153CRSRS205CH,100-42-5,2021,03,0,0,0,0,0,336
1315213810916,43223CNTRY802HA,68-12-2,2015,03,0,0,0,0,0,325
1317216606172,60013GNRLP201JA,1330-20-7,2017,04,0,0,0,0,0,325
1316215000694,27302SNDVK183DG,67-56-1,2016,02,0,0,0,0,0,333
1314212991386,9175WGSPLY3687B,N458,2014,01,0,0,0,0,0,325
1323222329308,2821WRGNTS3825P,67-56-1,2023,04,0,0,0,0,0,325
1323222337988,48084SLZRP1972M,N090,2023,04,1,1,1,0,0,331
1321219923671,44036LYRFN120FI,7440-50-8,2021,03,0,0,0,0,0,331
1314219435260,30549KBTND11MCC,7440-47-3,2014,05,0,0,0,0,0,333
1320219217205,2615WHNMTR71HIN,107-21-1,2020,04,0,0,0,0,0,336
1317216207629,5300WLLCST217WE,7440-50-8,2017,03,0,0,0,0,0,331
1323221605532,91331MCPRD12306,N230,2023,04,0,0,0,0,1,325
1323221771191,12920MCCDM23COL,7697-37-2,2023,04,0,0,0,0,0,311
1316215035433,08691WBTCH108NG,108-88-3,2016,03,0,0,0,0,0,323
1319218133597,6811WQNGLB571FS,75-09-2,2019,03,0,0,0,0,0,325
1316215682079,44711NNMTL19351,7439-96-5,2016,04,0,0,0,0,0,332
1315214135295,51031WLLSD1212N,N511,2015,04,1,0,0,1,0,311
1316215328788,36105HYNDM7HYUN,1330-20-7,2016,05,0,0,0,0,0,336
1315213889658,00617MRCKSSTATE,67-56-1,2015,04,0,0,0,0,0,325
1317216219295,49646CDNGP111WP,67-56-1,2017,04,0,0,0,0,0,322
1314211894706,17066WNSCRUSROU,131-11-3,2014,03,0,0,0,0,0,326
1324222690822,16749QKRSTINTER,110-82-7,2024,03,0,0,0,0,0,324
1322222500732,0176WSGNTC1GENE,N535,2022,01,0,0,0,0,0,999
1322220794630,54110PRFSSHWY10,N982,2022,03,0,0,0,0,0,332
1315214433258,77978FRMSPPOBOX,110-82-7,2015,07,1,1,0,1,1,325
1314212813962,75149LMXLM227TO,91-20-3,2014,03,0,0,0,0,0,332
1314213112028,48176SLNNS7700M,N230,2014,03,0,0,0,0,0,336
1314212735221,45885THGDY1115S,N590,2014,03,1,0,0,0,1,326
1315214102333,43567NTDTC555WL,N120,2015,05,0,0,0,0,0,999
1322220997124,19510CNCRPEXCEL,N230,2022,04,0,0,0,0,0,332
1316215702313,49862KMBRL601EM,7647-01-0,2016,04,1,0,0,1,0,322
1320218721025,08088CLNLC78CAR,107-21-1,2020,05,0,1,0,0,0,325
1324222711412,6054WMDWST2326E,N100,2024,04,0,0,0,0,0,321
1321220602926,4021WCRRRV34FER,N230,2021,02,0,0,0,0,0,333
1314212613665,07304DNLPR400CL,1330-20-7,2014,04,0,0,0,0,0,325
1317216616452,14304NRTNW6600W,7697-37-2,2017,04,0,1,0,0,0,327
1323221826201,8980WJYGLB4451P,7439-96-5,2023,03,0,0,0,0,0,999
1322220670347,53573WSCNS810NE,N100,2022,04,1,0,0,1,0,332
1318217411824,37744KRFTNBOHAN,7664-41-7,2018,03,0,0,0,0,0,311
1321220142172,77656STHHMFM418,7440-47-3,2021,01,0,0,0,0,0,325
1319218184012,75006THGLD1900J,N535,2019,05,0,0,0,0,0,325
1321219721560,01085WSTFL68NOR,N420,2021,02,0,0,0,0,0,332
1314212976462,98203PPLDT63MER,7439-92-1,2014,02,0,0,0,0,0,334
1314212873487,37801NPPND1720R,7440-50-8,2014,05,0,0,0,0,1,334
1322221148760,53233GBHRD2615W,N090,2022,03,0,0,0,0,0,316
1320218841435,44004MLDDF1601W,100-42-5,2020,05,0,0,0,0,0,326
1315214038440,43410WHRLP119BI,N982,2015,04,0,0,0,0,0,335
1319218525222,65440BCKSMHIGHW,N010,2019,06,1,0,1,1,1,331
1314212349676,13493MGWRNMAINS,7440-50-8,2014,07,0,0,0,0,0,331
1317216262156,75668RLLYTPOBOX,71-43-2,2017,03,0,0,0,0,1,325
1316215291651,2965WDRCRL2375H,7440-50-8,2016,04,0,0,0,0,0,332
1318216947921,80002FRNTR6155W,N495,2018,04,0,0,0,0,0,332
1324222603971,45891RQPCR1225W,N982,2024,05,1,0,0,0,0,332
1320219184936,7860WDRLNG264FA,7664-41-7,2020,04,1,0,0,1,0,311
1322220790164,05830NNBTTBAXTE,191-24-2,2022,01,0,0,0,0,0,333
1317216527465,92126NMPSX9395C,67-56-1,2017,03,0,0,0,0,0,325
1322220690123,47201MPCTF20805,7440-02-0,2022,04,0,0,0,0,0,332
1322221293754,44460WRRNM800PE,95-63-6,2022,03,0,0,0,0,0,326
1315213766330,73036GMNLC101SW,95-63-6,2015,04,0,0,0,0,0,325
1323221950951,2408WMPRLG4969S,7440-02-0,2023,05,0,0,0,0,0,332
1323221910755,0887WRCHML18USH,75-09-2,2023,03,0,0,0,0,0,325
1316215288109,22405CLNLC1026W,7440-50-8,2016,03,0,0,0,0,1,334
1322220701092,14304VSHYT2160L,7439-92-1,2022,02,0,0,0,0,0,334
1314211915119,33054DYPLS1251N,N120,2014,05,0,0,0,0,0,326
1318217149121,38109BRMNG3601P,N078,2018,04,1,0,0,0,1,331
1314212378424,73036GMNLC101SW,71-36-3,2014,05,0,0,0,0,0,325
1324223160654,2946WFRMNB124SP,80-62-6,2024,03,0,0,0,0,0,336
1324222524783,21502BLTPV11521,N590,2024,07,1,0,1,0,0,324
1324222710853,54021BRQST1600O,7440-50-8,2024,03,0,0,0,0,0,334
1320219112570,47362DNCRP2700E,108-95-2,2020,03,0,0,0,0,0,331
1315213797107,03851STRNB11IND,100-42-5,2015,02,0,0,0,0,0,336
1316214923169,97062PLSTF9665T,100-42-5,2016,03,0,0,0,0,0,326
1314212943334,77640FNLNDHIGHW,95-63-6,2014,03,1,0,0,0,0,324
1323222345973,30224HSHZK101GR,7439-96-5,2023,04,0,0,0,0,0,333
1314212568051,53589NRYLP501SW,N420,2014,03,0,0,0,0,1,313
1323221554557,48371MSPND45WAK,107-21-1,2023,03,0,0,0,0,0,332
1320218774673,2100WHRFRD2225P,7440-47-3,2020,04,0,0,0,0,0,332
1318217307204,49007KLSCN3713W,67-56-1,2018,04,0,0,0,0,0,311
1318217539550,60056RLNDB182CE,7439-92-1,2018,02,0,0,0,0,0,334
1315213965864,75006THGLD1900J,N420,2015,02,0,0,0,0,1,325
1319217685318,44203MLCPR361FA,67-56-1,2019,05,0,0,0,0,0,325
1316215031321,43055THKRG1701T,7697-37-2,2016,03,0,0,0,0,0,311
1320219246889,44460WRRNM800PE,1330-20-7,2020,03,0,0,0,0,0,326
1324223089107,1511WHLTCM76BRA,7440-47-3,2024,06,0,0,0,0,0,332
1323221818937,74403WNSBRYORKA,N420,2023,03,1,0,0,0,0,327
1316215288630,33597RBBNSSR50S,N020,2016,04,0,0,0,0,0,321
1316215269515,61821LLYNG17WWA,7439-96-5,2016,04,0,0,0,0,0,331
1314211946963,33853CTRSW650US,7664-41-7,2014,05,0,0,0,0,0,311
1316215781143,56303PRCSN6925S,7439-92-1,2016,02,0,0,0,0,0,339
1323222313999,13838MPHNL4060D,106-94-5,2023,03,0,0,0,0,0,334
1324223121207,48084SLZRP1972M,7429-90-5,2024,04,1,0,1,0,0,331
1320218863342,27360THMSM1024R,N420,2020,05,0,0,0,0,0,332
1318217507250,3886WGNRLT112BR,7440-50-8,2018,06,0,0,0,0,0,335
1317216276814,4537WCTLWX275US,N420,2017,02,0,0,0,0,0,333
1321219910256,47670TYTMT4000T,N495,2021,04,0,0,0,0,0,336
1321220412631,19061BPLCMPOSTR,106-99-0,2021,04,1,1,0,1,1,324
1322220931125,45373PTMTV1255A,7440-47-3,2022,02,0,0,0,0,0,336
1314212317061,51248SSCTD101W1,7697-37-2,2014,04,0,0,0,0,0,311
1323222292322,89429NVDWD1680S,N150,2023,17,0,0,0,0,1,321
1318216991758,15632DVNCD9001C,7439-92-1,2018,02,0,0,0,0,0,334
1315214189021,89408QBCRP2000E,N982,2015,04,0,0,0,0,0,323
1318216834111,42141MKBRK1765C,7440-66-6,2018,04,0,0,0,0,0,336
1315213624303,07095LCNBL11CRA,100-41-4,2015,03,0,0,0,0,0,332
1317216135602,16749QKRSTINTER,N420,2017,02,1,0,0,1,0,324
1316215074345,02370VNTRT30COM,108-88-3,2016,04,0,0,0,0,0,322
1322222500377,0176WSGNTC1GENE,N120,2022,01,0,0,0,0,0,332
1318216837904,47362DNCRP2700E,108-95-2,2018,03,0,0,0,0,0,331
1320218774216,1462WJFFRS135JE,7439-92-1,2020,03,0,0,0,0,0,334
1318217547417,28052FRGHT1400T,N450,2018,05,0,0,0,0,0,336
1321220606103,14611RCHST2CAIR,N511,2021,03,1,0,0,1,0,332
1317215830252,45036SCHMD360HA,100-42-5,2017,03,0,0,0,0,0,326
1315214038414,43410WHRLP119BI,N450,2015,03,0,0,0,0,0,335
1315213945607,72209MRNNM11605,108-10-1,2015,05,0,0,0,0,0,325
1318217139397,24505GRFFNADAMS,N450,2018,03,0,0,0,0,1,331
1316215274628,55435MGNTC7801C,872-50-4,2016,04,0,0,0,0,0,334
1315214166872,28054WLSHC207TE,79-06-1,2015,05,0,0,0,0,0,325
1322220984912,3290WMCKTC755TE,N420,2022,03,0,0,0,0,0,334
1324222947071,75090CPRBL4900M,7440-47-3,2024,05,0,0,0,0,0,335
1314212728719,43952BRMCHCOUNT,N420,2014,04,0,1,1,0,0,325
1314213122765,97070TYCLC125SW,7439-92-1,2014,01,0,0,0,0,0,334
1314212918989,37744BLLZNBALLR,7439-92-1,2014,04,0,0,0,0,1,331
1316215361369,17837PLYWR1BUFF,N982,2016,03,0,0,0,0,0,339
1321220100630,47546KMBLLW12TH,1330-20-7,2021,03,0,0,0,0,0,337
1318219044524,5203WBLLVS29427,1344-28-1,2018,04,0,1,0,0,0,327
1321219613460,12090FLRGL1LIBE,108-88-3,2021,04,0,0,0,0,0,322
1314212750044,3760WLMTXX167RW,7440-47-3,2014,02,0,0,0,0,0,333
1321220037511,92708KGSNC11215,79-01-6,2021,03,0,0,0,0,0,332
1319217671268,47112HDSNF545VA,79-21-0,2019,03,0,0,0,0,0,311
1314212623716,44258RCPPR230NS,7440-50-8,2014,04,0,1,1,1,0,332
1314212829271,56201JNNFD2505W,7664-41-7,2014,04,1,0,0,1,0,311
1315214469811,85301GLBRT5310W,7440-50-8,2015,04,1,0,0,1,0,332
1324223181898,0680WMMRYC3BERK,N511,2024,03,0,0,0,0,0,339
1315214142628,99224GDRCH11135,106-99-0,2015,02,1,0,0,1,0,336
1315214215168,50616SLSBR1900R,75-05-8,2015,04,0,0,0,0,0,325
1317216180772,45502NVSTR6125U,N230,2017,04,0,0,0,0,0,336
1315214241186,31021YKKPM100FI,N230,2015,04,0,0,0,0,0,332
1314212512937,29732TRXLG59HUE,7439-96-5,2014,04,0,0,0,0,0,333
1315213822226,6108WWHLCL29NLC,7440-50-8,2015,04,0,0,0,0,0,339
1324222899243,5359WSFCNC111KE,75-09-2,2024,04,0,0,0,0,0,325
1319218225718,61061BRDNNWHITE,50-00-0,2019,03,0,0,0,0,0,325
1315213764549,03103SNMNC140AB,7439-92-1,2015,03,0,0,0,0,0,334
1324222495653,58075PRMBR2441N,N120,2024,05,0,0,0,0,0,339
1323222255566,77630JMHBRFM736,75-15-0,2023,03,1,0,0,1,0,325
1320219209614,33805BGSHR1600K,7664-41-7,2020,04,0,0,0,0,0,311
1323221626536,37644SNPNTSTATE,7440-47-3,2023,04,0,0,0,0,0,332
1323221837139,19510CNCRPEXCEL,1330-20-7,2023,04,0,0,0,0,0,332
1323222338612,33316KRNKS1010S,95-63-6,2023,04,0,0,0,0,1,324
1322220852723,3735WRVGMN45PAR,79-94-7,2022,05,0,0,0,0,0,325
1322220752036,54220ZNTHS5710V,7440-50-8,2022,03,0,0,0,0,0,332
1315214399812,70075MRPHY2500E,7664-39-3,2015,05,0,1,0,0,0,324
1316215116599,75050SRGRD23501,67-56-1,2016,04,0,0,0,0,0,325
1315214073835,56073MCMPN1700N,N420,2015,02,0,0,0,0,0,335
1321220001073,37406SYNRC4001N,50-00-0,2021,05,0,0,0,0,0,325
1314212659763,0887WRCHML18USH,67-56-1,2014,03,0,0,0,0,0,325
1315213948262,38965CLTNDHIGHW,N530,2015,02,0,0,0,0,0,336
1317216135588,16749QKRSTINTER,110-82-7,2017,03,0,0,0,0,0,324
1317216244828,55901STFFR24027,7697-37-2,2017,04,0,0,0,0,0,311
1322221365404,5472WTTMTC85TEC,N100,2022,03,1,0,0,0,0,334
1314212681199,06492CNNCTTOELL,7440-50-8,2014,04,0,0,0,0,0,331
1318217647508,36505MVCCH12650,62-73-7,2018,05,1,0,1,0,0,325
1323221871837,35810TYTMT1CTTN,7440-02-0,2023,04,0,0,0,0,0,336
1320219034319,16749QKRSTINTER,191-24-2,2020,01,1,0,0,1,0,324
1320219236953,92101SLRTR2200P,7440-02-0,2020,04,0,1,0,0,0,333
1315214331516,00965SSCTBSTATE,1330-20-7,2015,08,0,0,0,0,0,4247
1317218613709,52361KNZMNI80AT,7440-02-0,2017,03,0,0,0,0,0,333
1316215442118,12072NDRSN156AU,7439-92-1,2016,02,0,0,0,0,0,334
1319217656418,30188NTLMR304BE,100-42-5,2019,04,0,0,0,0,0,326
1322221519061,01801LPHND20SYL,872-50-4,2022,04,0,0,0,0,0,334
1323221609872,0382WTRBCM38RED,N495,2023,04,0,0,0,0,0,332
1316215574361,71602TRFLR5100I,7439-92-1,2016,05,0,0,0,0,1,314
1316214982605,42701MSRCS2112N,108-88-3,2016,03,0,0,0,0,0,337
1319217854809,45036SCHMD360HA,100-42-5,2019,03,0,0,0,0,0,326
1315213658937,90280TCHNC11220,7440-50-8,2015,05,0,0,0,0,0,331
1315214162240,56284STHRNEASTH,N150,2015,12,1,0,0,1,0,311
1322221401197,37644SNPNTSTATE,7440-02-0,2022,05,0,0,0,0,0,332
1321220054985,21720FLTCN12129,67-56-1,2021,04,0,0,0,0,0,313
1324223149663,3029WCLRXP115LA,N230,2024,06,0,0,0,0,0,325
1322220703920,7601WHNTSM3315E,107-21-1,2022,05,0,0,0,0,0,325
1323221560030,0181WSTRMN6MINU,110-54-3,2023,03,0,0,0,0,0,339
1315213637539,38478MRCNM2360I,108-95-2,2015,04,0,0,0,0,0,331
1314211923267,85301FRBRD61N53,80-62-6,2014,01,0,0,0,0,0,326
1316215399472,42141FLKRB125BE,7440-47-3,2016,05,0,0,0,0,0,331
1323221664004,85210PHMNP112WI,7439-96-5,2023,01,0,0,0,0,0,333
1323221839285,55434NCRNP4000P,7664-41-7,2023,05,0,0,0,0,0,325
1322220877462,70578BKRPT135IN,91-20-3,2022,05,0,0,0,0,1,4246
1316215486109,5605WTBLKC52182,12185-10-3,2016,03,0,0,0,0,0,336
1314212943548,77640FNLNDHIGHW,95-47-6,2014,03,1,0,0,0,0,324
1315218588679,56308MCMPN2115S,108-95-2,2015,04,0,0,0,0,0,327
1320218853024,02370VNTRT30COM,108-88-3,2020,04,0,0,0,0,0,322
1322221324205,1443WTHMSL28DAV,N420,2022,02,0,0,0,0,0,334
1322220937294,80301DTRCH5601N,N495,2022,04,0,0,0,0,0,334
1321220091476,3518WCXWDF181BU,87-86-5,2021,04,0,0,0,0,0,321
1322221441241,28086CMMRC101CA,N420,2022,03,0,0,0,0,0,333
1323222361230,27886LCTLT2801A,N982,2023,03,0,0,0,0,0,331
1319218515548,95014KSRCMNAXXX,N090,2019,05,1,0,0,0,1,327
1315214079826,01888MDCNC64IND,108-88-3,2015,04,0,0,0,0,0,322
1318217197704,60120HNKLD1345G,108-88-3,2018,04,0,0,0,0,0,325
1323222282651,53233GBHRD2615W,7664-41-7,2023,03,0,0,0,0,0,316
1319217685611,44203MLCPR361FA,92-52-4,2019,04,0,0,0,0,0,325
1314212349892,25265FLMNPUSRT6,N420,2014,01,0,0,0,0,1,331
1317216762409,53901CPSLR2500W,50-00-0,2017,03,1,0,0,1,0,325
1317215919147,49423NTRRT1776A,108-88-3,2017,02,0,0,0,0,0,336
1315214117828,45891FDRLM150FI,N450,2015,03,0,0,0,0,1,339
1324222997847,8403WSTKRP27SHI,N511,2024,04,0,0,0,0,0,327
1322220810891,33597RBBNSSR50S,N420,2022,04,0,0,0,0,0,321
1318217042567,42303WRGRC5525U,110-82-7,2018,05,0,0,0,0,0,326
1315214331478,00804SSSTTCYRIL,91-20-3,2015,04,0,0,0,0,0,4247
1316214983506,79120SDPRTUSHIG,N511,2016,04,0,0,0,0,0,325
1322221445315,90001LLYSC1960E,N511,2022,03,1,0,0,1,0,332
1322221498417,7403WWBCND18256,7439-96-5,2022,05,0,0,0,0,0,331
1316215722594,49022THLMC1202T,108-88-3,2016,02,0,0,0,0,0,322
1315213217918,4484WJHNSM49LCK,N982,2015,05,0,0,0,0,0,326
1314212856645,54952CNTRL741FO,N511,2014,04,0,0,0,0,0,322
1322220836478,12090FLRGL1LIBE,108-88-3,2022,04,0,0,0,0,0,322
1316215184805,64051SRMYLINTER,7440-36-0,2016,04,0,0,0,0,0,332
1315214213581,12883NTRNTSHORE,N450,2015,04,1,0,0,1,0,322
1316215020443,61821KRFTN1701W,N511,2016,05,1,0,0,1,0,311
1315213971005,49854MNSTQ453SM,7439-92-1,2015,02,0,0,0,0,1,322
1316215626728,66115CRTNT103FU,N458,2016,01,0,0,0,0,1,327
1316214982074,17066WNSCRUSROU,100-42-5,2016,04,0,0,0,0,0,326
1317215934504,13654LSRDF3454U,7697-37-2,2017,03,0,0,0,0,0,311
1318216992899,76031SCHMN2311P,75-05-8,2018,04,0,0,0,0,0,325
1323222025722,49331PRFRM615CH,N120,2023,05,0,0,0,0,0,326
1318218481190,53181FVSTR36620,100-42-5,2018,03,0,0,0,0,0,326
1314218160303,55112CRDCP4100H,N450,2014,04,0,0,0,0,0,334
1315213935289,0887WRCHML18USH,75-09-2,2015,03,0,0,0,0,0,325
1324223010618,68601DLLCT11222,7440-50-8,2024,06,0,0,0,0,0,334
1314212886903,9737WFDRLC2772B,7439-92-1,2014,02,0,0,0,0,0,999
1315214338701,06497HMPFR292LO,75-09-2,2015,04,0,0,0,0,0,325
1316215010505,55749HBBNG1832S,N458,2016,01,1,0,0,1,0,2211
1315214349146,53959PLTCX1375I,7697-37-2,2015,03,0,0,0,0,0,332
1317217672563,14304THGDY5408B,122-39-4,2017,06,0,0,0,0,0,325
1315214250300,1996WBLTMR1162H,N450,2015,04,0,0,0,0,0,333
1315213201460,15301WSTPN2833W,N010,2015,03,0,0,0,0,0,335
1316215051285,71483CHMBNHIGHW,108-95-2,2016,05,0,1,0,0,0,325
1314212753368,24486CPTLPSTATE,N450,2014,02,0,0,0,0,0,325
1314213010958,75090CPRBL4900M,7439-92-1,2014,01,0,0,0,0,0,332
1322221434917,1630WWBCND363SE,7440-02-0,2022,04,0,0,0,0,0,331
1322221156312,45216FRSFR110EA,75-07-0,2022,04,0,0,0,0,0,311
1316215166733,15557RCKWD300MA,7440-50-8,2016,05,0,0,0,0,0,332
1321219782671,38017LPHRSHIGHW,100-42-5,2021,05,0,0,0,0,0,325
1321220540963,92621LCTRN537WE,7697-37-2,2021,04,0,0,0,0,0,332
1316215050194,15865SYMMC101SP,7440-50-8,2016,05,0,0,0,0,0,332
1324222500617,91730WSTRN8875I,N230,2024,04,0,0,0,0,0,332
1322221433840,77541FRPRT2398V,7664-41-7,2022,04,0,0,0,0,0,325
1317216539104,56284STHRNEASTH,7664-41-7,2017,05,1,0,0,1,0,311
1322220749980,37363PWRSR9404O,7440-38-2,2022,03,0,0,0,0,1,335
1321219824190,28208TRNSR4500M,7440-50-8,2021,05,0,0,0,0,0,333
1321220120861,44143NRMNN557AV,67-56-1,2021,03,0,0,0,0,0,339
1323222044000,37744TRWNCSNAPP,100-41-4,2023,03,0,1,0,0,0,333
1314211931249,14127LDMCC3875C,N420,2014,04,1,0,0,1,0,332
1321220164990,37398CKRNDRTE3B,100-41-4,2021,02,0,1,0,0,0,326
1314212797346,53024LGGTT1629W,7429-90-5,2014,04,0,0,0,0,0,331
1323222398760,75041CRRLL2900W,N230,2023,04,0,0,0,0,0,325
1322221445000,9520WMRCNB89SNE,67-56-1,2022,04,0,0,0,0,0,325
1320218590952,64132CBGGY8485P,N982,2020,02,0,0,0,0,0,326
1315214049367,7815WVSNWR661GU,7439-92-1,2015,03,0,0,0,0,0,339
1319217893407,79912SMTXS65NDE,N100,2019,07,1,1,1,0,0,331
1322222301842,4320WMLLSM1977M,7440-02-0,2022,03,0,0,0,0,0,332
1323221686761,1475WSTHRN272ST,7697-37-2,2023,03,0,0,0,0,0,3121
1321219676754,75006THGLD1900J,107-21-1,2021,04,0,0,0,0,0,325
1317215996517,71483CHMBNHIGHW,50-00-0,2017,06,1,1,1,0,0,325
1323221950278,76234MPRLFHWY38,7439-96-5,2023,05,0,0,0,0,0,336
1314212427239,56470TMNDS51IND,7440-50-8,2014,01,0,0,0,0,1,332
1318216865966,0183WJHNSN3BNDS,N420,2018,03,0,1,1,0,0,4246
1320219034321,16749QKRSTINTER,7664-41-7,2020,04,1,0,0,1,0,324
1319217820986,92704RBCTR3131W,N090,2019,04,0,0,0,0,0,332
1322220864817,30916MCPRF3702C,108-90-7,2022,06,1,1,0,0,0,325
1319218291971,48626HMLCK12334,7647-01-0,2019,05,1,0,1,1,0,327
1319218272793,95035SLCTR847GI,7439-92-1,2019,03,0,0,0,0,0,334
1322220918825,38930VKNGR561VI,N120,2022,05,0,0,0,0,0,335
1314212997199,94553SHLLL3485P,N150,2014,12,1,0,0,1,0,324
1319217836752,35898SDDSRBUILD,7782-50-5,2019,03,0,0,0,0,0,999
1323222137883,4783WVCBRZ1825E,108-88-3,2023,04,0,0,0,0,0,325
1317215841230,48239ZBRTN26500,7664-41-7,2017,02,0,0,0,0,0,325
1315213629165,55428VTCFN9101S,N495,2015,03,0,0,0,0,0,332
1314212456305,5424WSPNCR22SPA,7647-01-0,2014,03,0,0,0,0,0,327
1316215287463,3031WCNTRY72MET,7664-41-7,2016,04,0,0,0,0,0,311
1315214116547,31408MCLCMFOUND,110-54-3,2015,02,0,1,0,1,0,999
1318216789937,47374BLDNW2200U,N100,2018,04,0,0,0,0,0,331
1323221681493,35950MLLRCWEAVE,67-56-1,2023,03,0,0,0,0,0,331
1323221780657,65440BCKSMHIGHW,N420,2023,09,1,0,1,0,0,331
1315214412280,53545SHRXC2001A,N230,2015,03,0,0,0,0,0,325
1324222986984,45212MSCNC2909H,67-66-3,2024,05,0,1,1,0,0,4246
1314213246578,6860WBDPHR92E19,75-21-8,2014,03,0,0,0,0,0,339
1317216260051,42101BDCMP31WNO,7440-36-0,2017,04,0,0,0,0,0,336
1323222143000,4537WCLPYB14WST,7440-47-3,2023,06,0,0,0,0,0,332
1324223018589,63376WNWRG17CER,7440-02-0,2024,06,0,0,0,0,1,336
1321219651039,72118WLSCN9301C,115-07-1,2021,04,0,0,0,0,0,4246
1321220128514,70508SSFNT29GLA,100-42-5,2021,03,0,0,0,0,0,326
1320221547868,33316KRNKS1010S,95-63-6,2020,03,0,0,0,0,1,324
1321219800760,47374BLDNW350NO,N010,2021,06,0,0,0,0,0,331
1321220540975,92621LCTRN537WE,N420,2021,02,0,0,0,0,0,332
1321219684800,1972WCLRWR251ED,7439-96-5,2021,02,0,1,0,1,0,332
1322221401173,37644SNPNTSTATE,7439-92-1,2022,05,0,0,0,0,0,332
1315213941673,70602HMNTSLAHWY,115-07-1,2015,05,0,0,0,0,0,325
1317216402521,82701WYMNG740WE,95-63-6,2017,02,1,0,0,0,1,324
1317216585000,98134LSKNC32006,N495,2017,04,0,0,0,0,0,332
1319217761384,94553SHLLM10MOC,N740,2019,05,0,0,0,0,0,325
1314212718959,43410WHRLP119BI,N982,2014,04,0,0,0,0,0,335
1314212378400,73036GMNLC101SW,67-56-1,2014,05,0,0,0,0,0,325
1317216135626,16749QKRSTINTER,N590,2017,03,1,0,0,1,0,324
1319218526212,22405CLNLC1026W,7440-50-8,2019,02,0,0,0,0,1,334
1320218674214,24203MRRSN400CO,100-42-5,2020,05,0,0,0,0,0,326
1318216845228,07066PLYCH160TE,67-56-1,2018,05,0,0,0,0,0,311
1321220091274,2618WCHMRS848DU,N040,2021,03,1,0,0,1,1,325
1320218575328,98908SHLDS1009R,N420,2020,03,0,0,0,0,0,326
1322221403342,45331SPRTC15LAN,7440-36-0,2022,04,0,0,0,0,0,326
1324222890129,03904WTTSFCUTTS,7440-50-8,2024,03,0,0,0,0,0,332
1315213962424,16749QKRSTINTER,1330-20-7,2015,03,0,0,0,0,0,324
1321220042939,50595VNDSTOLDHW,1929-82-4,2021,04,0,0,0,0,0,325
1317216466781,16143YNGGLPOBOX,7664-93-9,2017,04,0,0,0,0,0,332
1315214388908,15301DRKNFWESTW,N090,2015,05,1,1,1,0,0,325
1315214425884,94710PCFCS1333S,N120,2015,03,0,0,0,0,0,331
1315213208921,66115GNBNC3001F,7439-92-1,2015,07,0,0,0,0,0,335
1320218741306,91355NVCPX25111,N420,2020,02,0,0,0,0,0,334
1315213208919,66115GNBNC3001F,7440-36-0,2015,04,0,0,0,0,0,335
1315214384543,97321SLMTN33992,7697-37-2,2015,04,0,0,0,0,0,331
1323221995323,6230WHBRNG17TUR,N982,2023,05,1,1,1,0,0,327
1317216306771,37744TRWNCSNAPP,1330-20-7,2017,04,0,1,0,0,0,333
1317216138370,14870CRNNGADDIA,7697-37-2,2017,04,0,0,0,0,0,333
1315214045977,49461HWMTC555BE,7647-01-0,2015,03,0,0,0,0,0,331
1315214277030,36105HYNDM7HYUN,N230,2015,04,0,0,0,0,0,336
1317216407003,9174WTRMPH1755E,N982,2017,05,0,1,0,1,0,336
1315213721285,83221BSCMR419CO,N511,2015,04,1,0,0,1,0,311
1316215626730,66115CRTNT103FU,N590,2016,01,0,0,0,0,1,327
1315213815424,19443GRNTW2075D,N420,2015,02,0,0,0,0,0,339
1316214978025,67217SMTHF2501S,101-77-9,2016,03,0,0,0,0,0,326
1324222594273,7704WHRRYC641WS,107-21-1,2024,03,0,0,0,0,0,333
1318216782399,32672MRTNM498OA,7439-92-1,2018,03,0,0,0,0,0,334
1314212507622,52722SVYRS225S3,7440-47-3,2014,01,1,0,0,0,0,331
1323221609807,0382WTRBCM38RED,N511,2023,04,0,0,0,0,0,332
1322220810574,48187DYNMC7784R,7664-41-7,2022,04,0,0,0,0,0,332
1315213849730,77571VNLRC10850,N230,2015,03,0,0,0,0,0,332
1322221024300,94565CRTRN2850W,N096,2022,04,0,0,0,0,0,325
1314214069849,17516TRKYHRD2BO,7697-37-2,2014,03,0,0,0,0,0,311
1323221563303,27261MRSHF1001S,67-56-1,2023,03,0,0,0,0,0,337
1323222043008,47250RTRYL2700L,95-63-6,2023,03,0,0,0,0,0,333
1315213585033,30162BKRTCHWY41,7647-01-0,2015,01,1,0,0,1,0,331
1319217976289,01507NCMNCRT169,N420,2019,03,0,0,0,0,0,327
1314212796041,48453GRPNT63EUC,N120,2014,05,0,1,0,0,0,336
1317216138723,54476CRYST2608R,108-88-3,2017,03,0,0,0,0,0,332
1324222448678,7757WDBWST12511,67-56-1,2024,05,0,0,0,0,0,325
1323222282663,53233GBHRD2615W,N090,2023,03,0,0,0,0,0,316
1320219260496,45216FRSFR110EA,75-07-0,2020,04,0,0,0,0,0,311
1314213022027,60436KMLTX4050C,100-42-5,2014,05,0,0,0,0,0,326
1315214135319,51031WLLSD11911,N511,2015,05,1,0,0,1,0,311
1321219630757,4670WSCTND1729W,N090,2021,05,1,0,0,1,0,333
1322221333293,17022MMMRSBROWN,N511,2022,03,0,0,0,0,0,311
1322220835627,40216DPNTL4200C,75-45-6,2022,06,1,0,1,0,0,325
1322220978187,45241NYRND10700,85-01-8,2022,05,0,0,0,0,0,324
1321220454728,1630WWBCND363SE,7440-50-8,2021,04,0,0,0,0,0,331
1324222409334,5315WSTRNT135WF,N420,2024,02,0,0,0,0,0,334
1324222421745,49660MRTNT1806T,N420,2024,02,0,0,0,0,1,311
1315213910476,95678NCLCT7501F,7664-39-3,2015,04,0,0,0,0,0,334
1317215866260,28734TKTNS277IN,N420,2017,02,0,0,0,0,0,334
1318217149160,38109BRMNG3601P,N450,2018,05,0,1,0,0,1,331
1319218206718,6753WDNNSP36NEH,N495,2019,03,1,0,0,1,0,336
1314212476941,15632DVNCD9001C,7439-92-1,2014,02,0,0,0,0,0,334
1315214269108,44144PLSTC9921C,7440-02-0,2015,04,0,0,0,0,0,332
1314212437444,30217FRNKL266MA,7439-96-5,2014,01,0,0,0,0,1,331
1315213240866,19706THCHLRIVER,7782-50-5,2015,05,1,0,1,0,0,325
1318217266675,27105LCNCN2941I,7440-47-3,2018,04,0,0,0,0,0,332
1321219699461,45502NVSTR6125U,71-36-3,2021,03,0,0,0,0,0,336
1320218796480,13212CMCNT7313W,7439-92-1,2020,03,0,1,0,0,0,335
1314212338305,65803HLNDD1133E,7697-37-2,2014,04,0,0,0,0,0,311
1319217870068,44125GRFLD1225B,N450,2019,03,0,0,0,0,1,331
1314211913924,44706GRGRY1723C,N982,2014,06,1,1,0,1,0,332
1324222411086,37857SSRDC300IN,108-95-2,2024,04,0,0,0,0,0,332
1321219493917,08691WBTCH108NG,108-88-3,2021,03,0,0,0,0,0,323
1318217539612,4420WPYRTK355CA,N982,2018,04,0,0,0,0,0,333
1316215019175,12138TCNCPCOONB,100-41-4,2016,03,0,0,0,0,0,313
1320218725974,45804HMPSH1747F,7697-37-2,2020,04,0,0,0,0,0,325
1323222300244,85734SFPLNOLDNO,7439-92-1,2023,02,0,0,0,0,0,336
1321220607764,30024KTLCM70CRE,N420,2021,03,0,0,0,0,0,336
1314212785404,41018MYRTL1462D,7440-47-3,2014,04,0,0,0,0,0,336
1317216479485,67501JCKSN2600E,7697-37-2,2017,04,0,0,0,0,0,311
1320218770143,47167KMBLLHWY56,7439-92-1,2020,02,0,0,0,0,0,337
1315214215586,26164PCHNYROUTE,7647-01-0,2015,01,1,0,0,1,0,331
1319221476221,35768WTT00201TH,7440-50-8,2019,05,0,0,0,0,0,333
1316215211715,84404CRRWR1160W,N010,2016,04,0,0,0,0,0,331
1314212943435,77640FNLNDHIGHW,7647-01-0,2014,05,1,0,0,1,0,324
1316215264007,13440VRFLX512WE,1330-20-7,2016,03,0,0,0,0,0,335
1316215383100,55379CRPMT7632H,7664-41-7,2016,06,0,0,0,0,0,325
1317216294494,52655GNRLL510AG,7440-50-8,2017,05,1,0,0,1,0,335
1321220175689,13492TCCRPHALSE,7697-37-2,2021,04,0,0,0,0,0,336
1324222750984,35950MLLRCWEAVE,67-56-1,2024,03,0,0,0,0,0,331
1315213688183,32955DLTGR395GU,7439-92-1,2015,03,0,0,0,0,0,334
1317216392807,52361KNZMNI80AT,100-41-4,2017,01,0,0,0,0,0,333
1319218524561,45214SCHNL1625C,N511,2019,05,0,0,0,0,0,3121
1322221733342,61761DMNDS100ND,N100,2022,06,0,0,0,0,0,336
1318216753970,1803WMRCNC788PE,N511,2018,04,1,0,0,1,0,3121
1317216135222,45846FRTRC2440S,7440-50-8,2017,04,0,0,0,0,0,332
1314212427999,7524WLBJXP1285N,N511,2014,03,0,0,0,0,0,327
1322221433218,7754WFRPRT2363D,108-88-3,2022,02,0,0,0,0,0,211
1314212580967,62959DGRPH5307M,1330-20-7,2014,03,0,0,0,0,0,325
1322220978567,92621LCTRN537WE,N420,2022,02,0,0,0,0,0,332
1324222825960,53039FRMNT330MI,7697-37-2,2024,04,0,0,0,0,0,311
1322220703944,7601WHNTSM3315E,N982,2022,04,0,0,0,0,0,325
1324222435719,62040GRNTC1020N,7647-01-0,2024,02,1,0,0,1,0,332
1319218166407,2964WZFTRN2846N,7440-47-3,2019,05,0,0,0,0,1,336
1322221145574,16143YNGGLPOBOX,N982,2022,03,0,0,0,0,1,332
1322220786178,2858WTRYND182IN,108-10-1,2022,02,0,0,0,0,0,326
1322220827404,37643YMNCT100MC,7440-50-8,2022,04,1,0,1,0,0,332
1321220508485,65440BCKSMHIGHW,N420,2021,09,1,0,1,0,0,331
1317216494815,14621MNRPL265HO,N982,2017,03,0,0,0,0,0,332
1321219743806,47201MPCTF20805,7439-96-5,2021,05,0,0,0,0,0,332
1322220633743,37086QLTYN130JO,7440-02-0,2022,02,0,0,0,0,0,336
1314213174257,73401TTLPTHIGHW,71-43-2,2014,06,1,1,0,0,0,324
1316215341684,75041NNCRB2326L,141-32-2,2016,05,0,0,0,0,0,325
1316215554419,95963LNDLK3601C,7697-37-2,2016,03,0,0,0,0,0,311
1316215353234,01845PHRMC70FLA,75-09-2,2016,04,0,0,0,0,0,325
1316215523477,46220THRMS5101E,N120,2016,04,0,0,0,0,0,325
1320218695981,75243RLQDL13546,7697-37-2,2020,04,0,0,0,0,0,4246
1314212943385,77640FNLNDHIGHW,92-52-4,2014,05,1,0,0,0,0,324
1323221691429,91016NTKMC2724S,7440-47-3,2023,03,1,0,0,0,1,339
1314212444158,45225MCRMT3448S,N090,2014,03,1,0,0,1,0,332
1314212629556,32514GLMNS8780E,872-50-4,2014,04,0,0,0,0,0,326
1314212647198,44110SYNTH1000W,N040,2014,04,0,0,0,0,0,325
1316215623846,75062MHWKL2730C,75-09-2,2016,04,0,0,0,0,0,325
1315213959570,46992THFRD775MA,7440-50-8,2015,06,0,0,0,0,0,331
1317216241517,19021GRGSC3015S,7697-37-2,2017,04,0,0,0,0,0,4246
1315216737027,53901CLMBNW8385,7664-93-9,2015,01,1,0,0,1,0,2211
1315213984103,05452BMXXX1000R,7664-41-7,2015,03,0,0,0,0,0,334
1321219853025,60622SPMTL1720E,7439-96-5,2021,05,0,0,0,0,0,331
1315214249904,76063MRCHM1300F,N010,2015,05,0,0,0,0,0,325
1320218973271,15145STLDN200BR,7439-96-5,2020,05,0,0,0,0,0,332
1321220042004,50595VNDSTOLDHW,40487-42-1,2021,06,0,0,0,0,0,325
1323221643947,46526BNTLR910SE,7439-96-5,2023,04,0,0,0,0,0,336
1314212605885,56751PLRSNHWY89,N230,2014,04,0,0,0,0,0,336
1315214279376,27573LSNPC10475,N040,2015,02,1,0,0,1,0,321
1318217428578,21801CCDNTRT11B,N040,2018,04,0,0,0,0,0,326
1316215744994,76118DVNCC7101B,N230,2016,05,1,0,1,0,0,4246
1315213186719,21230MSTRS1100K,N590,2015,03,1,0,0,1,0,311
1315213716018,84087CRYSN2355S,95-63-6,2015,04,1,0,1,0,0,324
1322221294073,44460WRRNM800PE,100-41-4,2022,03,0,0,0,0,0,326
1315213983366,43725LMCST804BY,117-81-7,2015,04,0,0,0,0,0,326
1323221615154,61856VBNCR226WE,110-54-3,2023,03,0,0,0,0,0,311
1324222844351,02056CMGRC364MA,108-88-3,2024,04,0,0,0,0,0,325
1323221618655,38834CRNTHFULTO,N420,2023,03,0,0,0,0,0,334
1321219962521,42071PLLCR37PEL,100-42-5,2021,04,0,0,0,0,0,326
1322221468212,67219THCLM801E3,7440-02-0,2022,03,0,0,0,0,0,333
1319217791300,32571RPRDC4575E,71-36-3,2019,06,0,0,0,0,0,325
1324222646705,76503THGLD3410L,100-41-4,2024,04,0,0,0,0,0,325
1318217268248,55416NRTHL5005H,100-42-5,2018,03,0,0,0,0,0,332
1319218036604,77340GRDNRHWY75,1330-20-7,2019,03,0,0,0,0,0,327
1315214379760,52761GRNPR1600O,71-43-2,2015,03,1,0,0,1,0,311
1317215879178,03820DTMGN140CR,7439-92-1,2017,03,0,0,0,0,0,334
1317216135614,16749QKRSTINTER,N458,2017,01,1,0,0,1,0,324
1320218887115,44663LRNMN2228R,7439-92-1,2020,01,0,0,0,0,0,326
1314211935174,2360WBRLNG3ELMH,7439-92-1,2014,04,0,1,0,0,0,339
1317216252229,37406WDBRD100JU,584-84-9,2017,05,0,0,0,0,0,326
1321219664758,75212QLTYS1925L,7664-41-7,2021,05,0,0,0,0,0,311
1321219738871,32785RMCDVHIGHW,7439-96-5,2021,05,0,0,0,0,0,331
1318217420367,83639GSTFSBRUNE,82-68-8,2018,05,0,0,0,0,0,325
1318217518036,44092THHLL28960,N495,2018,06,1,1,1,0,0,325
1314213072515,54701WRRNV5200S,75-05-8,2014,03,0,0,0,0,1,562
1315213541838,9093WRGCHM3933I,108-88-3,2015,04,0,0,0,0,0,4246
1324222524365,8464WBRNSB38NRT,7440-50-8,2024,05,0,1,0,0,0,332
1321219916234,14304BTLSP5000P,80-05-7,2021,04,0,1,0,0,0,325
1324222835403,94804VRFLC250CA,7440-47-3,2024,04,0,0,0,0,0,334
1321220142297,77656STHHMFM418,110-54-3,2021,06,1,0,1,0,0,325
1317216382162,50616SLSBR1900R,7647-01-0,2017,03,1,0,0,1,0,325
1322220917912,55041HTNGL800JE,7440-47-3,2022,05,0,0,0,0,0,333
1318217307382,44460WRRNM800PE,95-63-6,2018,03,0,0,0,0,0,326
1322221014386,0173WNTGRS9CRSB,117-81-7,2022,04,0,0,0,0,0,326
1317216591267,75668SCTND3756F,7440-50-8,2017,04,0,0,0,0,0,332
1316215448085,92630GNRLM26776,N420,2016,02,0,0,0,0,1,334
1321219830647,3002WSNYCH215SA,N230,2021,05,0,0,0,0,0,325
1315213899521,91730NNVTV853MI,N458,2015,01,0,0,0,0,0,325
1316215364617,16749QKRSTINTER,N458,2016,01,1,0,0,1,0,324
1322220803795,14228NTRNT310CO,108-88-3,2022,05,0,0,0,0,0,339
1316215357637,92621BRSTL630EL,7440-02-0,2016,03,0,0,0,0,0,332
1317215974282,07008XFRDS600MI,7439-92-1,2017,03,0,0,0,0,0,331
1315213908256,84530LSBNV92SCU,N511,2015,06,0,1,0,0,0,2122
1317216402709,82701WYMNG740WE,1330-20-7,2017,05,1,0,0,0,1,324
1324223105394,60638THSTH7201W,7664-93-9,2024,04,0,0,0,0,0,325
1317216457984,17981DYTNS55NPI,7440-47-3,2017,04,0,0,0,0,0,332
1324222559611,92126NMPSX9395C,68-12-2,2024,03,0,0,0,0,0,325
1324222466548,1230WFRTTC215TE,N982,2024,03,0,0,0,0,0,325
1324222678777,46206LLSNT4700W,7440-02-0,2024,04,0,0,0,0,0,336
1317216607592,71107GSRFN620AE,191-24-2,2017,01,0,0,0,0,1,324
1315214159814,48030KCJNS321WT,7664-41-7,2015,03,0,0,0,0,0,332
1321220267900,07503PRSRN91MIC,N230,2021,04,0,0,0,0,0,325
1316217645124,03856THKNGROUTE,7440-47-3,2016,04,0,0,0,0,0,326
1315214270819,75041MPCRP151WA,N120,2015,04,0,0,0,0,0,325
1314212555902,48220GGPRD625WA,95-63-6,2014,05,0,0,0,0,0,325
1323221704303,92704PWRCR2645S,7697-37-2,2023,03,0,0,0,0,0,334
1323222349843,30269HSHZK618HW,7440-02-0,2023,04,0,0,0,0,0,333
1315214343978,01028SDDKR82DEE,50-00-0,2015,03,0,0,0,0,0,322
1319217930130,53209MRCNN6000N,N458,2019,01,0,0,0,0,0,325
1316215114885,14304PRCSP2124L,N420,2016,02,1,0,1,0,0,332
1316215464367,9453WTNCTD245CR,79-94-7,2016,02,0,0,0,0,0,326
1323222360099,64116NNCRB1234A,68-12-2,2023,04,0,0,0,0,0,332
1318217558725,83653SMPLT4912E,7697-37-2,2018,04,0,0,0,0,0,311
1314212748192,36105HYNDM7HYUN,95-63-6,2014,05,0,0,0,0,0,336
1315214158370,14616FSHRS140BE,7439-92-1,2015,02,0,0,0,0,0,327
1320218762348,24210STRNG26770,100-42-5,2020,04,0,0,0,0,0,326
1321219466962,9363WBLTMR15341,N090,2021,05,0,0,0,0,0,333
1315214006355,12150SCHNC1000M,108-39-4,2015,03,0,0,0,0,1,325
1315213836822,16823PZKNT66ERL,N420,2015,04,0,0,0,0,0,334
1316215434059,46241WBMTL4151W,7697-37-2,2016,03,0,0,0,0,0,331
1321220046864,5359WSFCNC111KE,67-56-1,2021,04,0,0,0,0,0,325
1315214269084,44144PLSTC9921C,7440-50-8,2015,04,0,0,0,0,0,332
1319218480844,53563XXNCH1012T,7440-02-0,2019,03,0,0,0,0,0,325
1322220969380,47670TYTMT4000T,108-88-3,2022,04,0,0,0,0,0,336
1323221636830,15022NTNLP9GUTT,1330-20-7,2023,03,0,0,0,0,0,325
1324222729004,48108CYMNC118EE,75-09-2,2024,04,0,0,0,0,0,325
1319218480857,53563XXNCH1012T,75-56-9,2019,04,0,0,0,0,0,325
1324222744462,77630NVSTS355AF,110-82-7,2024,06,0,0,0,0,0,325
1320218863177,91761NMLDB1750M,N511,2020,04,1,0,0,1,0,332
1324222913840,35094SCPWR81CHU,7440-02-0,2024,04,0,0,0,0,0,335
1323222076251,53154THMCR530WE,N084,2023,05,0,0,0,0,0,325
1316214956652,31728THTRR2525T,100-42-5,2016,04,0,0,0,0,0,336
1318217344858,80550VSTSB1114E,N120,2018,04,0,0,0,0,0,333
1317216669465,0173WNTGRS9CRSB,67-56-1,2017,04,0,0,0,0,0,326
1316215205473,2623WNLSTL999EA,7440-02-0,2016,03,0,0,0,0,0,332
1322220679334,52156SWSSVHWY18,79-21-0,2022,01,0,0,0,0,0,311
1315213965837,75006THGLD1900J,4080-31-3,2015,04,0,0,0,0,0,325
1316215063316,03062BNCHM1INNV,7439-92-1,2016,03,0,0,0,0,0,334
1323221626702,37644SNPNTSTATE,N982,2023,03,0,0,0,0,1,332
1320218936704,56284STHRNEASTH,N511,2020,10,1,0,0,1,0,311
1318216857906,37821GRTLKROUTE,1330-20-7,2018,05,0,0,0,0,0,325
1322221010806,15857PWDRM879WA,7429-90-5,2022,05,0,0,0,0,0,332
1315213545662,56258HRLSY64WER,7439-92-1,2015,02,0,0,0,0,0,334
1315214011280,1180WDVSVS17EXP,N420,2015,03,0,0,0,0,0,339
1314212656375,90245HGHSR2000E,7439-92-1,2014,02,0,0,0,0,0,334
1315213923865,48057HSPTR4150S,95-63-6,2015,03,0,0,0,0,0,325
1323221988393,40210NTDCT1227S,N040,2023,04,1,1,1,0,0,325
1314212509261,90032RRWHD5142A,N100,2014,06,0,0,0,0,0,332
1315213936139,27263LPFMN2222S,26471-62-5,2015,05,0,0,0,0,0,326
1321220150876,67530THFLLWESTP,N530,2021,04,0,0,0,0,0,325
1324222423535,77590DLLSG301DO,7664-41-7,2024,04,0,0,0,0,0,325
1314212382143,49518CNTRY2555B,N511,2014,04,1,0,0,1,0,311
1317216584983,98134LSKNC32006,N090,2017,04,0,0,0,0,0,332
1315214339184,2740WNLSTL15WES,7439-96-5,2015,04,0,0,0,0,0,332
1323222376220,8464WBRNSB38NRT,7440-50-8,2023,05,0,1,0,0,0,332
1316217707468,95193BMXXX5600C,872-50-4,2016,05,0,0,0,0,0,334
1317216317368,75243RYTHN13510,7439-92-1,2017,01,0,0,0,0,0,334
1314212321754,7704WJRSYV7641W,7439-92-1,2014,01,0,0,0,0,1,327
1316215684376,97070TYCLC125SW,7439-92-1,2016,01,0,0,0,0,0,334
1316215005012,92064HLLMR13500,N100,2016,03,0,0,0,0,0,334
1324222667115,00613RSTNDROUTE,N495,2024,04,1,0,0,0,0,335
1323221596253,72209TRNRC691IN,7697-37-2,2023,03,0,0,0,0,0,311
1315213576174,61364PBDYM1621S,7439-96-5,2015,02,0,0,0,0,0,336
1318217537543,60140LCTRM15NRW,N090,2018,03,1,0,0,1,0,332
1314212622423,20705MNRLP7011M,N982,2014,05,1,1,0,0,0,325
1314213071184,53042STLTN52HWY,7440-50-8,2014,04,0,0,0,0,0,333
1315214331288,00937SSLMMLUISM,91-20-3,2015,06,0,0,0,0,0,4247
1315214272763,40213NTDCT4900C,N511,2015,05,1,0,0,1,0,325
1314212430591,3540WGYLRD188FA,7697-37-2,2014,01,1,0,0,1,0,325
1321220284234,32501RZNCH411SO,108-95-2,2021,05,0,0,0,0,0,325
1318217541111,5314WKNLLM1255T,7439-92-1,2018,02,0,0,0,0,0,335
1318216917120,18976PLYSC400VA,N420,2018,03,1,0,1,0,0,325
1315214123869,65712PSTRN601WH,7439-92-1,2015,02,0,0,0,0,0,334
1315213222110,94086SRRPR1108W,N100,2015,04,1,0,0,1,0,334
1324222629382,90001LLYSC1960E,7697-37-2,2024,04,0,0,0,0,0,332
1314212653012,38113WMBRR2105C,75-09-2,2014,06,0,0,0,0,0,325
1314212530594,38358FRCNT25ALE,110-54-3,2014,04,0,0,0,0,0,325
1321219642600,92131PLSCN10121,7664-41-7,2021,03,0,0,0,0,0,332
1317216402533,82701WYMNG740WE,106-99-0,2017,02,1,0,0,0,1,324
1321220206054,75455FRNCD1300I,N010,2021,04,0,0,0,0,0,335
1320219275916,28086CMMRC101CA,N420,2020,03,0,0,0,0,0,333
1323222270872,45502NVSTR6125U,107-21-1,2023,05,0,0,0,0,0,336
1315213962741,43025CLBNC383NH,110-80-5,2015,05,0,0,0,0,0,325
1319217841410,4816WHNRBC3SHIL,67-56-1,2019,04,0,0,0,0,0,332
1314212598155,53573MSCDPPOBOX,N511,2014,04,0,0,0,0,0,311
1318216792693,01507NCMNCRT169,N420,2018,03,0,0,0,0,0,327
1321220187518,0187WLDSSC1RADC,7439-92-1,2021,04,0,0,0,0,0,334
1315213832684,53573MSCDPPOBOX,7697-37-2,2015,04,0,0,0,0,0,311
1319218273365,54476CRYST2608R,131-11-3,2019,03,0,0,0,0,0,332
1322220876508,80305NTNLN325BR,1336-36-3,2022,01,0,0,0,0,0,999
1318217149145,38109BRMNG3601P,N100,2018,04,0,1,0,0,1,331
1323221604414,56502SJLCT22650,7439-92-1,2023,02,0,0,0,0,0,334
1318216798064,12138TCNCPCOONB,108-88-3,2018,04,0,0,0,0,0,313
1322220876890,28716CHMPNMAINS,191-24-2,2022,01,1,0,0,1,0,322
1321220266555,16686QLTYCINDUS,7632-00-0,2021,04,0,0,0,0,0,325
1321219910229,47670TYTMT4000T,108-10-1,2021,04,0,0,0,0,0,336
1322221317718,77501GRGGL3503P,108-95-2,2022,07,0,0,0,0,0,325
1315214098218,06795TTCNC169CA,7440-02-0,2015,03,0,0,0,0,0,332
1321219606934,4657WFRSTR42LEB,95-63-6,2021,03,0,0,0,0,0,336
1316215008119,95206VLMTN431SP,7429-90-5,2016,06,1,0,1,0,0,331
1315213756517,54457NKSMLMARKE,N150,2015,12,1,0,0,1,0,322
1316215768781,64132CBGGY8485P,N982,2016,03,0,0,0,0,0,326
1320219276110,37686PLYMR688IN,N982,2020,02,0,0,0,0,0,326
1320218737397,27261MRSHF1001S,67-56-1,2020,03,0,0,0,0,0,337
1321219683556,06801VNDRB31TAY,67-56-1,2021,05,1,0,0,1,0,325
1321219967282,77061LMNSG7300A,7440-47-3,2021,04,0,0,0,0,0,332
1314213079433,49112MRCRY2528U,7439-92-1,2014,02,0,0,0,0,0,335
1321219780727,24203MRRSN400CO,7440-36-0,2021,05,0,0,0,0,0,326
1320218618965,7504WDSYBR3636L,7697-37-2,2020,04,0,0,0,0,0,311
1324222678043,32221SFTMR13575,N495,2024,05,0,1,0,0,0,335
1321219622584,7757WNVVLL2525I,71-36-3,2021,03,0,0,0,0,0,325
1324223127515,48764TWSPL510IN,N495,2024,03,0,0,0,0,0,332
1319218067662,27804LCNCN400JE,N982,2019,05,0,0,0,0,0,332
1323222320917,77631SMNTNFM100,MIXTURE,2023,06,1,0,1,0,0,325
1320219046505,48187DYNMC7784R,7664-41-7,2020,04,0,0,0,0,0,332
1314212537702,50010MNNST900DA,N982,2014,03,0,0,0,0,0,327
1314212710913,45320NTNTP975SO,108-88-3,2014,03,0,0,0,0,0,336
1323221532892,5351WNRTHS18GAT,127-18-4,2023,03,0,0,0,0,0,325
1315213535471,2803WBRLCM5CRRE,N230,2015,04,0,0,0,0,0,326
1317219425030,64772MNVDPHIGHW,108-10-1,2017,03,0,0,0,0,0,326
1316215334121,75901CHRMM2602S,7697-37-2,2016,03,0,0,0,0,0,332
1324222838310,1207WTYLRM93SUT,7440-47-3,2024,04,0,0,0,0,0,332
1322220672760,01472HLLNGTOWNS,7664-41-7,2022,04,0,0,0,0,0,322
1319217611868,60139WBSTR704EF,7440-50-8,2019,03,0,0,0,0,0,332
1321219995673,44720DBLDN5571G,N120,2021,04,0,0,0,0,0,999
1322221112345,27804LCNCN400JE,N982,2022,05,0,0,0,0,0,332
1323222256000,27709SCMMT2601W,7439-92-1,2023,02,0,0,0,0,1,331
1324222517346,02763MTFBN332JO,7439-92-1,2024,03,0,0,0,0,0,332
1316215531031,12150SCHNC1000M,106-44-5,2016,04,0,0,0,0,1,325
1320219393143,75061WTKNC230IR,7697-37-2,2020,04,0,0,0,0,0,334
1321220391510,6811WQNGLB571FS,110-54-3,2021,03,0,0,0,0,0,325
1322220921466,44224STRKT201ES,107-21-1,2022,04,0,0,0,0,0,325
1317216363895,30253CLBXX261HW,7697-37-2,2017,04,0,0,0,0,0,325
1321219468648,52156SWSSVHWY18,79-21-0,2021,03,0,0,0,0,0,311
1323222258891,60440QNTMF750SS,7664-41-7,2023,04,0,0,0,0,0,311
1315214238887,5464WCSTLRINTER,7664-41-7,2015,04,0,0,0,0,0,325
1319218416194,2973WGBRLP812CE,108-88-3,2019,04,0,0,0,0,0,325
1321221489368,90001LLYSC1960E,N495,2021,02,1,0,0,1,0,332
1322221814914,93003VLXCR6080L,N090,2022,01,0,0,0,0,0,332
1316215592407,92083FRRLC1395A,N420,2016,02,0,0,0,0,0,325
1323222082087,49512BRSCH4511E,7439-92-1,2023,03,0,0,0,0,0,334
1316215198387,47170MLTCLHWY31,872-50-4,2016,04,0,0,0,0,0,323
1315213904663,11747RTCHN1295W,7439-92-1,2015,03,0,0,0,0,0,339
1317216433716,38109BRMNG3601P,N040,2017,03,1,0,0,0,1,331
1314212882791,7406WWTHRF25EAS,7440-02-0,2014,04,0,0,0,0,0,333
1316215538935,28052FRGHT1400T,N495,2016,05,0,0,0,0,0,336
1316215551680,73106HSPNT1700W,N230,2016,02,0,0,0,0,0,325
1322221557503,48178SNSTL550MI,N090,2022,03,0,0,0,0,0,332
1323221832052,66046STRNV3841G,108-88-3,2023,04,0,0,0,0,0,322
1314213002746,70734RBCNN9156H,25376-45-8,2014,04,0,0,0,0,0,325
1318217104177,36201SDDSR7FRAN,7440-47-3,2018,04,0,0,0,0,0,999
1316215089475,29349HDSNNCAMPT,7440-50-8,2016,06,0,0,0,0,0,331
1320219239035,24301WSTPNBURGI,84-74-2,2020,03,0,0,0,0,0,313
1323221629266,30114NVRSL180LA,7440-50-8,2023,06,0,0,0,0,0,331
1316214973822,14450SNDCC72PER,7439-92-1,2016,01,0,0,0,0,0,334
1320219362050,55440HNYWL2600R,7439-92-1,2020,02,0,0,0,0,0,334
1321219910155,47670TYTMT4000T,N100,2021,04,0,0,0,0,0,336
1317215971348,36105HYNDM7HYUN,67-56-1,2017,05,0,0,0,0,0,336
1317216631251,00936SNJNCKM267,N458,2017,01,0,0,0,0,1,999
1322220824534,55449RRWCR16719,75-09-2,2022,04,0,0,0,0,0,332
1322220787408,3514WMRBLT186AL,N495,2022,05,0,0,0,0,0,332
1319218258325,77630JMHBRFM736,7783-06-4,2019,03,1,0,0,1,0,325
1321221359452,43528JHNSN10300,N420,2021,07,1,1,0,1,0,335
1316214985261,76504CNTRF3320P,N495,2016,05,0,0,0,0,0,331
1322221216548,38001WSTNGRT1XX,N100,2022,04,0,0,0,0,0,335
1320218651634,56308NRTHR601TH,N511,2020,04,0,0,0,0,0,311
1322221351986,71463KDLPLHWY16,67-56-1,2022,02,1,0,0,1,0,321
1322220771897,16823PZKNT66ERL,N420,2022,04,1,1,0,0,0,334
1324222762787,3562WSNPNT18771,7439-92-1,2024,03,0,0,0,0,0,332
1316215816428,36652SCTTPBAYBR,N511,2016,02,1,0,0,1,0,322
1320219049158,75041CRRLL2900W,N230,2020,03,0,0,0,0,0,325
1322221043781,00936SZDRYAVEDE,7697-37-2,2022,03,0,0,0,0,0,311
1316215539331,48057HSPTR4150S,95-63-6,2016,03,0,0,0,0,0,325
1316215606955,77017MBLCH9822L,71-43-2,2016,05,1,0,0,1,0,325
1321219980808,06002SCHRR40EAS,108-88-3,2021,03,0,0,0,0,0,322
1319217914670,32901RCKWL1100W,7439-92-1,2019,02,0,0,0,0,0,334
1317216113670,14214WLLMS2978M,7440-22-4,2017,04,0,0,0,0,0,331
1317216557456,68333FRMLNPOBOX,7664-41-7,2017,05,1,0,0,1,0,311
1317216376689,28669BTBPRHWY26,N982,2017,05,1,0,0,1,0,321
1318217241696,75046NTRCN1200N,108-88-3,2018,03,0,0,0,0,0,332
1319217953342,40206RMRFD1200S,7664-41-7,2019,05,1,1,0,1,0,311
1314212837114,51640MNLDR100GE,N511,2014,04,1,0,0,0,0,311
1314212750032,3760WLMTXX167RW,7429-90-5,2014,02,0,0,0,0,0,333
1315214065839,07083LCNPW901LE,7439-96-5,2015,04,0,1,1,0,0,331
1314212944502,87413BLMFLNO50C,N590,2014,04,1,0,0,0,1,324
1314212797082,70715NNYPLLA1NO,N010,2014,04,0,0,0,0,0,326
1314212804658,91749CMCCH18383,7697-37-2,2014,05,0,0,0,0,0,325
1314212629505,32514GLMNS8780E,422-56-0,2014,04,0,0,0,0,0,326
1315214359818,08224VKNGYRTE9X,100-42-5,2015,04,0,0,0,0,0,336
1321219935855,0887WRCHML18USH,67-56-1,2021,03,0,0,0,0,0,325
1318217194339,4942WMCHGN242HW,67-56-1,2018,04,0,0,0,0,0,325
1319217771500,5700WSTRCR2132N,7439-92-1,2019,02,0,0,0,0,0,334
1323221713454,61702BRDGSVETER,N982,2023,04,1,0,0,1,0,326
1315214326872,44203PPGND4829F,79-01-6,2015,04,0,0,0,0,0,325
1318217342474,0305WVRTRN12EXE,7439-92-1,2018,01,0,0,0,0,0,334
1320219329657,44004LCPCH3509M,7439-97-6,2020,05,0,0,0,0,0,325
1318217373707,87109CDMYP5941M,N740,2018,04,1,0,1,0,0,331
1315213607967,57201FBRGL12251,100-42-5,2015,03,0,1,0,0,0,326
1324222542173,45241NYRND10700,85-01-8,2024,05,0,0,0,0,0,324
1318216831368,30528FRDNBONENO,67-56-1,2018,03,0,0,0,0,0,326
1321219700515,42129SMTML687IN,7439-92-1,2021,03,0,0,0,0,0,334
1321220253278,77905NVSTS2695L,N511,2021,05,1,0,0,1,0,325
1317216039735,30720CPTLD300CR,110-54-3,2017,05,0,0,0,0,0,325
1321219630769,53573WSCNS810NE,N100,2021,04,1,0,0,1,0,332
1318217683438,74403FRTHW5600E,N420,2018,03,1,0,0,1,1,322
1318217417068,84404CRRWR1160W,N982,2018,03,0,0,0,0,0,331
1316215163724,72904JMSRV4411M,7664-41-7,2016,03,1,0,0,1,0,322
1318216813117,27115DRYFR2221P,N511,2018,01,0,0,0,0,0,311
1323221925819,94952CLVRS91LAK,79-21-0,2023,02,0,0,0,0,0,311
1318216846598,48218FRTZP255MA,7440-50-8,2018,02,0,0,0,0,0,331
1317216413056,37686PLYMR688IN,108-88-3,2017,04,0,0,0,0,0,326
1315214203984,38555STNPK238PR,N010,2015,04,0,0,0,0,0,327
1318217123405,0887WRCHML18USH,75-09-2,2018,03,0,0,0,0,0,325
1320220657516,3762WTRCTY161AR,N420,2020,04,0,0,0,0,1,331
1314216476224,47112VNTFB3430C,79-01-6,2014,05,0,0,0,0,0,326
1314212952675,46205THBRL2920D,N230,2014,04,0,0,0,0,0,325
1314214461295,24210STRNG26770,1163-19-5,2014,04,0,0,0,0,0,326
1314212993430,55009BRGQS301WA,N230,2014,03,0,0,0,0,0,334
1316215717620,18707GSLDS125CR,N511,2016,01,1,0,0,1,0,334
1315213676719,75050SMNSN501FO,7440-50-8,2015,05,0,0,0,0,0,335
1314212567299,43537NTRCN434WD,67-56-1,2014,04,0,0,0,0,0,325
1318217274087,42134THKNDUS31W,108-88-3,2018,05,0,0,0,0,0,326
1315214113488,83639GSTFSBRUNE,82-68-8,2015,05,0,0,0,0,0,325
1315214417925,46241RLLYT1500S,7664-41-7,2015,04,0,0,0,0,0,325
1317216244576,0156WLNZMR63DUG,N420,2017,02,1,0,0,1,0,333
1316218623270,73505CHMCL5201S,N982,2016,06,0,0,0,0,0,325
1320219266400,95023PCFCP2340B,67-56-1,2020,04,0,0,0,0,0,325
1321219812486,28752BXTRHHWY22,N150,2021,13,1,0,0,1,0,325
1314212476131,55369CRMTR325HW,1330-20-7,2014,04,0,0,0,0,0,325
1318216850356,87107GNRLT1450M,7439-92-1,2018,02,0,0,0,0,0,334
1323222314787,62024LNCRPLEWIS,N450,2023,04,1,0,0,1,0,331
1316215238231,08857LDBRDOLDWA,N420,2016,04,1,0,0,0,1,325
1317216367060,60123CBDNC1185J,7439-92-1,2017,02,0,0,0,0,0,334
1316215107828,43613DPNTX1930T,95-63-6,2016,03,0,1,1,0,0,325
1321219458662,16823SPLCNSUPEL,67-56-1,2021,03,0,0,0,0,0,334
1320218891481,6870WWLNDN86WSU,100-42-5,2020,03,0,0,0,0,0,332
1319218082776,9530WBRBSC22EGR,MIXTURE,2019,01,0,0,0,0,0,337
1320219342906,91719SBTTR1675S,N420,2020,05,1,1,1,1,0,335
1323222304293,44301WJRSC219EM,108-88-3,2023,04,0,0,0,0,1,325
1324222844375,02056CMGRC364MA,1330-20-7,2024,04,0,0,0,0,0,325
1319218213268,8052WDVNCD2424M,7439-92-1,2019,01,0,0,0,0,0,335
1324223116878,7757WGSNNV185EH,115-07-1,2024,04,0,0,0,0,0,4247
1314212776342,91006NMLDB36LAP,N511,2014,04,1,0,0,1,0,332
1318217073624,30503CTTRL2125C,7439-92-1,2018,02,0,0,0,0,0,336
1315214291609,92083FRRLC1395A,N420,2015,02,0,0,0,0,0,325
1316215688351,53585XCTNC2LDFA,N230,2016,04,0,0,0,0,0,325
1323222163709,77541RHNPL6213H,71-36-3,2023,04,0,0,0,0,0,325
1323222334791,49058HSTNG325NO,N090,2023,04,0,0,0,0,0,336
1318217033950,70634BSSTHUSHIG,7782-50-5,2018,04,0,0,0,0,0,322
1324222678981,37744BLLZNBALLR,N100,2024,04,1,0,1,1,0,331
1316215286954,67401CRSTW601EA,108-88-3,2016,03,0,0,0,0,0,337
1315213654419,48316FRCTM6226M,N120,2015,05,0,0,0,0,0,326
1316214982098,17066WNSCRUSROU,131-11-3,2016,03,0,0,0,0,0,326
1323221653619,75006THGLD1900J,N982,2023,04,0,0,0,0,0,325
1323221967134,97402LDMCF90049,87-86-5,2023,04,0,0,0,0,0,321
1322221399734,1511WHLTCM76BRA,7439-92-1,2022,04,0,0,0,0,0,332
1318217546441,55369CRMTR325HW,N230,2018,03,0,0,0,0,0,325
1316215303850,35601MNSNTCOURT,N420,2016,01,1,0,0,1,1,325
1321220360768,43460LCTRP63DIX,N230,2021,03,0,0,0,0,0,332
1320218854103,45309MCGRG365CA,7439-92-1,2020,03,0,0,0,0,0,334
1324222524377,8464WBRNSB38NRT,7439-92-1,2024,03,0,1,0,0,0,332
1316215303809,35601MNSNTCOURT,N150,2016,12,1,0,0,1,0,325
1318216970398,57032SHWPL1ENTE,108-88-3,2018,03,0,0,0,0,0,337
1319218627661,32135HPRDC1COMM,1330-20-7,2019,03,0,0,0,0,0,331
1319218199053,07077SHLLL111ST,95-63-6,2019,07,0,0,0,0,0,4247
1317216420822,04005FBRMT5MORI,N590,2017,03,0,0,0,0,0,335
1315214104960,75041NNCRB2326L,141-32-2,2015,05,0,0,0,0,0,325
1316218600803,0376WFJFLM19ETN,108-88-3,2016,02,0,0,0,0,0,334
1317216424933,77028RSSLL4004H,108-10-1,2017,03,0,0,0,0,0,332
1318216813687,48185RDSPT550SE,1330-20-7,2018,03,0,0,0,0,0,325
1317216129395,48030KCJNS321WT,7697-37-2,2017,03,0,0,0,0,0,332
1323222091670,7761WRNWBL651HG,67-56-1,2023,06,0,0,0,0,0,325
1314212378715,43465JNSHM30354,7647-01-0,2014,02,1,0,0,1,0,325
1317218552610,77047SYNTC14822,67-56-1,2017,03,1,0,0,1,0,325
1318217187083,13601KNWLT213FA,50-00-0,2018,03,0,0,0,0,0,322
1315214410019,60008LNHNT900CA,107-21-1,2015,05,0,0,0,0,0,325
1314212696342,36582PHNLC7770R,67-56-1,2014,04,1,0,0,1,0,325
1317216126452,54487HRLYD426ES,71-36-3,2017,02,0,0,0,0,0,336
1316216553560,92621LCTRN537WE,7697-37-2,2016,03,0,0,0,0,0,332
1321219805571,93501NKLRC1667P,542-75-6,2021,06,0,0,0,0,0,325
1319217848542,39440MSNTCSOUTH,67-56-1,2019,01,1,0,0,1,0,321
1315213776204,97405CDRPD86470,7439-96-5,2015,03,0,0,0,0,0,333
1318216834109,42141MKBRK1765C,7440-50-8,2018,05,0,0,0,0,0,336
1319218014811,07105PLYMR297FE,N420,2019,02,0,0,0,0,0,326
1320219208737,1934WDSMBM735PE,68-12-2,2020,01,0,0,0,0,0,339
1316215576695,42303WRGRC5525U,110-82-7,2016,05,0,0,0,0,0,326
1317215906951,9883WSGLTM8789R,7664-41-7,2017,03,1,0,0,1,0,335
1322221203096,7812WWTXSX565BL,108-88-3,2022,01,0,0,0,0,0,336
1323222354449,98134LSKNC32006,N100,2023,04,0,0,0,0,0,332
1319217994894,49423NTRRT1776A,N120,2019,03,0,0,0,0,0,336
1320218660189,40475SRMYB2091K,N420,2020,03,0,0,0,0,0,999
